epoch_idx,stage,tau,sigma_schnakenberg,sigma_multiscale,sigma_neural
0,W,0.005711,0.002369,0.011485,0.367617
1,W,0.022904,0.000486,0.012048,0.396329
2,W,0.076072,0.003834,0.008429,0.471768
3,W,0.019351,0.001393,0.018070,0.651390
4,W,0.013096,0.003955,0.012067,0.155612
5,W,0.012841,0.000156,0.008773,0.303436
6,W,0.025796,0.000401,0.013668,0.471019
7,W,0.003951,0.005533,0.050053,0.485303
8,W,0.008008,0.000235,0.024051,0.154488
9,W,0.064517,0.000091,0.009325,0.146141
10,W,0.012945,0.001574,0.039695,0.623838
11,W,0.045946,0.000762,0.011838,0.605056
12,W,0.009294,0.003568,0.024170,0.625598
13,W,0.022781,0.002341,0.007066,0.640014
14,W,0.005266,0.002811,0.009797,0.394007
15,W,0.024237,0.003262,0.010991,1.049676
16,W,0.009397,0.004238,0.036029,0.346996
17,W,0.003708,0.002354,0.012997,0.497770
18,W,0.018291,0.000738,0.022400,0.556859
19,W,0.072705,0.001047,0.010036,0.190279
20,W,0.286402,0.001404,0.006788,0.211626
21,W,0.033666,0.001552,0.015915,1.112272
22,W,0.003381,0.001858,0.011909,0.709615
23,W,0.017406,0.000446,0.012524,0.383821
24,W,0.026767,0.002370,0.022553,1.005983
25,W,0.013312,0.002762,0.009753,0.171573
26,W,0.002915,0.000573,0.006420,0.333069
27,W,0.007313,0.000529,0.024932,0.900791
28,W,0.019018,0.004225,0.016006,0.578270
29,W,0.023651,0.000858,0.022620,0.654982
30,W,0.136397,0.000385,0.033198,0.799972
31,W,0.008807,0.000219,0.012067,0.601199
32,W,0.063264,0.001787,0.027000,0.600482
33,W,0.009671,0.001919,0.006314,1.114348
34,W,0.005082,0.000868,0.011065,0.601165
35,W,0.004095,0.003490,0.009994,0.554013
36,W,0.098045,0.000413,0.007408,0.466624
37,W,0.035139,0.000224,0.010646,0.600944
38,W,0.226808,0.000323,0.009257,0.527265
39,W,0.028916,0.004875,0.010560,1.353537
40,W,0.006260,0.001412,0.011128,0.244388
41,W,0.069572,0.001741,0.017168,0.552844
42,W,0.014051,0.001370,0.023936,0.641143
43,W,0.009511,0.000736,0.003397,0.437484
44,W,0.081325,0.005218,0.015847,0.455196
45,W,0.030884,0.001651,0.019699,0.354126
46,W,0.016948,0.001769,0.005832,0.452560
47,W,0.035714,0.000666,0.005151,0.493791
48,W,0.186785,0.001741,0.014338,1.005974
49,W,0.007766,0.001571,0.017220,0.618767
50,W,0.013507,0.000772,0.009360,0.669488
51,W,0.006042,0.000556,0.010327,0.823345
52,W,0.011632,0.001532,0.011301,1.150357
53,W,0.005970,0.003184,0.013658,0.991647
54,W,0.149101,0.000618,0.015015,0.294533
55,W,0.053024,0.000966,0.008449,0.578699
56,W,0.028302,0.005171,0.009154,0.741181
57,W,0.038914,0.000972,0.012777,0.380161
58,W,0.009542,0.000593,0.016405,0.225784
59,W,0.032332,0.001231,0.007167,0.550259
60,W,0.011452,0.006685,0.011122,0.427955
61,W,0.014867,0.001846,0.014723,1.104057
62,W,0.037202,0.001413,0.007087,0.472147
63,W,0.007465,0.002426,0.004023,0.259457
64,W,0.003642,0.001422,0.003261,0.344965
65,W,0.035246,0.000333,0.001509,0.427880
66,W,0.019348,0.000036,0.009120,0.975382
67,W,0.067727,0.001840,0.004397,0.366944
68,W,0.028238,0.002527,0.024118,0.717505
69,W,0.026617,0.002606,0.006980,0.737694
70,W,0.022526,0.001566,0.017233,0.815974
71,W,0.017322,0.003221,0.014922,0.677634
72,W,0.005269,0.002983,0.010233,0.755870
73,W,0.004941,0.002354,0.013080,0.376602
74,W,0.078562,0.001120,0.013552,0.703443
75,W,0.010082,0.003828,0.011525,0.731341
76,W,0.007011,0.001799,0.006513,0.773882
77,W,0.006629,0.000551,0.008095,1.066498
78,W,0.024565,0.000799,0.010131,0.402406
79,W,0.037200,0.001415,0.017019,0.409835
80,W,0.013607,0.003433,0.025880,0.403066
81,W,0.045567,0.004858,0.008182,0.400652
82,W,0.009622,0.000675,0.003914,0.601066
83,W,0.002495,0.000133,0.016587,1.124512
84,W,0.007333,0.001803,0.013191,0.266254
85,W,0.010231,0.001702,0.006978,0.798859
86,W,0.010807,0.002950,0.013327,0.474092
87,W,0.021194,0.001322,0.013106,0.524231
88,W,0.115551,0.000529,0.006207,0.445052
89,W,0.047918,0.001940,0.015560,0.975124
90,W,0.016140,0.000164,0.012528,0.303797
91,W,0.006561,0.000010,0.014463,0.376786
92,W,0.003282,0.004591,0.008421,0.359864
93,W,0.009194,0.000392,0.002796,1.279765
94,W,0.004594,0.000828,0.011933,1.003627
95,W,0.003457,0.000577,0.019848,0.275073
96,W,0.005178,0.002419,0.015535,0.550607
97,W,0.004655,0.001632,0.029762,0.820295
98,W,0.010042,0.004598,0.008037,0.463979
99,W,0.058852,0.001860,0.010174,0.365410
100,W,0.048667,0.001280,0.012172,0.881581
101,W,0.003883,0.001245,0.005435,0.938476
102,W,0.009964,0.001114,0.007913,0.378747
103,W,0.030268,0.001749,0.009641,0.533490
104,W,0.027079,0.003643,0.018983,0.744760
105,W,0.029498,0.000895,0.025941,0.542202
106,W,0.012052,0.000653,0.009290,0.352109
107,W,0.019479,0.000169,0.027017,1.071674
108,W,0.033296,0.003027,0.015167,0.658051
109,W,0.011951,0.000315,0.019742,0.722225
110,W,0.132798,0.000290,0.005917,0.209674
111,W,0.019976,0.000515,0.022513,0.293245
112,W,0.015870,0.001292,0.004058,0.399863
113,W,0.004394,0.000151,0.039881,0.184568
114,W,0.018836,0.000022,0.011891,0.144905
115,W,0.006951,0.003741,0.025761,0.684684
116,W,0.012687,0.004147,0.041917,0.478863
117,W,0.020190,0.002860,0.011592,0.577308
118,W,0.010502,0.001230,0.017614,0.606226
119,W,0.029326,0.002432,0.085565,0.525997
120,W,0.005153,0.002123,0.008847,0.798619
121,W,0.020157,0.005209,0.009168,0.260513
122,W,0.016294,0.001708,0.073297,0.420965
123,W,0.002178,0.001100,0.005458,1.157441
124,W,0.009475,0.000366,0.028650,0.715782
125,W,0.026127,0.007168,0.052659,0.511435
126,W,0.008497,0.001016,0.024069,1.189223
127,W,0.006466,0.001162,0.006248,0.512781
128,W,0.013425,0.002117,0.035506,0.733930
129,W,0.004640,0.003210,0.034327,0.448905
130,W,0.030072,0.001764,0.031533,0.137734
131,W,0.025104,0.001176,0.023986,0.369213
132,W,0.013317,0.000034,0.012051,1.187841
133,W,0.010420,0.000857,0.017355,0.248588
134,W,0.007282,0.002914,0.026053,0.662117
135,W,0.026012,0.001827,0.018949,0.391587
136,W,0.006136,0.000693,0.017448,0.667534
137,W,0.005753,0.000804,0.013588,0.629637
138,W,0.007249,0.000393,0.009878,0.441344
139,W,0.003485,0.002227,0.033328,0.545192
140,W,0.022497,0.000053,0.017754,0.610816
141,W,0.002986,0.000205,0.005039,0.472500
142,W,0.021971,0.001607,0.024704,0.475865
143,W,0.014800,0.002531,0.019344,1.053594
144,W,0.010082,0.002912,0.031711,0.160008
145,W,0.012555,0.004074,0.043202,0.567466
146,W,0.019997,0.000201,0.041294,0.140977
147,W,0.019316,0.005194,0.038594,0.587540
148,W,0.010739,0.003237,0.018663,0.838101
149,W,0.005758,0.001936,0.021001,0.328359
150,W,0.083201,0.001200,0.011745,0.328627
151,W,0.015800,0.000071,0.005933,0.467992
152,W,0.016307,0.000910,0.022610,0.471577
153,W,0.041051,0.000340,0.009111,0.584190
154,W,0.006855,0.004423,0.009803,0.515961
155,W,0.007682,0.004591,0.010430,0.353086
156,W,0.008019,0.002323,0.018188,0.675413
157,W,0.049454,0.002986,0.013608,0.818106
158,W,0.006782,0.002639,0.028325,1.150879
159,W,0.009767,0.000357,0.009553,0.655121
160,W,0.006336,0.001201,0.007996,0.527778
161,W,0.019650,0.001114,0.007476,0.717307
162,W,0.008914,0.000439,0.022999,0.363676
163,W,0.004691,0.000893,0.014208,0.588988
164,W,0.014349,0.001119,0.014006,0.695592
165,W,0.091922,0.001381,0.006879,1.090390
166,W,0.017986,0.000828,0.005132,0.443225
167,W,0.023143,0.001253,0.030192,0.470353
168,W,0.009422,0.000137,0.018897,0.806600
169,W,0.008139,0.002841,0.006583,0.595562
170,W,0.022538,0.000217,0.017776,1.180110
171,W,0.059243,0.001419,0.006223,0.829542
172,W,0.024741,0.000284,0.017138,1.116489
173,W,0.024240,0.000724,0.013966,0.788287
174,W,0.002486,0.000839,0.004701,0.429216
175,W,0.009657,0.002440,0.007604,0.713034
176,W,0.010463,0.001062,0.010038,0.591691
177,W,0.005164,0.000255,0.006543,0.619918
178,W,0.016657,0.004093,0.017280,0.382809
179,W,0.115980,0.002130,0.009645,0.800538
180,W,0.032224,0.000165,0.003727,0.549221
181,W,0.016106,0.001322,0.004863,0.209819
182,W,0.098894,0.003814,0.017663,0.247269
183,W,0.009661,0.000642,0.011988,1.074974
184,W,0.002923,0.001661,0.007410,0.984157
185,W,0.036523,0.002015,0.025376,0.580607
186,W,0.008272,0.000136,0.012171,0.623057
187,W,0.012292,0.001608,0.009240,1.366743
188,W,0.005586,0.000842,0.002633,0.494266
189,W,0.013138,0.001001,0.010378,0.772375
190,W,0.012263,0.000453,0.005231,0.833404
191,W,0.010426,0.000941,0.014184,0.538464
192,W,0.005261,0.000566,0.017551,1.592438
193,W,0.008370,0.000710,0.006640,1.340421
194,W,0.028930,0.000658,0.016570,0.540104
195,W,0.002827,0.001382,0.030674,0.560636
196,W,0.030769,0.002974,0.029424,0.905477
197,W,0.014282,0.001926,0.021266,0.541148
198,W,0.004790,0.003281,0.018188,0.762733
199,W,0.002294,0.001573,0.008705,0.824243
200,W,0.005094,0.002948,0.017203,0.857245
201,W,0.005083,0.002052,0.037592,0.560890
202,W,0.011910,0.000690,0.011001,0.295548
203,W,0.006080,0.001227,0.008826,0.497446
204,W,0.021466,0.002004,0.011048,0.522348
205,W,0.045242,0.002583,0.017909,0.754784
206,W,0.054759,0.001270,0.024632,1.163846
207,W,0.009301,0.000823,0.029586,0.498374
208,W,0.015200,0.000120,0.021024,1.325781
209,W,0.008139,0.000480,0.009286,0.543884
210,W,0.022241,0.003952,0.024372,0.332660
211,W,0.017153,0.002811,0.023384,0.985935
212,W,0.009935,0.002799,0.007293,0.425129
213,W,0.017090,0.001294,0.007506,0.488220
214,W,0.006923,0.000550,0.010872,0.566746
215,W,0.094684,0.001694,0.006923,0.292125
216,W,0.005761,0.001325,0.018200,1.051656
217,W,0.036493,0.001054,0.014545,0.913568
218,W,0.005840,0.001213,0.040670,0.456502
219,W,0.017031,0.002092,0.027111,0.395277
220,W,0.014976,0.001663,0.015707,0.986512
221,W,0.057222,0.000422,0.003237,0.414991
222,W,0.010105,0.001933,0.003791,0.727158
223,W,0.047954,0.004204,0.012783,1.363950
224,W,0.063331,0.001328,0.010267,1.165476
225,W,0.006182,0.000728,0.018017,0.560019
226,W,0.015963,0.001831,0.016363,0.640135
227,W,0.004110,0.002826,0.046195,1.034531
228,W,0.044168,0.001212,0.027788,1.385889
229,W,0.012269,0.002253,0.009484,0.705327
230,W,0.008417,0.000200,0.017531,0.589004
231,W,0.004003,0.000495,0.039856,0.913627
232,W,0.035751,0.000615,0.009706,0.380587
233,W,0.009102,0.001258,0.014601,1.080283
234,W,0.010098,0.000795,0.006624,0.975260
235,W,0.005589,0.002478,0.020388,0.503364
236,W,0.039716,0.005657,0.011853,1.663167
237,W,0.062603,0.000445,0.010389,0.614086
238,W,0.011663,0.001676,0.016544,0.582430
239,W,0.026947,0.000852,0.025579,0.929646
240,W,0.022705,0.000146,0.020455,0.739975
241,W,0.007200,0.001545,0.023259,0.641958
242,W,0.006664,0.002423,0.019578,0.293794
243,W,0.004080,0.000457,0.029798,0.204517
244,W,0.009031,0.001334,0.010733,0.878695
245,W,0.015620,0.002565,0.020969,0.152079
246,W,0.004995,0.002030,0.024743,0.049742
247,W,0.019491,0.000292,0.001193,0.477866
248,W,0.001679,0.000123,0.025372,0.331597
249,W,0.046083,0.000537,0.045674,0.344249
250,W,0.004192,0.002251,0.005939,0.371294
251,W,0.013116,0.001746,0.010289,0.654515
252,W,0.010622,0.000043,0.012638,0.210280
253,W,0.008224,0.002877,0.011016,0.610090
254,W,0.064502,0.004331,0.034030,0.344757
255,W,0.002790,0.003357,0.010158,0.986945
256,W,0.010376,0.002159,0.011356,0.378115
257,W,0.014450,0.001749,0.005131,0.536907
258,W,0.003540,0.000081,0.010947,0.234867
259,W,0.024369,0.002645,0.023991,0.212380
260,W,0.007952,0.003261,0.014059,0.252245
261,W,0.004175,0.001632,0.010589,0.266196
262,W,0.022841,0.001415,0.036184,0.896175
263,W,0.001881,0.000271,0.019572,0.448990
264,W,0.012295,0.002237,0.038602,0.198833
265,W,0.011027,0.002162,0.013205,0.497993
266,W,0.010348,0.000771,0.020150,0.420190
267,W,0.010179,0.000113,0.013022,0.519514
268,W,0.013868,0.002709,0.010398,0.483509
269,W,0.051031,0.000217,0.010988,0.476177
270,W,0.033962,0.000854,0.004457,0.952848
271,W,0.006792,0.001031,0.025796,0.321329
272,W,0.007679,0.001810,0.015952,1.406778
273,W,0.124608,0.001646,0.003538,0.622907
274,W,0.060004,0.000826,0.062619,0.403596
275,W,0.015683,0.002599,0.009863,0.613488
276,W,0.007338,0.002229,0.064318,0.579987
277,W,0.032142,0.005348,0.023941,0.461544
278,W,0.013538,0.003705,0.007939,0.740399
279,W,0.020944,0.003855,0.028682,2.078008
280,W,0.003836,0.001460,0.015361,1.250012
281,W,0.050390,0.003787,0.021364,0.928962
282,W,0.026919,0.000764,0.015154,1.148836
283,W,0.049728,0.000978,0.024630,0.590794
284,W,0.007998,0.003300,0.026416,0.581779
285,W,0.008821,0.000611,0.018675,0.464704
286,W,0.007745,0.002086,0.024562,0.626783
287,W,0.049685,0.001159,0.016538,0.305881
288,W,0.018912,0.003548,0.016477,0.458345
289,W,0.026050,0.001598,0.020285,0.178566
290,W,0.003993,0.001351,0.027983,0.666876
291,W,0.020627,0.002480,0.013696,0.515223
292,W,0.013492,0.003691,0.016686,0.998040
293,W,0.006504,0.001423,0.007212,0.991888
294,W,0.029562,0.000592,0.006577,0.846476
295,W,0.020293,0.000777,0.011231,0.842698
296,W,0.008942,0.003175,0.017714,0.949608
297,W,0.028291,0.001664,0.007630,0.302116
298,W,0.007066,0.002556,0.027874,0.368032
299,W,0.011236,0.001445,0.014562,0.445640
300,W,0.037248,0.005410,0.015736,0.311084
301,W,0.007427,0.000895,0.015078,0.401215
302,W,0.006654,0.000274,0.010538,1.137104
303,W,0.048071,0.000788,0.006473,0.445401
304,W,0.006162,0.004704,0.035715,0.863946
305,W,0.027998,0.000561,0.024445,0.828785
306,W,0.040461,0.002177,0.017911,0.530354
307,W,0.050010,0.000330,0.012734,0.329583
308,W,0.012399,0.001835,0.032837,0.632172
309,W,0.001819,0.000534,0.005474,0.652153
310,W,0.018844,0.001742,0.013648,0.986123
311,W,0.013482,0.000773,0.010055,0.387076
312,W,0.028720,0.001436,0.013505,0.693250
313,W,0.007066,0.002240,0.047744,1.282508
314,W,0.015186,0.000468,0.037362,0.516875
315,W,0.019876,0.000572,0.008814,0.319070
316,W,0.024987,0.000269,0.004090,1.680930
317,W,0.067067,0.001390,0.023178,0.714327
318,W,0.008336,0.002733,0.013543,0.624536
319,W,0.033239,0.004509,0.011197,0.738752
320,W,0.045038,0.003772,0.005197,0.894001
321,W,0.089501,0.001642,0.008511,0.519226
322,W,0.015081,0.000389,0.019787,0.122687
323,W,0.053328,0.003915,0.007508,0.228044
324,W,0.080611,0.000759,0.018484,0.645633
325,W,0.009375,0.000889,0.018058,0.691219
326,W,0.031840,0.001048,0.004119,0.872276
327,W,0.002010,0.002512,0.013442,0.626044
328,W,0.018813,0.002695,0.010252,0.861539
329,W,0.030483,0.000588,0.003547,0.363224
330,W,0.015127,0.001831,0.008081,0.720002
331,W,0.012092,0.000857,0.007762,1.067002
332,W,0.050497,0.002443,0.007640,0.639375
333,W,0.005712,0.002923,0.006949,0.634766
334,W,0.004390,0.002633,0.024823,0.955666
335,W,0.019456,0.000395,0.023085,0.617794
336,W,0.059173,0.001559,0.020665,1.214681
337,W,0.014136,0.002395,0.008067,1.279584
338,W,0.011024,0.002267,0.028992,1.269861
339,W,0.004129,0.000622,0.019689,0.953782
340,W,0.032869,0.001863,0.021356,0.561264
341,W,0.024613,0.003084,0.035585,0.308473
342,W,0.035525,0.004495,0.023272,0.929873
343,W,0.005040,0.001569,0.020745,0.328436
344,W,0.013355,0.003315,0.028165,0.445763
345,W,0.027139,0.000403,0.008204,0.950353
346,W,0.073030,0.000411,0.006516,0.443593
347,W,0.076859,0.000809,0.003925,1.461830
348,W,0.017515,0.000457,0.007014,0.485985
349,W,0.012395,0.002823,0.015261,0.645217
350,W,0.050399,0.003277,0.048140,0.656306
351,W,0.015292,0.002471,0.009310,0.739355
352,W,0.056702,0.000215,0.024063,0.906830
353,W,0.022899,0.003301,0.012000,0.961033
354,W,0.036615,0.001412,0.015105,0.531476
355,W,0.015856,0.000595,0.044663,0.339480
356,W,0.012613,0.001111,0.011658,0.642600
357,W,0.019787,0.001111,0.046275,0.916606
358,W,0.010670,0.000125,0.005139,1.343422
359,W,0.017084,0.001143,0.011233,0.728050
360,W,0.008598,0.000393,0.008071,0.530341
361,W,0.031627,0.000642,0.009368,1.427523
362,W,0.011174,0.000089,0.004635,1.705147
363,W,0.008564,0.001494,0.014673,0.382391
364,W,0.007190,0.001643,0.014811,0.522845
365,W,0.020212,0.001164,0.009443,1.072455
366,W,0.099944,0.000941,0.006615,0.470738
367,W,0.046867,0.000855,0.012978,0.693266
368,W,0.033805,0.004354,0.008533,0.488717
369,W,0.038909,0.001966,0.014222,0.790528
370,W,0.005121,0.002523,0.020600,0.686642
371,W,0.012068,0.001540,0.018072,0.530601
372,W,0.023252,0.002897,0.018107,0.530709
373,W,0.005800,0.000326,0.038480,0.589987
374,W,0.008958,0.000746,0.006230,0.430317
375,W,0.012374,0.001247,0.024629,0.299525
376,W,0.015845,0.000414,0.006526,0.521303
377,W,0.004518,0.003118,0.017440,1.374547
378,W,0.007280,0.000684,0.006457,1.163362
379,W,0.018088,0.000395,0.005641,0.778892
380,W,0.008227,0.000738,0.012425,0.606994
381,W,0.006745,0.000408,0.007532,0.952388
382,W,0.023316,0.000452,0.029815,0.809171
383,W,0.010176,0.000476,0.016278,0.721453
384,W,0.013831,0.002128,0.012204,0.792739
385,W,0.003636,0.001362,0.023849,1.352519
386,W,0.020049,0.001444,0.014596,0.383677
387,W,0.017733,0.002521,0.033279,0.585056
388,W,0.013898,0.002612,0.035304,0.545913
389,W,0.049831,0.000527,0.007047,0.588687
390,W,0.026744,0.000542,0.007585,0.490107
391,W,0.015830,0.000811,0.016290,0.574565
392,W,0.013590,0.002551,0.006595,0.696886
393,W,0.057401,0.000217,0.004594,0.357635
394,W,0.008024,0.000633,0.026270,1.143569
395,W,0.013015,0.004743,0.074697,0.712438
396,W,0.021291,0.002457,0.066880,0.626333
397,W,0.036470,0.003439,0.011149,0.299726
398,W,0.031377,0.001058,0.013927,0.363713
399,W,0.015039,0.001300,0.021681,0.788288
400,W,0.052123,0.000905,0.010061,0.676159
401,W,0.050677,0.002091,0.008482,0.212317
402,W,0.062481,0.001753,0.008609,0.671045
403,W,0.053899,0.001167,0.003802,0.997913
404,W,0.025029,0.001979,0.006933,0.507224
405,W,0.063343,0.000825,0.005612,0.390228
406,W,0.048461,0.001329,0.034009,0.546070
407,W,0.087351,0.001655,0.016760,0.919872
408,W,0.020969,0.000493,0.019368,0.356884
409,W,0.009520,0.000136,0.034368,0.616762
410,W,0.004819,0.001101,0.007402,0.708843
411,W,0.019939,0.004081,0.006998,0.325323
412,W,0.013389,0.001632,0.004109,0.524573
413,W,0.082958,0.000980,0.004475,0.371070
414,W,0.019471,0.003873,0.022224,0.543319
415,W,0.200685,0.000294,0.010167,0.328179
416,W,0.043340,0.000158,0.004664,0.285750
417,W,0.031644,0.000673,0.029852,0.216031
418,W,0.032087,0.001757,0.007619,0.355113
419,W,0.006921,0.000225,0.009022,0.548316
420,W,0.006872,0.002958,0.014844,0.816998
421,W,0.037356,0.001994,0.014166,0.789928
422,W,0.003402,0.000607,0.013479,0.624682
423,W,0.051244,0.000582,0.007808,0.232242
424,W,0.011382,0.001710,0.014691,0.927100
425,W,0.029205,0.003632,0.010038,0.165978
426,W,0.012755,0.002755,0.007406,0.193464
427,W,0.366055,0.001265,0.004428,0.425609
428,W,0.047421,0.001690,0.018692,0.649134
429,W,0.021999,0.004386,0.014109,0.379238
430,W,0.044881,0.001426,0.008466,0.569466
431,W,0.088634,0.002737,0.006194,0.284290
432,W,0.044150,0.001611,0.011542,0.140692
433,W,0.110700,0.004534,0.022679,0.307208
434,W,0.023310,0.003756,0.017612,0.326130
435,W,0.020591,0.000150,0.012049,0.281180
436,W,0.045231,0.001193,0.046764,0.442400
437,W,0.011795,0.003886,0.028204,0.794352
438,W,0.032058,0.001262,0.009118,0.456936
439,W,0.001863,0.000236,0.038108,0.280542
440,W,0.012730,0.001483,0.014783,0.720090
441,W,0.024021,0.001261,0.010131,0.748184
442,W,0.087952,0.000682,0.023669,0.584019
443,W,0.014181,0.003119,0.013509,0.432976
444,W,0.028069,0.001618,0.019400,0.975050
445,W,0.038024,0.003662,0.007235,0.414902
446,W,0.011616,0.001063,0.004872,0.363424
447,W,0.006205,0.001654,0.025520,0.445965
448,W,0.021751,0.001653,0.009773,0.273284
449,W,0.013430,0.001949,0.019016,0.398163
450,W,0.009051,0.000698,0.016575,0.647398
451,W,0.010551,0.000290,0.006395,0.301747
452,W,0.013015,0.002450,0.006645,0.794189
453,W,0.010153,0.003028,0.009852,0.509840
454,W,0.031161,0.001566,0.008449,1.234383
455,W,0.004876,0.000219,0.019152,0.298354
456,W,0.044935,0.001207,0.035008,0.802431
457,W,0.025522,0.001214,0.010297,0.591110
458,W,0.018904,0.000340,0.031668,1.266259
459,W,0.051961,0.000381,0.006728,0.510311
460,W,0.055576,0.003406,0.010308,0.733397
461,W,0.015852,0.000562,0.011268,0.844909
462,W,0.026582,0.001004,0.006210,0.900902
463,W,0.020865,0.001340,0.005445,0.986951
464,W,0.017577,0.000940,0.008047,0.554652
465,W,0.038921,0.001099,0.003704,0.534836
466,W,0.007590,0.000480,0.015429,1.203035
467,W,0.015003,0.000973,0.007834,0.479243
468,W,0.052787,0.001336,0.015087,0.832274
469,W,0.066893,0.000514,0.019882,0.578618
470,W,0.001148,0.000715,0.004532,0.536106
471,W,0.028846,0.001283,0.012258,0.613782
472,W,0.002181,0.000363,0.016525,0.532339
473,W,0.027513,0.000081,0.023753,0.278209
474,W,0.007920,0.001635,0.006701,0.270223
475,W,0.027588,0.000661,0.020580,0.933635
476,W,0.025152,0.000291,0.003789,0.603822
477,W,0.024349,0.002504,0.019727,1.125077
478,W,0.022425,0.002010,0.018205,0.879208
479,W,0.012790,0.000352,0.006278,0.051670
480,W,0.014514,0.000673,0.014732,0.686040
481,W,0.013938,0.001193,0.007741,0.537710
482,W,0.032315,0.000949,0.019913,0.386178
483,W,0.049593,0.001232,0.032612,0.516842
484,W,0.008946,0.001534,0.012795,0.541169
485,W,0.119543,0.001499,0.011424,0.453025
486,W,0.043106,0.004048,0.010373,0.863792
487,W,0.038092,0.005244,0.009527,0.496687
488,W,0.011990,0.000404,0.024076,0.737319
489,W,0.010399,0.001532,0.025717,0.584416
490,W,0.033651,0.001806,0.024620,0.135666
491,W,0.012823,0.001223,0.011811,0.191161
492,W,0.022430,0.000338,0.005897,0.404874
493,W,0.013918,0.000959,0.011588,0.357409
494,W,0.030789,0.001150,0.026443,0.314721
495,W,0.002741,0.000144,0.010973,0.413101
496,W,0.008222,0.000860,0.014447,0.367522
497,W,0.009812,0.001066,0.028516,0.254573
498,W,0.018250,0.001313,0.012726,0.311780
499,W,0.026470,0.001342,0.005561,0.508867
500,W,0.031861,0.002416,0.030118,0.478833
501,W,0.015795,0.000405,0.006173,0.631361
502,W,0.014989,0.000589,0.003523,0.766659
503,W,0.004828,0.000714,0.017931,0.488639
504,W,0.016357,0.000362,0.020003,0.326034
505,W,0.002673,0.001234,0.022098,0.976272
506,W,0.014956,0.001488,0.022630,1.340553
507,W,0.033860,0.002670,0.008333,1.073313
508,W,0.018881,0.001188,0.028323,1.073985
509,W,0.021196,0.002895,0.013006,0.490509
510,W,0.016007,0.000537,0.040119,0.753808
511,W,0.032378,0.001963,0.027366,0.860023
512,W,0.080613,0.000331,0.010615,0.193019
513,W,0.004223,0.000115,0.025930,0.701330
514,W,0.038049,0.001614,0.029258,0.511262
515,W,0.039914,0.000614,0.009800,0.202120
516,W,0.011664,0.001551,0.024143,0.568652
517,W,0.013148,0.000933,0.018372,0.146558
518,W,0.033954,0.000370,0.009688,0.599235
519,W,0.007654,0.001035,0.011487,0.790838
520,W,0.015765,0.004240,0.021124,0.659129
521,W,0.004819,0.000256,0.019694,0.555576
522,W,0.044200,0.003628,0.010768,0.469384
523,W,0.064779,0.000926,0.046300,1.023524
524,W,0.006584,0.000025,0.049696,0.580543
525,W,0.005920,0.000872,0.021334,1.329077
526,W,0.098553,0.001805,0.003298,0.385562
527,W,0.023231,0.001780,0.006226,0.415956
528,W,0.014130,0.003674,0.011736,0.304704
529,W,0.011012,0.003911,0.007985,0.229124
530,W,0.034858,0.000603,0.019330,0.459439
531,W,0.012479,0.001234,0.014886,0.583736
532,W,0.016610,0.000244,0.003371,0.509352
533,W,0.007882,0.001810,0.019064,0.701278
534,W,0.024412,0.000990,0.010347,0.773131
535,W,0.093091,0.000038,0.007954,0.591198
536,W,0.032001,0.000620,0.014592,0.339094
537,W,0.015476,0.000170,0.025921,0.300025
538,W,0.005448,0.001289,0.006107,0.826601
539,W,0.006768,0.000292,0.016325,0.394350
540,W,0.005891,0.003608,0.014969,0.960999
541,W,0.030655,0.000418,0.057468,0.166265
542,W,0.038829,0.001080,0.038591,0.561026
543,W,0.017160,0.001452,0.011257,0.827229
544,W,0.006367,0.002014,0.038501,1.504018
545,W,0.004720,0.002172,0.008311,0.632776
546,W,0.012878,0.002206,0.105841,0.660571
547,W,0.005891,0.001360,0.031272,0.583543
548,W,0.039830,0.000946,0.013198,0.612328
549,W,0.002863,0.000479,0.006238,0.280242
550,W,0.003756,0.000356,0.040685,0.655875
551,W,0.048871,0.000322,0.024341,0.217136
552,W,0.013189,0.003140,0.027875,0.553466
553,W,0.003402,0.002110,0.062971,0.290903
554,W,0.033041,0.002537,0.037348,0.934797
555,W,0.043573,0.002539,0.056208,0.336940
556,W,0.029598,0.001112,0.022238,0.568042
557,W,0.023518,0.001249,0.005760,0.208468
558,W,0.010277,0.000986,0.018642,0.376549
559,W,0.018773,0.000442,0.059489,0.530249
560,W,0.007078,0.000273,0.008331,0.009064
561,W,0.012809,0.003413,0.056324,0.468101
562,W,0.019286,0.003020,0.019818,0.405017
563,W,0.010532,0.004335,0.015714,0.386633
564,W,0.003651,0.000443,0.014644,0.709501
565,W,0.001470,0.000665,0.021607,0.694987
566,W,0.029095,0.002948,0.041111,0.699557
567,W,0.003028,0.002032,0.110672,0.373248
568,W,0.013817,0.002385,0.017329,0.540225
569,W,0.003847,0.000685,0.032083,0.615393
570,W,0.026393,0.001366,0.020922,0.253693
571,W,0.009225,0.000590,0.028945,0.178324
572,W,0.020900,0.000500,0.012945,0.781460
573,W,0.005096,0.000092,0.002253,0.461558
574,W,0.025087,0.001569,0.022134,0.652532
575,W,0.024893,0.001671,0.014635,0.679745
576,W,0.000825,0.002693,0.078870,0.296385
577,W,0.003443,0.001094,0.009741,0.130252
578,W,0.003788,0.001954,0.027563,0.633203
579,W,0.008894,0.000066,0.052060,0.457632
580,W,0.005687,0.000433,0.028304,0.277752
581,W,0.006720,0.000744,0.041206,0.701921
582,W,0.017985,0.001199,0.022404,0.354536
583,W,0.009190,0.000562,0.025298,0.296172
584,W,0.006444,0.003624,0.095808,0.129399
585,W,0.009287,0.002543,0.054694,0.347563
586,W,0.011750,0.000896,0.048537,0.742267
587,W,0.026602,0.002426,0.018135,0.520184
588,W,0.010758,0.000354,0.023817,0.343414
589,W,0.001974,0.001326,0.010833,0.345845
590,W,0.056058,0.000302,0.031056,0.752978
591,W,0.026671,0.001481,0.017705,1.228116
592,W,0.007169,0.000277,0.008196,0.607127
593,W,0.010975,0.002981,0.013411,0.685987
594,W,0.025456,0.000079,0.050562,0.913712
595,W,0.027900,0.002496,0.004327,0.577940
596,W,0.018110,0.001338,0.013494,0.998123
597,W,0.016518,0.001125,0.025412,0.463055
598,W,0.029235,0.002880,0.023856,1.385788
599,W,0.009121,0.000043,0.005532,0.379802
600,W,0.021568,0.000637,0.008142,0.547544
601,W,0.004880,0.000280,0.011688,0.823247
602,W,0.040269,0.000948,0.032546,0.323265
603,W,0.026369,0.000890,0.035606,0.368377
604,W,0.015055,0.002088,0.012335,0.460723
605,W,0.008673,0.002902,0.014374,0.210182
606,W,0.017525,0.003411,0.009522,0.263353
607,W,0.002755,0.000618,0.037327,0.613540
608,W,0.014514,0.000768,0.007180,0.489816
609,W,0.040445,0.001014,0.012704,0.457131
610,W,0.038461,0.000726,0.013965,0.378730
611,W,0.010264,0.005920,0.010808,0.312984
612,W,0.010982,0.006070,0.013075,0.521365
613,W,0.061834,0.000889,0.009182,0.279065
614,W,0.044585,0.001236,0.009083,0.653376
615,W,0.008111,0.000857,0.016696,0.410696
616,W,0.007738,0.001065,0.010010,0.395309
617,W,0.007886,0.000773,0.008434,0.505272
618,W,0.009793,0.000269,0.035934,0.255804
619,W,0.028345,0.000871,0.005119,0.745132
620,W,0.026757,0.000616,0.005884,0.561685
621,W,0.007504,0.000441,0.022696,0.614180
622,W,0.004458,0.000140,0.048394,0.624261
623,W,0.007757,0.000168,0.009093,0.730654
624,W,0.012748,0.000352,0.026562,0.214445
625,W,0.027338,0.000367,0.031303,1.269251
626,W,0.001835,0.000604,0.004926,1.152830
627,W,0.088442,0.000732,0.014212,0.355891
628,W,0.049580,0.002370,0.025251,0.355462
629,W,0.002116,0.000524,0.021117,0.757046
630,W,0.026885,0.003170,0.017311,0.575155
631,W,0.012136,0.001565,0.009579,0.788264
632,W,0.054093,0.002241,0.016246,0.293345
633,W,0.009964,0.000738,0.004249,0.079948
634,W,0.024078,0.001100,0.009461,0.181691
635,W,0.083246,0.001112,0.010090,0.745816
636,W,0.030180,0.000922,0.010204,0.567569
637,W,0.023443,0.003910,0.008943,0.341276
638,W,0.031201,0.001698,0.006526,0.749707
639,W,0.003729,0.000028,0.018889,0.274606
640,W,0.005612,0.002518,0.023316,0.612648
641,W,0.055289,0.000230,0.009331,0.194191
642,W,0.028573,0.000878,0.017210,0.377614
643,W,0.010534,0.000404,0.016663,0.325965
644,W,0.116986,0.003263,0.009918,0.784923
645,W,0.065356,0.000079,0.019110,0.482015
646,W,0.042177,0.002018,0.005984,0.947098
647,W,0.012000,0.001281,0.011184,0.341067
648,W,0.010795,0.000777,0.016350,0.451564
649,W,0.009175,0.000189,0.015344,0.551041
650,W,0.011971,0.001101,0.013281,0.614961
651,W,0.015241,0.002287,0.021088,0.183202
652,W,0.012600,0.001861,0.009686,0.643810
653,W,0.051637,0.002083,0.019005,0.383417
654,W,0.013113,0.000638,0.017997,0.362447
655,W,0.042808,0.000748,0.003139,0.551794
656,W,0.013325,0.002319,0.010799,0.433781
657,W,0.006193,0.000918,0.011025,0.611875
658,W,0.005028,0.000249,0.012677,0.457176
659,W,0.013264,0.000875,0.019492,0.531532
660,W,0.029818,0.001929,0.017715,1.439218
661,W,0.017196,0.004232,0.015664,0.447497
662,W,0.013687,0.005199,0.014227,0.732749
663,W,0.033132,0.002578,0.022171,1.032560
664,W,0.083075,0.000247,0.046004,0.682214
665,W,0.007518,0.000628,0.009044,0.747742
666,W,0.013771,0.000349,0.033156,0.272004
667,W,0.017347,0.001443,0.030968,0.978369
668,W,0.024856,0.001424,0.021398,0.335346
669,W,0.010479,0.000604,0.023502,0.407437
670,W,0.004253,0.001443,0.022135,0.834857
671,W,0.005895,0.000127,0.006288,0.690888
672,W,0.035518,0.002959,0.064836,0.828455
673,W,0.020081,0.001056,0.011643,0.407666
674,W,0.019213,0.001184,0.012138,0.920850
675,W,0.001606,0.001396,0.032282,0.316562
676,W,0.003668,0.000560,0.009711,0.390343
677,W,0.011030,0.000434,0.029206,0.321494
678,W,0.013400,0.004599,0.031896,0.515206
679,W,0.024736,0.001369,0.043647,0.270699
680,W,0.008793,0.003063,0.011870,0.736019
681,W,0.014227,0.000061,0.019563,0.695697
682,W,0.019185,0.002380,0.008509,0.749766
683,W,0.010312,0.000287,0.023759,0.598286
684,W,0.010566,0.001263,0.032689,0.578548
685,W,0.016306,0.000368,0.009486,0.679390
686,W,0.020288,0.000569,0.005713,1.107491
687,W,0.013662,0.000996,0.019037,0.989430
688,W,0.024953,0.001686,0.013702,0.319366
689,W,0.049251,0.001136,0.011567,0.642334
690,W,0.016284,0.000674,0.015639,0.831475
691,W,0.030352,0.000252,0.017411,1.043889
692,W,0.014163,0.001376,0.007518,0.527130
693,W,0.020000,0.000084,0.033497,0.500276
694,W,0.002264,0.001137,0.029635,0.699206
695,W,0.019335,0.001798,0.004273,0.823468
696,W,0.020224,0.000195,0.011773,0.645840
697,W,0.013107,0.001023,0.009036,0.808643
698,W,0.021325,0.001322,0.010456,0.341061
699,W,0.004781,0.000571,0.004100,0.617800
700,W,0.027340,0.001825,0.017518,0.273601
701,W,0.033439,0.000970,0.013932,0.443951
702,W,0.004100,0.001427,0.019252,0.445175
703,W,0.020490,0.003060,0.025174,0.081481
704,W,0.009444,0.001419,0.019621,0.715385
705,W,0.006399,0.001315,0.008131,0.364186
706,W,0.013272,0.002090,0.017777,0.235043
707,W,0.044120,0.001897,0.032476,0.463778
708,W,0.013665,0.002186,0.012404,0.171523
709,W,0.016549,0.001436,0.004875,0.615275
710,W,0.012303,0.000161,0.014065,0.219204
711,W,0.001720,0.000192,0.002574,0.841582
712,W,0.039736,0.000128,0.019989,0.780746
713,W,0.043219,0.002312,0.006722,1.040057
714,W,0.004821,0.000724,0.037081,0.665075
715,W,0.023368,0.000778,0.036996,0.495888
716,W,0.016666,0.001296,0.006230,0.952764
717,W,0.041089,0.001386,0.012142,0.658840
718,W,0.012261,0.000464,0.026897,0.440616
719,W,0.005025,0.001117,0.032078,0.376394
720,W,0.011692,0.000467,0.022220,1.014908
721,W,0.135957,0.004269,0.028373,0.479422
722,W,0.011867,0.000551,0.038214,0.579307
723,W,0.024236,0.003508,0.010564,0.817097
724,W,0.009293,0.004219,0.016246,0.820278
725,W,0.024447,0.005117,0.023660,0.205238
726,W,0.022434,0.002067,0.029692,0.308717
727,W,0.005839,0.000632,0.007390,0.358026
728,W,0.001586,0.000173,0.014721,0.374974
729,W,0.007157,0.001827,0.030734,0.066848
730,W,0.067477,0.001099,0.027260,0.364078
731,W,0.032801,0.002495,0.013544,0.187437
732,W,0.002766,0.000997,0.018504,0.377436
733,W,0.008599,0.003520,0.013703,0.426634
734,W,0.005860,0.001853,0.009330,0.487515
735,W,0.128973,0.000840,0.028729,0.590615
736,W,0.015134,0.000481,0.007448,0.664382
737,W,0.007438,0.001039,0.048266,0.575022
738,W,0.001298,0.000711,0.005600,0.608794
739,W,0.004754,0.007804,0.056729,0.976806
740,W,0.031156,0.000296,0.030765,0.611745
741,W,0.024349,0.005071,0.008160,0.455112
742,W,0.028520,0.001064,0.012323,0.446859
743,W,0.004563,0.000490,0.009881,0.249612
744,W,0.007872,0.002965,0.019171,0.937080
745,W,0.022106,0.001708,0.022777,0.910524
746,W,0.024816,0.003860,0.040446,0.315356
747,W,0.005459,0.001224,0.012714,0.523319
748,W,0.010956,0.000241,0.015310,0.262940
749,W,0.003339,0.000397,0.024136,0.780848
750,W,0.013173,0.000410,0.022161,0.298569
751,W,0.031215,0.000242,0.019774,0.454065
752,W,0.033481,0.000127,0.012422,0.622834
753,W,0.004929,0.002032,0.007890,0.790960
754,W,0.010543,0.001408,0.014206,0.874327
755,W,0.006313,0.005860,0.045231,0.167904
756,W,0.039202,0.000550,0.019636,0.314035
757,W,0.025750,0.001250,0.008467,0.261494
758,W,0.012485,0.001640,0.033237,0.372055
759,W,0.037536,0.002358,0.020132,0.429932
760,W,0.010877,0.001005,0.020377,0.487671
761,W,0.004603,0.000086,0.007232,0.374801
762,W,0.008604,0.003140,0.085452,0.566998
763,W,0.030316,0.002242,0.020584,0.530191
764,W,0.072075,0.001988,0.021276,0.255874
765,W,0.012196,0.004182,0.015855,0.343347
766,W,0.075200,0.002367,0.074205,0.474375
767,W,0.006862,0.003688,0.008410,0.729028
768,W,0.006091,0.000048,0.010455,0.420448
769,W,0.024122,0.001385,0.030567,0.471244
770,W,0.011110,0.000712,0.011713,0.405765
771,W,0.031870,0.000985,0.038225,0.575229
772,W,0.027272,0.001358,0.016617,1.031244
773,W,0.012675,0.001034,0.014745,0.409729
774,W,0.043191,0.000163,0.013461,0.486637
775,W,0.003759,0.003011,0.044126,0.544897
776,W,0.009582,0.001803,0.028681,0.818234
777,W,0.021569,0.001082,0.050392,0.436796
778,W,0.039342,0.000368,0.007220,0.575072
779,W,0.008411,0.001134,0.016906,0.655308
780,W,0.002632,0.000899,0.039640,0.671014
781,W,0.002101,0.001203,0.016830,0.266526
782,W,0.016249,0.000903,0.018398,0.484925
783,W,0.038062,0.000396,0.005629,0.456593
784,W,0.015336,0.002442,0.017359,1.062918
785,W,0.022353,0.000315,0.018772,0.303919
786,W,0.010092,0.001783,0.013715,0.667695
787,W,0.034938,0.001419,0.020074,0.754225
788,W,0.026914,0.000257,0.027259,1.114666
789,W,0.122288,0.000467,0.014277,0.436538
790,W,0.087043,0.000766,0.008337,0.299165
791,W,0.009867,0.001084,0.006497,0.721094
792,W,0.053283,0.000553,0.017919,0.926336
793,W,0.029180,0.001875,0.008316,0.851961
794,W,0.064871,0.000467,0.014314,0.603169
795,W,0.019300,0.002966,0.021271,0.241331
796,W,0.020789,0.002339,0.008400,0.305925
797,W,0.006370,0.002056,0.018192,0.434761
798,W,0.075369,0.000261,0.012536,0.350767
799,W,0.214319,0.000802,0.016549,0.631328
800,W,0.003329,0.001203,0.041286,0.512312
801,W,0.002728,0.000405,0.015550,1.140234
802,W,0.012399,0.001132,0.006580,0.502798
803,W,0.007917,0.003718,0.009016,0.764773
804,W,0.063374,0.003619,0.036913,0.450944
805,W,0.008358,0.000800,0.013483,0.686646
806,W,0.026663,0.002147,0.010044,0.350628
807,W,0.028173,0.001080,0.021560,0.356382
808,W,0.004892,0.000267,0.024999,0.866213
809,W,0.015031,0.000034,0.017605,0.074424
810,W,0.008535,0.000968,0.023910,0.602796
811,W,0.009001,0.000935,0.013102,0.515942
812,W,0.006404,0.004550,0.028631,0.370019
813,W,0.002809,0.000704,0.044099,0.734790
814,W,0.011190,0.002961,0.042376,0.310440
815,W,0.013392,0.000733,0.012637,0.241040
816,W,0.030437,0.004037,0.021121,0.225851
817,W,0.032595,0.000971,0.022623,0.415279
818,W,0.002895,0.001826,0.005752,0.436870
819,W,0.018994,0.001270,0.016965,0.443102
820,W,0.010132,0.000818,0.010490,0.275066
821,W,0.005425,0.001395,0.029944,0.534258
822,W,0.009348,0.001594,0.045656,0.288060
823,W,0.015302,0.002554,0.010701,0.429163
824,W,0.017313,0.001382,0.027043,0.484084
825,W,0.015440,0.002769,0.055251,0.385078
826,W,0.004779,0.000532,0.021982,0.448058
827,W,0.011100,0.000762,0.020012,0.585929
828,W,0.007712,0.001456,0.017652,0.371148
829,W,0.013666,0.003101,0.016732,0.392498
830,W,0.003385,0.001187,0.012468,0.780932
831,W,0.005006,0.000713,0.014452,0.473665
832,W,0.039118,0.003407,0.024663,0.401764
833,W,0.003902,0.001196,0.012059,0.626252
834,W,0.102458,0.001097,0.039117,0.207437
835,W,0.034664,0.003000,0.020321,0.250884
836,W,0.026718,0.002093,0.023237,1.285129
837,W,0.015030,0.001485,0.014030,0.357294
838,W,0.012257,0.000682,0.024364,0.492750
839,W,0.020002,0.004099,0.024030,1.047923
840,W,0.019650,0.000225,0.017105,1.173257
841,W,0.005225,0.000546,0.037128,0.216682
842,W,0.011931,0.000058,0.051076,0.506554
843,W,0.007275,0.001166,0.048822,0.506780
844,W,0.016308,0.000432,0.014686,0.735987
845,W,0.004535,0.000804,0.010425,0.904392
846,W,0.026502,0.001242,0.008077,0.430661
847,W,0.008474,0.006020,0.026550,0.480735
848,W,0.001718,0.002105,0.008845,0.702057
849,W,0.003911,0.000880,0.019764,0.389134
850,W,0.014840,0.001050,0.044764,0.757834
851,W,0.012869,0.002210,0.034496,0.180626
852,W,0.026682,0.000702,0.014140,0.715450
853,W,0.006201,0.001331,0.071050,0.538052
854,W,0.003773,0.000981,0.045020,0.423948
855,W,0.012851,0.001331,0.010622,0.455783
856,W,0.056067,0.001326,0.018549,0.438551
857,W,0.026323,0.002818,0.044796,0.690082
858,W,0.002622,0.001433,0.040834,0.270027
859,W,0.067049,0.004104,0.031317,0.570281
860,W,0.016140,0.000875,0.037138,0.469710
861,W,0.002684,0.002431,0.033123,0.429739
862,W,0.016286,0.002200,0.006871,0.335027
863,W,0.011357,0.004592,0.032165,0.117018
864,W,0.029520,0.001868,0.024848,0.463019
865,W,0.067910,0.001289,0.015862,0.516717
866,W,0.005618,0.003066,0.025486,0.571629
867,W,0.007120,0.002946,0.009803,0.723733
868,W,0.012997,0.004625,0.016544,0.372479
869,W,0.023457,0.006484,0.015050,0.632397
870,W,0.030107,0.000393,0.004586,0.758887
871,W,0.017028,0.000951,0.013534,0.281362
872,W,0.025496,0.001427,0.026764,0.789848
873,W,0.004571,0.000386,0.003425,0.546570
874,W,0.023959,0.000132,0.005098,0.434459
875,W,0.008560,0.001264,0.016636,0.266639
876,W,0.050395,0.001558,0.014942,0.108298
877,W,0.012383,0.000904,0.010661,0.200433
878,W,0.011294,0.001616,0.018438,0.174847
879,W,0.007336,0.001517,0.012342,0.385510
880,W,0.015262,0.000441,0.020942,0.384169
881,W,0.040246,0.001367,0.045556,0.228546
882,W,0.042502,0.001382,0.012213,0.476826
883,W,0.009285,0.000614,0.011618,0.241864
884,W,0.015167,0.001253,0.015155,0.623824
885,W,0.008151,0.000511,0.009788,0.133071
886,W,0.008051,0.001243,0.032950,0.085447
887,W,0.005379,0.000644,0.008093,0.385275
888,W,0.036836,0.000707,0.013067,0.469330
889,W,0.027838,0.003766,0.059145,0.255079
890,W,0.018915,0.000657,0.050398,0.154802
891,W,0.004304,0.002674,0.020462,0.450903
892,W,0.006356,0.001352,0.024320,0.450942
893,W,0.006856,0.002688,0.014988,0.250482
894,W,0.006103,0.000712,0.021129,0.216503
895,W,0.002907,0.003340,0.030961,0.581177
896,W,0.003055,0.000455,0.006642,0.091992
897,W,0.021078,0.001254,0.022532,0.270818
898,W,0.014589,0.000309,0.012763,0.837933
899,W,0.024827,0.000735,0.010227,0.367251
900,W,0.002155,0.000684,0.020317,0.481186
901,W,0.010798,0.000521,0.014372,0.222163
902,W,0.011691,0.000751,0.005041,0.394003
903,W,0.011559,0.001007,0.028713,0.371454
904,W,0.001610,0.001393,0.025683,0.339148
905,W,0.004363,0.001392,0.017388,0.590776
906,W,0.037985,0.001433,0.013703,0.308897
907,W,0.006244,0.002582,0.013170,0.483375
908,W,0.025377,0.001290,0.043869,0.502766
909,W,0.014152,0.001268,0.025645,1.543773
910,W,0.003450,0.001022,0.071002,0.709575
911,W,0.002292,0.000244,0.023032,0.631851
912,W,0.029707,0.000932,0.020686,0.686429
913,W,0.013343,0.000268,0.006488,0.467804
914,W,0.001431,0.001265,0.030772,0.694541
915,W,0.047800,0.001149,0.013858,1.120200
916,W,0.045440,0.000380,0.016284,0.190669
917,W,0.001177,0.000343,0.023429,0.537663
918,W,0.003487,0.001339,0.027344,0.312002
919,W,0.054312,0.003278,0.039251,1.231510
920,W,0.011881,0.000767,0.009238,0.302361
921,W,0.005182,0.000172,0.046997,0.405561
922,W,0.002028,0.000816,0.018691,0.819249
923,W,0.024420,0.001849,0.007058,0.420322
924,W,0.039166,0.001660,0.013710,0.383625
925,W,0.011195,0.000067,0.027116,0.172878
926,W,0.005271,0.001921,0.019433,0.394858
927,W,0.008299,0.001017,0.009839,0.273896
928,W,0.008293,0.001312,0.006847,0.197576
929,W,0.003348,0.003975,0.010957,0.478896
930,W,0.010228,0.001643,0.011862,0.310794
931,W,0.015760,0.000323,0.010834,0.977805
932,W,0.027395,0.002838,0.012081,0.225751
933,W,0.003672,0.001049,0.021275,0.604851
934,W,0.017147,0.001581,0.020071,0.499910
935,W,0.002674,0.001714,0.020499,0.605005
936,W,0.004866,0.000741,0.005833,0.413136
937,W,0.002755,0.000363,0.024352,0.293235
938,W,0.025876,0.001608,0.017307,0.063866
939,W,0.014811,0.001839,0.010488,0.418332
940,W,0.015556,0.000245,0.021673,0.237694
941,W,0.025409,0.000622,0.019390,0.233331
942,W,0.011952,0.001907,0.027921,0.555541
943,W,0.053298,0.001523,0.004221,0.224590
944,W,0.008805,0.001659,0.018346,0.074132
945,W,0.013758,0.000117,0.011570,0.357454
946,W,0.027341,0.001626,0.012690,0.395968
947,W,0.007250,0.001630,0.025430,0.468945
948,W,0.020566,0.000453,0.017275,0.881041
949,W,0.015952,0.000283,0.004943,0.536254
950,W,0.011646,0.000187,0.009568,0.218007
951,W,0.020165,0.001630,0.016219,0.080798
952,W,0.032134,0.000280,0.016661,0.591186
953,W,0.069707,0.002061,0.017193,0.143671
954,W,0.021514,0.002080,0.018292,0.343709
955,W,0.015060,0.001768,0.011164,0.334373
956,W,0.012325,0.000653,0.009545,0.411738
957,W,0.004189,0.000802,0.017415,0.300016
958,W,0.022332,0.002490,0.019278,0.544149
959,W,0.006718,0.001423,0.019150,0.402298
960,W,0.001492,0.002222,0.010866,0.697539
961,W,0.007772,0.001360,0.016920,0.231257
962,W,0.003113,0.000628,0.018755,0.113307
963,W,0.001811,0.003063,0.025083,0.192214
964,W,0.007678,0.000637,0.045573,0.803101
965,W,0.045038,0.000134,0.087084,0.335647
966,W,0.001320,0.001032,0.007886,1.100574
967,W,0.009504,0.000858,0.025596,0.607054
968,W,0.014159,0.001083,0.036992,0.346618
969,W,0.005986,0.001596,0.020246,0.564712
970,W,0.003796,0.000366,0.022872,0.434721
971,W,0.007315,0.001696,0.010507,0.867987
972,W,0.013502,0.000508,0.006453,0.510260
973,W,0.023060,0.002846,0.007967,0.785790
974,W,0.010083,0.000496,0.005674,0.650569
975,W,0.008181,0.003196,0.058096,0.291645
976,W,0.007990,0.003245,0.052733,0.188977
977,W,0.012764,0.000251,0.007505,0.656980
978,W,0.014568,0.000617,0.009888,0.641803
979,W,0.003722,0.003673,0.020010,0.456791
980,W,0.007189,0.000052,0.015090,0.401211
981,W,0.008202,0.001214,0.006548,0.576561
982,W,0.016428,0.002538,0.071755,0.485480
983,W,0.025083,0.000257,0.007557,0.692593
984,W,0.064846,0.000613,0.003077,0.364532
985,W,0.027719,0.000756,0.014424,0.731784
986,W,0.016148,0.000093,0.010559,0.500825
987,W,0.006312,0.000587,0.085190,0.878743
988,W,0.041350,0.000549,0.035771,0.736580
989,W,0.004003,0.001017,0.014600,0.727381
990,W,0.003078,0.001552,0.027816,1.444292
991,W,0.015633,0.002460,0.042181,0.640551
992,W,0.036281,0.000532,0.005339,0.539036
993,W,0.010452,0.000138,0.013835,0.558517
994,W,0.012765,0.000939,0.009988,0.682343
995,W,0.009544,0.000452,0.038930,0.263063
996,W,0.008747,0.004145,0.059769,0.840392
997,W,0.071526,0.004711,0.011328,0.658607
998,W,0.023502,0.002617,0.020124,0.721729
999,W,0.015153,0.001828,0.007710,0.732422
1000,W,0.030199,0.000394,0.015764,0.543509
1001,W,0.027881,0.002173,0.040367,0.658945
1002,W,0.087376,0.000195,0.005488,0.608022
1003,W,0.009408,0.000384,0.002687,0.896990
1004,W,0.016295,0.001276,0.063662,0.435341
1005,W,0.015114,0.000472,0.009219,1.269865
1006,W,0.058721,0.001202,0.011137,0.748467
1007,W,0.025210,0.001142,0.009733,0.564072
1008,W,0.037950,0.001615,0.006430,0.741200
1009,W,0.015281,0.003369,0.036905,1.120185
1010,W,0.004163,0.002801,0.034731,0.406441
1011,W,0.004158,0.002408,0.004335,0.368526
1012,W,0.010068,0.003325,0.016778,0.125670
1013,W,0.070396,0.002161,0.017716,0.207274
1014,W,0.027249,0.004583,0.024867,0.262303
1015,W,0.194334,0.001499,0.014554,0.157316
1016,W,0.009171,0.008092,0.059713,0.206538
1017,W,0.015981,0.001605,0.019908,0.275026
1018,W,0.011692,0.003099,0.015273,0.336618
1019,W,0.031011,0.001361,0.018501,0.219167
1020,W,0.049533,0.012387,0.019487,0.044116
1021,N1,0.187025,0.003720,0.011302,0.187545
1022,N1,0.062612,0.006664,0.011236,0.200275
1023,N1,0.009159,0.006838,0.016779,0.028451
1024,N1,0.078582,0.007907,0.039505,0.264358
1025,N2,0.022007,0.002177,0.012220,0.000000
1026,N2,0.013415,0.003048,0.015654,0.163304
1027,N2,0.044324,0.002744,0.043648,0.137206
1028,N2,0.047347,0.000986,0.024540,0.012821
1029,N2,0.030922,0.001396,0.026612,0.192088
1030,N2,0.010278,0.001691,0.044314,0.036663
1031,N2,0.032419,0.002640,0.021558,0.076637
1032,N2,0.018118,0.003060,0.021299,0.158928
1033,N2,0.053312,0.007283,0.030180,0.004773
1034,N2,0.004207,0.004542,0.024070,0.033581
1035,N2,0.021007,0.012902,0.030133,0.018157
1036,N2,0.019191,0.040888,0.067808,0.025106
1037,N2,0.007267,0.067323,0.094594,0.636699
1038,N3,0.026963,0.001398,0.021496,0.432844
1039,N2,0.002310,0.000187,0.011024,0.062285
1040,N3,0.038285,0.001702,0.014372,0.091229
1041,N3,0.002712,0.001894,0.063328,0.100539
1042,N3,0.033589,0.007165,0.027986,0.103226
1043,N3,0.018694,0.004395,0.054295,0.000000
1044,N3,0.004372,0.003163,0.014067,0.170875
1045,N3,0.002515,0.018181,0.114908,0.000000
1046,N3,0.018748,0.027773,0.074000,0.188971
1047,N3,0.023814,0.001782,0.013385,0.012726
1048,N3,0.006677,0.054080,0.067145,0.000000
1049,N3,0.006327,0.013529,0.061793,0.003645
1050,N3,0.003240,0.054424,0.074970,0.079367
1051,N3,0.018163,0.001512,0.018916,0.056254
1052,N3,0.013040,0.005275,0.036262,0.366273
1053,N3,0.002152,0.003751,0.022128,0.155090
1054,N3,0.005707,0.000553,0.013046,0.005774
1055,N3,0.004862,0.002809,0.012677,0.132916
1056,N3,0.013657,0.014095,0.062207,0.345862
1057,N3,0.001602,0.000555,0.032873,0.128286
1058,N3,0.001116,0.013351,0.046526,0.005494
1059,N3,0.002292,0.029343,0.042774,0.078708
1060,W,0.100499,0.001532,0.025017,0.257104
1061,N3,0.022808,0.039912,0.057783,0.174134
1062,N3,0.012411,0.002684,0.040082,0.055550
1063,N2,0.003997,0.005796,0.018626,0.044278
1064,N2,0.004692,0.016132,0.042908,0.028905
1065,N3,0.003128,0.003192,0.016514,0.090695
1066,N3,0.005591,0.016397,0.040419,0.117501
1067,N3,0.006919,0.004426,0.059837,0.103123
1068,N3,0.002389,0.002108,0.011014,0.231072
1069,N3,0.003157,0.026555,0.034807,0.116762
1070,N3,0.005538,0.027137,0.042228,0.134667
1071,N3,0.007129,0.031472,0.071236,0.057219
1072,N3,0.004961,0.000379,0.013560,0.377336
1073,N3,0.013017,0.039965,0.083162,0.000000
1074,N3,0.006110,0.028943,0.040717,0.054682
1075,N2,0.021730,0.000270,0.016387,0.154618
1076,N2,0.003649,0.030269,0.086429,0.127488
1077,N2,0.016055,0.003086,0.015060,0.000000
1078,N2,0.017485,0.007876,0.030648,0.000000
1079,N2,0.027276,0.002795,0.024641,0.194705
1080,N2,0.006003,0.001064,0.010682,0.063617
1081,N2,0.022721,0.003658,0.030294,0.156015
1082,N3,0.020981,0.005082,0.055555,0.095556
1083,N2,0.004701,0.030878,0.071916,0.000000
1084,N2,0.016171,0.002489,0.010840,0.116319
1085,N3,0.004051,0.027918,0.060592,0.064684
1086,N3,0.002624,0.003224,0.010266,0.000000
1087,N3,0.018607,0.001116,0.007238,0.025098
1088,N3,0.008385,0.000480,0.020181,0.108172
1089,N1,0.178726,0.003834,0.008115,0.136419
1090,N2,0.001520,0.002418,0.013550,0.058992
1091,N2,0.003842,0.003464,0.024942,0.080377
1092,N2,0.028343,0.016429,0.051902,0.000000
1093,N2,0.014931,0.030713,0.071165,0.016503
1094,N2,0.019987,0.005591,0.016005,0.000000
1095,N3,0.010151,0.001221,0.008772,0.052468
1096,N3,0.047315,0.016573,0.041465,0.025891
1097,N2,0.010669,0.027880,0.049551,0.023582
1098,N3,0.021656,0.002860,0.005583,0.129359
1099,N2,0.003336,0.005219,0.029748,0.000000
1100,N3,0.018690,0.015474,0.021538,0.000000
1101,N3,0.017990,0.001125,0.015198,0.000000
1102,N3,0.002015,0.011632,0.095275,0.000000
1103,N3,0.009029,0.002271,0.025069,0.180594
1104,N3,0.016645,0.001999,0.035890,0.000000
1105,N3,0.002779,0.053049,0.084296,0.125639
1106,N3,0.008786,0.002187,0.094795,0.010916
1107,N3,0.005543,0.001730,0.071540,0.000000
1108,N3,0.002557,0.013249,0.017855,0.092865
1109,N3,0.010532,0.026874,0.057581,0.000000
1110,N2,0.002894,0.029507,0.062888,0.019397
1111,N3,0.014823,0.000220,0.007451,0.000000
1112,N3,0.001793,0.013822,0.016442,0.000000
1113,N3,0.046717,0.000552,0.035116,0.058163
1114,N3,0.002972,0.005510,0.076463,0.113287
1115,N3,0.012033,0.013997,0.043354,0.541408
1116,N3,0.020862,0.003150,0.037680,0.285924
1117,N3,0.010480,0.005365,0.016690,0.155578
1118,N3,0.015979,0.001944,0.025007,0.069862
1119,N3,0.003513,0.029974,0.148810,0.000000
1120,N3,0.006519,0.001476,0.029747,0.065269
1121,N3,0.002816,0.041082,0.095397,0.034059
1122,N3,0.012005,0.081588,0.141925,0.003490
1123,N3,0.018049,0.000596,0.041453,0.001085
1124,N3,0.000341,0.003225,0.065203,0.112608
1125,N3,0.001444,0.000767,0.013683,0.075351
1126,N3,0.013763,0.012868,0.063313,0.093106
1127,N3,0.016986,0.004522,0.053421,0.125947
1128,N3,0.002545,0.002008,0.043426,0.000638
1129,N3,0.000277,0.000183,0.035720,0.156629
1130,N3,0.001517,0.027857,0.060451,0.140467
1131,N3,0.002376,0.004974,0.033275,0.077226
1132,N3,0.023039,0.002200,0.022580,0.073161
1133,N3,0.000413,0.015255,0.047747,0.060742
1134,N3,0.001433,0.000757,0.012275,0.149785
1135,N3,0.008550,0.039456,0.055418,0.000000
1136,N3,0.001118,0.015710,0.030909,0.009563
1137,N3,0.011309,0.011036,0.076254,0.048896
1138,N3,0.006182,0.038680,0.057336,0.021879
1139,N3,0.015738,0.040560,0.060051,0.000000
1140,N3,0.016630,0.001400,0.003031,0.109493
1141,N3,0.013965,0.004814,0.129319,0.090032
1142,N3,0.001603,0.001071,0.025962,0.000000
1143,N3,0.008267,0.012997,0.043777,0.121633
1144,N3,0.005755,0.009399,0.089235,0.089587
1145,N3,0.006436,0.015672,0.084014,0.089815
1146,N3,0.001652,0.002361,0.024335,0.038765
1147,N3,0.015148,0.014442,0.028966,0.180095
1148,N3,0.003495,0.013068,0.032125,0.176452
1149,N3,0.005082,0.001621,0.051294,0.000197
1150,N3,0.001911,0.001305,0.014607,0.078851
1151,N3,0.003649,0.002654,0.072154,0.000000
1152,N3,0.008518,0.017910,0.048360,0.035447
1153,N3,0.003382,0.000082,0.015501,0.029738
1154,N3,0.011643,0.002249,0.019509,0.057927
1155,N3,0.030502,0.001317,0.043700,0.000000
1156,N3,0.003994,0.003011,0.032731,0.039164
1157,N3,0.009235,0.070802,0.159914,0.057488
1158,N3,0.003614,0.004356,0.110828,0.030760
1159,N3,0.000785,0.012834,0.030403,0.065545
1160,N3,0.003223,0.058572,0.135556,0.032460
1161,N3,0.002507,0.040730,0.081935,0.038152
1162,N3,0.001762,0.028968,0.122166,0.096377
1163,N3,0.002904,0.018314,0.054438,0.125937
1164,N3,0.011382,0.018330,0.051722,0.028259
1165,N3,0.002315,0.013996,0.076091,0.178818
1166,N3,0.001751,0.041912,0.147175,0.035187
1167,N3,0.000441,0.013431,0.074132,0.000000
1168,N3,0.001579,0.000362,0.054538,0.239507
1169,N3,0.009060,0.013443,0.021588,0.084110
1170,N3,0.006861,0.017735,0.053939,0.040755
1171,N3,0.006367,0.014141,0.050049,0.000000
1172,N3,0.002637,0.033299,0.127076,0.050928
1173,N3,0.004674,0.014842,0.049979,0.049181
1174,N3,0.004090,0.001096,0.068615,0.091140
1175,N3,0.002468,0.031017,0.079775,0.000000
1176,N3,0.000514,0.006018,0.076765,0.000000
1177,N3,0.001246,0.026532,0.045491,0.094483
1178,N3,0.002353,0.014136,0.024219,0.159222
1179,N3,0.034086,0.001513,0.026620,0.113903
1180,N1,0.060890,0.002060,0.032063,0.061103
1181,N3,0.013000,0.001434,0.015169,0.209645
1182,N3,0.005862,0.014610,0.060619,0.266990
1183,N3,0.015534,0.002348,0.029049,0.026936
1184,N3,0.055506,0.003583,0.036703,0.005723
1185,N3,0.014199,0.003713,0.029527,0.077981
1186,N3,0.013461,0.002645,0.008063,0.066827
1187,N3,0.005366,0.002235,0.015337,0.023035
1188,N2,0.038947,0.001886,0.030354,0.066984
1189,N2,0.086233,0.003550,0.023230,0.000000
1190,N3,0.139269,0.005135,0.024778,0.109746
1191,N3,0.011768,0.011450,0.019251,0.071505
1192,N3,0.002710,0.004120,0.039930,0.112206
1193,N2,0.008802,0.017918,0.029854,0.000000
1194,N2,0.016911,0.010904,0.017434,0.153310
1195,N2,0.030877,0.002624,0.011820,0.045909
1196,N2,0.024667,0.010014,0.038095,0.000000
1197,N2,0.010120,0.002785,0.008892,0.074573
1198,N3,0.029128,0.010007,0.014875,0.211772
1199,R,0.043880,0.011703,0.022013,0.024958
1200,R,0.040662,0.005254,0.011356,0.048679
1201,R,0.066461,0.001867,0.014076,0.217071
1202,R,0.016325,0.009557,0.022161,0.283512
1203,R,0.016889,0.005333,0.023388,0.100747
1204,R,0.017781,0.009784,0.018748,0.134640
1205,R,0.054168,0.033328,0.057450,0.251365
1206,R,0.044849,0.011848,0.024887,0.289204
1207,R,0.029052,0.003659,0.030408,0.448407
1208,R,0.058463,0.002090,0.015968,0.143495
1209,R,0.051650,0.002214,0.012895,0.017783
1210,R,0.015124,0.001765,0.008509,0.050246
1211,R,0.007880,0.002622,0.010493,0.060985
1212,R,0.013159,0.004595,0.019463,0.036191
1213,R,0.027960,0.004899,0.014554,0.022371
1214,R,0.039628,0.006493,0.024424,0.126322
1215,R,0.022077,0.004081,0.005966,0.022612
1216,R,0.005616,0.011497,0.041103,0.115421
1217,R,0.028315,0.016087,0.039126,0.072346
1218,R,0.067129,0.006174,0.033635,0.188184
1219,R,0.009319,0.003599,0.007541,0.343636
1220,R,0.027022,0.032548,0.078537,0.654470
1221,R,0.044855,0.002555,0.007958,0.101875
1222,R,0.007551,0.000431,0.020222,0.296148
1223,R,0.021140,0.003824,0.015809,0.024186
1224,R,0.053165,0.002292,0.028497,0.065628
1225,R,0.168437,0.002258,0.007891,0.078028
1226,R,0.037453,0.005104,0.021086,0.087588
1227,R,0.024811,0.000325,0.004833,0.152651
1228,N1,0.044715,0.000035,0.008978,0.021009
1229,N1,0.113866,0.006785,0.021101,0.069403
1230,N1,0.068453,0.003179,0.018315,0.234097
1231,N1,0.005432,0.002465,0.030240,0.072726
1232,N1,0.007976,0.008152,0.020265,0.151650
1233,N1,0.034845,0.004775,0.030302,0.116228
1234,N2,0.042197,0.019345,0.040801,0.000000
1235,N2,0.009463,0.000590,0.023732,0.267128
1236,N2,0.015084,0.002336,0.036223,0.046408
1237,N2,0.049927,0.000125,0.035928,0.052722
1238,N2,0.029749,0.002995,0.018485,0.024857
1239,N2,0.023426,0.000903,0.033830,0.002956
1240,N2,0.037544,0.002517,0.011664,0.171880
1241,N2,0.038017,0.040941,0.050488,0.096503
1242,N3,0.016290,0.001277,0.028085,0.000000
1243,N1,0.070689,0.001728,0.017179,0.051259
1244,N1,0.015404,0.009025,0.016447,0.320591
1245,N1,0.075218,0.000095,0.021684,0.041450
1246,N1,0.045684,0.003110,0.023463,0.052169
1247,N2,0.030146,0.002080,0.008153,0.000000
1248,N2,0.009252,0.003399,0.061339,0.150596
1249,N2,0.006534,0.001528,0.008670,0.188988
1250,N1,0.099994,0.003801,0.029292,0.082156
1251,N2,0.007146,0.000243,0.014397,0.086623
1252,N2,0.010113,0.003488,0.019221,0.116061
1253,N2,0.042109,0.021244,0.077754,0.115176
1254,N2,0.026066,0.003197,0.016816,0.137319
1255,N2,0.034485,0.005173,0.030125,0.032084
1256,N2,0.015655,0.004307,0.020526,0.147202
1257,N2,0.012041,0.003833,0.011967,0.037089
1258,N2,0.025643,0.013347,0.022324,0.000000
1259,N2,0.009257,0.004421,0.032539,0.082109
1260,N2,0.038047,0.012472,0.028946,0.000000
1261,N2,0.011534,0.029851,0.045400,0.016784
1262,N2,0.006984,0.011181,0.021792,0.106090
1263,N2,0.019353,0.003469,0.020004,0.051834
1264,N2,0.024030,0.000755,0.020338,0.040146
1265,N2,0.007266,0.007105,0.054955,0.051386
1266,N2,0.036278,0.004196,0.009257,0.050669
1267,N2,0.009524,0.000552,0.025121,0.002145
1268,N2,0.001533,0.017118,0.034414,0.193390
1269,N2,0.041768,0.006119,0.051227,0.000000
1270,N2,0.007000,0.001397,0.039772,0.582213
1271,N2,0.005542,0.005513,0.044598,0.062173
1272,N2,0.038144,0.009437,0.034725,0.046987
1273,N2,0.016431,0.026155,0.046273,0.104078
1274,N2,0.042643,0.007152,0.021156,0.634415
1275,N2,0.021236,0.000331,0.015784,0.000000
1276,N2,0.002580,0.000370,0.028389,0.018961
1277,N2,0.029316,0.028969,0.036595,0.041169
1278,N2,0.005614,0.000495,0.025931,0.205466
1279,N2,0.016936,0.014726,0.032784,0.109045
1280,N2,0.020232,0.001035,0.003374,0.056455
1281,N2,0.000838,0.014515,0.016573,0.030884
1282,N3,0.002053,0.004076,0.015560,0.000000
1283,N2,0.010657,0.043331,0.051998,0.000000
1284,N3,0.017027,0.029229,0.050845,0.084497
1285,N3,0.006881,0.014356,0.037400,0.026638
1286,N3,0.006466,0.005258,0.056215,0.006648
1287,N3,0.016582,0.004984,0.046310,0.125396
1288,N3,0.004643,0.002574,0.051210,0.003227
1289,N3,0.026643,0.013915,0.045656,0.000000
1290,N3,0.004755,0.000288,0.056999,0.031371
1291,N3,0.063623,0.000415,0.007824,0.049741
1292,N2,0.003211,0.001809,0.005903,0.229899
1293,N2,0.010674,0.003143,0.027739,0.103608
1294,N2,0.039975,0.015349,0.052587,0.061452
1295,N2,0.003562,0.035798,0.057181,0.032217
1296,N2,0.006393,0.003703,0.016578,0.103243
1297,N3,0.002517,0.001694,0.010726,0.038805
1298,N3,0.002991,0.004880,0.046978,0.070085
1299,N3,0.038658,0.001337,0.057685,0.017665
1300,N3,0.006824,0.012188,0.050733,0.000000
1301,N3,0.019163,0.001854,0.023617,0.241504
1302,N3,0.000802,0.002130,0.011746,0.169012
1303,N3,0.018324,0.080989,0.096873,0.099510
1304,N3,0.001531,0.015234,0.079186,0.213260
1305,N3,0.007550,0.002555,0.058599,0.074487
1306,N3,0.006910,0.000497,0.031918,0.088840
1307,N3,0.004093,0.000069,0.018483,0.051236
1308,N3,0.013303,0.013907,0.051273,0.017950
1309,N3,0.005752,0.014510,0.031496,0.043052
1310,N3,0.012301,0.094161,0.131805,0.092595
1311,N3,0.003050,0.027705,0.030086,0.040899
1312,N3,0.005034,0.014390,0.028631,0.042023
1313,N3,0.002919,0.001322,0.014975,0.000000
1314,N3,0.004931,0.001800,0.022913,0.034846
1315,N3,0.011907,0.018065,0.062367,0.046665
1316,N3,0.005207,0.001961,0.031074,0.113484
1317,N3,0.015963,0.014795,0.032565,0.171201
1318,N3,0.000439,0.000478,0.012539,0.110801
1319,N3,0.008146,0.013082,0.036602,0.010651
1320,N3,0.004334,0.012523,0.049351,0.193299
1321,N3,0.000933,0.000581,0.022907,0.062688
1322,N3,0.005540,0.002117,0.014896,0.093334
1323,N3,0.004590,0.003111,0.038940,0.000000
1324,N3,0.009515,0.026281,0.069555,0.449405
1325,N3,0.008952,0.013709,0.064837,0.163582
1326,N3,0.011390,0.001150,0.036922,0.153946
1327,N3,0.011955,0.012871,0.044991,0.000000
1328,N3,0.016460,0.003115,0.015031,0.258913
1329,N1,0.073145,0.004599,0.023527,0.052427
1330,N2,0.005967,0.000937,0.035937,0.261809
1331,N2,0.035883,0.000663,0.024548,0.071584
1332,N1,0.082083,0.001872,0.017215,0.262151
1333,N2,0.017762,0.009085,0.057650,0.046399
1334,N2,0.001928,0.004572,0.031316,0.000000
1335,N2,0.006291,0.000600,0.026708,0.000000
1336,N2,0.028732,0.002841,0.026003,0.672436
1337,N2,0.022916,0.072167,0.159183,0.000000
1338,N2,0.020569,0.001939,0.015216,0.049139
1339,N2,0.008961,0.019062,0.074994,0.001165
1340,N1,0.001740,0.003046,0.014832,0.147154
1341,N2,0.064096,0.001908,0.041178,0.145326
1342,N2,0.008196,0.003610,0.056209,0.000000
1343,N1,0.016414,0.001266,0.010767,0.041265
1344,N2,0.036461,0.010729,0.068849,0.062477
1345,N2,0.016969,0.020233,0.074856,0.129565
1346,N2,0.058988,0.001726,0.017320,0.215560
1347,N2,0.003534,0.005096,0.022152,0.000000
1348,N2,0.030508,0.003601,0.010207,0.059112
1349,N2,0.027522,0.010376,0.023365,0.053905
1350,R,0.069474,0.007790,0.040902,0.123037
1351,R,0.020544,0.003764,0.013934,0.000000
1352,R,0.046488,0.000669,0.026768,0.138177
1353,R,0.034786,0.000296,0.019670,0.349485
1354,R,0.010095,0.006495,0.023341,0.150212
1355,R,0.019162,0.007395,0.016138,0.147962
1356,R,0.057593,0.002537,0.004495,0.049109
1357,R,0.033382,0.001214,0.024264,0.000000
1358,R,0.015828,0.003177,0.021092,0.347504
1359,R,0.080372,0.002181,0.010981,0.191709
1360,R,0.036439,0.001219,0.011565,0.067831
1361,R,0.064568,0.000759,0.005724,0.240233
1362,R,0.003628,0.000645,0.004721,0.150418
1363,R,0.012181,0.003573,0.006172,0.130594
1364,R,0.008773,0.000098,0.014181,0.147220
1365,R,0.024436,0.006413,0.015148,0.092893
1366,R,0.017716,0.002348,0.009922,0.000000
1367,R,0.035043,0.000644,0.015352,0.032714
1368,R,0.026285,0.002295,0.007841,0.011289
1369,R,0.048629,0.002731,0.015856,0.103978
1370,R,0.006605,0.001639,0.021913,0.142234
1371,R,0.028168,0.005806,0.022628,0.119762
1372,R,0.019120,0.001515,0.014082,0.073291
1373,R,0.006801,0.002088,0.003556,0.183735
1374,R,0.037187,0.002801,0.020060,0.050092
1375,R,0.026102,0.001593,0.014373,0.351046
1376,R,0.032645,0.003795,0.015342,0.253580
1377,R,0.039798,0.003437,0.017687,0.077009
1378,R,0.008364,0.001761,0.011720,0.118927
1379,N2,0.191043,0.004482,0.042654,0.227566
1380,N1,0.063950,0.001757,0.005219,0.092236
1381,N1,0.014103,0.003759,0.010128,0.170573
1382,W,0.109779,0.002130,0.027535,0.123147
1383,N1,0.005174,0.001447,0.007651,0.079289
1384,N1,0.012647,0.003633,0.013624,0.374751
1385,N1,0.012708,0.001524,0.011144,0.100872
1386,N1,0.030591,0.002667,0.016795,0.063306
1387,N2,0.016416,0.000975,0.008754,0.120557
1388,N2,0.007865,0.001112,0.012250,0.250769
1389,N2,0.045749,0.004374,0.014308,0.090948
1390,N2,0.012061,0.002789,0.037857,0.094164
1391,N2,0.036719,0.004705,0.031323,0.134687
1392,N2,0.013687,0.001628,0.038783,0.000000
1393,N2,0.025244,0.004405,0.010523,0.006333
1394,N2,0.010981,0.001013,0.014313,0.082786
1395,N2,0.097710,0.003132,0.032241,0.230421
1396,N2,0.005867,0.007272,0.024252,0.000000
1397,N2,0.070260,0.002666,0.027893,0.129772
1398,N2,0.039345,0.000565,0.024402,0.000000
1399,N2,0.020863,0.003849,0.010171,0.150947
1400,N2,0.005253,0.004413,0.025718,0.160699
1401,N2,0.026054,0.002312,0.027588,0.000000
1402,N2,0.007250,0.011354,0.062916,0.037122
1403,N2,0.040790,0.002078,0.035700,0.237435
1404,N2,0.016928,0.006157,0.020177,0.057472
1405,N2,0.016272,0.007726,0.035900,0.085672
1406,N2,0.010894,0.010605,0.031290,0.049110
1407,N2,0.052573,0.000619,0.015823,0.000000
1408,N2,0.068162,0.002314,0.016111,0.294229
1409,N2,0.034883,0.005864,0.023879,0.137550
1410,N2,0.002629,0.008965,0.018445,0.049265
1411,N2,0.003995,0.001152,0.009715,0.054241
1412,N2,0.026821,0.006379,0.024147,0.094000
1413,N2,0.002979,0.006728,0.096443,0.097808
1414,N2,0.014029,0.002656,0.006054,0.040418
1415,N2,0.006483,0.005147,0.021607,0.072149
1416,N1,0.074861,0.000403,0.014794,0.596688
1417,N2,0.104319,0.001098,0.018102,0.265646
1418,N1,0.040631,0.003110,0.008617,0.071633
1419,N2,0.044780,0.000594,0.024841,0.308393
1420,N2,0.005603,0.005461,0.016064,0.232737
1421,N2,0.009254,0.015359,0.023458,0.000000
1422,N2,0.011809,0.002673,0.023353,0.207496
1423,N2,0.033597,0.004182,0.016454,0.012790
1424,N2,0.053040,0.007261,0.014580,0.040594
1425,N2,0.045561,0.001883,0.063775,0.197565
1426,N2,0.045459,0.010218,0.032131,0.034081
1427,N2,0.008421,0.003421,0.013481,0.181372
1428,N2,0.007219,0.001526,0.043922,0.404474
1429,N3,0.001824,0.017685,0.117737,0.000000
1430,N2,0.006285,0.000967,0.014026,0.202544
1431,N2,0.036873,0.000593,0.010625,0.137291
1432,N2,0.020401,0.001052,0.016471,0.000000
1433,N2,0.012795,0.003334,0.037026,0.179507
1434,N2,0.037365,0.006428,0.017910,0.158510
1435,N2,0.004512,0.000766,0.012583,0.600064
1436,N2,0.012265,0.071244,0.118377,0.168441
1437,N2,0.022881,0.003214,0.015602,0.089863
1438,N2,0.014632,0.026242,0.051486,0.019808
1439,N2,0.041027,0.003690,0.015075,0.137314
1440,N2,0.013604,0.002398,0.019546,0.018751
1441,N2,0.013451,0.001053,0.016248,0.165715
1442,N2,0.009017,0.002389,0.041671,0.005557
1443,N3,0.035061,0.003841,0.016105,0.000000
1444,N2,0.006922,0.003054,0.007748,0.461408
1445,N3,0.009782,0.035669,0.074111,0.065417
1446,N2,0.053148,0.001318,0.032574,0.055704
1447,N3,0.002449,0.042062,0.060208,0.021180
1448,N3,0.022532,0.005014,0.041474,0.095354
1449,N3,0.008833,0.004704,0.017068,0.243856
1450,N3,0.025402,0.000446,0.019327,0.112454
1451,N3,0.014881,0.006077,0.029740,0.052005
1452,N3,0.013969,0.002021,0.024600,0.009823
1453,N3,0.007590,0.026194,0.064146,0.210184
1454,N3,0.002846,0.001263,0.032316,0.013855
1455,N3,0.002513,0.029813,0.038234,0.071362
1456,N3,0.024274,0.002127,0.051276,0.146972
1457,N2,0.004804,0.001445,0.009727,0.066511
1458,N2,0.015709,0.004090,0.012165,0.266089
1459,N2,0.009788,0.005119,0.014585,0.068996
1460,N2,0.011231,0.002716,0.019489,0.128930
1461,N2,0.013013,0.001747,0.017608,0.087172
1462,N2,0.010452,0.009391,0.103174,0.071330
1463,N2,0.009440,0.005088,0.015460,0.009890
1464,N3,0.016584,0.002620,0.034031,0.008030
1465,N3,0.002327,0.001320,0.042536,0.040393
1466,N2,0.039873,0.009582,0.044068,0.040604
1467,N3,0.001895,0.055135,0.090639,0.012648
1468,N3,0.003293,0.014695,0.035060,0.054406
1469,N3,0.092429,0.026179,0.056259,0.000000
1470,N3,0.041679,0.006477,0.057114,0.305030
1471,N3,0.004473,0.000384,0.046989,0.112470
1472,N3,0.018772,0.001140,0.057113,0.040890
1473,N3,0.019111,0.027530,0.056215,0.228008
1474,N3,0.011093,0.005176,0.046156,0.059158
1475,N3,0.020198,0.000756,0.021558,0.024612
1476,N3,0.028261,0.002165,0.014575,0.124083
1477,N3,0.018214,0.014144,0.066688,0.329156
1478,N3,0.002458,0.017890,0.057786,0.082223
1479,N3,0.000745,0.001108,0.034054,0.071652
1480,N3,0.002176,0.000617,0.040045,0.000000
1481,N3,0.005622,0.005292,0.029595,0.134198
1482,N3,0.004526,0.002555,0.028172,0.036802
1483,N3,0.012509,0.009657,0.026615,0.016390
1484,N2,0.006774,0.004728,0.035629,0.003149
1485,N2,0.024842,0.019250,0.041788,0.047805
1486,N2,0.007447,0.030025,0.072205,0.174347
1487,N2,0.011749,0.004509,0.024271,0.205153
1488,N3,0.010871,0.019649,0.057194,0.037962
1489,N3,0.006155,0.005682,0.031694,0.155588
1490,N2,0.052556,0.040490,0.054339,0.133652
1491,R,0.009561,0.001182,0.036947,0.047415
1492,R,0.014907,0.000178,0.001443,0.039397
1493,R,0.011368,0.001578,0.011636,0.061569
1494,R,0.030338,0.053626,0.056997,0.033904
1495,R,0.108492,0.000438,0.022509,0.032899
1496,R,0.004446,0.003827,0.005312,0.677277
1497,R,0.014420,0.006289,0.018108,0.055015
1498,R,0.071294,0.002030,0.019468,0.010892
1499,N1,0.081501,0.001411,0.009791,0.828892
1500,R,0.022287,0.003614,0.010941,0.420270
1501,R,0.040228,0.004300,0.016249,0.246759
1502,R,0.010568,0.002054,0.027499,0.166263
1503,R,0.043969,0.003501,0.013318,0.045632
1504,R,0.039355,0.000812,0.009962,0.087020
1505,R,0.051259,0.000333,0.014434,0.000000
1506,R,0.034553,0.000088,0.006613,0.193459
1507,R,0.067401,0.004813,0.038700,0.225980
1508,R,0.008163,0.004630,0.013754,0.236968
1509,R,0.010882,0.000762,0.009930,0.042669
1510,R,0.012216,0.001248,0.007427,0.296595
1511,R,0.037412,0.002591,0.061027,0.224544
1512,R,0.023101,0.001918,0.027636,0.027443
1513,R,0.011152,0.001676,0.019214,0.077493
1514,R,0.216889,0.003178,0.012682,0.295551
1515,R,0.002957,0.001930,0.007321,0.109513
1516,R,0.016369,0.000795,0.013356,0.254634
1517,W,0.133284,0.000831,0.025719,0.000000
1518,N1,0.006984,0.004103,0.006309,0.263384
1519,N1,0.075171,0.000497,0.003269,0.076039
1520,N1,0.005159,0.006204,0.015344,0.022560
1521,N1,0.172086,0.000053,0.015343,0.169859
1522,W,0.013726,0.002593,0.028865,0.345820
1523,W,0.033614,0.003983,0.042411,0.685580
1524,W,0.014645,0.003599,0.025248,0.334532
1525,W,0.006807,0.002384,0.014461,0.449330
1526,W,0.043302,0.000568,0.033602,0.997143
1527,W,0.126256,0.002116,0.007491,0.162635
1528,W,0.014739,0.001593,0.014752,0.067113
1529,W,0.005864,0.001554,0.015920,0.091448
1530,W,0.013777,0.001562,0.008536,0.274478
1531,W,0.015042,0.006430,0.021535,0.218781
1532,W,0.052982,0.001213,0.007774,0.272612
1533,W,0.010622,0.002625,0.021894,0.405162
1534,W,0.008320,0.001925,0.010827,0.171584
1535,W,0.035659,0.001886,0.018985,0.007980
1536,W,0.017387,0.002588,0.015736,0.167189
1537,W,0.021068,0.002073,0.006621,0.157007
1538,N1,0.009550,0.001474,0.021477,0.258182
1539,N1,0.035758,0.004654,0.036102,0.541176
1540,N1,0.285751,0.004219,0.010603,0.347039
1541,W,0.047025,0.002897,0.009843,0.048693
1542,N1,0.041000,0.006897,0.017135,0.061747
1543,N1,0.088858,0.002358,0.026075,0.150818
1544,N1,0.046127,0.004176,0.015470,0.028256
1545,N1,0.028026,0.000562,0.014490,0.411701
1546,N2,0.016940,0.001095,0.026028,0.237978
1547,N2,0.145663,0.003308,0.021936,0.042018
1548,N2,0.005654,0.001668,0.022020,0.155377
1549,N2,0.005331,0.002469,0.019763,0.100319
1550,N2,0.003593,0.001597,0.013404,0.093471
1551,N2,0.078471,0.003880,0.006939,0.148128
1552,N2,0.064047,0.000368,0.006420,0.125506
1553,N2,0.026858,0.003045,0.023409,0.066248
1554,N2,0.042613,0.004704,0.028427,0.097282
1555,N2,0.004728,0.006017,0.043485,0.022883
1556,N2,0.021357,0.001113,0.004078,0.138582
1557,N2,0.015659,0.002435,0.024632,0.055761
1558,N2,0.301888,0.001145,0.033846,0.183514
1559,N2,0.017295,0.004062,0.014666,0.091292
1560,N2,0.020902,0.008389,0.035119,0.196990
1561,N2,0.011427,0.002566,0.014144,0.056516
1562,N2,0.069321,0.006552,0.024149,0.128274
1563,N2,0.010885,0.004104,0.030189,0.182831
1564,N2,0.004039,0.003735,0.037551,0.000000
1565,N2,0.003938,0.000128,0.031088,0.136964
1566,N2,0.016802,0.000262,0.025530,0.261208
1567,N2,0.026721,0.009696,0.019717,0.403247
1568,N2,0.014433,0.003467,0.016251,0.030011
1569,W,0.221552,0.003793,0.019630,0.059926
1570,W,0.209792,0.004946,0.016309,0.770566
1571,N1,0.033075,0.002401,0.017149,0.110684
1572,N2,0.037837,0.004800,0.045112,0.165563
1573,N2,0.020331,0.007923,0.043241,0.000000
1574,N2,0.011043,0.000452,0.005376,0.041896
1575,N2,0.029617,0.002228,0.017858,0.357220
1576,N2,0.019135,0.002063,0.006099,0.001810
1577,N2,0.027967,0.003841,0.020051,0.069073
1578,N2,0.003410,0.002037,0.054204,0.062023
1579,N2,0.035156,0.005539,0.024682,0.023473
1580,N2,0.017594,0.002989,0.015896,0.137610
1581,N2,0.020728,0.002704,0.021463,0.062568
1582,N2,0.003466,0.001645,0.026137,0.128139
1583,N2,0.018639,0.001147,0.016384,0.110673
1584,N2,0.045757,0.002991,0.007991,0.018108
1585,N2,0.004198,0.008595,0.058767,0.031320
1586,N2,0.044992,0.005546,0.013569,0.124111
1587,N2,0.021151,0.043296,0.068716,0.047260
1588,N2,0.036619,0.000878,0.009106,0.061742
1589,N2,0.049570,0.001023,0.024222,0.181072
1590,N2,0.046013,0.006273,0.035741,0.138061
1591,N2,0.009592,0.055369,0.087767,0.036331
1592,N2,0.025851,0.001258,0.020979,0.119213
1593,N2,0.034107,0.008110,0.016593,0.102876
1594,N2,0.037390,0.000227,0.009831,0.007999
1595,N2,0.012884,0.002387,0.014317,0.052752
1596,N2,0.028696,0.002759,0.016073,0.003597
1597,N2,0.022416,0.001960,0.010101,0.119507
1598,N2,0.002941,0.012134,0.031379,0.000000
1599,N2,0.041682,0.003321,0.004488,0.137578
1600,N2,0.018842,0.013976,0.033281,0.046958
1601,N2,0.038066,0.012778,0.030804,0.453137
1602,N2,0.011785,0.004921,0.039542,0.289063
1603,N2,0.021740,0.002247,0.041217,0.491370
1604,N2,0.039132,0.003179,0.028520,0.000000
1605,N3,0.025178,0.004765,0.044688,0.000000
1606,N2,0.010073,0.001343,0.023061,0.352828
1607,N3,0.003442,0.018943,0.060903,0.000000
1608,N3,0.003522,0.013357,0.044130,0.033811
1609,N3,0.029032,0.028981,0.062997,0.207303
1610,N2,0.010521,0.005181,0.041306,0.000000
1611,N2,0.010302,0.001897,0.015839,0.009020
1612,N2,0.011181,0.000393,0.006447,0.000000
1613,N2,0.003589,0.001549,0.033172,0.096942
1614,N3,0.007535,0.000860,0.041127,0.118032
1615,N3,0.065695,0.002389,0.009266,0.000000
1616,N2,0.007850,0.001295,0.019214,0.027662
1617,N2,0.074741,0.000523,0.038056,0.090437
1618,N3,0.003716,0.026538,0.054328,0.096410
1619,N2,0.020755,0.000593,0.019905,0.000000
1620,N3,0.001468,0.001803,0.011460,0.083280
1621,N2,0.004912,0.002055,0.010155,0.060220
1622,N3,0.002642,0.008743,0.024383,0.041915
1623,N3,0.007119,0.001373,0.007631,0.138382
1624,N3,0.030062,0.004555,0.085469,0.127058
1625,N3,0.023110,0.001430,0.004901,0.090093
1626,N2,0.033643,0.014357,0.033385,0.045675
1627,N2,0.007724,0.000921,0.015778,0.173900
1628,N2,0.022451,0.003001,0.010168,0.059527
1629,N2,0.066713,0.000685,0.042497,0.045186
1630,N2,0.010364,0.002743,0.011291,0.061901
1631,N2,0.039835,0.004237,0.048465,0.226716
1632,N2,0.044320,0.004092,0.014801,0.018499
1633,N3,0.018368,0.005948,0.092230,0.036095
1634,N2,0.008252,0.000693,0.005840,0.235387
1635,N2,0.033414,0.007421,0.019996,0.224645
1636,N2,0.047921,0.000476,0.017159,0.000000
1637,N2,0.041495,0.001068,0.004857,0.043767
1638,N1,0.092581,0.000117,0.001747,0.212562
1639,N1,0.039173,0.003283,0.010288,0.023716
1640,R,0.018263,0.001619,0.012455,0.203250
1641,R,0.033011,0.001329,0.016579,0.319649
1642,R,0.007237,0.008474,0.014220,0.282744
1643,R,0.038040,0.001860,0.029732,0.081821
1644,R,0.019834,0.000483,0.009668,0.131165
1645,R,0.038451,0.005043,0.017145,0.075082
1646,R,0.007189,0.003835,0.025679,0.000000
1647,R,0.022885,0.001437,0.005154,0.092617
1648,R,0.026670,0.003396,0.008308,0.067308
1649,R,0.133315,0.000274,0.005827,0.189501
1650,R,0.003806,0.000596,0.046097,0.028307
1651,R,0.023285,0.000286,0.007698,0.000000
1652,R,0.008604,0.001262,0.006838,0.048465
1653,R,0.026918,0.002310,0.018479,0.151147
1654,R,0.006680,0.001154,0.046992,0.000000
1655,R,0.037676,0.002015,0.027096,0.136777
1656,R,0.036461,0.002278,0.011255,0.119022
1657,R,0.022259,0.000512,0.025113,0.224000
1658,R,0.012466,0.002871,0.020367,0.430075
1659,R,0.055129,0.000386,0.006220,0.211388
1660,R,0.018331,0.001048,0.010170,0.037089
1661,R,0.008283,0.002681,0.007306,0.261361
1662,R,0.076912,0.002207,0.009096,0.019488
1663,R,0.005473,0.002257,0.015377,0.116010
1664,R,0.042143,0.001186,0.016427,0.198872
1665,R,0.020573,0.003656,0.011938,0.002476
1666,R,0.005984,0.005754,0.029299,0.138753
1667,R,0.051877,0.010770,0.034182,0.741410
1668,R,0.026211,0.003077,0.010905,0.354911
1669,R,0.014627,0.003391,0.019098,0.027007
1670,R,0.021639,0.004764,0.024861,0.378368
1671,R,0.063898,0.000942,0.030776,0.055618
1672,R,0.076860,0.000275,0.007281,0.120769
1673,W,0.063978,0.011478,0.030680,0.209885
1674,N1,0.005934,0.002255,0.013953,0.075481
1675,N1,0.048596,0.004077,0.017163,0.119548
1676,N1,0.014917,0.002074,0.014420,0.124753
1677,N1,0.012177,0.002182,0.013321,0.092781
1678,N1,0.024872,0.001695,0.018952,0.074579
1679,R,0.026968,0.001288,0.004733,0.408188
1680,R,0.170277,0.001697,0.019406,0.161586
1681,R,0.002280,0.003818,0.019094,0.033006
1682,R,0.028260,0.002019,0.011914,0.141287
1683,R,0.006274,0.002164,0.028375,0.222715
1684,R,0.042753,0.000022,0.012160,0.107027
1685,R,0.048699,0.004376,0.015419,0.010448
1686,R,0.056929,0.006316,0.023115,0.728879
1687,R,0.266277,0.002555,0.005719,0.238438
1688,W,0.012977,0.001521,0.170096,0.063336
1689,W,0.123927,0.000671,0.013606,0.199082
1690,W,0.021683,0.009333,0.020179,0.202237
1691,W,0.280707,0.012357,0.039578,0.408686
1692,W,0.053728,0.007296,0.012606,0.501882
1693,W,0.006314,0.001719,0.057516,0.389983
1694,W,0.115387,0.001481,0.020469,0.386359
1695,W,0.022078,0.000670,0.016557,0.070895
1696,W,0.095426,0.004118,0.021652,0.157771
1697,W,0.009186,0.002784,0.014888,0.167185
1698,W,0.006150,0.002242,0.023916,0.748057
1699,W,0.008241,0.007927,0.037564,0.008900
1700,W,0.014875,0.002763,0.018883,0.470311
1701,W,0.009981,0.005486,0.013077,0.059755
1702,W,0.005740,0.001377,0.003789,0.370030
1703,W,0.016416,0.003053,0.022275,0.261181
1704,W,0.028360,0.000756,0.005689,0.000000
1705,N1,0.006447,0.006775,0.014343,0.761537
1706,N1,0.018156,0.005581,0.016970,0.320185
1707,N1,0.009128,0.000005,0.008558,0.330668
1708,W,0.021747,0.001266,0.042107,0.174418
1709,W,0.094677,0.002437,0.019036,0.769787
1710,W,0.206700,0.000991,0.012648,0.327533
1711,W,0.200577,0.001188,0.017076,0.167284
1712,W,0.004953,0.003550,0.074558,0.440258
1713,W,0.028841,0.001474,0.007954,0.162159
1714,W,0.010010,0.002183,0.025032,0.288893
1715,W,0.114545,0.003364,0.017361,0.514022
1716,W,0.182010,0.005798,0.062774,0.145286
1717,W,0.009846,0.009689,0.034194,0.357202
1718,N1,0.029231,0.004227,0.023940,0.227480
1719,W,0.370585,0.001678,0.020157,0.380172
1720,W,0.008421,0.001103,0.067156,0.437734
1721,W,0.001455,0.002675,0.099953,0.431217
1722,W,0.319608,0.002098,0.035693,0.323720
1723,W,0.002992,0.002738,0.042433,0.210871
1724,W,0.039073,0.006932,0.029421,0.318430
1725,W,0.267872,0.001570,0.019799,0.430254
1726,W,0.184074,0.001597,0.035021,0.167405
1727,W,0.021502,0.001019,0.013773,0.381441
1728,W,0.123112,0.004278,0.019613,0.280674
1729,W,0.042741,0.001974,0.021765,0.486336
1730,W,0.037725,0.001703,0.012718,0.274818
1731,W,0.010510,0.002343,0.098095,0.061070
1732,W,0.015640,0.001927,0.022669,0.347259
1733,W,0.010539,0.002635,0.014477,0.218062
1734,W,0.012095,0.001541,0.024386,0.381281
1735,W,0.020119,0.000567,0.001040,0.240611
1736,W,0.009736,0.012513,0.047089,0.109246
1737,N1,0.048789,0.008387,0.032636,0.000000
1738,N1,0.011282,0.001507,0.021771,0.186826
1739,N1,0.009877,0.001267,0.018588,0.025779
1740,N1,0.033757,0.008401,0.023039,0.014292
1741,N1,0.286898,0.001674,0.004014,0.161922
1742,W,0.089541,0.003936,0.015306,0.075656
1743,W,0.023851,0.000273,0.005713,0.000000
1744,W,0.029543,0.001064,0.016195,0.140340
1745,W,0.019028,0.001049,0.013570,0.110801
1746,W,0.161888,0.002611,0.010782,0.142307
1747,W,0.047438,0.001792,0.014450,0.175400
1748,W,0.045683,0.000006,0.005193,0.148814
1749,W,0.013433,0.007257,0.024021,0.304365
1750,W,0.003240,0.004055,0.012176,0.549014
1751,W,0.024629,0.005222,0.016385,0.312952
1752,W,0.132935,0.006327,0.014016,0.312670
1753,W,0.193324,0.002249,0.007251,0.240973
1754,W,0.133727,0.003818,0.030107,0.491121
1755,W,0.051494,0.000918,0.007151,0.486427
1756,W,0.173816,0.000790,0.018054,0.220267
1757,W,0.082450,0.001597,0.075393,0.415241
1758,W,0.026887,0.002425,0.019298,0.188272
1759,W,0.004992,0.001473,0.027603,0.136272
1760,W,0.017360,0.002431,0.014990,0.465069
1761,W,0.006178,0.003622,0.011025,0.265197
1762,W,0.020493,0.004015,0.015202,0.365192
1763,W,0.087445,0.001425,0.007587,0.408455
1764,W,0.031907,0.000508,0.114417,0.326662
1765,W,0.008417,0.002255,0.021176,0.176575
1766,W,0.016635,0.000456,0.031276,0.176320
1767,W,0.005394,0.002589,0.038823,0.950420
1768,W,0.018666,0.000323,0.014427,0.918305
1769,W,0.014601,0.000702,0.022521,0.304624
1770,W,0.015138,0.001393,0.041248,1.037618
1771,W,0.021826,0.001559,0.003426,0.129466
1772,W,0.139237,0.001835,0.008504,0.346784
1773,W,0.024995,0.000022,0.008910,0.197082
1774,W,0.059971,0.001760,0.018370,0.208540
1775,W,0.022830,0.001329,0.019551,0.168402
1776,W,0.010067,0.000947,0.016335,0.357349
1777,W,0.040512,0.000904,0.006924,0.647735
1778,W,0.067414,0.000387,0.025896,0.293823
1779,W,0.057406,0.000480,0.014382,0.316550
1780,W,0.086279,0.002566,0.017476,0.324914
1781,W,0.010615,0.001726,0.010820,0.424224
1782,W,0.017459,0.006108,0.016137,0.457556
1783,W,0.012272,0.001466,0.012887,0.309873
1784,W,0.037117,0.002523,0.011828,0.844040
1785,W,0.014371,0.001475,0.008201,0.357349
1786,W,0.009916,0.000812,0.010729,0.293222
1787,W,0.013415,0.000663,0.006294,0.596946
1788,W,0.008586,0.000455,0.007422,1.212229
1789,W,0.024639,0.003652,0.027542,0.456715
1790,W,0.069073,0.001194,0.004860,0.451650
1791,W,0.013419,0.000921,0.005999,0.501024
1792,W,0.021816,0.003502,0.010553,0.410686
1793,W,0.016186,0.001001,0.024626,0.560329
1794,W,0.007529,0.003103,0.010471,0.644502
1795,W,0.014258,0.001878,0.023673,0.677369
1796,W,0.016460,0.001449,0.008552,0.600026
1797,W,0.011474,0.000133,0.005863,0.484728
1798,W,0.007409,0.001184,0.005289,0.510929
1799,W,0.003783,0.000246,0.021341,0.386330
1800,W,0.030563,0.000479,0.024295,0.532045
1801,W,0.011634,0.001243,0.007967,0.406404
1802,W,0.010871,0.000555,0.028005,0.551277
1803,W,0.027795,0.002959,0.026508,0.480545
1804,W,0.007990,0.002034,0.095996,0.481277
1805,W,0.034171,0.004150,0.049934,0.354376
1806,W,0.016208,0.002652,0.004773,0.748368
1807,W,0.003077,0.000983,0.031158,0.594542
1808,W,0.008508,0.000899,0.018661,0.749665
1809,W,0.006247,0.000756,0.053639,0.407092
1810,W,0.011404,0.000445,0.042793,0.465696
1811,W,0.005164,0.001026,0.018414,0.709868
1812,W,0.069041,0.000308,0.007512,0.532008
1813,W,0.037698,0.001069,0.012503,0.835963
1814,W,0.009845,0.001547,0.009829,0.498477
1815,W,0.012462,0.001212,0.033981,0.114998
1816,W,0.018780,0.001291,0.013682,0.520077
1817,W,0.012316,0.002621,0.013003,1.319246
1818,W,0.039077,0.001459,0.012351,0.650019
1819,W,0.018339,0.001176,0.009075,0.271832
1820,W,0.010766,0.003056,0.026040,0.542072
1821,W,0.013092,0.001651,0.051992,0.394918
1822,W,0.021463,0.001063,0.005099,0.301989
1823,W,0.047067,0.000682,0.016771,0.324434
1824,W,0.011234,0.001504,0.019715,0.581858
1825,W,0.007803,0.001705,0.017533,1.239709
1826,W,0.050380,0.001290,0.004290,0.543775
1827,W,0.006782,0.002144,0.028533,0.848173
1828,W,0.034074,0.000227,0.017131,0.499304
1829,W,0.024863,0.000885,0.015441,0.665263
1830,W,0.010088,0.001819,0.016544,0.767924
1831,W,0.018423,0.002134,0.007006,0.587785
1832,W,0.006090,0.000158,0.019177,0.337302
1833,W,0.047136,0.000271,0.004557,1.537433
1834,W,0.003642,0.000161,0.001653,0.553119
1835,W,0.006343,0.001670,0.013462,0.538855
1836,W,0.034418,0.001749,0.028650,0.740138
1837,W,0.004217,0.003197,0.022835,0.329651
1838,W,0.003515,0.001561,0.007285,0.882071
1839,W,0.039860,0.000748,0.005077,0.333922
1840,W,0.025149,0.000954,0.018180,0.830241
1841,W,0.006788,0.000245,0.009667,0.710430
1842,W,0.065346,0.002114,0.019966,0.656589
1843,W,0.006785,0.004309,0.036499,0.845386
1844,W,0.013755,0.000407,0.018512,0.766068
1845,W,0.015929,0.001365,0.015908,0.646712
1846,W,0.005976,0.000598,0.005643,0.570994
1847,W,0.046582,0.001908,0.011892,1.016833
1848,W,0.020539,0.002240,0.005726,0.428533
1849,W,0.024914,0.000092,0.007065,0.266918
1850,W,0.020588,0.000451,0.003634,0.759322
1851,W,0.010649,0.002414,0.010917,1.080173
1852,W,0.006080,0.001520,0.010575,0.482286
1853,W,0.012767,0.001210,0.020021,0.824727
1854,W,0.016935,0.002163,0.028936,0.263756
1855,W,0.009710,0.000147,0.005930,0.626247
1856,W,0.010266,0.001632,0.020621,0.962826
1857,W,0.006220,0.000742,0.012061,0.652225
1858,W,0.039821,0.000365,0.008237,1.034984
1859,W,0.010138,0.000572,0.016206,0.996464
1860,W,0.054209,0.005070,0.015166,0.220621
1861,W,0.018228,0.001597,0.041861,0.846557
1862,W,0.055197,0.000415,0.068753,0.830156
1863,W,0.007860,0.002084,0.021544,0.769373
1864,W,0.014039,0.000602,0.098263,0.643410
1865,W,0.043972,0.002597,0.009995,0.654164
1866,W,0.035501,0.001174,0.047980,1.189104
1867,W,0.003345,0.000429,0.016126,0.428750
1868,W,0.002537,0.002704,0.016038,0.436113
1869,W,0.007681,0.001911,0.124366,1.070760
1870,W,0.023794,0.002400,0.060432,0.362343
1871,W,0.007325,0.000722,0.009046,0.300070
1872,W,0.030808,0.000744,0.017451,0.714637
1873,W,0.004444,0.001666,0.042875,0.504952
1874,W,0.047817,0.000356,0.014753,0.940726
1875,W,0.003459,0.000899,0.023074,0.425359
1876,W,0.010876,0.001677,0.022913,0.522238
1877,W,0.004311,0.003457,0.022311,0.886261
1878,W,0.060595,0.000367,0.017692,0.622921
1879,W,0.013054,0.001690,0.023579,0.655998
1880,W,0.019777,0.000742,0.034857,0.554213
1881,W,0.009956,0.002670,0.034487,0.699881
1882,W,0.038150,0.002091,0.031966,0.467812
1883,W,0.031655,0.000909,0.006215,0.662057
1884,W,0.012816,0.001631,0.029616,0.538640
1885,W,0.009633,0.001352,0.005524,0.734820
1886,W,0.010938,0.000836,0.021794,0.368166
1887,W,0.005978,0.000037,0.012200,0.862117
1888,W,0.004325,0.000572,0.013127,0.436527
1889,W,0.066809,0.002147,0.017915,0.715313
1890,W,0.020522,0.003917,0.014998,0.597472
1891,W,0.015375,0.000149,0.008923,0.584632
1892,W,0.035992,0.001004,0.009238,0.812989
1893,W,0.005135,0.000673,0.042788,0.382738
1894,W,0.030545,0.001894,0.034805,0.448066
1895,W,0.061728,0.001200,0.011649,0.616711
1896,W,0.020022,0.000424,0.009907,0.343918
1897,W,0.040120,0.001608,0.099291,0.805399
1898,W,0.041592,0.003084,0.013134,0.718310
1899,W,0.005002,0.000924,0.033598,0.511295
1900,W,0.008131,0.000784,0.010505,0.463758
1901,W,0.017815,0.000043,0.007744,0.257290
1902,W,0.003495,0.001292,0.036979,0.474175
1903,W,0.022474,0.000279,0.007345,0.467534
1904,W,0.003345,0.003153,0.015214,0.577639
1905,W,0.083228,0.001117,0.020940,0.319805
1906,W,0.018741,0.002326,0.064416,0.125765
1907,W,0.006789,0.000806,0.056182,0.749753
1908,W,0.004244,0.001409,0.004670,0.341608
1909,W,0.003518,0.000274,0.010791,0.144676
1910,W,0.018510,0.000992,0.025500,0.201145
1911,W,0.012409,0.001782,0.022567,0.408326
1912,W,0.010383,0.000211,0.006791,0.010942
1913,W,0.009019,0.004501,0.021235,0.231990
1914,W,0.025042,0.000315,0.008042,0.576924
1915,W,0.038704,0.003383,0.045546,0.399337
1916,W,0.014556,0.000215,0.015280,0.690690
1917,W,0.010558,0.001999,0.007293,0.667294
1918,W,0.013083,0.003415,0.010784,0.664122
1919,W,0.004216,0.004607,0.019532,0.434814
1920,W,0.023959,0.002123,0.029991,0.926442
1921,W,0.006172,0.003271,0.046765,0.740235
1922,W,0.008289,0.001738,0.078750,0.197555
1923,W,0.006377,0.000734,0.012196,0.319949
1924,W,0.021594,0.002425,0.007804,0.363092
1925,W,0.012709,0.000318,0.001618,0.226164
1926,W,0.023529,0.000732,0.010412,0.405411
1927,W,0.131892,0.001744,0.033079,0.773755
1928,W,0.022022,0.000924,0.007887,0.609786
1929,W,0.069312,0.001171,0.032267,0.299665
1930,W,0.042456,0.003836,0.013044,0.158158
1931,W,0.011414,0.002917,0.027259,0.693105
1932,W,0.010798,0.001059,0.017493,1.298779
1933,W,0.053799,0.002655,0.012960,0.972682
1934,W,0.012790,0.001135,0.032763,0.458096
1935,W,0.017058,0.001621,0.009403,0.493385
1936,W,0.005569,0.000342,0.004818,0.943308
1937,W,0.026517,0.003032,0.041439,0.781309
1938,W,0.085655,0.000380,0.012410,0.711306
1939,W,0.074056,0.000498,0.025426,0.369106
1940,W,0.021545,0.001448,0.042860,0.442225
1941,W,0.026405,0.001172,0.011318,0.773942
1942,W,0.021435,0.000063,0.008616,0.317321
1943,W,0.056545,0.000242,0.007844,0.346566
1944,W,0.012768,0.001467,0.013678,0.651022
1945,W,0.008024,0.001782,0.012725,0.605731
1946,W,0.038085,0.003922,0.024155,0.679339
1947,W,0.004354,0.001911,0.014560,0.681709
1948,W,0.007815,0.000564,0.016237,0.483656
1949,W,0.003249,0.006749,0.048687,0.590615
1950,W,0.009188,0.000891,0.006025,0.510923
1951,W,0.022743,0.000827,0.031474,0.353644
1952,W,0.026868,0.000025,0.045168,0.562784
1953,W,0.048053,0.003579,0.022846,0.780959
1954,W,0.007880,0.001374,0.029053,0.562827
1955,W,0.120325,0.001754,0.087334,0.871104
1956,W,0.022359,0.000496,0.022330,0.318697
1957,W,0.027060,0.001557,0.020972,1.069418
1958,W,0.006787,0.010321,0.021808,0.877219
1959,W,0.010569,0.006306,0.066149,0.548402
1960,W,0.080600,0.002580,0.012416,0.508308
1961,W,0.010900,0.002262,0.026324,0.655199
1962,W,0.013978,0.001323,0.011403,0.691738
1963,W,0.021481,0.002631,0.015645,0.663960
1964,W,0.060857,0.000416,0.001654,0.342812
1965,W,0.014213,0.000695,0.023652,0.589381
1966,W,0.044864,0.001222,0.009398,0.894444
1967,W,0.079455,0.001509,0.026965,0.841876
1968,W,0.014372,0.001645,0.006375,1.119741
1969,W,0.006020,0.001332,0.010645,0.664207
1970,W,0.017388,0.000141,0.007518,0.871544
1971,W,0.018013,0.000636,0.005607,0.896607
1972,W,0.033373,0.004246,0.017922,0.626415
1973,W,0.014662,0.004052,0.006319,0.626843
1974,W,0.009497,0.000576,0.016844,0.837924
1975,W,0.007800,0.000470,0.029593,1.000954
1976,W,0.147235,0.002491,0.010316,0.639451
1977,W,0.032612,0.006126,0.021848,0.355500
1978,W,0.014968,0.003694,0.032890,0.423856
1979,W,0.008190,0.002127,0.007567,0.592702
1980,W,0.026576,0.002277,0.021618,0.879734
1981,W,0.118587,0.001082,0.029308,0.767994
1982,W,0.082382,0.002244,0.041033,0.681559
1983,W,0.054053,0.000957,0.018094,0.881609
1984,W,0.021850,0.001775,0.012711,0.449669
1985,W,0.020529,0.000814,0.019251,0.756124
1986,W,0.053989,0.001918,0.020768,1.118383
1987,W,0.007537,0.000875,0.003485,1.027943
1988,W,0.036686,0.008649,0.011700,0.493395
1989,W,0.009483,0.003287,0.025197,0.607125
1990,W,0.089854,0.001598,0.005571,0.616077
1991,W,0.050377,0.000041,0.018924,0.200282
1992,W,0.038031,0.001198,0.018815,0.820265
1993,W,0.075279,0.000076,0.013414,0.954156
1994,W,0.011411,0.000704,0.013913,0.971942
1995,W,0.004507,0.001921,0.005730,1.068553
1996,W,0.025405,0.000764,0.032930,0.448594
1997,W,0.006239,0.001434,0.022685,0.532883
1998,W,0.171784,0.001529,0.028354,0.618750
1999,W,0.012785,0.000818,0.008566,0.964552
2000,W,0.038846,0.001092,0.010297,0.999507
2001,W,0.007566,0.002028,0.034806,1.048128
2002,W,0.058403,0.000038,0.023273,0.355401
2003,W,0.007136,0.001912,0.028373,0.544106
2004,W,0.011401,0.001203,0.010259,0.833118
2005,W,0.011288,0.002111,0.009729,0.845328
2006,W,0.071834,0.004723,0.022735,0.975198
2007,W,0.002219,0.000293,0.006533,0.721345
2008,W,0.020374,0.000426,0.003591,0.859166
2009,W,0.027118,0.001717,0.025144,0.329482
2010,W,0.005910,0.002239,0.028382,0.676696
2011,W,0.015492,0.001246,0.038553,0.576782
2012,W,0.033705,0.001116,0.006314,0.723606
2013,W,0.006000,0.002333,0.015154,0.603836
2014,W,0.012145,0.000800,0.015699,0.470181
2015,W,0.036116,0.001505,0.013650,0.824876
2016,W,0.010205,0.000515,0.007437,0.710891
2017,W,0.082823,0.003996,0.009345,1.054800
2018,W,0.056457,0.002283,0.018555,0.642172
2019,W,0.005249,0.001577,0.005695,0.417949
2020,W,0.210965,0.001881,0.008570,0.763974
2021,W,0.006332,0.000441,0.036685,0.267894
2022,W,0.009619,0.002074,0.040562,1.065856
2023,W,0.030206,0.000731,0.005007,0.572685
2024,W,0.010315,0.001437,0.038919,1.419225
2025,W,0.028698,0.002812,0.019510,0.727335
2026,W,0.007792,0.001027,0.040528,1.207571
2027,W,0.006404,0.000929,0.014920,1.179670
2028,W,0.103735,0.000720,0.012091,0.589758
2029,W,0.022282,0.003174,0.005765,0.832245
2030,W,0.046180,0.003426,0.007656,1.206681
2031,W,0.090780,0.001210,0.031541,0.291293
2032,W,0.080509,0.000799,0.015746,0.611422
2033,W,0.035278,0.001971,0.008763,0.412583
2034,W,0.008632,0.002318,0.047713,0.628766
2035,W,0.011834,0.000981,0.017829,0.443687
2036,W,0.009585,0.002652,0.013027,0.383142
2037,W,0.018915,0.001940,0.020279,0.775496
2038,W,0.007607,0.002545,0.011959,0.701241
2039,W,0.010374,0.001504,0.016062,0.410495
2040,W,0.008533,0.001021,0.021888,0.572427
2041,W,0.058826,0.001291,0.012492,0.378372
2042,W,0.047596,0.003083,0.005038,0.908934
2043,W,0.030481,0.000239,0.005617,0.622989
2044,W,0.011777,0.001442,0.008946,0.746279
2045,W,0.006403,0.000608,0.004002,0.568415
2046,W,0.010571,0.002443,0.010048,0.945195
2047,W,0.018192,0.002019,0.023773,0.983589
2048,W,0.013724,0.001938,0.014883,0.701568
2049,W,0.013391,0.002469,0.008642,0.454647
2050,W,0.013406,0.002973,0.007477,0.432631
2051,W,0.054703,0.004229,0.014764,0.764889
2052,W,0.057210,0.001899,0.012997,0.619754
2053,W,0.012145,0.000939,0.016251,0.680307
2054,W,0.007654,0.002895,0.008509,0.641957
2055,W,0.014343,0.003947,0.011500,0.988782
2056,W,0.044331,0.006249,0.014899,0.847873
2057,W,0.017265,0.004965,0.022844,0.323625
2058,W,0.021627,0.001755,0.004012,0.529164
2059,W,0.046970,0.001910,0.015200,0.648461
2060,W,0.008159,0.000974,0.004726,0.609662
2061,W,0.032040,0.001894,0.015742,0.427971
2062,W,0.006396,0.001189,0.023465,0.969412
2063,W,0.007053,0.003998,0.009843,0.661811
2064,W,0.021373,0.003018,0.017714,1.347954
2065,W,0.032722,0.003546,0.010352,0.854930
2066,W,0.006676,0.003387,0.009411,0.845193
2067,W,0.009733,0.002951,0.012631,0.635758
2068,W,0.022889,0.002382,0.029933,1.283229
2069,W,0.025098,0.000599,0.015138,0.667552
2070,W,0.004890,0.000353,0.004360,0.443371
2071,W,0.035954,0.003633,0.020549,0.752956
2072,W,0.037885,0.000454,0.018936,0.579036
2073,W,0.031112,0.001804,0.004211,0.578067
2074,W,0.016955,0.001497,0.029887,0.878039
2075,W,0.048435,0.003633,0.010278,0.603807
2076,W,0.037125,0.001682,0.008814,0.839198
2077,W,0.012031,0.005987,0.013084,0.946475
2078,W,0.044607,0.001840,0.010406,0.396788
2079,W,0.008119,0.001340,0.009488,0.656739
2080,W,0.016397,0.001113,0.009442,0.946247
2081,W,0.009844,0.001741,0.013106,1.086843
2082,W,0.009706,0.001411,0.009651,0.622931
2083,W,0.006598,0.000920,0.008454,0.995354
2084,W,0.051411,0.004510,0.009479,0.458148
2085,W,0.023671,0.001205,0.003310,1.113838
2086,W,0.297923,0.001242,0.008504,0.732883
2087,W,0.047369,0.003602,0.007885,0.930354
2088,W,0.011233,0.001163,0.011810,0.806473
2089,W,0.030848,0.003309,0.019179,0.493499
2090,W,0.021745,0.001826,0.012842,0.923359
2091,W,0.008071,0.001073,0.016621,1.031914
2092,W,0.025286,0.001972,0.004203,0.566985
2093,W,0.002657,0.000173,0.007279,1.074255
2094,W,0.007535,0.001110,0.012803,0.609709
2095,W,0.052896,0.002932,0.012298,0.690050
2096,W,0.003668,0.000726,0.028562,1.070030
2097,W,0.073322,0.005594,0.014486,0.689576
2098,W,0.016988,0.003548,0.010958,0.609000
2099,W,0.053348,0.002131,0.009572,0.385776
2100,W,0.021552,0.001000,0.012976,1.055104
2101,W,0.005634,0.001214,0.004337,0.597048
2102,W,0.033582,0.000105,0.024297,0.682925
2103,W,0.011191,0.000649,0.007316,0.593252
2104,W,0.027575,0.002122,0.008251,0.695456
2105,W,0.005784,0.002561,0.005519,0.470067
2106,W,0.010304,0.000616,0.008458,1.238520
2107,W,0.130980,0.001348,0.011623,0.316240
2108,W,0.033150,0.002439,0.007362,1.156206
2109,W,0.009871,0.001829,0.011870,0.734269
2110,W,0.085435,0.000721,0.002408,0.589561
2111,W,0.042210,0.000491,0.018071,0.621807
2112,W,0.025623,0.002255,0.012176,0.728337
2113,W,0.271580,0.003885,0.008372,0.809196
2114,W,0.047296,0.002954,0.010929,0.558084
2115,W,0.010564,0.002511,0.006938,0.587297
2116,W,0.022435,0.001584,0.003770,0.509641
2117,W,0.033313,0.000576,0.007189,0.778191
2118,W,0.097190,0.000502,0.007888,0.578671
2119,W,0.048343,0.001321,0.007218,0.508941
2120,W,0.047037,0.000517,0.004360,1.062555
2121,W,0.016558,0.000660,0.005055,1.211427
2122,W,0.006305,0.000601,0.003131,0.227254
2123,W,0.015247,0.001594,0.006398,0.676583
2124,W,0.005781,0.004626,0.016085,0.790430
2125,W,0.032282,0.001306,0.013603,1.022929
2126,W,0.012806,0.000325,0.005665,0.886828
2127,W,0.012612,0.000408,0.025756,0.646328
2128,W,0.043182,0.000879,0.009404,0.559443
2129,W,0.016337,0.000369,0.005434,0.832018
2130,W,0.021016,0.001678,0.015501,1.126439
2131,W,0.013108,0.004232,0.025993,0.656568
2132,W,0.009095,0.001101,0.003675,0.475177
2133,W,0.015364,0.001407,0.005371,0.520771
2134,W,0.010326,0.001077,0.012066,0.761835
2135,W,0.025786,0.001226,0.011743,0.752923
2136,W,0.072732,0.000733,0.015346,0.238302
2137,W,0.019582,0.000619,0.012976,0.486946
2138,W,0.006447,0.001732,0.007890,0.786494
2139,W,0.007211,0.000845,0.007751,0.404172
2140,W,0.008133,0.001569,0.008560,0.782017
2141,W,0.019407,0.003518,0.010227,0.645652
2142,W,0.007298,0.003723,0.007608,0.489039
2143,W,0.005403,0.000826,0.030998,0.778850
2144,W,0.020540,0.001434,0.009408,0.760958
2145,W,0.003623,0.004778,0.007200,0.952131
2146,W,0.020173,0.000823,0.031310,0.680513
2147,W,0.008387,0.004456,0.011205,0.307194
2148,W,0.010411,0.000865,0.009767,0.455639
2149,W,0.016711,0.000738,0.011398,0.829170
2150,W,0.016866,0.003097,0.008458,0.588514
2151,W,0.008254,0.003124,0.005922,0.405619
2152,W,0.029156,0.000448,0.012248,0.757615
2153,W,0.015922,0.000352,0.004565,0.248966
2154,W,0.010427,0.003361,0.021355,0.821156
2155,W,0.030275,0.004784,0.014676,0.447844
2156,W,0.012261,0.000686,0.011868,0.712885
2157,W,0.079434,0.000567,0.007367,0.944709
2158,W,0.026204,0.000801,0.006368,0.653550
2159,W,0.028062,0.000516,0.022143,0.147854
2160,W,0.048121,0.001497,0.012518,1.266621
2161,W,0.005705,0.001593,0.013873,0.880995
2162,W,0.055547,0.001997,0.010211,0.473651
2163,W,0.022586,0.005131,0.018963,0.126806
2164,W,0.023405,0.004014,0.014556,0.570778
2165,W,0.012378,0.001238,0.004971,0.790779
2166,W,0.124067,0.002680,0.012339,0.815443
2167,W,0.042314,0.000759,0.010275,1.056221
2168,W,0.072921,0.001094,0.011943,0.916879
2169,W,0.117800,0.001638,0.009740,0.721205
2170,W,0.129587,0.000697,0.006447,0.515202
2171,W,0.008243,0.002346,0.014860,0.740127
2172,W,0.008892,0.000363,0.010064,0.394267
2173,W,0.050564,0.001960,0.008810,0.377638
2174,W,0.014502,0.001245,0.005549,0.530722
2175,W,0.010197,0.002280,0.009783,0.599023
2176,W,0.037470,0.000367,0.009774,0.481885
2177,W,0.011664,0.001278,0.010149,0.500032
2178,W,0.035534,0.006687,0.025377,0.937345
2179,W,0.025385,0.002622,0.008178,0.459901
2180,W,0.071894,0.000963,0.007210,0.664539
2181,W,0.026377,0.000277,0.007254,1.043478
2182,W,0.011512,0.001559,0.008896,0.502865
2183,W,0.038852,0.000853,0.008443,0.579212
2184,W,0.014371,0.007912,0.012177,0.600135
2185,W,0.022219,0.000891,0.009225,0.621246
2186,W,0.015156,0.000832,0.012697,0.717402
2187,W,0.005543,0.002193,0.014922,1.298412
2188,W,0.012042,0.001032,0.010843,0.494712
2189,W,0.014815,0.003708,0.028413,0.902076
2190,W,0.022175,0.002674,0.012173,0.658361
2191,W,0.051025,0.001469,0.014221,0.620495
2192,W,0.044644,0.000500,0.014676,0.346480
2193,W,0.009612,0.000150,0.009618,0.530852
2194,W,0.010602,0.000399,0.004575,0.672305
2195,W,0.034375,0.000813,0.009601,0.455763
2196,W,0.015241,0.000321,0.010406,0.384090
2197,W,0.016365,0.000734,0.009352,0.766072
2198,W,0.026119,0.001740,0.018604,0.818733
2199,W,0.015909,0.000685,0.011721,0.883483
2200,W,0.034787,0.001656,0.016274,0.420873
2201,W,0.041443,0.001745,0.006988,0.522594
2202,W,0.013172,0.001723,0.014576,0.392156
2203,W,0.009539,0.000866,0.007825,0.565438
2204,W,0.003603,0.000999,0.013175,0.881383
2205,W,0.010987,0.000450,0.009348,0.795624
2206,W,0.009133,0.001362,0.024020,0.310082
2207,W,0.008397,0.000877,0.020802,0.702861
2208,W,0.036316,0.000446,0.012565,0.895799
2209,W,0.025150,0.001918,0.025605,0.538384
2210,W,0.012080,0.000171,0.009513,0.539737
2211,W,0.013951,0.000109,0.021072,0.208502
2212,W,0.021873,0.003085,0.017569,0.320142
2213,W,0.025933,0.000502,0.005001,0.392649
2214,W,0.039528,0.002381,0.008300,0.391019
2215,W,0.006274,0.002456,0.033786,0.316350
2216,W,0.016053,0.001683,0.003797,0.474911
2217,W,0.024650,0.001150,0.007729,0.264885
2218,W,0.003045,0.000827,0.006014,0.503789
2219,W,0.010746,0.000861,0.010212,0.425104
2220,W,0.027310,0.000932,0.008094,0.553320
2221,W,0.008408,0.002152,0.016132,0.499768
2222,W,0.033178,0.001275,0.007446,0.698644
2223,W,0.008074,0.001093,0.005709,0.779594
2224,W,0.028797,0.000483,0.012865,0.514294
2225,W,0.030539,0.002069,0.007660,0.935095
2226,W,0.050406,0.000930,0.009219,0.347676
2227,W,0.007620,0.003161,0.021582,0.291094
2228,W,0.006624,0.000815,0.013481,0.465338
2229,W,0.009549,0.002485,0.010044,0.172939
2230,W,0.080463,0.000404,0.009511,0.791551
2231,W,0.007039,0.001107,0.014492,0.333298
2232,W,0.001602,0.004880,0.034706,0.457220
2233,W,0.004806,0.001486,0.027489,0.814378
2234,W,0.015245,0.000881,0.007875,0.415765
2235,W,0.030053,0.000046,0.014915,0.391648
2236,W,0.003336,0.000985,0.006911,0.423286
2237,W,0.081141,0.001147,0.003087,0.542850
2238,W,0.023875,0.000346,0.004122,0.519030
2239,W,0.025297,0.001198,0.011264,0.904328
2240,W,0.018016,0.003086,0.007932,0.518576
2241,W,0.024338,0.002089,0.006887,0.448084
2242,W,0.023371,0.000927,0.009710,0.310112
2243,W,0.010486,0.000812,0.019197,0.594056
2244,W,0.030727,0.000283,0.009019,0.516356
2245,W,0.010963,0.000782,0.017601,0.475416
2246,W,0.038461,0.003188,0.005564,0.976986
2247,W,0.026746,0.000974,0.017611,0.497794
2248,W,0.023759,0.000252,0.013214,0.380401
2249,W,0.006966,0.000766,0.003427,0.526355
2250,W,0.013212,0.002405,0.010218,1.010763
2251,W,0.046083,0.000595,0.004946,0.406726
2252,W,0.003853,0.000540,0.012727,0.715917
2253,W,0.011346,0.000974,0.006412,0.650206
2254,W,0.014596,0.001949,0.018222,0.944234
2255,W,0.017793,0.001324,0.021437,0.665329
2256,W,0.015424,0.005775,0.018727,0.719747
2257,W,0.066601,0.000739,0.013142,0.420244
2258,W,0.009485,0.000668,0.018093,0.777831
2259,W,0.011794,0.002797,0.011168,0.580401
2260,W,0.006760,0.000358,0.010158,0.225612
2261,W,0.015708,0.002797,0.043614,0.545251
2262,W,0.013043,0.003237,0.014890,0.868927
2263,W,0.033024,0.001320,0.026699,0.530908
2264,W,0.016204,0.000645,0.013970,0.780058
2265,W,0.014756,0.000283,0.010165,0.562750
2266,W,0.014829,0.000680,0.002394,1.046877
2267,W,0.008505,0.002668,0.010766,0.495811
2268,W,0.013023,0.001873,0.009838,0.721708
2269,W,0.042939,0.000450,0.024859,0.371531
2270,W,0.019286,0.002937,0.008049,0.381304
2271,W,0.006001,0.000583,0.009249,0.708533
2272,W,0.029084,0.001893,0.016420,0.597867
2273,W,0.013341,0.000664,0.018397,0.457093
2274,W,0.011182,0.000655,0.009841,0.322197
2275,W,0.001506,0.001411,0.016062,0.757163
2276,W,0.007026,0.003020,0.051113,0.445106
2277,W,0.003073,0.001195,0.006001,1.110553
2278,W,0.067157,0.001157,0.009716,0.517305
2279,W,0.019302,0.001645,0.014029,0.881318
2280,W,0.045191,0.000258,0.014567,1.083022
2281,W,0.033358,0.001281,0.014551,0.418554
2282,W,0.010055,0.002331,0.007748,0.607656
2283,W,0.006275,0.000098,0.015754,0.717411
2284,W,0.042626,0.002702,0.013738,0.719761
2285,W,0.003036,0.000839,0.011145,0.346119
2286,W,0.031743,0.000667,0.021937,0.705051
2287,W,0.028886,0.000134,0.010579,0.879666
2288,W,0.016729,0.001098,0.010832,0.922970
2289,W,0.007146,0.000492,0.012298,0.989005
2290,W,0.011381,0.000552,0.012986,1.087349
2291,W,0.006157,0.001095,0.007793,0.482745
2292,W,0.031746,0.001199,0.040808,0.646997
2293,W,0.032988,0.003813,0.010753,0.556877
2294,W,0.015699,0.002635,0.028186,0.526205
2295,W,0.007145,0.000348,0.002845,0.822498
2296,W,0.004180,0.000206,0.018933,0.429552
2297,W,0.050298,0.001596,0.019459,0.840575
2298,W,0.007410,0.000662,0.032528,0.343287
2299,W,0.019903,0.002103,0.018449,0.147011
2300,W,0.071374,0.001068,0.008280,0.342318
2301,W,0.008473,0.000120,0.008308,0.465942
2302,W,0.004312,0.001919,0.011215,1.037599
2303,W,0.013125,0.002592,0.014085,0.833551
2304,W,0.010468,0.001788,0.007704,0.742549
2305,W,0.017161,0.000433,0.016886,1.012848
2306,W,0.002318,0.003209,0.012256,0.339914
2307,W,0.011337,0.000623,0.016091,0.856463
2308,W,0.007100,0.003811,0.006837,0.715368
2309,W,0.036862,0.003224,0.023048,0.995058
2310,W,0.009371,0.000304,0.062140,1.389962
2311,W,0.008246,0.000598,0.004656,0.720589
2312,W,0.042864,0.000619,0.003549,0.306212
2313,W,0.023894,0.001504,0.029847,0.694093
2314,W,0.002340,0.002534,0.018606,0.870624
2315,W,0.035677,0.002766,0.024115,0.569646
2316,W,0.013942,0.000129,0.009722,0.424630
2317,W,0.006302,0.000024,0.008974,0.481076
2318,W,0.188892,0.003478,0.016098,0.356953
2319,W,0.037678,0.000854,0.045701,0.960560
2320,W,0.002614,0.000178,0.012897,0.340276
2321,W,0.023974,0.001554,0.011733,0.405071
2322,W,0.054298,0.001171,0.027147,0.521352
2323,W,0.004079,0.001925,0.026478,0.378802
2324,W,0.002439,0.000812,0.008959,0.683771
2325,W,0.018618,0.001319,0.006197,0.384527
2326,W,0.073540,0.004486,0.009690,0.545210
2327,W,0.003606,0.001666,0.005487,0.459612
2328,W,0.019786,0.000132,0.002105,0.652353
2329,W,0.009294,0.001040,0.022663,0.615011
2330,W,0.051749,0.000333,0.008819,0.176304
2331,W,0.004256,0.003752,0.009723,0.287107
2332,W,0.012444,0.000086,0.014582,0.404970
2333,W,0.034073,0.003010,0.007612,0.522860
2334,W,0.037558,0.002325,0.016624,0.909620
2335,W,0.034759,0.001826,0.020967,0.667168
2336,W,0.037255,0.001366,0.005523,0.829366
2337,W,0.006198,0.000691,0.007059,0.727204
2338,W,0.003750,0.001175,0.009674,0.766936
2339,W,0.075968,0.002902,0.006284,0.852194
2340,W,0.162373,0.002454,0.011892,0.482657
2341,W,0.008193,0.001538,0.014543,0.446351
2342,W,0.006329,0.001007,0.005353,0.645865
2343,W,0.037112,0.000183,0.019263,0.857644
2344,W,0.018052,0.000610,0.012965,0.655315
2345,W,0.012697,0.001096,0.006691,1.192946
2346,W,0.018709,0.000370,0.003343,0.829911
2347,W,0.021558,0.001707,0.006461,1.092582
2348,W,0.007115,0.000396,0.010759,0.302776
2349,W,0.012215,0.002384,0.016610,1.159874
2350,W,0.026613,0.000956,0.019548,1.226090
2351,W,0.036328,0.003701,0.008724,0.474410
2352,W,0.003873,0.002156,0.004712,0.588225
2353,W,0.045054,0.006549,0.016240,0.846057
2354,W,0.026300,0.000395,0.003269,0.925397
2355,W,0.014330,0.003721,0.012084,0.736361
2356,W,0.008431,0.000117,0.003077,0.830147
2357,W,0.011850,0.001722,0.010044,0.594933
2358,W,0.014121,0.001809,0.013721,1.030857
2359,W,0.011096,0.000646,0.006593,0.703554
2360,W,0.006174,0.000506,0.008393,0.444545
2361,W,0.014780,0.000171,0.004243,0.502064
2362,W,0.018998,0.001167,0.027333,0.577288
2363,W,0.054209,0.000648,0.007172,0.334129
2364,W,0.093782,0.007663,0.013022,0.747374
2365,W,0.024435,0.001993,0.002724,0.678504
2366,W,0.008978,0.004439,0.022036,0.586715
2367,W,0.021500,0.001908,0.019708,0.783546
2368,W,0.004302,0.001161,0.005047,0.370406
2369,W,0.010343,0.001151,0.031966,0.983164
2370,W,0.004552,0.001649,0.054839,1.022449
2371,W,0.006624,0.002473,0.019090,0.595565
2372,W,0.016878,0.003793,0.008101,0.586049
2373,W,0.009710,0.000970,0.011054,1.063868
2374,W,0.003092,0.000719,0.002273,1.030577
2375,W,0.006497,0.000140,0.006177,0.142732
2376,W,0.058763,0.002707,0.010908,0.369384
2377,W,0.010025,0.000449,0.006963,0.260748
2378,W,0.007956,0.001887,0.007201,0.650039
2379,W,0.047298,0.005403,0.016852,0.410757
2380,W,0.006207,0.001593,0.015170,0.625938
2381,W,0.025653,0.001250,0.013993,0.796252
2382,W,0.010885,0.002450,0.022022,0.805951
2383,W,0.005792,0.003939,0.044494,0.495264
2384,W,0.020875,0.001539,0.010578,0.621830
2385,W,0.008835,0.001815,0.017426,0.789495
2386,W,0.029241,0.001090,0.010302,0.755190
2387,W,0.004233,0.000196,0.004696,1.041977
2388,W,0.007303,0.001470,0.022303,0.944551
2389,W,0.043652,0.000065,0.007206,0.963162
2390,W,0.018195,0.000807,0.010327,0.530975
2391,W,0.013976,0.002310,0.025557,1.079128
2392,W,0.017611,0.000824,0.017461,0.459582
2393,W,0.009852,0.002378,0.022509,0.557939
2394,W,0.007096,0.000048,0.012364,0.369969
2395,W,0.015558,0.005450,0.009543,0.697710
2396,W,0.018539,0.001336,0.008879,0.864979
2397,W,0.008631,0.000900,0.006285,0.311705
2398,W,0.008196,0.001767,0.040329,0.449796
2399,W,0.070378,0.002703,0.005723,0.156376
2400,W,0.003655,0.001045,0.007271,0.280951
2401,W,0.056436,0.001963,0.025444,0.972090
2402,W,0.003422,0.000746,0.006318,0.793379
2403,W,0.039858,0.002404,0.012489,0.501068
2404,W,0.030595,0.000235,0.004432,1.049179
2405,W,0.020203,0.000230,0.010741,0.428766
2406,W,0.005841,0.000787,0.014520,0.200941
2407,W,0.006053,0.001163,0.004091,0.184615
2408,W,0.015124,0.000821,0.016864,0.439415
2409,W,0.042818,0.004557,0.016183,0.440916
2410,W,0.005755,0.000723,0.008379,0.345323
2411,W,0.010211,0.000791,0.008619,0.439621
2412,W,0.004270,0.001224,0.008016,0.265452
2413,W,0.007315,0.001010,0.006856,1.403496
2414,W,0.011871,0.003369,0.012427,0.496659
2415,W,0.011117,0.002547,0.011118,0.427175
2416,W,0.008866,0.000774,0.003690,0.827941
2417,W,0.009551,0.002303,0.012347,0.274990
2418,W,0.025249,0.000243,0.018263,0.938380
2419,W,0.015443,0.001352,0.019058,0.640334
2420,W,0.041171,0.001878,0.008170,0.785450
2421,W,0.018560,0.000340,0.024508,0.859319
2422,W,0.008459,0.001235,0.014800,0.246977
2423,W,0.009403,0.000639,0.008480,0.497053
2424,W,0.069828,0.003367,0.010081,0.172310
2425,W,0.026034,0.000921,0.004082,0.986932
2426,W,0.003484,0.001213,0.024365,0.515082
2427,W,0.038588,0.001715,0.007808,0.250582
2428,W,0.005504,0.000407,0.011366,0.599596
2429,W,0.051102,0.003296,0.013702,0.495277
2430,W,0.003937,0.000236,0.007657,1.236866
2431,W,0.015400,0.003084,0.017067,0.816179
2432,W,0.009935,0.004462,0.011704,0.841154
2433,W,0.013342,0.000576,0.010536,0.640265
2434,W,0.020916,0.003113,0.010064,0.450159
2435,W,0.008047,0.002001,0.022582,1.541249
2436,W,0.007133,0.000530,0.009363,0.892379
2437,W,0.003520,0.002236,0.005417,1.055725
2438,W,0.033594,0.002623,0.006549,0.813173
2439,W,0.022665,0.000566,0.058379,0.735960
2440,W,0.030936,0.001135,0.035104,0.708305
2441,W,0.034388,0.000795,0.008121,1.474051
2442,W,0.002826,0.004391,0.020904,0.796096
2443,W,0.003906,0.000265,0.010650,0.722211
2444,W,0.017334,0.001447,0.005585,0.635967
2445,W,0.008318,0.001729,0.054722,0.446479
2446,W,0.003817,0.001894,0.011972,0.782472
2447,W,0.008994,0.005939,0.039823,0.712107
2448,W,0.039560,0.007433,0.019164,0.731887
2449,W,0.015555,0.002434,0.017110,0.620737
2450,W,0.011112,0.000885,0.021912,0.648817
2451,W,0.061751,0.001540,0.018067,1.117246
2452,W,0.004337,0.000928,0.008512,0.955766
2453,W,0.035884,0.002569,0.023975,0.794636
2454,W,0.015890,0.003020,0.027623,0.988446
2455,W,0.004786,0.001019,0.016234,0.602258
2456,W,0.027441,0.000752,0.009971,0.772468
2457,W,0.047073,0.002948,0.010443,0.878468
2458,W,0.003244,0.002202,0.013463,0.915268
2459,W,0.007230,0.001451,0.025038,1.394568
2460,W,0.052161,0.000460,0.007223,0.532651
2461,W,0.022615,0.000388,0.014637,0.693517
2462,W,0.011813,0.000634,0.004317,1.104041
2463,W,0.011843,0.000490,0.019720,0.556033
2464,W,0.010521,0.002172,0.011093,0.554257
2465,W,0.028881,0.000494,0.008410,0.588790
2466,W,0.009481,0.001529,0.004759,1.670160
2467,W,0.018900,0.002128,0.016891,0.904315
2468,W,0.040935,0.001047,0.003955,0.577489
2469,W,0.003656,0.000122,0.028836,0.599844
2470,W,0.007301,0.001119,0.013605,0.587791
2471,W,0.008362,0.001500,0.006677,0.625108
2472,W,0.015166,0.004372,0.010582,0.632045
2473,W,0.029836,0.000301,0.010240,1.421699
2474,W,0.025826,0.000752,0.009541,0.355742
2475,W,0.018053,0.001976,0.021250,1.055638
2476,W,0.050050,0.003081,0.010584,0.870433
2477,W,0.013422,0.001105,0.002165,0.553186
2478,W,0.005321,0.001136,0.005048,0.518754
2479,W,0.056571,0.001214,0.009057,0.632437
2480,W,0.019945,0.001551,0.007390,0.901410
2481,W,0.051045,0.000294,0.010114,0.584394
2482,W,0.043795,0.004163,0.009605,0.858047
2483,W,0.021817,0.003168,0.037042,0.468755
2484,W,0.007205,0.006867,0.010771,0.742171
2485,W,0.024851,0.001849,0.007670,0.523718
2486,W,0.013485,0.003268,0.009728,0.784042
2487,W,0.045905,0.001878,0.018039,0.351979
2488,W,0.038077,0.003017,0.024687,1.010440
2489,W,0.009072,0.003524,0.032866,0.256226
2490,W,0.028812,0.001744,0.013714,0.530936
2491,W,0.030399,0.002515,0.012908,0.306602
2492,W,0.013490,0.002239,0.007113,0.575924
2493,W,0.015019,0.000718,0.009741,0.876925
2494,W,0.017475,0.000104,0.004072,0.383377
2495,W,0.015427,0.001485,0.032237,0.469339
2496,W,0.009818,0.001013,0.004187,0.354839
2497,W,0.027544,0.000403,0.012883,0.467083
2498,W,0.006966,0.001395,0.003806,0.792830
2499,W,0.005087,0.000732,0.008392,0.244005
2500,W,0.009083,0.000394,0.022011,0.454533
2501,W,0.008840,0.000561,0.011328,1.388434
2502,W,0.009954,0.000993,0.006780,0.986637
2503,W,0.012670,0.000912,0.003734,0.580926
2504,W,0.015314,0.001099,0.005628,0.662787
2505,W,0.020113,0.001686,0.022660,0.949219
2506,W,0.006545,0.002428,0.015169,0.778771
2507,W,0.025230,0.001624,0.012598,1.150164
2508,W,0.010698,0.000403,0.019779,0.687450
2509,W,0.021321,0.001195,0.009105,0.661894
2510,W,0.006108,0.002502,0.003415,0.768718
2511,W,0.019559,0.003048,0.017942,0.669517
2512,W,0.008005,0.002438,0.013094,1.122454
2513,W,0.020093,0.002936,0.030488,0.102816
2514,W,0.143957,0.000572,0.006575,0.860421
2515,W,0.006687,0.001285,0.007248,0.428382
2516,W,0.025857,0.001104,0.010492,0.674632
2517,W,0.007105,0.002588,0.004160,0.232235
2518,W,0.011262,0.000194,0.005252,0.775193
2519,W,0.013591,0.000922,0.011247,0.503095
2520,W,0.023757,0.000632,0.045082,1.158376
2521,W,0.004046,0.001127,0.026054,0.972663
2522,W,0.003629,0.000854,0.005941,0.519457
2523,W,0.060555,0.001757,0.012580,0.483317
2524,W,0.003891,0.003573,0.015255,0.686149
2525,W,0.072362,0.001416,0.019810,0.672029
2526,W,0.031900,0.002845,0.008225,1.290784
2527,W,0.010305,0.002551,0.008645,0.558024
2528,W,0.003539,0.001089,0.002556,0.899974
2529,W,0.007263,0.001303,0.023484,0.954183
2530,W,0.006638,0.000821,0.016583,1.129808
2531,W,0.010203,0.001613,0.023138,0.583894
2532,W,0.035523,0.000065,0.017711,0.600373
2533,W,0.004044,0.000807,0.020423,0.860325
2534,W,0.128595,0.000314,0.039460,0.407395
2535,W,0.020974,0.002647,0.007148,0.726831
2536,W,0.014959,0.001403,0.010711,0.654584
2537,W,0.085038,0.004852,0.016655,1.037702
2538,W,0.015865,0.002126,0.014832,0.967985
2539,W,0.080580,0.003042,0.005109,0.362077
2540,W,0.048951,0.001165,0.007215,0.431726
2541,W,0.061324,0.000683,0.012010,0.754276
2542,W,0.106793,0.002197,0.005566,0.660302
2543,W,0.051952,0.000769,0.005934,0.702244
2544,W,0.016161,0.000473,0.100189,0.461274
2545,W,0.011907,0.001198,0.007089,0.913614
2546,W,0.015397,0.000367,0.015148,1.090619
2547,W,0.002551,0.000567,0.027253,0.527312
2548,W,0.005428,0.003004,0.037159,0.855527
2549,W,0.024927,0.003835,0.007513,0.651330
2550,W,0.013445,0.001655,0.035493,0.854619
2551,W,0.050138,0.001843,0.010921,0.379615
2552,W,0.021936,0.000552,0.008994,0.197517
2553,W,0.004870,0.002570,0.014540,0.249965
2554,W,0.013772,0.006456,0.038563,0.417215
2555,W,0.032489,0.001255,0.006235,0.580758
2556,W,0.002719,0.003466,0.028187,0.475949
2557,W,0.014325,0.001435,0.024879,1.251648
2558,W,0.006886,0.000600,0.011611,0.518342
2559,W,0.005400,0.001273,0.018030,0.994945
2560,W,0.041649,0.002653,0.009956,0.923127
2561,W,0.003288,0.000415,0.012722,0.483773
2562,W,0.034951,0.001254,0.009911,0.475117
2563,W,0.005806,0.001226,0.012566,0.440730
2564,W,0.010197,0.001583,0.006531,0.570066
2565,W,0.003647,0.000049,0.014566,0.862213
2566,W,0.003195,0.000833,0.018673,0.693680
2567,W,0.013926,0.000466,0.006618,0.827561
2568,W,0.024481,0.000301,0.016671,0.662061
2569,W,0.021388,0.000690,0.005816,0.531626
2570,W,0.028982,0.000428,0.003848,0.349900
2571,W,0.029519,0.000341,0.023651,0.689400
2572,W,0.039743,0.001388,0.013930,0.582297
2573,W,0.045418,0.001628,0.007216,1.256245
2574,W,0.008995,0.000682,0.005470,0.923161
2575,W,0.007306,0.001213,0.017193,0.855569
2576,W,0.008594,0.001334,0.007715,0.486865
2577,W,0.032238,0.001712,0.026320,1.031526
2578,W,0.073190,0.001885,0.013656,0.695871
2579,W,0.019874,0.000716,0.027617,0.758382
2580,W,0.018528,0.002942,0.016475,0.555695
2581,W,0.016386,0.001589,0.014805,0.580141
2582,W,0.019568,0.000928,0.009961,1.274948
2583,W,0.009045,0.001800,0.011500,0.685426
2584,W,0.024870,0.000056,0.007507,0.355834
2585,W,0.009063,0.000598,0.014408,0.727570
2586,W,0.008646,0.000727,0.006454,0.197292
2587,W,0.018665,0.001959,0.007997,0.529653
2588,W,0.016284,0.002215,0.036887,0.772328
2589,W,0.042988,0.001111,0.017468,0.490026
2590,W,0.007358,0.003080,0.022209,0.687217
2591,W,0.042841,0.000258,0.011007,0.287203
2592,W,0.011186,0.001336,0.037216,0.705809
2593,W,0.012212,0.001144,0.018002,0.247536
2594,W,0.025996,0.001072,0.028839,0.285090
2595,W,0.035733,0.002167,0.023586,0.214350
2596,W,0.042379,0.002025,0.040086,0.513424
2597,W,0.005479,0.000505,0.018807,0.205028
2598,W,0.033907,0.000223,0.017866,0.227009
2599,W,0.003816,0.001643,0.017239,0.620267
2600,W,0.043197,0.000796,0.006539,0.328963
2601,W,0.037689,0.003445,0.029261,0.430506
2602,W,0.005049,0.003342,0.021757,0.246325
2603,W,0.015605,0.002092,0.028292,0.211321
2604,W,0.015584,0.000676,0.046681,0.455235
2605,W,0.011273,0.001134,0.044155,0.512732
2606,W,0.021338,0.000690,0.015508,0.394698
2607,W,0.035926,0.000701,0.007187,0.239441
2608,W,0.006459,0.002429,0.016968,0.730202
2609,W,0.026242,0.000767,0.042381,0.215045
2610,W,0.014500,0.001869,0.007693,0.453162
2611,W,0.053569,0.000644,0.019656,0.330682
2612,W,0.097881,0.001319,0.029156,0.267326
2613,W,0.003323,0.001135,0.023621,1.010862
2614,W,0.021414,0.004204,0.041601,0.609126
2615,W,0.022862,0.000214,0.012993,0.234458
2616,W,0.020042,0.001362,0.009431,0.591136
2617,W,0.030198,0.003642,0.029882,0.421216
2618,W,0.018692,0.001050,0.023440,0.374189
2619,W,0.005765,0.003003,0.014158,0.472229
2620,W,0.058526,0.004198,0.050536,0.144357
2621,W,0.013646,0.000900,0.010474,0.183525
2622,W,0.006782,0.000805,0.014501,0.000000
2623,W,0.028790,0.001714,0.046551,0.625155
2624,W,0.057947,0.001252,0.006092,0.190135
2625,W,0.057129,0.000964,0.010147,0.542909
2626,W,0.036087,0.003019,0.047600,0.604566
2627,W,0.018109,0.001631,0.010989,0.503413
2628,W,0.032505,0.000678,0.023886,0.633382
2629,W,0.017862,0.001171,0.025832,0.458764
2630,W,0.026205,0.001808,0.007030,0.252178
2631,W,0.025996,0.001658,0.006498,1.129661
2632,W,0.011461,0.001617,0.010881,0.338913
2633,W,0.004303,0.001550,0.009569,0.651948
2634,W,0.006823,0.001420,0.006678,0.432714
2635,W,0.026022,0.001331,0.044569,0.446941
2636,W,0.015138,0.000876,0.007612,1.202867
2637,W,0.023349,0.002029,0.007495,0.147424
2638,W,0.024406,0.001109,0.014083,0.435561
2639,W,0.005879,0.000226,0.005779,0.807663
2640,W,0.038312,0.001385,0.015602,1.050601
2641,W,0.024538,0.004252,0.005601,0.334314
2642,W,0.008919,0.001054,0.016516,0.560548
2643,W,0.012035,0.001710,0.024131,1.153529
2644,W,0.009407,0.001578,0.006663,0.235586
2645,W,0.025569,0.000240,0.001318,0.383358
2646,W,0.012063,0.004596,0.016280,0.294129
2647,W,0.035230,0.000803,0.003867,0.765260
2648,W,0.021202,0.000453,0.016009,0.900468
2649,W,0.039098,0.000096,0.007477,0.714864
0,W,0.009756,0.001084,0.014593,0.293056
1,W,0.016256,0.001758,0.028630,0.119502
2,W,0.134245,0.002093,0.015805,0.187937
3,W,0.070533,0.000936,0.018288,0.388260
4,W,0.007191,0.001130,0.011024,1.040356
5,W,0.076852,0.001787,0.024206,0.275885
6,W,0.012918,0.001433,0.019690,0.312190
7,W,0.040063,0.000926,0.006000,0.484404
8,W,0.014642,0.000797,0.012287,0.803016
9,W,0.028547,0.000804,0.007560,0.691430
10,W,0.043052,0.000980,0.005498,0.285606
11,W,0.126109,0.003699,0.007712,0.715770
12,W,0.012251,0.001194,0.009576,1.089625
13,W,0.009522,0.000983,0.007631,1.027171
14,W,0.189776,0.002023,0.009336,0.694988
15,W,0.022322,0.004179,0.024342,0.564729
16,W,0.045189,0.001371,0.004526,0.133571
17,W,0.030674,0.001190,0.017955,0.602809
18,W,0.009582,0.001306,0.008891,0.869558
19,W,0.018799,0.001628,0.015342,0.761167
20,W,0.012968,0.000408,0.017910,0.519739
21,W,0.009097,0.000771,0.016877,0.272707
22,W,0.083186,0.000845,0.002533,0.867315
23,W,0.005273,0.000408,0.002651,0.698829
24,W,0.037804,0.002941,0.007405,0.283950
25,W,0.049145,0.001597,0.004586,0.650144
26,W,0.043367,0.001198,0.006596,0.619911
27,W,0.014941,0.003459,0.006993,0.516768
28,W,0.076861,0.000821,0.004565,1.194515
29,W,0.015107,0.000511,0.004858,0.552883
30,W,0.029617,0.002867,0.019600,0.418705
31,W,0.004393,0.000241,0.011794,0.374424
32,W,0.013919,0.000702,0.004777,0.452440
33,W,0.002957,0.000252,0.004844,0.620134
34,W,0.005781,0.000807,0.003443,0.885488
35,W,0.005976,0.001875,0.011006,0.690101
36,W,0.019737,0.001375,0.008539,0.587918
37,W,0.007480,0.000845,0.006518,1.096482
38,W,0.031997,0.000236,0.022186,0.445041
39,W,0.011939,0.002265,0.011295,0.619545
40,W,0.006943,0.000234,0.027358,0.973012
41,W,0.023083,0.000747,0.010073,0.293209
42,W,0.009256,0.000656,0.019426,1.396699
43,W,0.089758,0.002793,0.010182,0.230010
44,W,0.013224,0.005208,0.018211,0.801492
45,W,0.006779,0.002203,0.019117,0.196629
46,W,0.036693,0.002189,0.005547,0.301408
47,W,0.153678,0.001144,0.005528,0.321409
48,W,0.196714,0.000483,0.005672,0.559231
49,W,0.034999,0.002218,0.015446,0.491445
50,W,0.021758,0.000013,0.001521,0.541247
51,W,0.193084,0.001850,0.027137,0.433222
52,W,0.058367,0.000558,0.012408,0.374542
53,W,0.031734,0.002663,0.021472,0.966229
54,W,0.011572,0.002717,0.008905,0.470398
55,W,0.011974,0.001397,0.011011,0.552822
56,W,0.008851,0.000075,0.004784,0.107410
57,W,0.117093,0.001273,0.012818,0.522876
58,W,0.043021,0.001531,0.006351,0.394391
59,W,0.015527,0.001098,0.016933,0.947942
60,W,0.009853,0.002669,0.011067,0.293674
61,W,0.018233,0.000809,0.005448,0.468727
62,W,0.006419,0.002603,0.010851,0.740673
63,W,0.052355,0.001989,0.011438,0.383516
64,W,0.050802,0.002154,0.010866,0.495044
65,W,0.067919,0.001619,0.023242,1.488535
66,W,0.002179,0.003592,0.037336,1.020426
67,W,0.006357,0.002248,0.017941,0.310193
68,W,0.024399,0.000767,0.027803,0.362955
69,W,0.024888,0.001029,0.013507,0.495227
70,W,0.026434,0.000234,0.005828,0.421202
71,W,0.021598,0.003188,0.011494,0.650339
72,W,0.010488,0.000934,0.020405,0.571428
73,W,0.065293,0.004307,0.011852,0.195093
74,W,0.018729,0.002138,0.010504,0.645849
75,W,0.062259,0.000472,0.005261,0.634664
76,W,0.003307,0.001151,0.012972,0.383991
77,W,0.030521,0.003752,0.008734,0.572988
78,W,0.025144,0.001223,0.010737,0.756722
79,W,0.005331,0.003749,0.012045,0.378837
80,W,0.003931,0.001099,0.003932,0.505819
81,W,0.016195,0.001113,0.009934,0.800070
82,W,0.012837,0.001852,0.022204,0.334544
83,W,0.081468,0.003445,0.014622,0.946173
84,W,0.027307,0.000385,0.026161,0.619023
85,W,0.022271,0.005626,0.029486,0.463816
86,W,0.007286,0.004604,0.015230,1.069887
87,W,0.015819,0.002015,0.025606,0.581405
88,W,0.011095,0.002246,0.003769,0.619790
89,W,0.014564,0.002106,0.015175,0.496853
90,W,0.020283,0.000918,0.022967,0.614191
91,W,0.011617,0.000635,0.014177,0.282921
92,W,0.038376,0.001231,0.004145,0.293390
93,W,0.019834,0.000836,0.013248,0.358265
94,W,0.027291,0.000634,0.007641,0.425022
95,W,0.026451,0.000271,0.003259,0.679840
96,W,0.013946,0.000537,0.013692,0.511683
97,W,0.014945,0.000733,0.005242,0.733239
98,W,0.009346,0.003507,0.014573,0.238414
99,W,0.011025,0.002747,0.017679,0.654938
100,W,0.007642,0.000840,0.006201,0.539821
101,W,0.126275,0.002760,0.014154,0.808889
102,W,0.002545,0.000804,0.006001,0.448750
103,W,0.071433,0.000434,0.011540,0.402131
104,W,0.039730,0.006706,0.010014,0.547840
105,W,0.031038,0.004873,0.006075,0.299492
106,W,0.083055,0.005141,0.006816,0.223194
107,W,0.010653,0.000118,0.014073,0.209703
108,W,0.010798,0.000572,0.011711,1.043762
109,W,0.009236,0.002421,0.008588,0.459465
110,W,0.063584,0.000193,0.006410,0.494704
111,W,0.064411,0.001534,0.021752,0.679518
112,W,0.007640,0.001650,0.009896,0.166974
113,W,0.007055,0.000757,0.006947,0.968685
114,W,0.009688,0.000545,0.009912,0.397452
115,W,0.003786,0.000068,0.015133,0.413476
116,W,0.042956,0.008589,0.026945,1.069373
117,W,0.028203,0.002157,0.012932,0.247137
118,W,0.005318,0.000574,0.047547,0.154584
119,W,0.013160,0.000455,0.002353,0.216763
120,W,0.030586,0.000464,0.016317,0.268600
121,W,0.005349,0.000340,0.012609,1.128134
122,W,0.011887,0.000544,0.000921,0.425196
123,W,0.021326,0.002223,0.033979,0.558894
124,W,0.030491,0.000752,0.006432,0.575058
125,W,0.014725,0.000588,0.013212,1.140688
126,W,0.014468,0.001343,0.004021,0.576303
127,W,0.035178,0.003093,0.011312,0.685371
128,W,0.028030,0.001172,0.043728,0.173221
129,W,0.069319,0.000149,0.012824,0.263246
130,W,0.010421,0.001170,0.029869,0.342836
131,W,0.009660,0.005400,0.027289,0.674402
132,W,0.009251,0.002269,0.015598,0.171919
133,W,0.116335,0.000691,0.026104,0.684208
134,W,0.045804,0.000631,0.021677,0.635143
135,W,0.039258,0.000596,0.030323,0.339031
136,W,0.003547,0.001076,0.016438,0.670787
137,W,0.004480,0.000252,0.016362,0.303351
138,W,0.019089,0.000596,0.004014,1.096744
139,W,0.010099,0.002307,0.024594,0.314599
140,W,0.018063,0.000782,0.007829,1.061115
141,W,0.013231,0.001785,0.022910,0.416996
142,W,0.010524,0.003804,0.006555,0.828059
143,W,0.008591,0.007473,0.020650,0.737257
144,W,0.017132,0.001186,0.008009,0.647016
145,W,0.009304,0.003125,0.005570,0.589132
146,W,0.055567,0.002467,0.016426,0.646983
147,W,0.021030,0.002163,0.008541,0.438318
148,W,0.096011,0.000709,0.027818,1.061060
149,W,0.017839,0.001849,0.004494,0.258528
150,W,0.015461,0.001858,0.007135,0.479199
151,W,0.001644,0.001060,0.021899,0.293099
152,W,0.012637,0.000342,0.019305,0.458949
153,W,0.010719,0.001724,0.012560,0.796834
154,W,0.092400,0.001579,0.008802,0.814810
155,W,0.006626,0.003698,0.026717,0.412918
156,W,0.005561,0.001927,0.019228,0.687073
157,W,0.051570,0.005274,0.007098,0.865933
158,W,0.012438,0.001132,0.006416,0.928023
159,W,0.053198,0.000718,0.003101,0.204607
160,W,0.043703,0.000857,0.002605,0.564340
161,W,0.012916,0.004561,0.012093,0.477747
162,W,0.007788,0.003437,0.009225,0.969367
163,W,0.005066,0.000016,0.003713,0.599244
164,W,0.007794,0.003985,0.007302,1.110757
165,W,0.057766,0.003366,0.013795,0.607826
166,W,0.027572,0.002251,0.008168,0.886412
167,W,0.006105,0.000471,0.018224,0.825260
168,W,0.008258,0.000472,0.013013,1.209122
169,W,0.016143,0.000195,0.009047,0.632853
170,W,0.012826,0.001988,0.010474,0.915584
171,W,0.009262,0.000334,0.010198,0.736902
172,W,0.004254,0.000183,0.003884,0.558950
173,W,0.026117,0.003374,0.018893,0.391796
174,W,0.006479,0.000960,0.004899,0.505418
175,W,0.010044,0.002432,0.010065,0.796195
176,W,0.015715,0.000572,0.016662,0.640355
177,W,0.010479,0.001096,0.031201,0.764725
178,W,0.034816,0.001741,0.025645,0.259557
179,W,0.009069,0.002484,0.012131,0.672312
180,W,0.023474,0.001825,0.010900,0.641262
181,W,0.164930,0.002146,0.004479,0.796729
182,W,0.051334,0.001232,0.007963,0.485252
183,W,0.030373,0.002070,0.006501,0.976234
184,W,0.004839,0.001604,0.003515,0.462194
185,W,0.037368,0.000705,0.030214,0.715759
186,W,0.073766,0.000798,0.006359,0.851376
187,W,0.030580,0.003278,0.013402,0.512943
188,W,0.035890,0.001256,0.012707,0.586689
189,W,0.043398,0.001707,0.010843,0.329090
190,W,0.002856,0.001136,0.003507,0.604258
191,W,0.013424,0.000509,0.009528,0.664793
192,W,0.008942,0.001044,0.023247,0.473430
193,W,0.023896,0.000426,0.021637,0.658646
194,W,0.112260,0.000397,0.006345,0.560582
195,W,0.206117,0.001525,0.020609,0.681811
196,W,0.010433,0.001871,0.050999,0.390696
197,W,0.005410,0.003717,0.030637,0.398402
198,W,0.053735,0.001351,0.007786,0.308888
199,W,0.072800,0.002607,0.012266,0.390889
200,W,0.180025,0.001534,0.009656,0.249622
201,W,0.111971,0.001611,0.003250,0.437442
202,W,0.227323,0.000117,0.006592,0.159106
203,W,0.232104,0.001154,0.009352,0.944910
204,W,0.080365,0.000432,0.002203,0.684581
205,W,0.081587,0.001082,0.003284,0.356811
206,W,0.003800,0.005388,0.012649,0.439342
207,W,0.011608,0.001475,0.010728,0.850484
208,W,0.015654,0.000909,0.006386,0.215806
209,W,0.010932,0.000589,0.007461,0.631890
210,W,0.021724,0.000746,0.010548,0.623871
211,W,0.012147,0.003725,0.008845,0.523691
212,W,0.025600,0.000066,0.004245,0.459629
213,W,0.028503,0.000388,0.006292,0.879541
214,W,0.007824,0.001990,0.011510,0.419067
215,W,0.024263,0.000372,0.011023,0.775734
216,W,0.006307,0.001058,0.009341,0.644408
217,W,0.011200,0.003619,0.011351,0.668490
218,W,0.094182,0.001108,0.011379,0.894159
219,W,0.084998,0.000083,0.005624,0.942977
220,W,0.014314,0.003248,0.030575,0.384544
221,W,0.020622,0.000411,0.006445,0.354998
222,W,0.022166,0.000707,0.009167,0.810538
223,W,0.011745,0.000945,0.011844,0.659046
224,W,0.040417,0.000953,0.011215,0.840715
225,W,0.018359,0.000469,0.004312,0.438160
226,W,0.029364,0.000117,0.007851,0.478332
227,W,0.017264,0.000841,0.005996,0.694597
228,W,0.037463,0.002264,0.004389,0.761856
229,W,0.060484,0.000982,0.007027,0.361962
230,W,0.010839,0.004551,0.013747,0.700450
231,W,0.016502,0.000869,0.002137,0.517535
232,W,0.034370,0.000825,0.003967,0.631625
233,W,0.183465,0.004863,0.015555,0.327797
234,W,0.059644,0.001198,0.005776,0.673832
235,W,0.032696,0.002478,0.027277,1.120333
236,W,0.013365,0.001336,0.053098,0.349713
237,W,0.006157,0.001139,0.020327,0.403890
238,W,0.029082,0.002227,0.008254,0.910764
239,W,0.011129,0.000285,0.009621,0.662427
240,W,0.003080,0.001488,0.009484,0.481221
241,W,0.007808,0.002007,0.009178,0.809654
242,W,0.027476,0.000015,0.021226,1.058782
243,W,0.017577,0.000491,0.035090,1.141703
244,W,0.033685,0.000092,0.035671,1.169317
245,W,0.009802,0.000279,0.004217,0.738659
246,W,0.008814,0.000461,0.002902,0.677905
247,W,0.006937,0.002762,0.008156,0.358360
248,W,0.003811,0.001080,0.016777,0.621189
249,W,0.032706,0.001477,0.017274,1.331497
250,W,0.014803,0.000917,0.022534,0.860033
251,W,0.005589,0.000078,0.024577,0.916001
252,W,0.010595,0.000466,0.014621,0.925468
253,W,0.009465,0.001646,0.011695,0.917979
254,W,0.014801,0.001366,0.016650,0.769164
255,W,0.017207,0.001617,0.005212,0.766590
256,W,0.006589,0.000038,0.004017,0.437539
257,W,0.011814,0.001823,0.023989,0.891682
258,W,0.014746,0.000665,0.016828,0.798794
259,W,0.016746,0.003384,0.016663,0.559002
260,W,0.021267,0.001780,0.011517,0.403158
261,W,0.042404,0.000541,0.007846,1.066474
262,W,0.187118,0.000687,0.009859,0.804393
263,W,0.006323,0.001783,0.008970,1.047850
264,W,0.010115,0.001791,0.021194,0.562900
265,W,0.007523,0.002843,0.007710,0.794335
266,W,0.004398,0.001160,0.014576,0.552306
267,W,0.061768,0.001204,0.012133,0.262503
268,W,0.013366,0.002672,0.014752,0.185881
269,W,0.093258,0.000313,0.006210,0.529136
270,W,0.025685,0.000498,0.016229,0.196845
271,W,0.129172,0.001081,0.008228,0.347656
272,W,0.074221,0.001557,0.017464,0.574547
273,W,0.038759,0.002203,0.013243,0.999791
274,W,0.012009,0.001623,0.008334,0.350751
275,W,0.044790,0.001182,0.007710,0.535711
276,W,0.016983,0.000569,0.005721,0.168972
277,W,0.020338,0.002772,0.013119,0.115012
278,W,0.014186,0.001509,0.006918,0.208525
279,W,0.038262,0.001887,0.009223,0.098179
280,W,0.054731,0.004478,0.030397,1.509267
281,W,0.024886,0.000670,0.005440,0.385487
282,W,0.012134,0.000495,0.033339,0.726174
283,W,0.036064,0.000931,0.006864,0.477031
284,W,0.009935,0.000810,0.007322,0.496787
285,W,0.015565,0.003204,0.012656,0.587244
286,W,0.034546,0.001253,0.015543,0.973430
287,W,0.031467,0.003096,0.007194,0.197788
288,W,0.043733,0.002849,0.012623,0.391259
289,W,0.017827,0.001322,0.005673,0.612776
290,W,0.011566,0.003301,0.015577,0.750965
291,W,0.054005,0.001166,0.006616,0.101820
292,W,0.024275,0.002433,0.010922,0.419084
293,W,0.006982,0.000910,0.005823,0.933993
294,W,0.058730,0.003518,0.009780,0.640637
295,W,0.077338,0.001670,0.009451,0.326495
296,W,0.009040,0.000571,0.012493,0.533322
297,W,0.025138,0.000269,0.006321,0.210864
298,W,0.011570,0.001124,0.010276,0.640539
299,W,0.011642,0.000556,0.010563,1.055860
300,W,0.007196,0.002757,0.023285,0.732130
301,W,0.008443,0.000418,0.003325,0.823250
302,W,0.025313,0.003004,0.009269,0.396945
303,W,0.057462,0.000645,0.009270,0.527511
304,W,0.007298,0.000371,0.006660,0.670709
305,W,0.007629,0.000344,0.011549,0.335350
306,W,0.047975,0.000525,0.022503,0.569900
307,W,0.010606,0.001525,0.004550,0.578507
308,W,0.017169,0.001846,0.011536,0.470747
309,W,0.006602,0.001232,0.026164,0.580329
310,W,0.010847,0.002625,0.033144,0.544821
311,W,0.007112,0.000679,0.014776,0.801753
312,W,0.047134,0.001510,0.019970,0.743318
313,W,0.082465,0.003012,0.005563,0.874119
314,W,0.089967,0.001251,0.010593,0.516017
315,W,0.064266,0.000941,0.022182,0.913203
316,W,0.003931,0.000161,0.029932,0.661163
317,W,0.003910,0.001010,0.010903,0.714947
318,W,0.017535,0.002706,0.014684,0.689386
319,W,0.012010,0.000816,0.006267,0.498940
320,W,0.005762,0.002408,0.007922,0.821554
321,W,0.014064,0.000521,0.015249,0.671904
322,W,0.011421,0.002767,0.021895,1.005645
323,W,0.052036,0.001198,0.009459,0.492188
324,W,0.009314,0.000247,0.016904,1.027771
325,W,0.006222,0.003413,0.009509,0.316087
326,W,0.005101,0.001452,0.033782,0.447461
327,W,0.020857,0.001588,0.012281,0.750177
328,W,0.006346,0.001792,0.014783,0.452638
329,W,0.011119,0.001206,0.005607,0.624956
330,W,0.049191,0.002489,0.011640,0.416189
331,W,0.068407,0.000415,0.006876,0.790092
332,W,0.029176,0.000397,0.013184,0.422930
333,W,0.061632,0.001625,0.018586,0.670883
334,W,0.026462,0.000992,0.018709,0.204385
335,W,0.042549,0.001385,0.011400,0.942247
336,W,0.036506,0.000126,0.016948,0.668211
337,W,0.121689,0.000949,0.011536,0.847404
338,W,0.057261,0.000821,0.008640,0.799148
339,W,0.014416,0.000342,0.003145,0.470253
340,W,0.050005,0.001492,0.010944,0.293210
341,W,0.023391,0.000943,0.033330,0.572660
342,W,0.009048,0.000078,0.017637,0.437381
343,W,0.021931,0.000329,0.018844,0.652855
344,W,0.036345,0.001676,0.005440,0.859584
345,W,0.006303,0.000376,0.011725,0.616502
346,W,0.012507,0.000555,0.009051,0.537758
347,W,0.031622,0.000610,0.024111,0.187934
348,W,0.013082,0.003446,0.017795,0.411440
349,W,0.012995,0.005254,0.015695,0.938865
350,W,0.018524,0.000568,0.012781,0.506644
351,W,0.022538,0.001974,0.004030,0.863236
352,W,0.010813,0.003688,0.018218,0.571491
353,W,0.015682,0.000996,0.010610,0.555772
354,W,0.038333,0.001271,0.017876,0.957769
355,W,0.072479,0.002899,0.031162,0.533229
356,W,0.091288,0.000403,0.003021,0.272469
357,W,0.024970,0.004995,0.007589,0.512231
358,W,0.070548,0.004629,0.015014,0.630354
359,W,0.005109,0.000212,0.008218,0.841766
360,W,0.079626,0.004158,0.027244,0.266511
361,W,0.025885,0.002149,0.007818,0.542233
362,W,0.012123,0.002588,0.065954,0.121741
363,W,0.021074,0.000412,0.009310,0.223009
364,W,0.014613,0.006456,0.053962,0.000000
365,W,0.031555,0.000902,0.020748,0.204175
366,W,0.009319,0.000114,0.031296,0.540864
367,W,0.009484,0.005729,0.046043,0.089326
368,W,0.031520,0.001935,0.045448,0.134289
369,W,0.018846,0.002251,0.018985,0.348247
370,W,0.026697,0.000771,0.007596,0.583572
371,W,0.012394,0.001952,0.010889,0.513690
372,W,0.002494,0.001875,0.013423,0.856490
373,W,0.014329,0.003247,0.017713,1.044266
374,W,0.010840,0.002121,0.024867,0.740378
375,W,0.007828,0.003436,0.008480,0.516178
376,W,0.029731,0.002525,0.014621,0.655028
377,W,0.005767,0.000290,0.008016,1.300875
378,W,0.044266,0.002723,0.019344,0.691171
379,W,0.009743,0.005255,0.017359,0.247306
380,W,0.048787,0.000643,0.004247,0.170045
381,W,0.017764,0.004486,0.013357,0.162228
382,W,0.026178,0.000778,0.050067,0.315740
383,W,0.008593,0.002268,0.018168,1.335958
384,W,0.008697,0.007676,0.052485,0.548537
385,W,0.012461,0.000892,0.025533,0.386816
386,W,0.024588,0.001100,0.022022,1.859252
387,W,0.025629,0.001476,0.013950,0.291763
388,W,0.051113,0.002106,0.041723,0.591525
389,W,0.008249,0.002265,0.060908,0.266906
390,W,0.026257,0.001256,0.020860,0.505965
391,W,0.011598,0.001994,0.015690,0.482071
392,W,0.009807,0.000049,0.008777,0.280702
393,W,0.013516,0.000812,0.016942,0.079941
394,W,0.028684,0.001160,0.009149,0.753063
395,W,0.014770,0.000817,0.005989,0.938906
396,W,0.009540,0.003103,0.009370,0.715503
397,W,0.005828,0.000223,0.018978,0.551768
398,W,0.044097,0.001385,0.011431,0.797820
399,W,0.007766,0.002699,0.023334,0.947088
400,W,0.038386,0.000693,0.005440,1.051737
401,W,0.014522,0.000367,0.028075,1.173029
402,W,0.030480,0.000450,0.013527,0.597371
403,W,0.083467,0.002187,0.004740,0.357844
404,W,0.026734,0.001172,0.009662,0.679928
405,W,0.013067,0.000688,0.003971,0.654695
406,W,0.013523,0.001496,0.013505,0.743536
407,W,0.038547,0.004487,0.018534,0.323725
408,W,0.025780,0.000904,0.006145,0.613561
409,W,0.015576,0.000591,0.004990,1.083749
410,W,0.065966,0.001374,0.004697,0.114315
411,W,0.015347,0.001108,0.008855,0.827262
412,W,0.014466,0.001367,0.008577,0.660342
413,W,0.046367,0.001265,0.012682,0.086227
414,W,0.034069,0.000459,0.007611,0.532284
415,W,0.014437,0.000370,0.008010,0.191879
416,W,0.046592,0.001382,0.018372,0.399001
417,W,0.011578,0.000962,0.024548,0.235600
418,W,0.005896,0.001648,0.003780,0.433491
419,W,0.013882,0.001757,0.005992,0.467191
420,W,0.011608,0.000525,0.005884,0.633529
421,W,0.008501,0.001496,0.026836,0.533745
422,W,0.043069,0.000372,0.004814,1.065410
423,W,0.023373,0.004009,0.007160,0.773385
424,W,0.020173,0.002115,0.006128,0.482723
425,W,0.012463,0.000866,0.003346,0.602869
426,W,0.015326,0.000207,0.014848,0.865463
427,W,0.008808,0.000272,0.004924,0.804502
428,W,0.005711,0.001094,0.028997,1.170779
429,W,0.017926,0.000475,0.009462,1.262369
430,W,0.024181,0.000601,0.013498,0.443692
431,W,0.028176,0.000838,0.045391,0.697647
432,W,0.015878,0.006505,0.013788,0.707501
433,W,0.010525,0.000331,0.007863,1.559649
434,W,0.031420,0.001346,0.010904,0.351110
435,W,0.014871,0.001282,0.011509,0.358373
436,W,0.010023,0.000984,0.003935,0.320782
437,W,0.004805,0.000333,0.011905,0.409189
438,W,0.035354,0.001469,0.006057,0.734798
439,W,0.020187,0.000158,0.007117,0.633343
440,W,0.018527,0.004154,0.006938,0.590479
441,W,0.014879,0.001798,0.010530,0.570426
442,W,0.009984,0.001661,0.011907,0.563703
443,W,0.007046,0.000098,0.005423,0.712728
444,W,0.018934,0.004382,0.027195,0.782384
445,W,0.024182,0.002585,0.009330,0.455323
446,W,0.013016,0.003347,0.021268,0.247476
447,W,0.009209,0.001802,0.009765,0.603797
448,W,0.022094,0.000529,0.004856,0.283765
449,W,0.024233,0.000540,0.017758,0.441747
450,W,0.031614,0.000300,0.011587,0.770994
451,W,0.008560,0.000662,0.009861,0.481829
452,W,0.021528,0.000732,0.010215,0.273620
453,W,0.004798,0.001768,0.004977,0.369753
454,W,0.036427,0.002473,0.010939,0.704039
455,W,0.035751,0.000240,0.004996,1.029581
456,W,0.008618,0.000432,0.008490,1.212001
457,W,0.009567,0.003517,0.011550,0.598826
458,W,0.033489,0.000060,0.012358,0.938468
459,W,0.077450,0.000304,0.006090,0.659532
460,W,0.007094,0.000468,0.011216,0.812742
461,W,0.015941,0.002308,0.016642,0.598307
462,W,0.010806,0.004404,0.010519,0.983242
463,W,0.030697,0.002847,0.022651,0.328724
464,W,0.013104,0.002723,0.011105,0.370535
465,W,0.010562,0.001870,0.026215,0.654629
466,W,0.026729,0.005261,0.018976,0.321279
467,W,0.015133,0.003574,0.042895,0.624210
468,W,0.014663,0.006195,0.023674,0.299547
469,W,0.015367,0.001023,0.026564,0.324331
470,W,0.011218,0.001444,0.018291,0.275418
471,W,0.036420,0.001005,0.010523,0.114169
472,W,0.017340,0.002497,0.010108,0.277778
473,W,0.015039,0.000646,0.015386,0.570407
474,W,0.004419,0.001412,0.004714,0.407901
475,W,0.008381,0.000970,0.012281,0.842069
476,W,0.008618,0.003217,0.010305,0.311573
477,W,0.033146,0.004524,0.006364,0.679745
478,W,0.136941,0.000465,0.020916,0.528545
479,W,0.034557,0.000679,0.010117,0.454086
480,W,0.018925,0.001026,0.006189,0.283765
481,W,0.009909,0.001148,0.012852,0.518599
482,W,0.008751,0.000527,0.004402,0.530279
483,W,0.066220,0.002582,0.010159,0.293813
484,W,0.076688,0.001229,0.031912,0.598811
485,W,0.147986,0.001650,0.011793,0.489954
486,W,0.038592,0.000199,0.018294,0.120614
487,W,0.014453,0.005084,0.021110,0.410319
488,W,0.024131,0.000679,0.006017,0.428473
489,W,0.071192,0.000857,0.019765,0.566332
490,W,0.017745,0.002798,0.006084,0.407358
491,W,0.031630,0.001972,0.004441,0.976199
492,W,0.011574,0.000785,0.003685,0.458301
493,W,0.005192,0.001532,0.015892,0.786843
494,W,0.004925,0.003063,0.011894,0.671263
495,W,0.022427,0.001121,0.014624,0.442179
496,W,0.011265,0.000653,0.002792,0.797376
497,W,0.003781,0.000647,0.006280,1.161399
498,W,0.008611,0.000488,0.007927,0.902839
499,W,0.005719,0.000982,0.008637,0.359046
500,W,0.003442,0.000944,0.007616,0.478439
501,W,0.005098,0.001981,0.021482,1.040229
502,W,0.012189,0.001963,0.014350,0.760127
503,W,0.051149,0.003480,0.006235,0.055609
504,W,0.015162,0.003569,0.007321,0.785909
505,W,0.010371,0.000594,0.030416,0.170174
506,W,0.041749,0.000343,0.010012,0.256941
507,W,0.043787,0.002655,0.026051,0.680068
508,W,0.009757,0.000598,0.015078,0.709457
509,W,0.028229,0.001113,0.006990,0.477548
510,W,0.031408,0.003341,0.008267,0.579090
511,W,0.041952,0.001767,0.007324,0.427129
512,W,0.099615,0.001793,0.011721,0.262438
513,W,0.011960,0.004368,0.014696,0.246703
514,W,0.004863,0.000221,0.018273,0.306705
515,W,0.039637,0.001818,0.008054,0.417115
516,W,0.009685,0.001182,0.029315,0.463215
517,W,0.032288,0.004330,0.007050,0.483468
518,W,0.024153,0.001696,0.012668,0.170712
519,W,0.039448,0.000183,0.010764,0.616408
520,W,0.225015,0.001067,0.011662,0.183984
521,W,0.018935,0.005088,0.030223,0.592940
522,W,0.060126,0.001988,0.031510,0.550176
523,W,0.129375,0.001319,0.019721,0.228693
524,W,0.070032,0.000483,0.023268,1.044635
525,W,0.009645,0.002778,0.005119,0.313178
526,W,0.030013,0.000634,0.016126,0.395870
527,W,0.008689,0.001398,0.017256,0.432071
528,W,0.010417,0.000870,0.006255,0.303425
529,W,0.011752,0.000103,0.005162,0.584631
530,W,0.017277,0.000617,0.008674,0.451995
531,W,0.003613,0.003525,0.021434,1.340221
532,W,0.056510,0.001712,0.011277,0.316142
533,W,0.035003,0.000519,0.006563,0.326670
534,W,0.040960,0.000460,0.005812,0.298595
535,W,0.011695,0.000766,0.008310,0.597875
536,W,0.029375,0.000240,0.014321,0.872253
537,W,0.041645,0.001006,0.002513,0.552726
538,W,0.018733,0.001424,0.007894,0.905722
539,W,0.022086,0.001097,0.010822,0.644754
540,W,0.012410,0.001586,0.004745,0.451172
541,W,0.009069,0.003402,0.030309,0.777082
542,W,0.009185,0.001483,0.002232,0.799254
543,W,0.027790,0.003083,0.018105,0.842393
544,W,0.038023,0.002267,0.013859,1.212993
545,W,0.024125,0.002856,0.010726,0.616351
546,W,0.040825,0.000016,0.016978,0.995762
547,W,0.003986,0.001776,0.057010,0.474311
548,W,0.024493,0.000721,0.004619,0.718005
549,W,0.068840,0.000041,0.036048,0.740011
550,W,0.015419,0.000808,0.009390,1.065760
551,W,0.031838,0.000997,0.003296,1.098007
552,W,0.009559,0.004357,0.006411,0.424896
553,W,0.017890,0.000616,0.006443,0.811215
554,W,0.041967,0.001429,0.005504,0.392512
555,W,0.026753,0.002370,0.009748,1.068877
556,W,0.007542,0.000285,0.011057,0.733354
557,W,0.009980,0.001371,0.018064,1.181218
558,W,0.015314,0.001159,0.019497,0.610043
559,W,0.029837,0.003873,0.046483,0.630236
560,W,0.013033,0.002545,0.008636,0.512296
561,W,0.018327,0.000590,0.014329,0.707863
562,W,0.133722,0.000578,0.014119,0.943771
563,W,0.021094,0.001157,0.003406,0.474629
564,W,0.057105,0.000725,0.010942,0.673095
565,W,0.040936,0.002902,0.008148,0.630058
566,W,0.018754,0.002160,0.024370,0.458145
567,W,0.008610,0.000057,0.007812,0.840543
568,W,0.149003,0.000093,0.006431,1.198641
569,W,0.092693,0.000589,0.008394,0.838337
570,W,0.034823,0.000752,0.002019,0.268252
571,W,0.036089,0.000807,0.004745,0.298998
572,W,0.018098,0.001124,0.011121,0.478906
573,W,0.048022,0.000345,0.002113,0.216345
574,W,0.054514,0.000751,0.012236,0.585126
575,W,0.027986,0.000740,0.007699,0.766889
576,W,0.075308,0.001529,0.008235,0.713436
577,W,0.031587,0.001072,0.005707,0.763063
578,W,0.085444,0.000558,0.011671,0.580496
579,W,0.017195,0.006005,0.025161,0.891969
580,W,0.071539,0.000281,0.013563,0.685475
581,W,0.016207,0.000587,0.005274,0.810829
582,W,0.012158,0.000603,0.005228,1.007014
583,W,0.010585,0.000482,0.004037,0.400552
584,W,0.027145,0.002352,0.028110,0.482731
585,W,0.024096,0.000650,0.008103,0.598369
586,W,0.009158,0.005648,0.023818,0.283726
587,W,0.040700,0.000280,0.012002,0.448686
588,W,0.013023,0.002334,0.011814,0.683220
589,W,0.030435,0.000223,0.021053,1.196378
590,W,0.015497,0.002097,0.023403,0.501292
591,W,0.018149,0.001691,0.004669,0.577359
592,W,0.062799,0.000621,0.011360,0.404825
593,W,0.014078,0.000035,0.014203,0.965678
594,W,0.025250,0.001403,0.008223,0.470483
595,W,0.014999,0.001500,0.012344,1.105212
596,W,0.011041,0.000467,0.010702,0.436138
597,W,0.036585,0.002147,0.020421,0.638050
598,W,0.009815,0.001064,0.011220,0.751281
599,W,0.016470,0.002659,0.013377,0.278483
600,W,0.025874,0.002116,0.009420,0.720130
601,W,0.035190,0.001115,0.008279,0.560504
602,W,0.033876,0.000990,0.007141,0.358058
603,W,0.046066,0.001999,0.013292,0.649910
604,W,0.007714,0.000909,0.004574,0.918510
605,W,0.031122,0.000217,0.012549,0.434719
606,W,0.018515,0.001259,0.033718,0.790556
607,W,0.032402,0.000735,0.011250,0.274237
608,W,0.011970,0.002760,0.009077,0.280182
609,W,0.069666,0.000488,0.003989,1.065586
610,W,0.016580,0.004621,0.006551,0.395469
611,W,0.069975,0.002376,0.010639,0.312042
612,W,0.011348,0.001623,0.013219,0.423013
613,W,0.026513,0.004417,0.012246,0.919780
614,W,0.016338,0.002038,0.020237,1.031140
615,W,0.005286,0.000595,0.007608,0.941250
616,W,0.007855,0.001720,0.008397,1.140471
617,W,0.120214,0.004013,0.017929,0.473141
618,W,0.041023,0.000699,0.007907,0.174244
619,W,0.016170,0.000314,0.007299,0.503270
620,W,0.033537,0.000724,0.029576,0.611185
621,W,0.025743,0.000519,0.017910,0.548269
622,W,0.023915,0.000229,0.010019,0.713457
623,W,0.015347,0.000426,0.008062,0.418115
624,W,0.012230,0.003634,0.043979,0.530082
625,W,0.028830,0.001073,0.009188,0.258263
626,W,0.049546,0.000324,0.012870,0.695456
627,W,0.031242,0.003963,0.010271,0.412132
628,W,0.036088,0.005158,0.008707,0.753210
629,W,0.011806,0.000525,0.007802,0.429835
630,W,0.041750,0.003748,0.015031,0.657737
631,W,0.071215,0.002353,0.007336,0.770916
632,W,0.006623,0.002503,0.009746,0.256891
633,W,0.019722,0.001045,0.018675,0.655050
634,W,0.018842,0.001835,0.004455,0.453863
635,W,0.033922,0.002146,0.016694,0.597984
636,W,0.017672,0.001170,0.016068,0.379487
637,W,0.027991,0.001010,0.019969,0.700839
638,W,0.013019,0.000959,0.031276,0.583408
639,W,0.005533,0.002960,0.008401,0.616924
640,W,0.017870,0.001582,0.008571,1.235036
641,W,0.010681,0.000450,0.010288,0.977549
642,W,0.007304,0.001640,0.049287,0.859963
643,W,0.052066,0.001026,0.015069,0.605774
644,W,0.089236,0.000040,0.015212,0.734849
645,W,0.008818,0.001542,0.004483,0.588548
646,W,0.007468,0.002650,0.015777,1.055325
647,W,0.025912,0.000757,0.003780,0.623220
648,W,0.190214,0.004512,0.009747,0.378115
649,W,0.007689,0.001902,0.007803,1.042572
650,W,0.008968,0.000859,0.012689,0.481799
651,W,0.120242,0.001905,0.002706,0.668605
652,W,0.011175,0.000432,0.007121,0.721919
653,W,0.003556,0.000031,0.011308,1.459181
654,W,0.008413,0.001010,0.018765,0.484523
655,W,0.013446,0.000259,0.005840,0.182134
656,W,0.017980,0.001099,0.010965,0.222163
657,W,0.009987,0.000290,0.021886,0.462840
658,W,0.096762,0.001424,0.018197,0.865857
659,W,0.019612,0.001855,0.010425,1.224711
660,W,0.005840,0.000353,0.004208,1.007600
661,W,0.012529,0.002558,0.021745,0.710470
662,W,0.007540,0.001196,0.008305,0.821449
663,W,0.013828,0.000148,0.008985,1.503014
664,W,0.027677,0.000437,0.018223,0.919501
665,W,0.031794,0.001869,0.018851,0.339448
666,W,0.009395,0.001051,0.008576,0.744884
667,W,0.006454,0.001431,0.004788,0.175797
668,W,0.137246,0.001144,0.018357,0.993421
669,W,0.010854,0.002242,0.006215,0.592007
670,W,0.036851,0.000210,0.008495,0.718141
671,W,0.044057,0.000894,0.006430,0.316255
672,W,0.023104,0.003509,0.026783,0.979553
673,W,0.013276,0.000150,0.001077,0.812373
674,W,0.016716,0.003019,0.013025,0.324586
675,W,0.002111,0.001675,0.023007,0.458235
676,W,0.044506,0.000197,0.014552,0.134946
677,W,0.030306,0.001660,0.011626,1.088979
678,W,0.038010,0.001058,0.006811,0.367837
679,W,0.011904,0.002313,0.006559,0.615506
680,W,0.084050,0.000720,0.004642,0.344322
681,W,0.012665,0.002241,0.005659,0.422594
682,W,0.024735,0.001452,0.023418,0.272998
683,W,0.017634,0.001099,0.005833,1.108238
684,W,0.005428,0.000237,0.010523,0.403064
685,W,0.009315,0.000974,0.010357,0.476822
686,W,0.034211,0.000586,0.006179,0.374910
687,W,0.023696,0.002770,0.021597,0.897993
688,W,0.007431,0.002009,0.008683,0.997132
689,W,0.056573,0.001504,0.017025,0.328416
690,W,0.074395,0.000183,0.002230,0.813144
691,W,0.008344,0.002717,0.005439,0.716294
692,W,0.005967,0.000561,0.018685,0.386154
693,W,0.032335,0.000797,0.011121,0.682131
694,W,0.070443,0.001021,0.015779,0.243502
695,W,0.025118,0.000311,0.020739,0.164033
696,W,0.005700,0.001575,0.005777,0.532692
697,W,0.023130,0.001325,0.010139,0.754664
698,W,0.044963,0.002840,0.014392,0.141458
699,W,0.044490,0.002393,0.013020,0.316637
700,W,0.058407,0.004759,0.012204,0.561129
701,W,0.039204,0.001942,0.013417,0.571223
702,W,0.015626,0.000405,0.009707,0.179519
703,W,0.012291,0.003905,0.028254,0.822806
704,W,0.044272,0.000633,0.008591,0.253313
705,W,0.006403,0.001433,0.005633,0.715920
706,W,0.006289,0.001809,0.012399,0.297202
707,W,0.004253,0.001315,0.034480,0.274952
708,W,0.004764,0.002029,0.023738,0.286633
709,W,0.006109,0.003197,0.014517,0.347630
710,W,0.034434,0.000925,0.023193,0.371383
711,W,0.029079,0.000989,0.011317,0.629377
712,W,0.005929,0.001457,0.011310,0.885736
713,W,0.049512,0.000649,0.021717,0.694442
714,W,0.007499,0.001148,0.005809,0.618357
715,W,0.008577,0.000990,0.012386,0.853898
716,W,0.021286,0.000174,0.005294,1.005704
717,W,0.019608,0.001050,0.003773,0.763530
718,W,0.017093,0.004046,0.009759,0.749651
719,W,0.011618,0.001389,0.016721,1.117923
720,W,0.015220,0.002228,0.005137,0.493354
721,W,0.034917,0.000724,0.005665,0.430414
722,W,0.011459,0.000356,0.012652,0.788556
723,W,0.016525,0.003094,0.018567,1.262382
724,W,0.006008,0.000816,0.001486,0.585718
725,W,0.038859,0.001597,0.010575,0.433309
726,W,0.020973,0.001371,0.009964,0.535964
727,W,0.023864,0.001576,0.007744,0.831895
728,W,0.010151,0.002358,0.010659,0.447968
729,W,0.006074,0.000723,0.008243,1.142957
730,W,0.020645,0.001590,0.003877,0.796710
731,W,0.020098,0.000756,0.004700,0.470263
732,W,0.047232,0.003037,0.007876,1.104117
733,W,0.020759,0.000559,0.004407,0.972643
734,W,0.016373,0.002338,0.004892,0.737959
735,W,0.011266,0.003071,0.007126,0.642724
736,W,0.012101,0.002857,0.014482,0.393603
737,W,0.005852,0.002395,0.009243,0.292669
738,W,0.069395,0.001596,0.015292,0.420987
739,W,0.024869,0.001478,0.008606,0.449439
740,W,0.057653,0.001647,0.014864,1.004770
741,W,0.021727,0.000487,0.006176,0.796350
742,W,0.008857,0.001277,0.011070,0.829792
743,W,0.011776,0.000566,0.006681,0.380274
744,W,0.025819,0.001364,0.011430,0.725483
745,W,0.026739,0.000478,0.006281,1.262470
746,W,0.017600,0.000988,0.002342,1.101663
747,W,0.006891,0.000968,0.019088,0.893333
748,W,0.029787,0.001300,0.002220,0.453358
749,W,0.026165,0.001837,0.015317,0.628141
750,W,0.015923,0.002005,0.005260,0.452813
751,W,0.037815,0.000691,0.008527,1.121638
752,W,0.025569,0.000783,0.011958,0.250601
753,W,0.020812,0.001523,0.017381,0.550653
754,W,0.005485,0.001179,0.011607,0.574260
755,W,0.069247,0.000463,0.009073,0.198646
756,W,0.067215,0.001911,0.004663,0.676530
757,W,0.061247,0.007521,0.030693,0.270845
758,W,0.088000,0.000476,0.009489,0.173152
759,W,0.010705,0.000812,0.021521,0.548676
760,W,0.018334,0.002100,0.015107,0.175946
761,W,0.032589,0.001432,0.008832,0.116874
762,W,0.018707,0.002218,0.019917,0.381864
763,W,0.019633,0.000316,0.035126,0.142554
764,W,0.021878,0.000270,0.013455,0.456994
765,W,0.017894,0.004546,0.009993,0.608172
766,W,0.094205,0.001050,0.009254,0.383571
767,W,0.006642,0.002871,0.020255,1.243294
768,W,0.074579,0.000758,0.005116,0.468463
769,W,0.011293,0.000448,0.005012,0.260497
770,W,0.015816,0.000808,0.011748,0.360238
771,W,0.008248,0.006032,0.020966,0.415241
772,W,0.002690,0.000197,0.012786,0.593003
773,W,0.034541,0.000580,0.003818,0.431838
774,W,0.006776,0.000369,0.007152,0.211360
775,W,0.018671,0.001076,0.014545,0.552040
776,W,0.089670,0.001977,0.010053,0.369794
777,W,0.005245,0.001595,0.003031,0.615374
778,W,0.003161,0.000425,0.008859,0.487462
779,W,0.077895,0.000858,0.006557,0.617121
780,W,0.002565,0.000418,0.013793,0.297122
781,W,0.010870,0.000886,0.025247,0.809268
782,W,0.011094,0.000855,0.005832,0.277890
783,W,0.017243,0.002380,0.006851,0.170070
784,W,0.015851,0.003149,0.012043,0.038735
785,W,0.021844,0.002520,0.005265,0.009070
786,W,0.019104,0.001112,0.015179,0.053510
787,W,0.018893,0.002712,0.018704,0.078367
788,W,0.040600,0.002127,0.012508,0.161695
789,W,0.035346,0.002285,0.007559,0.484934
790,W,0.041601,0.000817,0.009665,0.374148
791,W,0.023013,0.001195,0.006097,0.421363
792,W,0.039393,0.003039,0.016562,0.389749
793,W,0.038798,0.001996,0.007738,0.356265
794,W,0.012462,0.001935,0.006611,0.144975
795,W,0.021568,0.000496,0.013557,0.190277
796,W,0.047339,0.001189,0.007626,0.118013
797,W,0.040860,0.001647,0.009950,0.547287
798,W,0.033534,0.004634,0.011744,0.837701
799,W,0.004209,0.001353,0.004366,0.220213
800,W,0.011969,0.000454,0.010225,0.287050
801,W,0.026463,0.000214,0.011998,0.430531
802,W,0.021025,0.002343,0.009808,0.100896
803,W,0.017351,0.001646,0.009073,0.595582
804,W,0.021976,0.002228,0.008558,0.256082
805,W,0.008985,0.000865,0.007137,0.151905
806,W,0.026826,0.001026,0.023780,0.575195
807,W,0.016166,0.001848,0.012631,0.515178
808,W,0.047153,0.000625,0.005092,0.365604
809,W,0.006656,0.004099,0.032027,0.449030
810,W,0.023898,0.000054,0.010077,0.135680
811,W,0.019841,0.001204,0.007157,0.164177
812,W,0.006200,0.001688,0.015815,0.236640
813,W,0.043711,0.000115,0.013340,0.876103
814,W,0.018827,0.004546,0.009530,0.576030
815,W,0.045402,0.000272,0.006221,0.368821
816,W,0.009944,0.000498,0.020500,0.264294
817,W,0.028719,0.000664,0.010462,0.399586
818,W,0.009534,0.003046,0.010184,0.240028
819,W,0.021793,0.000205,0.017791,0.135354
820,W,0.034646,0.000921,0.021414,0.235913
821,W,0.032369,0.001660,0.027237,0.576547
822,W,0.025238,0.001853,0.004652,0.292573
823,W,0.033630,0.000906,0.012984,0.340657
824,W,0.107188,0.000500,0.012235,0.686885
825,W,0.025847,0.003161,0.036302,1.173433
826,W,0.007145,0.001681,0.010501,0.960501
827,W,0.049256,0.003815,0.023463,0.746868
828,W,0.019695,0.001084,0.010134,0.592770
829,W,0.017706,0.002517,0.017410,0.193715
830,W,0.051511,0.000305,0.004405,0.188505
831,W,0.037720,0.000548,0.002686,0.388915
832,W,0.132045,0.001141,0.006189,0.667041
833,W,0.027254,0.000056,0.003420,0.173409
834,W,0.005488,0.001358,0.021822,0.236007
835,W,0.009535,0.006341,0.009462,0.645458
836,W,0.025694,0.001298,0.003654,0.216007
837,W,0.018509,0.001161,0.011887,0.461056
838,W,0.035443,0.003151,0.009666,0.748806
839,W,0.025074,0.000218,0.016261,0.515502
840,W,0.003996,0.001923,0.008463,0.431429
841,W,0.010416,0.001498,0.007322,0.489147
842,W,0.040958,0.000497,0.014421,0.648394
843,W,0.049339,0.001607,0.008862,0.615339
844,W,0.012736,0.000682,0.005065,0.572912
845,W,0.021601,0.000160,0.004439,0.494116
846,W,0.008075,0.002996,0.016373,0.382673
847,W,0.017477,0.000669,0.006592,0.890795
848,W,0.011292,0.002157,0.033317,0.263249
849,W,0.010193,0.000166,0.008916,0.428879
850,W,0.011858,0.001469,0.007125,0.553446
851,W,0.027155,0.001540,0.007005,0.802528
852,W,0.052459,0.001396,0.015390,0.417201
853,W,0.031524,0.001664,0.029898,0.267447
854,W,0.039048,0.004363,0.029108,0.148343
855,W,0.010230,0.007250,0.020689,0.472175
856,W,0.037093,0.010879,0.061679,0.059730
857,W,0.037963,0.000807,0.030839,0.000000
858,W,0.007077,0.009561,0.042209,0.424625
859,W,0.096676,0.005162,0.013467,0.180057
860,W,0.036785,0.003572,0.038203,0.520721
861,W,0.015383,0.001805,0.023663,0.101309
862,W,0.016293,0.002355,0.035397,0.089657
863,W,0.035757,0.001086,0.005814,0.471646
864,W,0.140000,0.002031,0.022391,0.134914
865,W,0.119964,0.000567,0.024132,0.153341
866,W,0.023460,0.006956,0.015059,0.455247
867,W,0.088717,0.004110,0.020137,0.167043
868,W,0.051491,0.003883,0.011451,0.059745
869,N1,0.157144,0.007097,0.024741,0.173689
870,N1,0.027221,0.000368,0.006875,0.114745
871,N1,0.013167,0.000782,0.019109,0.100777
872,N2,0.016029,0.003824,0.020787,0.049233
873,N2,0.049548,0.006298,0.033383,0.310061
874,N2,0.075687,0.002510,0.007465,0.308552
875,N2,0.012102,0.002020,0.022594,0.092067
876,N2,0.006090,0.003330,0.021703,0.045803
877,N2,0.040277,0.000099,0.030389,0.057338
878,N2,0.012939,0.000254,0.011438,0.149126
879,N2,0.005752,0.002631,0.004444,0.000000
880,N2,0.011368,0.000396,0.006925,0.107093
881,N2,0.026678,0.002826,0.030728,0.048229
882,N2,0.005035,0.001032,0.021843,0.000000
883,N2,0.012560,0.003597,0.020780,0.405950
884,N2,0.018960,0.001639,0.008172,0.226620
885,N2,0.045253,0.000123,0.028432,0.004894
886,N2,0.012818,0.026856,0.036251,0.045825
887,N2,0.002381,0.002387,0.015420,0.072182
888,N2,0.013537,0.003068,0.033079,0.068266
889,N3,0.005476,0.001266,0.008591,0.525639
890,N3,0.000824,0.002777,0.012492,0.000000
891,N3,0.013638,0.001347,0.016304,0.000000
892,N3,0.005502,0.016858,0.043217,0.060341
893,N3,0.024719,0.042580,0.086734,0.000000
894,N3,0.019636,0.004365,0.019707,0.221849
895,N3,0.018875,0.000907,0.023460,0.000000
896,N3,0.022743,0.000833,0.032203,0.018702
897,N3,0.002941,0.039551,0.050753,0.213363
898,N3,0.025114,0.003694,0.047044,0.015594
899,N3,0.009936,0.001717,0.042558,0.062918
900,N3,0.000687,0.002574,0.032697,0.000000
901,N3,0.002430,0.013196,0.085165,0.018409
902,N3,0.002238,0.001861,0.062943,0.044482
903,N3,0.006605,0.000953,0.030569,0.065584
904,N3,0.003184,0.027622,0.038308,0.000000
905,N3,0.007362,0.026681,0.080606,0.099018
906,N3,0.003885,0.014586,0.115163,0.097910
907,N3,0.008739,0.005122,0.032433,0.030626
908,N3,0.001643,0.013869,0.020212,0.134649
909,N3,0.002030,0.006255,0.089735,0.118069
910,N3,0.013859,0.026417,0.038049,0.393874
911,N3,0.001758,0.026199,0.058796,0.124526
912,N3,0.010778,0.012766,0.047786,0.331674
913,N3,0.006860,0.042596,0.061875,0.076499
914,N3,0.001369,0.026622,0.048255,0.016603
915,N3,0.000874,0.001205,0.010479,0.081405
916,N3,0.018262,0.013535,0.032782,0.221930
917,N3,0.002010,0.033615,0.117106,0.058874
918,N3,0.009142,0.053287,0.086667,0.266124
919,N3,0.018158,0.029127,0.089615,0.079998
920,N3,0.002363,0.002831,0.028728,0.293450
921,N3,0.003299,0.002355,0.062581,0.005521
922,N3,0.002182,0.003247,0.031786,0.159969
923,N3,0.004185,0.028259,0.043083,0.011819
924,N3,0.025446,0.039656,0.098747,0.000000
925,N3,0.002794,0.000235,0.028275,0.134544
926,N3,0.010145,0.013355,0.028131,0.102609
927,N3,0.038940,0.002994,0.127301,0.106513
928,N3,0.005946,0.001984,0.024434,0.021859
929,N3,0.006210,0.033473,0.076082,0.035711
930,N3,0.001944,0.005876,0.188654,0.000000
931,N3,0.001724,0.013546,0.045648,0.016685
932,N3,0.005415,0.014163,0.045293,0.000000
933,N3,0.008774,0.013064,0.023963,0.055194
934,N3,0.002368,0.012971,0.051092,0.107759
935,N3,0.019290,0.012727,0.020686,0.000000
937,N3,0.004873,0.040412,0.063636,0.046311
938,N3,0.001777,0.006321,0.080637,0.123498
939,N3,0.006461,0.000730,0.028606,0.065159
940,N3,0.006630,0.001222,0.022243,0.052105
941,N3,0.001605,0.002183,0.018253,0.073135
942,N3,0.001792,0.042908,0.057113,0.055507
943,N3,0.002411,0.002387,0.023999,0.057105
944,N3,0.013041,0.014105,0.042251,0.189350
945,N3,0.015528,0.004895,0.040347,0.076117
946,N3,0.007283,0.003386,0.020387,0.123783
947,N3,0.012449,0.003518,0.023591,0.126508
948,N3,0.002421,0.002987,0.059545,0.218758
949,N3,0.003869,0.014210,0.033558,0.000000
950,N3,0.004734,0.004285,0.045281,0.016347
951,N3,0.003095,0.000643,0.034722,0.093880
952,N3,0.002523,0.002522,0.021173,0.026355
953,N3,0.002484,0.015684,0.080600,0.007760
954,N3,0.001358,0.003640,0.070996,0.065061
955,N3,0.002123,0.003356,0.047966,0.021503
956,N3,0.001141,0.003960,0.076632,0.000000
957,N3,0.000850,0.000895,0.015387,0.027601
958,N3,0.016596,0.015837,0.039447,0.065353
959,N3,0.004926,0.028940,0.059872,0.022718
960,N3,0.006893,0.001224,0.024519,0.000000
961,N3,0.014209,0.001313,0.049380,0.098337
962,N3,0.008598,0.012784,0.062250,0.022252
963,N3,0.007699,0.005047,0.036719,0.000000
964,N3,0.006448,0.000951,0.048238,0.078415
965,N3,0.001965,0.026953,0.048878,0.089241
966,N3,0.003209,0.004005,0.029826,0.000000
967,N3,0.006069,0.001001,0.030876,0.000000
968,N3,0.000504,0.015245,0.079365,0.229732
969,N3,0.004461,0.001536,0.079799,0.000000
970,N3,0.002430,0.002738,0.038634,0.037645
971,N3,0.001347,0.016534,0.049588,0.241030
972,N3,0.005097,0.002260,0.030539,0.004802
973,N3,0.005194,0.000283,0.048629,0.050430
974,N3,0.042632,0.002757,0.012911,0.118752
975,N3,0.001642,0.000403,0.018026,0.036113
976,N3,0.049354,0.000558,0.042773,0.116954
977,N2,0.053880,0.000828,0.048700,0.205141
978,N2,0.013126,0.001109,0.018465,0.000000
979,N2,0.004775,0.027914,0.059406,0.157550
980,N2,0.005779,0.002167,0.012303,0.046854
981,N2,0.022390,0.000709,0.016237,0.000000
982,N2,0.079063,0.001929,0.009692,0.000000
983,N2,0.003002,0.040421,0.055148,0.093650
984,N2,0.013911,0.031190,0.065210,0.036200
985,N3,0.038020,0.000306,0.028938,0.400011
986,N2,0.010395,0.006099,0.012255,0.138568
987,N2,0.009534,0.000231,0.028237,0.114032
988,N2,0.007931,0.005134,0.026265,0.006309
989,N2,0.002097,0.002188,0.026039,0.010233
990,N2,0.024673,0.002475,0.028179,0.055272
991,N3,0.024078,0.003404,0.015703,0.000000
992,N3,0.023424,0.026048,0.042681,0.145490
993,N3,0.005217,0.005550,0.025854,0.227269
994,N2,0.050491,0.004511,0.023882,0.050319
995,N2,0.046413,0.005224,0.029479,0.165303
996,N2,0.015131,0.007631,0.022468,0.167682
997,N2,0.039758,0.004529,0.011100,0.084956
998,N2,0.093250,0.007191,0.025662,0.339126
999,N2,0.022010,0.067481,0.094841,0.371257
1000,N2,0.030150,0.008190,0.025565,0.030842
1001,R,0.073290,0.012604,0.021239,0.065494
1002,R,0.051115,0.000392,0.030002,0.156366
1003,R,0.003447,0.004298,0.010662,0.035307
1004,R,0.129729,0.002004,0.005313,0.007004
1005,R,0.008447,0.000952,0.011794,0.110757
1006,R,0.041919,0.000461,0.006210,0.018793
1007,R,0.040527,0.011848,0.020813,0.000000
1008,R,0.020914,0.001089,0.009080,0.079593
1009,R,0.021014,0.003201,0.017512,0.078275
1010,R,0.020452,0.004473,0.010718,0.459236
1011,R,0.013828,0.006917,0.022517,0.239993
1012,R,0.026335,0.001353,0.012666,0.000788
1013,R,0.025104,0.002026,0.008942,0.461925
1014,R,0.029330,0.002962,0.028731,0.034479
1015,R,0.074147,0.001961,0.022042,0.147977
1016,R,0.125964,0.000627,0.005074,0.331587
1017,R,0.040194,0.001474,0.013698,0.030572
1018,R,0.159972,0.002299,0.014610,0.209200
1019,R,0.002913,0.000322,0.022355,0.581168
1020,R,0.031356,0.013489,0.023467,0.145733
1021,N2,0.022209,0.005670,0.019755,0.042743
1022,N2,0.047651,0.002840,0.016603,0.082623
1023,N2,0.028162,0.004522,0.010412,0.000000
1024,N2,0.001302,0.000515,0.025638,0.112121
1025,N2,0.018864,0.010859,0.062822,0.000000
1026,N2,0.069196,0.004561,0.034933,0.204077
1027,N2,0.004125,0.002448,0.021852,0.015289
1028,N2,0.062465,0.001248,0.021620,0.058761
1029,N2,0.037381,0.003433,0.013738,0.170723
1030,N2,0.048401,0.005534,0.035125,0.121102
1031,N2,0.024043,0.000830,0.013746,0.083902
1032,N2,0.040073,0.001415,0.010279,0.089861
1033,N2,0.015160,0.002830,0.027014,0.291529
1034,N2,0.027286,0.001160,0.020609,0.174344
1035,N2,0.045493,0.003688,0.022542,0.137522
1036,N2,0.056995,0.001107,0.025180,0.015650
1037,N3,0.008083,0.001080,0.014608,0.043743
1038,N2,0.018050,0.001219,0.017735,0.130628
1039,N2,0.014303,0.005019,0.024945,0.076981
1040,N2,0.008897,0.001060,0.016389,0.142833
1041,N2,0.027747,0.003272,0.018673,0.273702
1042,N3,0.008108,0.001141,0.017217,0.000000
1043,N2,0.006457,0.000133,0.030250,0.126599
1044,N3,0.006828,0.004735,0.041172,0.152107
1045,N3,0.008032,0.000306,0.008546,0.157671
1046,N3,0.005925,0.006507,0.051386,0.000000
1047,N3,0.003786,0.002217,0.025696,0.015299
1048,N3,0.011980,0.003661,0.018669,0.020275
1049,N3,0.001744,0.003290,0.022667,0.072428
1050,N3,0.002512,0.030028,0.065712,0.298792
1051,N3,0.005218,0.048820,0.179955,0.284421
1052,N3,0.040486,0.053411,0.072441,0.048822
1053,N3,0.012134,0.013042,0.019813,0.116542
1054,N3,0.026385,0.003272,0.012350,0.088733
1055,N3,0.014733,0.001893,0.016497,0.000000
1056,N3,0.001878,0.026534,0.043848,0.094615
1057,N3,0.003360,0.000669,0.011444,0.397671
1058,N3,0.005879,0.014021,0.050984,0.000000
1059,N3,0.003553,0.000285,0.005183,0.000000
1060,N3,0.008271,0.002509,0.056726,0.253073
1061,N3,0.005956,0.025860,0.037135,0.178499
1062,N3,0.013298,0.004684,0.012682,0.093372
1063,N3,0.006851,0.001082,0.035128,0.156530
1064,N3,0.012712,0.014029,0.032671,0.298601
1065,N3,0.001796,0.000715,0.016770,0.000000
1066,N3,0.004042,0.026112,0.063149,0.131328
1067,N3,0.017197,0.001334,0.040586,0.000000
1068,N3,0.005236,0.000791,0.058297,0.015155
1069,N3,0.004781,0.007843,0.138318,0.067995
1070,N3,0.001865,0.031993,0.087892,0.104726
1071,N3,0.001637,0.005630,0.046530,0.087405
1072,N3,0.003275,0.001088,0.008171,0.008889
1073,N3,0.021044,0.013015,0.084880,0.000000
1074,N3,0.003785,0.014952,0.064818,0.044817
1075,N3,0.010511,0.000128,0.029736,0.189180
1076,N3,0.005193,0.000429,0.042139,0.000000
1077,N3,0.003787,0.013846,0.035215,0.083930
1078,N3,0.002903,0.027539,0.044362,0.002325
1079,N3,0.002338,0.028478,0.060267,0.134760
1080,N3,0.013650,0.068189,0.075724,0.050329
1081,N3,0.004335,0.000982,0.024659,0.040436
1082,N3,0.006122,0.002692,0.029223,0.105046
1083,N3,0.009953,0.001231,0.034698,0.255799
1084,N3,0.002883,0.000513,0.018557,0.090720
1085,N3,0.038405,0.001318,0.024818,0.066248
1086,N3,0.005892,0.000258,0.018078,0.011627
1087,N3,0.002263,0.001181,0.017295,0.090925
1088,N3,0.078820,0.001194,0.022310,0.066495
1089,N3,0.005623,0.000651,0.023267,0.069077
1090,N3,0.008631,0.002618,0.033093,0.074715
1091,N3,0.006955,0.026362,0.039274,0.012587
1092,N3,0.010239,0.004313,0.027255,0.070626
1093,N3,0.003659,0.003607,0.023876,0.080026
1094,N3,0.016957,0.001134,0.014492,0.156852
1095,N3,0.001375,0.068460,0.100721,0.028398
1096,N3,0.046932,0.003545,0.018249,0.000000
1097,N3,0.015310,0.001958,0.015015,0.480262
1098,N3,0.007458,0.002064,0.006568,0.000000
1099,N3,0.019547,0.028753,0.052126,0.026012
1100,N3,0.006170,0.052914,0.084372,0.076867
1101,N3,0.007700,0.001520,0.012549,0.201991
1102,N3,0.004011,0.013109,0.078873,0.137294
1103,N3,0.016889,0.026051,0.048537,0.000000
1104,N3,0.002144,0.000744,0.038783,0.151162
1105,N3,0.011949,0.000962,0.005956,0.125974
1106,N3,0.004955,0.001558,0.006820,0.042157
1107,N3,0.007803,0.001670,0.024787,0.370049
1108,N3,0.012284,0.014089,0.033073,0.075550
1109,N3,0.012314,0.001581,0.038538,0.063781
1110,N3,0.006696,0.002752,0.036310,0.047462
1111,N3,0.002841,0.026581,0.039926,0.282165
1112,N3,0.009779,0.000394,0.023923,0.017333
1113,N3,0.011986,0.007025,0.062334,0.017575
1114,N3,0.039598,0.002166,0.054697,0.290063
1115,N3,0.096620,0.000602,0.024065,0.163000
1116,W,0.047924,0.001745,0.023041,0.149402
1117,N1,0.017956,0.000880,0.011644,0.000000
1118,N1,0.041625,0.003332,0.015754,0.163987
1119,N2,0.035860,0.001156,0.027031,0.048111
1120,N2,0.028496,0.001595,0.010926,0.000000
1121,N2,0.024417,0.000958,0.009628,0.473469
1122,N2,0.005459,0.000445,0.019320,0.087853
1123,N2,0.014050,0.001199,0.014479,0.041516
1124,N2,0.027811,0.001565,0.016303,0.130235
1125,N2,0.004088,0.001584,0.014245,0.140182
1126,N2,0.021346,0.003703,0.016195,0.000000
1127,N2,0.007593,0.003525,0.020438,0.119311
1128,N2,0.137888,0.001386,0.016555,0.082144
1129,N3,0.006484,0.007373,0.033597,0.005825
1130,N2,0.049762,0.027476,0.052128,0.221907
1131,N2,0.010555,0.002768,0.023127,0.139179
1132,N2,0.083212,0.013084,0.030512,0.000000
1133,N2,0.041505,0.000404,0.007337,0.243550
1134,R,0.019717,0.003016,0.020423,0.069370
1135,R,0.017422,0.006198,0.010448,0.054566
1136,R,0.102965,0.081105,0.091660,0.120058
1137,R,0.009926,0.005427,0.016363,0.000000
1138,R,0.085268,0.005573,0.016109,0.259620
1139,R,0.004464,0.001220,0.025500,0.194490
1140,R,0.013401,0.001438,0.007025,0.020980
1141,R,0.039180,0.002113,0.009103,0.056463
1142,R,0.109917,0.002531,0.017080,0.035081
1143,W,0.164895,0.001076,0.005581,0.437901
1144,N1,0.018403,0.001311,0.006159,0.135248
1145,N2,0.005505,0.006130,0.017271,0.063855
1146,W,0.079692,0.003998,0.015970,0.067170
1147,N1,0.078057,0.001449,0.009814,0.018177
1148,N1,0.017439,0.000658,0.008758,0.038141
1149,R,0.010732,0.000776,0.008049,0.000000
1150,R,0.036326,0.000189,0.016211,0.091134
1151,R,0.021076,0.000975,0.015858,0.000000
1152,R,0.014442,0.008992,0.043036,0.160691
1153,R,0.019586,0.002750,0.008647,0.183113
1154,R,0.002982,0.002466,0.014430,0.201057
1155,R,0.010503,0.000544,0.014638,0.160736
1156,R,0.007469,0.008376,0.019631,0.640610
1157,R,0.026487,0.000130,0.004611,0.272151
1158,R,0.030868,0.002560,0.009548,0.097055
1159,R,0.035392,0.000337,0.003254,0.000000
1160,R,0.013490,0.000464,0.013269,0.070332
1161,R,0.037420,0.001206,0.017467,0.048494
1162,R,0.017704,0.000521,0.018519,0.098901
1163,R,0.020480,0.001524,0.009634,0.092910
1164,R,0.036116,0.003552,0.020514,0.114888
1165,R,0.048816,0.003013,0.043718,0.035947
1166,R,0.015563,0.002120,0.018133,0.090406
1167,R,0.041476,0.004450,0.014365,0.212398
1168,R,0.291815,0.003042,0.011645,0.169724
1169,R,0.108212,0.002423,0.008220,0.122160
1170,R,0.023472,0.002940,0.012414,0.099858
1171,R,0.023977,0.003658,0.014363,0.000000
1172,R,0.008932,0.004422,0.020336,0.000539
1173,R,0.081070,0.000600,0.014807,0.415452
1174,R,0.083732,0.000321,0.006939,0.399416
1175,R,0.042379,0.002949,0.006387,0.110968
1176,R,0.055912,0.004006,0.015436,0.679041
1177,R,0.113534,0.003363,0.030577,0.231261
1178,R,0.022603,0.007453,0.016133,0.561520
1179,R,0.037992,0.001638,0.007028,0.234232
1180,R,0.061923,0.002104,0.013403,0.044537
1181,R,0.092646,0.000288,0.003033,0.397666
1182,R,0.024899,0.003671,0.012955,0.030383
1183,R,0.007373,0.003228,0.008877,0.305844
1184,R,0.030705,0.001124,0.009728,0.164653
1185,R,0.016816,0.000660,0.006384,0.045503
1186,R,0.076185,0.000649,0.024138,0.405919
1187,R,0.011745,0.003391,0.017029,0.272765
1188,R,0.078652,0.004820,0.014085,0.092916
1189,R,0.027189,0.004071,0.015238,0.018460
1190,R,0.007072,0.002000,0.015965,0.033338
1191,R,0.032265,0.002258,0.015510,0.000000
1192,R,0.021708,0.000154,0.004192,0.052710
1193,N2,0.013614,0.000913,0.021862,0.000000
1194,N2,0.044525,0.000464,0.014009,0.000000
1195,N2,0.021433,0.002977,0.009424,0.037920
1196,R,0.022381,0.000679,0.010590,0.043526
1197,R,0.006598,0.000235,0.011328,0.009539
1198,N2,0.016974,0.001001,0.008359,0.033964
1199,N2,0.030633,0.002049,0.025153,0.385591
1200,N2,0.020321,0.002818,0.009480,0.060971
1201,N2,0.016772,0.003022,0.009304,0.372302
1202,N2,0.036673,0.001185,0.006158,0.023912
1203,N2,0.043688,0.005785,0.021990,0.055409
1204,N2,0.052639,0.000822,0.005442,0.139037
1205,R,0.014948,0.000108,0.007725,0.071014
1206,R,0.047822,0.002804,0.011230,0.013058
1207,R,0.028026,0.001636,0.015085,0.357542
1208,N2,0.023216,0.000531,0.011203,0.018143
1209,N2,0.020125,0.002363,0.017582,0.000000
1210,N2,0.027134,0.001965,0.015096,0.052629
1211,N2,0.002791,0.005688,0.013317,0.056047
1212,N2,0.015362,0.001247,0.005739,0.053776
1213,N2,0.019756,0.003773,0.020358,0.000000
1214,N2,0.018575,0.004166,0.010471,0.285532
1215,N2,0.003260,0.000460,0.007116,0.122189
1216,N2,0.005599,0.002149,0.018726,0.079506
1217,N2,0.007696,0.003522,0.022118,0.006883
1218,W,0.272377,0.003784,0.006872,0.621326
1219,N1,0.026981,0.000301,0.002929,0.205199
1220,N1,0.017856,0.006356,0.040939,0.000000
1221,W,0.025974,0.001714,0.134883,0.048005
1222,W,0.342401,0.006422,0.017473,0.108600
1223,W,0.021804,0.004807,0.026201,0.085293
1224,W,0.044443,0.007914,0.019847,0.042954
1225,W,0.010937,0.001025,0.018557,0.316349
1226,W,0.021643,0.001506,0.015733,0.267304
1227,W,0.026432,0.013967,0.063367,0.784071
1228,W,0.018151,0.006622,0.012800,0.583663
1229,W,0.016166,0.001770,0.014826,0.489267
1230,N1,0.014548,0.007803,0.031020,0.234293
1231,N1,0.014576,0.005238,0.026322,0.062537
1232,W,0.026563,0.006086,0.025618,0.317132
1233,W,0.058293,0.017846,0.071064,0.006305
1234,W,0.113239,0.001155,0.005430,0.309405
1235,W,0.072817,0.014142,0.032667,0.269650
1236,W,0.224234,0.000699,0.005045,0.498328
1237,N1,0.021171,0.001792,0.015874,0.084042
1238,N2,0.023087,0.003788,0.023590,0.077998
1239,N2,0.035603,0.000368,0.011544,0.000000
1240,N2,0.011789,0.001827,0.014522,0.048353
1241,N2,0.008220,0.002568,0.014971,0.086546
1242,N2,0.021679,0.039887,0.073654,0.054775
1243,N2,0.020993,0.000857,0.013687,0.307231
1244,N2,0.009244,0.001221,0.007362,0.054459
1245,N2,0.011577,0.002853,0.019073,0.165839
1246,N2,0.004348,0.000223,0.013670,0.211620
1247,N2,0.006428,0.002503,0.016721,0.003929
1248,N2,0.007569,0.003761,0.013860,0.037795
1249,N2,0.004874,0.002229,0.011311,0.038221
1250,N2,0.028281,0.001293,0.013378,0.052501
1251,N2,0.008259,0.004713,0.012195,0.194889
1252,N2,0.055223,0.002024,0.009294,0.088478
1253,N2,0.012973,0.005662,0.031885,0.020718
1254,N2,0.010622,0.000495,0.012484,0.333266
1255,N2,0.019236,0.002611,0.025200,0.078434
1256,N2,0.007292,0.000416,0.033566,0.000000
1257,N2,0.027774,0.003589,0.020920,0.148037
1258,N2,0.013822,0.000607,0.005611,0.071191
1259,N2,0.013258,0.000515,0.004674,0.203198
1260,N2,0.011597,0.002651,0.021997,0.051797
1261,N2,0.002037,0.008015,0.038434,0.052517
1262,N2,0.011808,0.001262,0.018647,0.000000
1263,N2,0.013350,0.000958,0.004962,0.022097
1264,N2,0.010911,0.004325,0.035684,0.284142
1265,N2,0.049288,0.004892,0.009479,0.000000
1266,N2,0.019123,0.030217,0.049979,0.442294
1267,N2,0.008504,0.005673,0.046421,0.275089
1268,N2,0.008095,0.001932,0.013583,0.000000
1269,N2,0.010697,0.000316,0.015779,0.019527
1270,N2,0.005492,0.005582,0.052233,0.086705
1271,N2,0.013437,0.009295,0.028353,0.053635
1272,N3,0.001276,0.013096,0.023650,0.313439
1273,N2,0.009504,0.001662,0.018906,0.074669
1274,N3,0.009558,0.000265,0.032647,0.037404
1275,N3,0.004445,0.016494,0.038458,0.001390
1276,N3,0.006613,0.001660,0.007447,0.314411
1277,N3,0.002361,0.001477,0.016899,0.485730
1278,N3,0.022875,0.000523,0.020794,0.007708
1279,N3,0.022951,0.000974,0.008359,0.162615
1280,N3,0.026538,0.001148,0.021667,0.063105
1281,N2,0.015609,0.001513,0.005859,0.398326
1282,N2,0.004820,0.000868,0.013719,0.171890
1283,N3,0.012187,0.001008,0.020812,0.019639
1284,N3,0.008687,0.039444,0.063609,0.103191
1285,N3,0.005889,0.066461,0.113710,0.025058
1286,N3,0.022482,0.002015,0.031432,0.057757
1287,N3,0.024651,0.001582,0.027276,0.000000
1288,N3,0.017978,0.000736,0.069397,0.048171
1289,N3,0.007557,0.001057,0.026887,0.123011
1290,N3,0.024663,0.013003,0.058830,0.182873
1291,N3,0.005366,0.000578,0.019513,0.000000
1292,N3,0.007516,0.040830,0.050563,0.090305
1293,N3,0.001197,0.054248,0.097957,0.645162
1294,N3,0.009331,0.012811,0.037086,0.126649
1295,N3,0.014377,0.005392,0.040198,0.047454
1296,N3,0.003857,0.001269,0.011553,0.033892
1297,N3,0.000983,0.001602,0.022158,0.014064
1298,N3,0.023709,0.000449,0.015596,0.029257
1299,N3,0.019118,0.027251,0.065916,0.088477
1300,N3,0.001727,0.001878,0.006773,0.019916
1301,N3,0.001153,0.027964,0.053616,0.350468
1302,N3,0.002836,0.027075,0.064600,0.030173
1303,N3,0.007300,0.000408,0.011282,0.110402
1304,N3,0.003234,0.013465,0.040978,0.006137
1305,N3,0.002611,0.025941,0.057136,0.091116
1306,N3,0.043910,0.014856,0.039148,0.178393
1307,N3,0.004585,0.000529,0.025165,0.131653
1308,N3,0.017481,0.000644,0.042705,0.071692
1309,N3,0.084084,0.080921,0.102765,0.160882
1310,N2,0.020147,0.002289,0.017884,0.151072
1311,N2,0.022405,0.002781,0.009715,0.078466
1312,N2,0.020438,0.008077,0.062639,0.000000
1313,N2,0.014597,0.004768,0.013535,0.028433
1314,N2,0.069239,0.000400,0.001124,0.054085
1315,N2,0.009640,0.002773,0.012649,0.228337
1316,N2,0.049264,0.001037,0.033865,0.000000
1317,N2,0.013642,0.001948,0.007450,0.226968
1318,N2,0.041176,0.001042,0.008575,0.126182
1319,N2,0.003744,0.002732,0.014714,0.069853
1320,N2,0.071888,0.001996,0.014016,0.021315
1321,N2,0.008800,0.002064,0.016333,0.000000
1322,N2,0.008091,0.006346,0.030283,0.056725
1323,N2,0.020788,0.004529,0.017266,0.109298
1324,N2,0.048163,0.008985,0.037604,0.073729
1325,N2,0.045939,0.004647,0.018556,0.072589
1326,N2,0.046983,0.001030,0.009223,0.002867
1327,N2,0.017097,0.001876,0.029662,0.052046
1328,N2,0.004899,0.005308,0.022410,0.065495
1329,N3,0.012006,0.045852,0.079281,0.060306
1330,N2,0.009965,0.001491,0.012901,0.018960
1331,N2,0.007050,0.000895,0.025949,0.103292
1332,N2,0.006687,0.007487,0.053091,0.060961
1333,N1,0.296739,0.000478,0.039432,0.149281
1334,W,0.212755,0.006949,0.012303,0.291325
1335,N1,0.053659,0.041130,0.046798,0.313011
1336,N2,0.006401,0.005909,0.013405,0.178260
1337,N2,0.016545,0.001175,0.018797,0.082468
1338,N2,0.191422,0.003820,0.014418,0.257785
1339,W,0.209549,0.001905,0.010751,0.267737
1340,N1,0.010675,0.000954,0.021127,0.089047
1341,N2,0.001168,0.000462,0.013594,0.099274
1342,N2,0.022774,0.001876,0.011676,0.033811
1343,N2,0.004761,0.000231,0.012512,0.222862
1344,N2,0.033689,0.005318,0.021768,0.232247
1345,N2,0.004514,0.000608,0.007303,0.204716
1346,N2,0.041550,0.000727,0.008599,0.175345
1347,N2,0.003997,0.000968,0.006026,0.000000
1348,R,0.008273,0.001397,0.006421,0.316210
1349,R,0.016115,0.000549,0.010476,0.219779
1350,R,0.036310,0.004530,0.027522,0.148096
1351,R,0.039102,0.003072,0.019198,0.000000
1352,R,0.082283,0.000338,0.013142,0.092095
1353,R,0.028267,0.005750,0.028365,0.185793
1354,R,0.039742,0.002431,0.024424,0.000000
1355,R,0.108029,0.000221,0.023143,0.084850
1356,R,0.027704,0.001083,0.006726,0.105268
1357,R,0.029785,0.001729,0.010659,0.221585
1358,R,0.011306,0.005683,0.015149,0.110213
1359,R,0.011061,0.000604,0.015554,0.080717
1360,R,0.012672,0.002047,0.006346,0.190115
1361,R,0.003000,0.003129,0.012433,0.000000
1362,R,0.032527,0.000638,0.007855,0.189361
1363,R,0.265752,0.004076,0.021664,0.193236
1364,W,0.023780,0.007225,0.024014,0.048302
1365,W,0.112673,0.003587,0.008091,0.110646
1366,N1,0.051560,0.002134,0.011796,0.000000
1367,N2,0.051612,0.003899,0.017290,0.116864
1368,N2,0.046427,0.003451,0.010047,0.143744
1369,N2,0.088153,0.007939,0.029391,0.228322
1370,N2,0.019064,0.001430,0.032789,0.000000
1371,N2,0.047519,0.001943,0.030253,0.014986
1372,N2,0.024489,0.007379,0.049186,0.415500
1373,N2,0.010581,0.004916,0.020348,0.154222
1374,N2,0.011854,0.001764,0.007961,0.728337
1375,N2,0.315750,0.008587,0.039026,0.292857
1376,W,0.052236,0.001614,0.025780,0.447801
1377,N1,0.062691,0.002034,0.044487,0.167079
1378,N1,0.217680,0.000448,0.009811,0.154031
1379,W,0.204809,0.009523,0.040369,0.240838
1380,W,0.230869,0.004448,0.015136,0.643757
1381,W,0.171040,0.008682,0.033039,0.189913
1382,W,0.081494,0.003645,0.018093,0.504868
1383,W,0.036492,0.005606,0.035424,0.154293
1384,W,0.066496,0.000277,0.003979,0.179710
1385,W,0.013303,0.002336,0.020694,0.419143
1386,W,0.031653,0.003467,0.010105,0.402861
1387,W,0.082745,0.009228,0.014385,0.321668
1388,W,0.100322,0.000780,0.013953,0.300969
1389,W,0.006301,0.000310,0.017045,0.033297
1390,W,0.164942,0.009372,0.019240,0.044414
1391,W,0.009325,0.004149,0.022450,0.100981
1392,W,0.233064,0.002359,0.047520,0.130332
1393,W,0.192520,0.002760,0.022511,0.202134
1394,W,0.096877,0.009334,0.031683,0.095875
1395,W,0.016810,0.025013,0.080441,0.109483
1396,W,0.007115,0.009449,0.034951,0.387997
1397,W,0.020919,0.002961,0.024918,0.000000
1398,W,0.030264,0.011454,0.071698,0.000000
1399,N1,0.010807,0.001741,0.012840,0.000000
1400,W,0.113724,0.012404,0.031323,0.117327
1401,W,0.005320,0.001311,0.006496,0.000000
1402,W,0.011175,0.012134,0.050916,0.788196
1403,W,0.043881,0.001394,0.009417,0.283380
1404,W,0.005827,0.001661,0.024356,0.220504
1405,W,0.017269,0.003833,0.023992,0.153560
1406,W,0.015569,0.008458,0.064514,0.148043
1407,N1,0.197781,0.002142,0.022115,0.146958
1408,N1,0.071900,0.002641,0.009694,0.202810
1409,N1,0.007467,0.001020,0.017226,0.022984
1410,N2,0.022271,0.000588,0.010601,0.000000
1411,N2,0.014068,0.002236,0.026462,0.011270
0,W,0.000843,0.002824,0.014771,0.095714
1,W,0.024475,0.000183,0.009459,0.104122
2,W,0.096243,0.002283,0.039150,0.224320
3,W,0.071960,0.000862,0.005724,0.404115
4,W,0.008327,0.000742,0.006522,1.057311
5,W,0.193200,0.000683,0.014553,0.563428
6,W,0.002191,0.002392,0.012469,0.357357
7,W,0.005649,0.001105,0.029009,0.800451
8,W,0.019441,0.002258,0.007458,0.257519
9,W,0.001277,0.000974,0.008585,0.247210
10,W,0.001632,0.001301,0.020833,1.135142
11,W,0.009812,0.000706,0.014501,0.806560
12,W,0.003793,0.006558,0.013210,1.114811
13,W,0.018251,0.002972,0.032079,0.574444
14,W,0.006087,0.004812,0.008953,0.676196
15,W,0.097006,0.004095,0.017760,0.650056
16,W,0.039774,0.002037,0.009163,0.630245
17,W,0.010910,0.000973,0.007612,0.488911
18,W,0.008117,0.000545,0.005553,0.948154
19,W,0.021669,0.000623,0.001278,0.597728
20,W,0.011377,0.001359,0.022748,0.902622
21,W,0.005816,0.002836,0.013317,1.127177
22,W,0.009790,0.000115,0.004659,1.341791
23,W,0.014646,0.001333,0.019397,0.372291
24,W,0.018554,0.005337,0.015062,0.859086
25,W,0.037121,0.000886,0.015455,0.474959
26,W,0.013310,0.000514,0.008124,0.750503
27,W,0.011430,0.000644,0.007907,1.348294
28,W,0.048434,0.002798,0.010717,0.497586
29,W,0.022295,0.000383,0.006705,0.569339
30,W,0.063328,0.001731,0.019150,0.395128
31,W,0.016033,0.000191,0.005674,0.186209
32,W,0.012231,0.002137,0.011250,0.617264
33,W,0.014500,0.000084,0.006777,0.261847
34,W,0.008975,0.001378,0.009466,0.753853
35,W,0.068232,0.001925,0.018228,0.708792
36,W,0.003705,0.002434,0.010405,0.712881
37,W,0.015223,0.001089,0.020979,0.217230
38,W,0.004905,0.002130,0.020428,0.476779
39,W,0.058881,0.000855,0.017846,0.279654
40,W,0.014714,0.001406,0.011669,0.362689
41,W,0.038127,0.003794,0.027307,0.558964
42,W,0.021579,0.001264,0.005173,0.547544
43,W,0.010978,0.003055,0.015707,0.594647
44,W,0.014429,0.000195,0.001080,0.798140
45,W,0.010689,0.000136,0.028031,0.357531
46,W,0.052316,0.000911,0.009742,0.418646
47,W,0.079496,0.000843,0.006483,0.525465
48,W,0.019794,0.001919,0.010121,0.311900
49,W,0.020825,0.002275,0.018503,0.479183
50,W,0.031920,0.001998,0.008093,0.379083
51,W,0.007117,0.002811,0.012949,0.906794
52,W,0.004892,0.000196,0.005972,0.535520
53,W,0.003071,0.000879,0.013546,1.244506
54,W,0.010524,0.000568,0.004741,0.703614
55,W,0.044389,0.000152,0.006957,0.564497
56,W,0.019504,0.002213,0.010091,0.440484
57,W,0.011692,0.000948,0.019987,0.469309
58,W,0.003209,0.000347,0.007780,0.605135
59,W,0.003380,0.000150,0.014681,0.346067
60,W,0.019272,0.002277,0.017053,0.505147
61,W,0.065458,0.000857,0.024305,0.261374
62,W,0.028269,0.000122,0.021141,0.295915
63,W,0.005146,0.000956,0.011709,0.966711
64,W,0.012771,0.000722,0.020895,0.401314
65,W,0.025924,0.001649,0.020229,0.623026
66,W,0.025399,0.001966,0.011405,0.534177
67,W,0.002074,0.001742,0.015392,0.561245
68,W,0.158071,0.004146,0.018188,0.274371
69,W,0.014977,0.001168,0.015694,0.827096
70,W,0.031449,0.000634,0.014238,0.645842
71,W,0.009819,0.000421,0.020659,0.284347
72,W,0.034801,0.004327,0.019428,0.457608
73,W,0.005091,0.003989,0.026233,1.269592
74,W,0.002605,0.004512,0.011855,0.111987
75,W,0.068117,0.001874,0.007069,0.629491
76,W,0.002747,0.000451,0.001923,0.815047
77,W,0.000751,0.002056,0.006736,1.057392
78,W,0.003041,0.000546,0.013490,0.236189
79,W,0.000871,0.002410,0.028918,0.630480
80,W,0.000283,0.001665,0.032793,0.741807
81,W,0.001751,0.003493,0.034986,0.496133
82,W,0.003214,0.001747,0.023503,0.381726
83,W,0.043432,0.007571,0.032861,0.147150
84,W,0.011992,0.002790,0.009912,0.109454
85,W,0.020447,0.001801,0.040045,0.567481
86,W,0.010864,0.001164,0.019074,0.445593
87,W,0.002844,0.000920,0.031139,0.511216
88,W,0.004441,0.000831,0.007974,0.739375
89,W,0.001567,0.000948,0.014834,0.523315
90,W,0.001130,0.004542,0.065616,0.326640
91,W,0.001133,0.001748,0.035664,0.448899
92,W,0.002324,0.000849,0.030580,0.409404
93,W,0.008523,0.001452,0.017358,0.658628
94,W,0.002951,0.000522,0.033984,0.498435
95,W,0.002331,0.001465,0.039898,0.479517
96,W,0.001694,0.002260,0.057110,0.724691
97,W,0.000791,0.000250,0.051827,0.644654
98,W,0.004480,0.000288,0.031989,0.511004
99,W,0.004742,0.000747,0.028800,0.655900
100,W,0.002598,0.001332,0.022520,0.774743
101,W,0.005769,0.004720,0.059350,0.659354
102,W,0.041082,0.001309,0.011164,0.383727
103,W,0.019171,0.001448,0.003858,0.243153
104,W,0.005007,0.000625,0.018876,0.908103
105,W,0.025025,0.002123,0.021767,0.623028
106,W,0.019984,0.001038,0.010850,1.364156
107,W,0.017810,0.000268,0.019265,0.917293
108,W,0.025636,0.000441,0.005730,0.941761
109,W,0.042194,0.000234,0.017121,0.712013
110,W,0.008191,0.001788,0.012316,0.405909
111,W,0.003936,0.000660,0.016092,0.872856
112,W,0.013739,0.000626,0.010996,0.767622
113,W,0.043165,0.004222,0.009167,0.455319
114,W,0.007742,0.000347,0.008034,1.067553
115,W,0.015587,0.001639,0.009248,0.395494
116,W,0.016162,0.003395,0.010787,0.466933
117,W,0.025882,0.001044,0.005736,0.590900
118,W,0.015869,0.002565,0.008645,0.243248
119,W,0.025125,0.001187,0.006077,0.502783
120,W,0.002683,0.001245,0.009709,0.563586
121,W,0.038311,0.001279,0.005027,0.803102
122,W,0.004192,0.002154,0.014294,0.368472
123,W,0.007887,0.001775,0.018553,0.427884
124,W,0.044749,0.000867,0.015628,0.441978
125,W,0.015520,0.000583,0.006641,0.556815
126,W,0.005311,0.002452,0.005449,0.614600
127,W,0.015049,0.000556,0.005000,0.266590
128,W,0.055289,0.001644,0.013113,0.417474
129,W,0.004456,0.002302,0.009344,0.420012
130,W,0.030376,0.002220,0.008655,0.512493
131,W,0.011458,0.000689,0.004083,0.244285
132,W,0.022766,0.001291,0.005997,0.555046
133,W,0.032848,0.001110,0.006096,0.409639
134,W,0.026944,0.000344,0.008600,0.468982
135,W,0.024316,0.000349,0.005853,0.534811
136,W,0.003595,0.002606,0.011206,0.777622
137,W,0.002681,0.003707,0.018398,0.908153
138,W,0.028791,0.000916,0.002425,1.146508
139,W,0.019646,0.000929,0.009545,0.549910
140,W,0.041463,0.000476,0.006943,0.460541
141,W,0.004437,0.000832,0.016514,0.637887
142,W,0.030343,0.001081,0.009645,0.829791
143,W,0.001723,0.000549,0.009286,0.685467
144,W,0.004931,0.002613,0.012583,0.356491
145,W,0.012875,0.003004,0.009150,0.673353
146,W,0.003408,0.000285,0.014872,0.404207
147,W,0.032722,0.001070,0.004090,0.551487
148,W,0.013770,0.000894,0.016633,0.704272
149,W,0.032372,0.008167,0.030606,0.827843
150,W,0.009454,0.000087,0.003744,0.450142
151,W,0.003547,0.006629,0.043005,0.668729
152,W,0.015378,0.002702,0.014908,0.600663
153,W,0.004566,0.000581,0.017535,0.712866
154,W,0.002099,0.000628,0.013647,0.306643
155,W,0.038743,0.001181,0.003673,1.578198
156,W,0.053579,0.000768,0.006478,0.936540
157,W,0.012821,0.002046,0.006322,0.879715
158,W,0.003827,0.001273,0.007171,1.292024
159,W,0.012181,0.000993,0.016288,0.401618
160,W,0.030171,0.000572,0.002954,0.689996
161,W,0.029762,0.002017,0.029351,0.492050
162,W,0.013029,0.002111,0.017079,0.319318
163,W,0.031531,0.002049,0.018126,1.389070
164,W,0.043497,0.001488,0.003562,0.742896
165,W,0.038081,0.003910,0.018986,0.348192
166,W,0.013837,0.002849,0.005249,0.991509
167,W,0.032045,0.001187,0.004068,1.191244
168,W,0.017844,0.000811,0.004616,0.321621
169,W,0.014802,0.003054,0.015174,0.426095
170,W,0.019855,0.000311,0.011721,0.754024
171,W,0.006618,0.002650,0.014483,0.547689
172,W,0.017793,0.000494,0.018673,0.707098
173,W,0.004503,0.000973,0.011126,1.304334
174,W,0.009769,0.003133,0.035945,0.712891
175,W,0.008760,0.002776,0.010196,0.904811
176,W,0.024797,0.002068,0.008982,0.642217
177,W,0.009227,0.005040,0.007187,1.122920
178,W,0.091198,0.003047,0.014197,0.462615
179,W,0.038317,0.000823,0.013973,1.113464
180,W,0.007733,0.005208,0.013663,0.831794
181,W,0.014813,0.000685,0.005013,0.763705
182,W,0.006802,0.000294,0.003052,0.754311
183,W,0.007343,0.002527,0.019500,1.274670
184,W,0.010360,0.001202,0.013103,1.115151
185,W,0.004391,0.001978,0.007652,0.992887
186,W,0.012361,0.000995,0.004159,0.788212
187,W,0.019890,0.000080,0.002648,0.513250
188,W,0.001506,0.000941,0.006191,0.632057
189,W,0.029179,0.002175,0.012385,1.274323
190,W,0.011380,0.000540,0.005447,0.285458
191,W,0.003212,0.000612,0.018664,0.469142
192,W,0.019761,0.002265,0.005903,0.987040
193,W,0.006537,0.002895,0.013523,0.783195
194,W,0.020301,0.000846,0.009568,0.641904
195,W,0.003277,0.000557,0.016389,0.887518
196,W,0.009331,0.001318,0.002570,0.864276
197,W,0.021352,0.000811,0.006032,0.724231
198,W,0.006968,0.004603,0.008225,0.960062
199,W,0.075760,0.003233,0.015704,0.796625
200,W,0.007817,0.001012,0.035159,0.491373
201,W,0.003636,0.001887,0.041267,1.066869
202,W,0.004916,0.000917,0.027611,0.800756
203,W,0.059441,0.000875,0.010470,0.591358
204,W,0.007529,0.000987,0.007889,0.669000
205,W,0.052127,0.000371,0.017645,1.172192
206,W,0.019894,0.002062,0.032581,0.539731
207,W,0.003740,0.001914,0.010550,0.052817
208,W,0.023233,0.000579,0.008216,1.029927
209,W,0.036650,0.000809,0.011222,0.656425
210,W,0.010752,0.000997,0.004057,0.780519
211,W,0.006343,0.001732,0.003249,0.735206
212,W,0.031793,0.001253,0.016065,0.544793
213,W,0.014534,0.000826,0.017519,0.778600
214,W,0.010005,0.001295,0.005183,0.250368
215,W,0.022497,0.002282,0.009619,1.004239
216,W,0.028387,0.000514,0.006488,0.561904
217,W,0.026926,0.000590,0.001984,0.722968
218,W,0.008503,0.001107,0.005259,0.728354
219,W,0.042603,0.000841,0.010300,0.614414
220,W,0.006247,0.001048,0.004366,0.469699
221,W,0.011141,0.003492,0.041649,0.727902
222,W,0.012610,0.001450,0.017706,1.539564
223,W,0.033800,0.001801,0.005616,0.548349
224,W,0.014898,0.002781,0.008062,0.064196
225,W,0.025634,0.000240,0.012898,1.263900
226,W,0.002217,0.001174,0.016857,0.818481
227,W,0.015695,0.000965,0.015709,0.215940
228,W,0.014587,0.003141,0.014265,0.435034
229,W,0.007778,0.002346,0.011557,0.689076
230,W,0.006007,0.001040,0.016535,0.444906
231,W,0.006181,0.000369,0.007794,0.645093
232,W,0.008349,0.004528,0.011154,0.619964
233,W,0.004381,0.000646,0.007637,1.167925
234,W,0.019385,0.000001,0.026229,0.862991
235,W,0.041973,0.001018,0.020042,0.695986
236,W,0.014969,0.000751,0.009276,0.625305
237,W,0.004345,0.000063,0.007606,0.185537
238,W,0.014710,0.000330,0.006369,0.381846
239,W,0.054025,0.000585,0.015830,0.329432
240,W,0.008727,0.001407,0.005330,0.161287
241,W,0.017431,0.000295,0.009350,0.848693
242,W,0.028190,0.000369,0.007888,0.715752
243,W,0.009231,0.003976,0.018131,0.403266
244,W,0.032207,0.000520,0.008116,0.446922
245,W,0.008075,0.000278,0.004844,0.469761
246,W,0.075918,0.002080,0.011166,0.911027
247,W,0.027153,0.003182,0.011618,0.526900
248,W,0.017816,0.001561,0.018147,0.642635
249,W,0.017430,0.003119,0.006831,0.311075
250,W,0.034882,0.000147,0.002749,0.346045
251,W,0.029237,0.001758,0.026340,1.144033
252,W,0.099791,0.001167,0.005465,0.515607
253,W,0.007090,0.000466,0.016226,0.376175
254,W,0.010842,0.001223,0.014237,1.339549
255,W,0.016146,0.000947,0.020180,0.870666
256,W,0.006965,0.003656,0.012652,0.999415
257,W,0.039582,0.000474,0.014780,1.133870
258,W,0.010441,0.002974,0.018329,0.605322
259,W,0.045230,0.003004,0.024040,0.524505
260,W,0.100167,0.002944,0.028657,1.003641
261,W,0.011337,0.005296,0.007496,0.078589
262,W,0.056802,0.002837,0.021043,0.618981
263,W,0.039289,0.000689,0.005936,1.166677
264,W,0.067408,0.003729,0.022957,0.594611
265,W,0.065071,0.000720,0.026308,0.315652
266,W,0.002568,0.014080,0.033877,0.977599
267,W,0.078326,0.010965,0.029603,0.292509
268,W,0.006052,0.001225,0.010760,0.724469
269,W,0.034220,0.004486,0.016139,0.585220
270,W,0.013291,0.001376,0.011571,0.567239
271,W,0.024337,0.000918,0.036565,0.768707
272,W,0.019371,0.000289,0.020373,0.427952
273,W,0.012097,0.000076,0.008253,0.427210
274,W,0.008113,0.000691,0.013407,0.219267
275,W,0.052450,0.004735,0.022512,0.251348
276,W,0.008979,0.005904,0.033898,0.197535
277,W,0.013378,0.003927,0.009278,0.499308
278,W,0.018600,0.003591,0.036617,0.871072
279,W,0.018582,0.000908,0.016908,0.327425
280,W,0.004922,0.001997,0.028272,1.442511
281,W,0.022890,0.002001,0.009395,0.467600
282,W,0.004483,0.001543,0.045163,0.436585
283,W,0.017100,0.004596,0.045121,0.622974
284,W,0.004178,0.000194,0.008252,0.319343
285,W,0.004159,0.005889,0.013530,0.683544
286,W,0.001139,0.000998,0.012662,0.236896
287,W,0.016126,0.002505,0.040664,0.423154
288,W,0.105647,0.007021,0.032599,0.497006
289,W,0.008620,0.002040,0.014390,0.384928
290,W,0.056566,0.003951,0.043442,0.558985
291,W,0.022799,0.000298,0.004729,0.498943
292,W,0.010430,0.002073,0.011780,0.362662
293,W,0.079798,0.002939,0.022005,0.567847
294,W,0.014468,0.000736,0.016691,0.607283
295,W,0.086218,0.000705,0.004354,0.552171
296,W,0.001930,0.001321,0.016293,0.290641
297,W,0.004133,0.000578,0.001749,0.400205
298,W,0.052201,0.003372,0.009138,0.416861
299,W,0.104216,0.002621,0.011279,0.497659
300,W,0.057097,0.002428,0.011613,0.587204
301,W,0.028558,0.000925,0.003277,0.537606
302,W,0.072561,0.000990,0.006842,0.521622
303,W,0.028900,0.000941,0.030442,0.258378
304,W,0.023108,0.001312,0.009593,0.461946
305,W,0.032675,0.000724,0.009970,0.585395
306,W,0.025824,0.003700,0.010187,0.244257
307,W,0.031594,0.002557,0.011589,0.478410
308,W,0.004201,0.000647,0.017699,0.485925
309,W,0.001897,0.002064,0.011627,0.684057
310,W,0.088999,0.000987,0.004827,0.334068
311,W,0.080591,0.000519,0.006055,0.424347
312,W,0.011278,0.002091,0.008406,0.555085
313,W,0.005080,0.002397,0.014063,0.553332
314,W,0.009833,0.000455,0.005537,0.676246
315,W,0.045034,0.000811,0.005079,0.791482
316,W,0.005773,0.001291,0.009072,0.248751
317,W,0.023426,0.004561,0.008244,1.287142
318,W,0.012496,0.001985,0.017070,0.588624
319,W,0.011890,0.002976,0.008546,0.615858
320,W,0.056977,0.002357,0.004101,0.554518
321,W,0.025761,0.001026,0.006683,0.857994
322,W,0.007995,0.002323,0.015855,0.514216
323,W,0.003898,0.004502,0.011688,0.843951
324,W,0.002916,0.001529,0.009489,0.465115
325,W,0.010992,0.000201,0.026852,1.108563
326,W,0.027912,0.000805,0.029950,0.306398
327,W,0.009626,0.003145,0.046390,1.285997
328,W,0.020713,0.001253,0.011126,0.501537
329,W,0.020422,0.000611,0.003025,0.663001
330,W,0.025568,0.002367,0.008426,1.226056
331,W,0.003608,0.002115,0.012633,0.544503
332,W,0.012059,0.006291,0.022479,0.533289
333,W,0.036806,0.000261,0.007877,0.691031
334,W,0.008277,0.013020,0.023630,1.098714
335,W,0.022153,0.001973,0.004870,0.835563
336,W,0.019436,0.003192,0.008287,0.795520
337,W,0.006248,0.000965,0.005380,0.735001
338,W,0.009001,0.004849,0.007594,0.638391
339,W,0.013562,0.003633,0.007059,0.801764
340,W,0.003948,0.008230,0.015173,0.511837
341,W,0.012313,0.001537,0.012404,0.882979
342,W,0.044656,0.002919,0.011067,0.494390
343,W,0.018280,0.003007,0.006098,0.946455
344,W,0.021108,0.002076,0.010552,0.672902
345,W,0.011834,0.000651,0.005317,0.979846
346,W,0.018946,0.000099,0.005474,0.808731
347,W,0.014902,0.009259,0.014988,0.874361
348,W,0.050854,0.001874,0.004683,1.387001
349,W,0.010419,0.005671,0.009064,0.882250
350,W,0.016718,0.005400,0.010358,0.952508
351,W,0.051960,0.002292,0.009388,0.979374
352,W,0.023384,0.001644,0.021100,0.885637
353,W,0.017031,0.004746,0.006670,1.031400
354,W,0.008756,0.000943,0.008064,1.074458
355,W,0.005534,0.003766,0.012432,0.751102
356,W,0.068817,0.000947,0.032445,1.004153
357,W,0.008616,0.001592,0.006737,0.731203
358,W,0.010596,0.001414,0.004752,0.844039
359,W,0.006305,0.000751,0.006824,0.534039
360,W,0.015291,0.003888,0.010436,0.446215
361,W,0.008291,0.001495,0.003909,1.144695
362,W,0.015358,0.003313,0.005201,0.634930
363,W,0.049032,0.001346,0.004787,1.069946
364,W,0.019088,0.001976,0.005714,1.083235
365,W,0.005897,0.000236,0.006429,1.057888
366,W,0.073699,0.002994,0.017956,0.700558
367,W,0.073113,0.000200,0.014797,0.399044
368,W,0.013394,0.003735,0.032050,0.671746
369,W,0.028562,0.000521,0.010576,0.579193
370,W,0.052008,0.002401,0.006064,0.523799
371,W,0.002852,0.005658,0.018962,0.874126
372,W,0.057870,0.002928,0.011450,0.649548
373,W,0.007426,0.002933,0.013683,1.393416
374,W,0.019591,0.000778,0.009541,0.638504
375,W,0.054252,0.001266,0.002516,0.387122
376,W,0.005553,0.005104,0.014692,0.618881
377,W,0.007925,0.002039,0.017645,0.389391
378,W,0.039888,0.001081,0.003195,0.819032
379,W,0.048353,0.005241,0.009847,0.786572
380,W,0.025373,0.001030,0.003291,0.800965
381,W,0.017240,0.000419,0.007104,0.660569
382,W,0.007497,0.000491,0.007526,0.132704
383,W,0.008424,0.001771,0.009282,0.658666
384,W,0.027596,0.002692,0.012820,0.559709
385,W,0.023925,0.001757,0.006272,0.586769
386,W,0.059841,0.001265,0.005320,0.456259
387,W,0.020754,0.008295,0.025554,0.967370
388,W,0.010712,0.002459,0.012561,0.574310
389,W,0.021448,0.000088,0.005801,0.596121
390,W,0.022964,0.000446,0.004047,0.477223
391,W,0.032799,0.002656,0.012639,0.701032
392,W,0.014950,0.004556,0.013725,0.489653
393,W,0.001793,0.000501,0.022817,0.460432
394,W,0.002934,0.001987,0.013667,0.344351
395,W,0.007558,0.004524,0.028342,0.444067
396,W,0.093768,0.000530,0.026220,0.348913
397,W,0.050321,0.002998,0.006696,1.295252
398,W,0.007870,0.002403,0.009816,0.832763
399,W,0.020225,0.000323,0.009523,0.901541
400,W,0.070668,0.002286,0.013531,0.200231
401,W,0.004872,0.003307,0.054327,0.622557
402,W,0.035477,0.001707,0.031675,0.505436
403,W,0.011572,0.001098,0.002933,0.603371
404,W,0.013591,0.000534,0.033983,0.610322
405,W,0.010473,0.002726,0.009287,0.310379
406,W,0.014455,0.002429,0.011947,0.209044
407,W,0.021650,0.001080,0.014750,0.118284
408,W,0.003486,0.001225,0.015719,0.255182
409,W,0.001414,0.000889,0.032462,0.124737
410,W,0.002337,0.000239,0.015002,0.312675
411,W,0.015225,0.003716,0.008037,0.541959
412,W,0.004380,0.002091,0.010444,0.286650
413,W,0.000941,0.000884,0.011244,0.381018
414,W,0.006294,0.003097,0.013928,0.232235
415,W,0.035609,0.001414,0.021882,0.334215
416,W,0.044109,0.002068,0.004917,0.169812
417,W,0.001210,0.000271,0.009842,0.387016
418,W,0.003512,0.002768,0.009241,0.413467
419,W,0.010405,0.002947,0.021921,0.166365
420,W,0.001694,0.002698,0.019485,0.312444
421,W,0.017483,0.001790,0.016033,1.139025
422,W,0.012295,0.007370,0.024037,0.770265
423,W,0.004091,0.001831,0.022851,0.599318
424,W,0.003684,0.002481,0.010282,0.789012
425,W,0.006692,0.008220,0.014102,0.427160
426,W,0.098746,0.000683,0.005096,0.636156
427,W,0.050129,0.000999,0.016994,0.247328
428,W,0.054374,0.003419,0.012956,0.285070
429,W,0.027278,0.002289,0.006961,1.243261
430,W,0.040652,0.000974,0.023817,0.519836
431,W,0.014891,0.000356,0.005969,0.659804
432,W,0.106730,0.002342,0.004918,0.910888
433,W,0.011284,0.000304,0.002167,1.125532
434,W,0.022872,0.001969,0.037606,0.229129
435,W,0.016378,0.000601,0.009131,0.644556
436,W,0.010261,0.000743,0.003133,0.916252
437,W,0.048638,0.002582,0.013484,0.430038
438,W,0.003716,0.001403,0.006761,1.294423
439,W,0.016576,0.000381,0.011606,0.561713
440,W,0.004989,0.000753,0.004286,1.395079
441,W,0.062694,0.002384,0.005130,0.401647
442,W,0.009264,0.003421,0.017783,1.141504
443,W,0.053808,0.003685,0.007168,1.339589
444,W,0.029612,0.003608,0.014916,0.804605
445,W,0.004200,0.000603,0.006647,0.789284
446,W,0.046179,0.001869,0.008955,0.549504
447,W,0.021042,0.002740,0.006468,0.627888
448,W,0.012518,0.000307,0.008505,0.526338
449,W,0.005980,0.000558,0.005977,1.224996
450,W,0.076890,0.000709,0.012760,1.517805
451,W,0.030073,0.002191,0.025760,0.952645
452,W,0.014517,0.001321,0.010928,0.422624
453,W,0.085037,0.000400,0.004741,0.355264
454,W,0.040054,0.004112,0.014254,0.359761
455,W,0.021459,0.001152,0.011827,0.422395
456,W,0.026733,0.000279,0.027181,0.631070
457,W,0.027491,0.001510,0.006206,0.906320
458,W,0.003273,0.003648,0.011362,0.919820
459,W,0.053075,0.000151,0.012709,0.457957
460,W,0.045700,0.000572,0.038690,0.627750
461,W,0.042221,0.000060,0.005628,0.788806
462,W,0.007709,0.002503,0.003817,0.345863
463,W,0.006389,0.005582,0.019995,0.856849
464,W,0.005208,0.001997,0.006869,0.529198
465,W,0.007864,0.002428,0.011491,0.335889
466,W,0.004822,0.001377,0.008018,0.825071
467,W,0.063895,0.000656,0.011895,0.612345
468,W,0.015587,0.000329,0.007885,0.808120
469,W,0.039630,0.007248,0.020985,0.709967
470,W,0.009292,0.001086,0.010387,1.200273
471,W,0.015329,0.005065,0.029180,0.783322
472,W,0.021347,0.001466,0.002690,0.537053
473,W,0.030580,0.001385,0.033294,0.484217
474,W,0.007021,0.001127,0.040223,0.292904
475,W,0.003877,0.001192,0.015069,0.317260
476,W,0.087300,0.000115,0.005422,0.379660
477,W,0.001564,0.001698,0.010215,0.588886
478,W,0.016826,0.001171,0.013626,0.456012
479,W,0.009079,0.002950,0.010209,0.558140
480,W,0.025176,0.000527,0.006995,0.366922
481,W,0.035250,0.000245,0.019408,0.527498
482,W,0.057126,0.000255,0.007694,0.506829
483,W,0.045634,0.001361,0.009303,0.712354
484,W,0.041857,0.002516,0.015930,0.531560
485,W,0.060403,0.000209,0.008340,0.128601
486,W,0.040566,0.000043,0.005845,0.929103
487,W,0.023945,0.001019,0.014261,0.812751
488,W,0.040732,0.002289,0.016075,0.856263
489,W,0.051938,0.002253,0.017621,0.668926
490,W,0.091819,0.000885,0.017049,1.147842
491,W,0.010994,0.002126,0.017620,0.740069
492,W,0.011077,0.000691,0.018093,0.668357
493,W,0.045873,0.004451,0.035742,0.498576
494,W,0.003031,0.001251,0.014189,0.527916
495,W,0.011109,0.000909,0.007425,0.483934
496,W,0.001755,0.000558,0.011978,0.528858
497,W,0.007165,0.001887,0.026396,0.660541
498,W,0.007731,0.003680,0.019399,0.157902
499,W,0.021457,0.002660,0.022487,0.408116
500,W,0.008793,0.004403,0.019670,0.557282
501,W,0.005029,0.001100,0.017813,0.381330
502,W,0.014276,0.001701,0.024429,0.648702
503,W,0.108683,0.002376,0.009941,0.558490
504,W,0.010801,0.003285,0.010102,0.384586
505,W,0.056483,0.001604,0.015086,0.396626
506,W,0.104131,0.000578,0.002596,0.366685
507,W,0.091048,0.003533,0.016940,0.421665
508,W,0.008590,0.000694,0.011802,0.544844
509,W,0.034334,0.001442,0.013383,0.671122
510,W,0.014627,0.001765,0.018395,0.233639
511,W,0.006443,0.001566,0.002730,0.975955
512,W,0.003013,0.001455,0.004241,0.431820
513,W,0.004438,0.003848,0.017740,0.526575
514,W,0.023463,0.001167,0.008045,0.256294
515,W,0.010023,0.000862,0.004336,0.329019
516,W,0.018283,0.002593,0.021900,1.168648
517,W,0.021446,0.000601,0.005997,0.349282
518,W,0.009939,0.001602,0.030045,0.484576
519,W,0.003305,0.000322,0.017257,0.621943
520,W,0.058516,0.000409,0.022399,0.610763
521,W,0.057693,0.000435,0.004746,0.889667
522,W,0.079548,0.002267,0.025916,0.522813
523,W,0.025898,0.005034,0.027736,0.563557
524,W,0.022145,0.001971,0.020630,0.333096
525,W,0.018052,0.000975,0.016367,0.679860
526,W,0.006045,0.002516,0.020117,0.876227
527,W,0.030080,0.000758,0.030711,0.342659
528,W,0.004517,0.002147,0.014216,0.496934
529,W,0.006863,0.002903,0.017975,0.108379
530,W,0.015235,0.001931,0.028965,0.054594
531,W,0.003284,0.000452,0.019799,0.534583
532,W,0.033169,0.004351,0.021656,0.282255
533,W,0.029111,0.000508,0.024570,0.282229
534,W,0.001200,0.000819,0.008832,0.335869
535,W,0.018713,0.001137,0.043374,0.407210
536,W,0.003141,0.005310,0.011720,0.501173
537,W,0.009776,0.003227,0.021036,0.500790
538,W,0.004438,0.003160,0.027238,0.942718
539,W,0.015989,0.000710,0.024085,0.575263
540,W,0.012562,0.002448,0.013789,0.505536
541,W,0.001850,0.005308,0.008663,0.907905
542,W,0.043903,0.001750,0.005931,0.619834
543,W,0.010229,0.002561,0.014834,0.638771
544,W,0.012158,0.004698,0.005865,0.619402
545,W,0.032939,0.007656,0.024018,0.507442
546,W,0.004667,0.005873,0.035516,0.967487
547,W,0.070299,0.002055,0.004357,0.653840
548,W,0.007387,0.011787,0.046584,0.281824
549,W,0.049672,0.002346,0.010903,0.343762
550,W,0.165078,0.003542,0.007811,0.576529
551,W,0.001514,0.004220,0.025109,0.748181
552,W,0.002082,0.005529,0.021669,0.350334
553,W,0.005325,0.002532,0.011907,0.389812
554,W,0.004328,0.000162,0.006550,0.744042
555,W,0.002391,0.004310,0.021752,0.517242
556,W,0.001783,0.001927,0.012787,1.123466
557,W,0.006611,0.005937,0.030845,0.619968
558,W,0.002403,0.006622,0.016530,0.196769
559,W,0.006465,0.001531,0.010834,0.441868
560,W,0.001910,0.003324,0.026834,0.096283
561,W,0.003855,0.001375,0.037482,0.682390
562,W,0.001129,0.004202,0.022849,0.209001
563,W,0.017397,0.007937,0.020388,0.429428
564,W,0.000501,0.004154,0.034397,0.338931
565,W,0.014836,0.005043,0.019221,0.386291
566,W,0.146611,0.005677,0.031590,0.363874
567,W,0.023041,0.003998,0.009795,0.543119
568,W,0.008421,0.001395,0.010083,0.519158
569,W,0.009249,0.000416,0.026024,0.562218
570,W,0.009283,0.002601,0.036521,0.604227
571,W,0.048751,0.002371,0.027181,0.467391
572,W,0.017093,0.001114,0.025636,0.870684
573,W,0.015951,0.002644,0.016008,0.606340
574,W,0.018482,0.003505,0.018321,0.553670
575,W,0.011520,0.000348,0.026524,0.305130
576,W,0.002338,0.005231,0.035652,0.481157
577,W,0.014862,0.002255,0.009387,1.056102
578,W,0.007411,0.006671,0.019869,0.373238
579,W,0.009937,0.000251,0.015748,0.429809
580,W,0.012415,0.006086,0.017650,0.590230
581,W,0.000812,0.002161,0.017148,0.027192
582,W,0.001393,0.002504,0.014305,0.465627
583,W,0.006643,0.001396,0.021650,0.307219
584,W,0.003267,0.000860,0.007646,0.732560
585,W,0.014989,0.002674,0.016320,0.407160
586,W,0.003985,0.000235,0.007738,0.416958
587,W,0.002347,0.002904,0.014839,0.532193
588,W,0.003087,0.002777,0.045425,0.536154
589,W,0.003855,0.002243,0.010549,0.421094
590,W,0.006948,0.005116,0.021606,1.273223
591,W,0.000726,0.008419,0.039259,0.643572
592,W,0.009390,0.000101,0.003619,0.369874
593,W,0.001481,0.007832,0.023972,0.353938
594,W,0.017052,0.001977,0.020232,0.235062
595,W,0.009242,0.000760,0.011698,0.341250
596,W,0.008412,0.001000,0.013455,0.586003
597,W,0.001391,0.001188,0.020939,0.214305
598,W,0.004717,0.001581,0.022975,0.917022
599,W,0.005206,0.003717,0.014872,0.158075
600,W,0.003523,0.000864,0.017090,0.389539
601,W,0.004951,0.001670,0.010856,0.200814
602,W,0.005646,0.001985,0.022757,0.275235
603,W,0.000134,0.002151,0.018100,0.122340
604,W,0.000685,0.003271,0.039999,0.449431
605,W,0.001681,0.001153,0.027237,0.397780
606,W,0.003778,0.001930,0.030268,0.317241
607,W,0.000278,0.002893,0.021370,0.931533
608,W,0.000767,0.003853,0.021515,0.965647
609,W,0.004277,0.002721,0.011959,0.267392
610,W,0.001330,0.001053,0.045162,0.148559
611,W,0.001604,0.000694,0.008772,0.040548
612,W,0.001733,0.003901,0.026241,0.346950
613,W,0.002518,0.001939,0.028991,0.085398
614,W,0.001935,0.003913,0.017644,0.460456
615,W,0.003822,0.001992,0.007929,0.058165
616,W,0.001405,0.000609,0.018801,0.794699
617,W,0.002397,0.002874,0.020613,0.351032
618,W,0.004328,0.002448,0.011212,0.371614
619,W,0.003218,0.004170,0.036481,0.352144
620,W,0.005768,0.003159,0.009805,0.084156
621,W,0.000673,0.002288,0.018645,0.080367
622,W,0.001071,0.003101,0.029141,0.508340
623,W,0.000570,0.001085,0.025279,0.351088
624,W,0.004229,0.003566,0.021517,0.002154
625,W,0.016933,0.001697,0.023250,0.236492
626,W,0.005074,0.003552,0.032199,0.542626
627,W,0.000356,0.005143,0.039772,0.194415
628,W,0.012303,0.000734,0.007080,0.270767
629,W,0.000570,0.005539,0.029337,0.472643
630,W,0.036144,0.000552,0.004428,0.398269
631,W,0.011058,0.000791,0.004984,0.441513
632,W,0.010001,0.000306,0.018698,0.386500
633,W,0.014869,0.001191,0.017688,0.366422
634,W,0.055842,0.000170,0.017067,0.617548
635,W,0.114759,0.001453,0.013136,0.760989
636,W,0.179681,0.001423,0.012208,0.537201
637,W,0.010143,0.001515,0.008350,0.492756
638,W,0.013859,0.000326,0.008498,0.318192
639,W,0.099399,0.003658,0.012736,0.289176
640,W,0.013999,0.000844,0.020438,0.699061
641,W,0.011219,0.000181,0.005346,0.890047
642,W,0.025607,0.001766,0.009737,0.719871
643,W,0.040544,0.003458,0.009932,0.428237
644,W,0.013214,0.001499,0.008616,0.919425
645,W,0.004574,0.000231,0.010016,1.450120
646,W,0.009130,0.001136,0.011580,0.568912
647,W,0.006365,0.000559,0.008044,0.793751
648,W,0.006053,0.001610,0.014698,0.391880
649,W,0.118880,0.002990,0.005349,0.830511
650,W,0.084587,0.001721,0.015107,0.677964
651,W,0.041473,0.000592,0.018729,0.676740
652,W,0.089172,0.000770,0.006179,0.328950
653,W,0.007722,0.001261,0.031651,0.464966
654,W,0.012460,0.000822,0.007836,0.819737
655,W,0.016626,0.000380,0.015656,0.622734
656,W,0.026077,0.003638,0.013050,0.485359
657,W,0.019229,0.002290,0.006937,0.606725
658,W,0.008164,0.002651,0.010085,0.854881
659,W,0.011346,0.000507,0.007903,0.551177
660,W,0.013678,0.000040,0.005864,0.382370
661,W,0.012413,0.001574,0.020450,1.240407
662,W,0.011839,0.001068,0.005683,0.369208
663,W,0.055135,0.000682,0.001740,1.434147
664,W,0.016785,0.003227,0.006864,0.698294
665,W,0.011447,0.000917,0.002018,0.736974
666,W,0.003667,0.001396,0.006436,0.459516
667,W,0.008318,0.001985,0.015241,0.702785
668,W,0.010928,0.000102,0.008158,0.819482
669,W,0.012590,0.001725,0.005414,0.684432
670,W,0.013999,0.000373,0.007097,1.166848
671,W,0.037215,0.000337,0.015245,0.509000
672,W,0.031203,0.001387,0.039845,0.652289
673,W,0.016920,0.003962,0.012325,0.820317
674,W,0.176424,0.000983,0.006609,0.820132
675,W,0.010428,0.002493,0.012210,0.742386
676,W,0.021057,0.001104,0.008853,0.651141
677,W,0.006511,0.000853,0.013050,0.860928
678,W,0.039654,0.002109,0.012051,1.077637
679,W,0.029626,0.001369,0.009274,0.652973
680,W,0.070931,0.001947,0.016820,0.937308
681,W,0.010330,0.003786,0.021010,0.270946
682,W,0.012586,0.001447,0.005630,0.442858
683,W,0.046543,0.001187,0.002403,0.319780
684,W,0.011946,0.000471,0.011723,0.445860
685,W,0.025468,0.000417,0.018441,0.510690
686,W,0.063696,0.000485,0.014391,0.953923
687,W,0.007118,0.000584,0.007387,0.110019
688,W,0.013190,0.002132,0.011416,0.578572
689,W,0.003916,0.000638,0.014473,1.102000
690,W,0.039896,0.002252,0.013293,0.831626
691,W,0.042393,0.000644,0.006019,0.436377
692,W,0.006036,0.000614,0.006004,0.871358
693,W,0.019497,0.000711,0.013866,1.101144
694,W,0.048138,0.000105,0.015929,0.735439
695,W,0.004912,0.000889,0.007961,0.304261
696,W,0.013524,0.000656,0.005309,0.764756
697,W,0.011261,0.003870,0.014003,0.209837
698,W,0.064691,0.001339,0.014381,0.275731
699,W,0.003559,0.001852,0.021844,0.466907
700,W,0.001598,0.000826,0.019043,0.294023
701,W,0.062722,0.002770,0.020345,0.461610
702,W,0.011350,0.002722,0.021180,0.668825
703,W,0.018117,0.006942,0.011409,0.491299
704,W,0.020064,0.000079,0.009222,0.253908
705,W,0.002405,0.001136,0.024307,0.088205
706,W,0.041973,0.002024,0.006956,0.408290
707,W,0.005284,0.001529,0.006251,0.378522
708,W,0.006838,0.002124,0.024834,0.103958
709,W,0.030140,0.000615,0.043619,0.186354
710,W,0.044157,0.004168,0.008856,0.193602
711,W,0.057226,0.000337,0.017694,0.198436
712,W,0.160909,0.000386,0.009207,0.235829
713,W,0.028609,0.001897,0.006455,0.283319
714,W,0.039053,0.003111,0.011075,0.411661
715,W,0.020290,0.001479,0.012434,0.052285
716,W,0.014466,0.005151,0.010859,0.311140
717,W,0.011827,0.004215,0.011414,0.094834
718,N1,0.027934,0.001812,0.015444,0.349432
719,N1,0.006502,0.002671,0.011041,0.156206
720,N1,0.022153,0.003499,0.014247,0.168596
721,N1,0.011988,0.008292,0.043171,0.290089
722,N1,0.008208,0.002249,0.008659,0.165113
723,N1,0.005103,0.004460,0.008834,0.090293
724,N1,0.016789,0.006292,0.022547,0.156102
725,N1,0.004436,0.004983,0.032619,0.178862
726,N1,0.020671,0.007524,0.027021,0.164977
727,N1,0.010025,0.004553,0.007311,0.048623
728,N1,0.031780,0.001139,0.018827,0.086469
729,N1,0.032159,0.006874,0.012604,0.102684
730,N2,0.026936,0.003753,0.011129,0.127753
731,N2,0.032655,0.005035,0.010655,0.217592
732,N1,0.078389,0.011388,0.016457,0.153388
733,N1,0.016163,0.006142,0.034381,0.087547
734,N2,0.009821,0.021369,0.032282,0.285452
735,N2,0.045145,0.003974,0.033705,0.009595
736,N2,0.012540,0.002605,0.009111,0.113321
737,N2,0.040268,0.011186,0.033365,0.019499
738,N2,0.039704,0.001992,0.019271,0.000000
739,N2,0.008862,0.001430,0.015633,0.169969
740,N1,0.088215,0.007968,0.023653,0.213373
741,N1,0.113392,0.001686,0.018877,0.643629
742,N1,0.073715,0.002616,0.008150,0.263117
743,N1,0.025075,0.003365,0.011146,0.000000
744,N1,0.084801,0.002165,0.013104,0.158146
745,N1,0.039670,0.002596,0.034616,0.152081
746,N1,0.042914,0.006552,0.025955,0.237739
747,N1,0.069944,0.004584,0.017626,0.293917
748,N1,0.066759,0.000749,0.030658,0.091844
749,N1,0.153522,0.002597,0.016327,0.279984
750,N1,0.016609,0.005492,0.013060,0.732404
751,N1,0.011943,0.001002,0.028288,0.324259
752,N1,0.059502,0.004974,0.034055,0.119119
753,N1,0.005508,0.001014,0.015005,0.110570
754,N1,0.059133,0.003431,0.005448,0.294867
755,N1,0.050821,0.000534,0.007919,0.246473
756,N1,0.060888,0.004514,0.019979,0.096375
757,W,0.001555,0.004092,0.009589,0.237254
758,N1,0.232831,0.002323,0.007104,0.770307
759,N1,0.011422,0.000323,0.012676,0.407271
760,N1,0.051870,0.001613,0.011561,0.106559
761,N1,0.019934,0.002690,0.011383,0.152397
762,N1,0.011244,0.006562,0.013936,0.161732
763,N2,0.028088,0.003663,0.014929,0.124636
764,N2,0.006154,0.002470,0.012439,0.073354
765,N2,0.013688,0.003514,0.011031,0.291110
766,N2,0.032673,0.002437,0.009717,0.049965
767,N2,0.070403,0.004986,0.015720,0.202883
768,N2,0.012512,0.007683,0.016042,0.276450
769,N1,0.074786,0.003881,0.027275,0.035894
770,N1,0.070381,0.002096,0.009883,0.038375
771,N1,0.016043,0.002800,0.026785,0.483257
772,N1,0.151860,0.005379,0.021829,0.085023
773,N1,0.009039,0.002365,0.008381,0.149527
774,N1,0.019606,0.002287,0.017113,0.406241
775,N1,0.223376,0.000620,0.014213,0.238057
776,W,0.042411,0.000335,0.007308,0.464276
777,W,0.008845,0.001987,0.017745,0.648124
778,N1,0.008269,0.005355,0.017856,0.319701
779,N1,0.041255,0.002042,0.006675,0.217652
780,N1,0.016496,0.005198,0.016502,0.099258
781,N1,0.028251,0.003342,0.023365,0.184077
782,N1,0.014779,0.002105,0.048915,0.101883
783,N1,0.060794,0.002143,0.013837,0.030915
784,N2,0.027041,0.069799,0.086019,0.075628
785,N2,0.013031,0.013817,0.047956,0.000000
786,N2,0.035534,0.004885,0.024688,0.474829
787,N2,0.019596,0.009093,0.030289,0.127531
788,N2,0.014263,0.008004,0.028830,0.117003
789,N2,0.015666,0.014168,0.025206,0.158338
790,N2,0.041593,0.006303,0.025651,0.070232
791,N2,0.045467,0.025966,0.055194,0.144311
792,N2,0.005448,0.009451,0.020515,0.071814
793,N2,0.024870,0.042630,0.052448,0.036674
794,N2,0.050478,0.004903,0.020994,0.072453
795,N2,0.026246,0.007931,0.032189,0.017791
796,N3,0.057337,0.002601,0.049325,0.065856
797,N2,0.012255,0.001316,0.021892,0.080659
798,N2,0.007073,0.033150,0.079605,0.220203
799,N2,0.002197,0.017122,0.038621,0.167962
800,N2,0.002794,0.043616,0.065613,0.000000
801,N3,0.004573,0.010331,0.038013,0.247585
802,N3,0.004258,0.046472,0.096895,0.019705
803,N3,0.009183,0.005331,0.076364,0.023879
804,N3,0.001835,0.004072,0.020269,0.194491
805,N3,0.008106,0.003945,0.014587,0.050046
806,N3,0.001008,0.003022,0.013494,0.044785
807,N3,0.010467,0.007418,0.037838,0.022408
808,N3,0.017626,0.000675,0.012359,0.060487
809,N3,0.008012,0.001597,0.011430,0.076039
810,N3,0.001597,0.005598,0.018336,0.097844
811,N3,0.004055,0.000925,0.025826,0.088544
812,N3,0.002222,0.000689,0.027935,0.103865
813,N3,0.002035,0.000859,0.019480,0.057541
814,N3,0.004099,0.013911,0.019204,0.000000
815,N3,0.005574,0.000228,0.027002,0.067506
816,N3,0.000858,0.030274,0.104518,0.018004
817,N3,0.003393,0.026386,0.047042,0.002822
818,N3,0.023671,0.014801,0.037288,0.185303
819,N3,0.006009,0.001907,0.039653,0.004025
820,N3,0.000794,0.027477,0.032647,0.045593
821,N3,0.001706,0.002155,0.061782,0.080687
822,N3,0.005371,0.001694,0.012548,0.074265
823,N3,0.006357,0.040009,0.071303,0.135961
824,N2,0.002115,0.026947,0.039401,0.000000
825,N3,0.015008,0.028151,0.033449,0.061268
826,N3,0.000858,0.038878,0.058993,0.122014
827,N3,0.007174,0.000855,0.014819,0.031129
828,N3,0.003599,0.000022,0.014449,0.000000
829,N3,0.002379,0.002334,0.022838,0.102658
830,N3,0.004570,0.000536,0.019482,0.070058
831,N3,0.009489,0.052831,0.062371,0.023255
832,N3,0.013792,0.031185,0.060125,0.000000
833,N3,0.002098,0.000161,0.010008,0.000000
834,N3,0.003361,0.002784,0.025349,0.145864
835,N3,0.002303,0.000146,0.005203,0.000000
836,N3,0.017030,0.040182,0.138391,0.011509
837,N3,0.002008,0.007019,0.044897,0.000000
838,N3,0.005161,0.013186,0.029973,0.000000
839,N3,0.003298,0.013157,0.021133,0.000000
840,N3,0.003146,0.002707,0.033414,0.025914
841,N3,0.000955,0.000960,0.029910,0.017966
842,N3,0.005828,0.013451,0.038754,0.055550
843,N3,0.004087,0.012672,0.030231,0.181160
844,N3,0.005649,0.012907,0.041312,0.031111
845,N3,0.010490,0.015508,0.037586,0.000000
846,N3,0.002943,0.001177,0.042595,0.034537
847,N3,0.000822,0.000271,0.063095,0.128051
848,N3,0.001530,0.042015,0.062007,0.150036
849,N3,0.002585,0.012783,0.044664,0.034077
850,N3,0.005090,0.013286,0.035649,0.172716
851,N3,0.004536,0.003810,0.050404,0.071186
852,N3,0.001429,0.015494,0.029262,0.107487
853,N3,0.001042,0.001225,0.053896,0.000000
854,N3,0.003218,0.016634,0.084466,0.000000
855,N3,0.011668,0.025970,0.034804,0.024336
856,N3,0.013944,0.004042,0.051186,0.157437
857,N2,0.028088,0.002496,0.020184,0.006389
858,N2,0.025783,0.000275,0.035062,0.011523
859,N2,0.041673,0.001204,0.017700,0.092831
860,W,0.017138,0.001282,0.017348,0.466532
861,W,0.012317,0.001331,0.004281,0.613196
862,W,0.128318,0.000782,0.007241,0.491934
863,W,0.023990,0.005668,0.016385,1.019116
864,W,0.002662,0.000567,0.028148,0.525910
865,W,0.067718,0.003636,0.012693,0.092680
866,W,0.040876,0.001277,0.027562,0.380458
867,W,0.018791,0.001925,0.009961,0.203980
868,W,0.047057,0.005028,0.017431,0.243941
869,N1,0.009874,0.001136,0.014896,0.009334
870,N1,0.039239,0.002520,0.010471,0.094002
871,N1,0.023281,0.005259,0.019175,0.028177
872,N2,0.027537,0.005153,0.013225,0.221909
873,N2,0.017021,0.002189,0.022939,0.113259
874,N2,0.008631,0.044410,0.064803,0.077064
875,N2,0.007337,0.028200,0.038332,0.183887
876,N2,0.016079,0.009728,0.029968,0.041885
877,N2,0.077556,0.008429,0.034622,0.111221
878,N2,0.053256,0.002539,0.032187,0.168102
879,N2,0.007162,0.011614,0.027933,0.265163
880,N2,0.004668,0.007104,0.040290,0.174336
881,N2,0.021879,0.008829,0.038457,0.076573
882,N2,0.028421,0.002891,0.010937,0.017261
883,N2,0.007576,0.001760,0.042769,0.024008
884,N2,0.026126,0.001772,0.008571,0.056312
885,N2,0.008437,0.005759,0.017230,0.000000
886,N2,0.017175,0.005127,0.021906,0.252885
887,N2,0.104252,0.001559,0.009075,0.278249
888,N2,0.127618,0.002817,0.029469,0.060200
889,N2,0.029351,0.000508,0.030811,0.049228
890,N2,0.026538,0.003849,0.014121,0.601300
891,N2,0.055755,0.003951,0.008429,0.190816
892,N2,0.038578,0.006646,0.046349,0.055740
893,N2,0.005317,0.002563,0.010066,0.039426
894,N2,0.039858,0.000410,0.028230,0.202961
895,W,0.128719,0.001126,0.019700,0.112370
896,W,0.088414,0.004448,0.024556,0.296543
897,W,0.030944,0.000093,0.010564,0.225386
898,W,0.013913,0.001121,0.023591,0.193562
899,N1,0.011362,0.000283,0.002398,0.078010
900,N1,0.014118,0.001562,0.025835,0.293649
901,N1,0.012259,0.001507,0.011819,0.292596
902,N1,0.091206,0.000480,0.005687,0.120275
903,N1,0.032485,0.004246,0.005485,0.134210
904,N1,0.043045,0.002953,0.013553,0.208227
905,N1,0.033072,0.002603,0.014421,0.176279
906,N2,0.159391,0.000593,0.015112,0.026942
907,N2,0.005482,0.005583,0.015441,0.058660
908,N2,0.030300,0.002428,0.010097,0.097435
909,N2,0.008493,0.005907,0.024368,0.312789
910,N2,0.066094,0.023405,0.097376,0.147574
911,N2,0.024792,0.004104,0.053422,0.009638
912,N2,0.009939,0.001098,0.008730,0.000000
913,W,0.007652,0.002666,0.021059,0.020032
914,N1,0.200877,0.003222,0.010622,0.113899
915,N1,0.012033,0.000978,0.013336,0.233756
916,N1,0.033482,0.000996,0.022245,0.396044
917,N2,0.008082,0.010910,0.017019,0.176224
918,N2,0.107466,0.004788,0.019597,0.055644
919,N2,0.019343,0.002520,0.021167,0.153406
920,N2,0.015559,0.013994,0.023951,0.171816
921,N2,0.033718,0.003750,0.028100,0.059547
922,N2,0.025593,0.001222,0.025892,0.269472
923,N2,0.019793,0.000475,0.022096,0.538189
924,N2,0.029218,0.014296,0.053962,0.000000
925,N2,0.007771,0.009913,0.023916,0.204266
926,N2,0.032912,0.011888,0.029762,0.001031
927,N1,0.032658,0.006612,0.017049,0.253812
928,N2,0.008692,0.002450,0.017015,0.134584
929,N2,0.016100,0.005187,0.009022,0.219061
930,N2,0.038728,0.006209,0.014239,0.012240
931,N2,0.010595,0.024432,0.047000,0.039261
932,N2,0.041805,0.003930,0.035324,0.141509
933,N2,0.117993,0.006097,0.034173,0.023307
934,N2,0.031817,0.015314,0.029629,0.042512
935,N2,0.011985,0.015791,0.031845,0.041773
936,N2,0.023852,0.007857,0.022628,0.130245
937,N2,0.072684,0.005316,0.038563,0.112072
938,N2,0.034921,0.060909,0.069310,0.106759
939,N2,0.031774,0.019043,0.044067,0.000000
940,N2,0.022625,0.019999,0.043717,0.060057
941,N2,0.033014,0.004115,0.053851,0.115278
942,N2,0.041617,0.044499,0.065063,0.123433
943,N2,0.016073,0.008390,0.040829,0.357763
944,N2,0.020985,0.012485,0.028433,0.348086
945,N2,0.083346,0.005290,0.028444,0.151696
946,N2,0.136193,0.010157,0.034966,0.308094
947,N2,0.062782,0.002963,0.023334,0.021085
948,N2,0.084064,0.007914,0.029634,0.115947
949,N2,0.044705,0.002617,0.005855,0.000000
950,N2,0.024057,0.090594,0.123748,0.418627
951,N2,0.009471,0.016157,0.027964,0.065149
952,N2,0.009509,0.005557,0.019088,0.108921
953,N2,0.034445,0.005148,0.013029,0.037950
954,N2,0.073104,0.013884,0.035838,0.262319
955,N2,0.163717,0.003932,0.016607,0.040945
956,N2,0.021332,0.006108,0.020659,0.104273
957,R,0.050312,0.004075,0.010191,0.229828
958,R,0.015087,0.002583,0.031527,0.194383
959,R,0.010210,0.003776,0.012778,0.191488
960,R,0.021413,0.003375,0.019212,0.228078
961,R,0.007619,0.000958,0.009015,0.078616
962,R,0.066431,0.000684,0.011574,0.093490
963,R,0.023490,0.003310,0.007591,0.108435
964,R,0.012525,0.003197,0.029045,0.107762
965,R,0.043882,0.004912,0.034028,0.245079
966,R,0.015113,0.003858,0.008225,0.160509
967,R,0.058699,0.002485,0.009691,0.010063
968,R,0.045013,0.000940,0.017948,0.063767
969,R,0.052246,0.002958,0.027942,0.498972
970,R,0.039736,0.000775,0.022491,0.128093
971,R,0.019502,0.001178,0.024460,0.209841
972,R,0.041126,0.001620,0.017599,0.152159
973,R,0.016966,0.002708,0.012390,0.027109
974,R,0.043188,0.000641,0.019780,0.254229
975,R,0.016009,0.002046,0.020783,0.083890
976,R,0.027161,0.001993,0.014861,0.054361
977,R,0.022272,0.002693,0.007648,0.000000
978,R,0.009858,0.002070,0.016546,0.357663
979,R,0.046884,0.003193,0.011163,0.024687
980,R,0.012055,0.002317,0.006419,0.060747
981,R,0.050593,0.001244,0.005803,0.116001
982,R,0.023256,0.001489,0.025464,0.066582
983,R,0.016191,0.002464,0.007218,0.087878
984,R,0.025340,0.000085,0.019176,0.137902
985,R,0.019059,0.002919,0.019276,0.421164
986,R,0.020066,0.000571,0.038199,0.073914
987,R,0.045643,0.004468,0.025697,0.414915
988,R,0.032997,0.002791,0.008852,0.063422
989,R,0.038353,0.003746,0.014618,0.000000
990,R,0.025828,0.004479,0.019843,0.331080
991,R,0.007495,0.002530,0.018788,0.333387
992,R,0.010697,0.000324,0.008469,0.140934
993,R,0.045875,0.009166,0.042295,0.182749
994,R,0.009472,0.000797,0.006614,0.100733
995,R,0.004852,0.008556,0.027332,0.000000
996,R,0.037646,0.002286,0.012105,0.109051
997,R,0.018644,0.000994,0.011097,0.000000
998,R,0.071460,0.001738,0.042030,0.095056
999,R,0.014028,0.003773,0.020145,0.066311
1000,R,0.052308,0.000951,0.018743,0.107521
1001,R,0.002422,0.003211,0.038138,0.206402
1002,R,0.001735,0.002663,0.009904,0.000651
1003,R,0.062782,0.001799,0.012448,0.052230
1004,R,0.007028,0.000134,0.007231,0.206583
1005,R,0.010235,0.002001,0.014344,0.222480
1006,R,0.014828,0.003352,0.042753,0.123160
1007,R,0.020934,0.003443,0.011596,0.264348
1008,R,0.042578,0.001035,0.013935,0.000000
1009,R,0.012155,0.000227,0.005799,0.094746
1010,R,0.010937,0.001520,0.014130,0.106284
1011,R,0.015047,0.000869,0.013967,0.116579
1012,N2,0.015918,0.002557,0.013946,0.090590
1013,N2,0.010274,0.003121,0.011515,0.000000
1014,N2,0.005066,0.005258,0.015113,0.096969
1015,N2,0.090593,0.004613,0.014369,0.102268
1016,N2,0.090466,0.002326,0.038378,0.000000
1017,N2,0.246614,0.002069,0.048440,0.000742
1018,N2,0.022925,0.007825,0.023660,0.137294
1019,N2,0.062730,0.019572,0.036967,0.076879
1020,N2,0.043201,0.001326,0.008871,0.134803
1021,N2,0.031878,0.012307,0.033747,0.010662
1022,N2,0.041348,0.002900,0.019538,0.111406
1023,N2,0.070769,0.003508,0.021244,0.050145
1024,N2,0.018707,0.001902,0.019337,0.000000
1025,N2,0.097106,0.002381,0.015158,0.028646
1026,N2,0.020774,0.043209,0.045251,0.095135
1027,N2,0.014567,0.010410,0.025904,0.074945
1028,N2,0.027710,0.012430,0.024655,0.011131
1029,N2,0.017233,0.009661,0.016509,0.209366
1030,N2,0.036539,0.006322,0.037586,0.041154
1031,N2,0.016712,0.007106,0.025267,0.000000
1032,N2,0.025856,0.004521,0.028671,0.033365
1033,N2,0.006451,0.000282,0.033820,0.000000
1034,N2,0.066660,0.017618,0.026183,0.154071
1035,N2,0.030583,0.048060,0.069356,0.036066
1036,N2,0.011017,0.006006,0.008637,0.195991
1037,N2,0.053126,0.001338,0.012323,0.036267
1038,N2,0.019074,0.000383,0.015110,0.081002
1039,N2,0.006940,0.015381,0.028966,0.182914
1040,N2,0.039177,0.014208,0.047825,0.088712
1041,N2,0.006913,0.004461,0.012239,0.078128
1042,N2,0.009417,0.001031,0.027240,0.050548
1043,N2,0.002874,0.005353,0.018699,0.062492
1044,N2,0.004614,0.014586,0.040853,0.007411
1045,N2,0.007500,0.027174,0.059663,0.000000
1046,N2,0.002396,0.000741,0.030931,0.060453
1047,N2,0.013829,0.000875,0.010954,0.000000
1048,N2,0.000622,0.015814,0.026537,0.003604
1049,N3,0.031693,0.000608,0.009706,0.202606
1050,N2,0.002137,0.001688,0.008025,0.000000
1051,N3,0.007679,0.001067,0.038509,0.403223
1052,N3,0.001028,0.014136,0.054377,0.026122
1053,N3,0.013440,0.002877,0.026188,0.000000
1054,N2,0.007905,0.015051,0.045222,0.039451
1055,N3,0.002898,0.000495,0.033445,0.000000
1056,N3,0.003288,0.001235,0.034204,0.020986
1057,N3,0.011827,0.001102,0.010641,0.118057
1058,N3,0.002729,0.002951,0.016980,0.098664
1059,N3,0.006605,0.026016,0.042781,0.000614
1060,N3,0.033119,0.041465,0.071721,0.093466
1061,N3,0.008327,0.014379,0.045614,0.230628
1062,N3,0.029490,0.000541,0.040398,0.080014
1063,N3,0.004627,0.026514,0.057419,0.149810
1064,N3,0.002451,0.000261,0.028992,0.170646
1065,N3,0.002454,0.025995,0.077080,0.162126
1066,N3,0.001932,0.026228,0.040140,0.101403
1067,N3,0.003462,0.001968,0.035664,0.174596
1068,N3,0.006706,0.026803,0.039150,0.175916
1069,N3,0.009394,0.027163,0.043030,0.058116
1070,N3,0.005343,0.039938,0.074078,0.037512
1071,N3,0.011685,0.003792,0.038771,0.179768
1072,N3,0.002596,0.014266,0.031862,0.077352
1073,N3,0.011544,0.027013,0.043229,0.014651
1074,N3,0.000660,0.000039,0.010509,0.014971
1075,N3,0.016067,0.002243,0.019616,0.000000
1076,N3,0.005813,0.000989,0.035918,0.072870
1077,N3,0.006649,0.027959,0.034953,0.033343
1078,N3,0.006174,0.001470,0.039606,0.121261
1079,N2,0.052386,0.001782,0.020441,0.156970
1080,N2,0.030431,0.001483,0.010092,0.059146
1081,N2,0.003276,0.001310,0.007839,0.110973
1082,N2,0.010098,0.004350,0.019071,0.042038
1083,N2,0.002031,0.004845,0.022978,0.104855
1084,N2,0.004779,0.006658,0.032783,0.006464
1085,N2,0.003676,0.000673,0.016826,0.000000
1086,N2,0.007021,0.071175,0.084842,0.004151
1087,N2,0.003075,0.003576,0.020358,0.077881
1088,N2,0.007629,0.004762,0.045496,0.000000
1089,N2,0.014461,0.003207,0.006819,0.067062
1090,N2,0.019121,0.044985,0.058278,0.000000
1091,N2,0.014244,0.001408,0.038874,0.176805
1092,N2,0.020559,0.002535,0.010548,0.052444
1093,N2,0.004921,0.013383,0.032376,0.048102
1094,N2,0.013329,0.004078,0.024790,0.280083
1095,N2,0.045925,0.006267,0.023424,0.070781
1096,N2,0.022618,0.003619,0.028038,0.105547
1097,N2,0.010349,0.002426,0.023121,0.096277
1098,N2,0.024172,0.002303,0.025792,0.106529
1099,N2,0.060358,0.009697,0.059188,0.000000
1100,N2,0.011432,0.001166,0.009626,0.093220
1101,N2,0.036139,0.006771,0.014160,0.061713
1102,N2,0.011503,0.003162,0.048337,0.000000
1103,N2,0.010872,0.000334,0.022655,0.013100
1104,N2,0.005182,0.002146,0.026441,0.036674
1105,N1,0.080790,0.000825,0.034637,0.224084
1106,N2,0.013237,0.006475,0.010736,0.019964
1107,N2,0.004774,0.012824,0.021235,0.165304
1108,N2,0.007012,0.060918,0.113105,0.093844
1109,N2,0.012649,0.005819,0.035614,0.027442
1110,N2,0.007727,0.006652,0.071917,0.116674
1111,N2,0.013442,0.005269,0.010962,0.097627
1112,N2,0.006674,0.008161,0.031609,0.199229
1113,N2,0.020649,0.014251,0.045244,0.135845
1114,N2,0.016523,0.016780,0.035907,0.215701
1115,N2,0.020954,0.004123,0.015193,0.234648
1116,N2,0.048489,0.000536,0.027694,0.080749
1117,N2,0.016043,0.008165,0.029411,0.153572
1118,N2,0.013239,0.034216,0.053249,0.000000
1119,N2,0.053049,0.002231,0.033930,0.349018
1120,N2,0.020064,0.005724,0.027773,0.124207
1121,N2,0.006260,0.004452,0.011580,0.094999
1122,N2,0.009143,0.043293,0.047584,0.056055
1123,N2,0.040258,0.003794,0.020782,0.272328
1124,N2,0.002914,0.008872,0.024736,0.233814
1125,N2,0.046867,0.001272,0.018249,0.141388
1126,N2,0.017384,0.002763,0.012125,0.268162
1127,N2,0.014920,0.005041,0.009891,0.110772
1128,N2,0.057132,0.006854,0.024211,0.048502
1129,N2,0.007737,0.013264,0.024015,0.116258
1130,N2,0.015418,0.004890,0.015587,0.419454
1131,N2,0.016103,0.002457,0.024936,0.518155
1132,N2,0.007567,0.035308,0.050295,0.241894
1133,N2,0.034374,0.001740,0.057634,0.022868
1134,N2,0.046136,0.004273,0.023070,0.071741
1135,N2,0.018012,0.000792,0.015482,0.043859
1136,N2,0.005635,0.009862,0.038439,0.080855
1137,N2,0.006099,0.006199,0.035261,0.099491
1138,N2,0.020820,0.005596,0.022019,0.202964
1139,N2,0.008918,0.012419,0.038383,0.030722
1140,N2,0.011398,0.006682,0.016268,0.000000
1141,N1,0.067076,0.002837,0.010681,0.337467
1142,N2,0.020149,0.000821,0.022498,0.026093
1143,N2,0.047750,0.003224,0.009576,0.190363
1144,N2,0.016735,0.012310,0.037341,0.000000
1145,N2,0.034936,0.004128,0.044282,0.135842
1146,N2,0.054028,0.009984,0.054784,0.000000
1147,N2,0.016670,0.008396,0.027375,0.059297
1148,N2,0.049884,0.016342,0.041027,0.000000
1149,N2,0.005581,0.004015,0.022103,0.011390
1150,N2,0.066480,0.006103,0.022759,0.094727
1151,N2,0.013949,0.011086,0.022570,0.000000
1152,N2,0.052895,0.011742,0.032204,0.119159
1153,N2,0.061353,0.005452,0.029693,0.307543
1154,N2,0.006390,0.002538,0.015532,0.155666
1155,N2,0.020630,0.009964,0.021029,0.042302
1156,N2,0.013052,0.001759,0.044751,0.000000
1157,N2,0.004102,0.034408,0.061361,0.095812
1158,N2,0.034793,0.005176,0.009210,0.102402
1159,N2,0.120891,0.033876,0.041676,0.184406
1160,N2,0.022053,0.005163,0.018682,0.064033
1161,N2,0.052958,0.005428,0.014707,0.022058
1162,N2,0.007675,0.003240,0.019530,0.032294
1163,N2,0.011837,0.009254,0.021727,0.146109
1164,N2,0.057135,0.021282,0.044097,0.076072
1165,N2,0.156822,0.015694,0.033858,0.202392
1166,N2,0.020694,0.003362,0.029360,0.040105
1167,N2,0.098977,0.004910,0.039226,0.000000
1168,N2,0.008226,0.015818,0.062759,0.058264
1169,N2,0.027607,0.002767,0.024728,0.000006
1170,N2,0.005672,0.000164,0.017021,0.137659
1171,N2,0.036628,0.020281,0.038821,0.012801
1172,N2,0.011029,0.065987,0.099681,0.038615
1173,N2,0.102956,0.030478,0.041797,0.200897
1174,N2,0.027993,0.005505,0.049802,0.111159
1175,N2,0.058788,0.003566,0.019169,0.404561
1176,N2,0.030292,0.000176,0.014493,0.039721
1177,N2,0.071664,0.006499,0.023744,0.071559
1178,N2,0.026068,0.001289,0.018427,0.154827
1179,N2,0.021548,0.034004,0.077392,0.199891
1180,N2,0.037240,0.003743,0.013772,0.036595
1181,N2,0.025371,0.003178,0.019622,0.033985
1182,N2,0.015595,0.004618,0.006174,0.081730
1183,N2,0.009626,0.005425,0.010117,0.037900
1184,N2,0.012483,0.003738,0.004380,0.134986
1185,N2,0.070896,0.017292,0.028151,0.286654
1186,N2,0.021074,0.000307,0.007743,0.267439
1187,N2,0.040128,0.006845,0.009237,0.125557
1188,N1,0.055287,0.000838,0.007564,0.177507
1189,W,0.046040,0.001344,0.005616,0.076549
1190,W,0.149032,0.000570,0.009452,0.144221
1191,N1,0.006365,0.003050,0.007410,0.185490
1192,N1,0.066356,0.000241,0.001992,0.137622
1193,N1,0.024168,0.004326,0.012243,0.126137
1194,W,0.025047,0.000310,0.023392,0.192196
1195,W,0.020295,0.001593,0.014685,0.139435
1196,W,0.199085,0.001278,0.015029,0.149257
1197,W,0.019191,0.003384,0.007895,0.385680
1198,N1,0.022969,0.002890,0.009358,0.124114
1199,N1,0.016532,0.001707,0.016829,0.044024
1200,N1,0.014452,0.000214,0.006975,0.208821
1201,N1,0.021531,0.005502,0.016397,0.023980
1202,N1,0.038703,0.001913,0.011612,0.218760
1203,N1,0.006892,0.001441,0.012500,0.206739
1204,N1,0.045234,0.000199,0.010824,0.281884
1205,N2,0.014322,0.003158,0.023215,0.051160
1206,N2,0.099125,0.002836,0.037163,0.083507
1207,N2,0.071476,0.005678,0.015187,0.173071
1208,N2,0.018561,0.025260,0.065119,0.196472
1209,N2,0.109240,0.012000,0.020726,0.000000
1210,N2,0.009565,0.003052,0.015712,0.000000
1211,N2,0.013518,0.003576,0.008969,0.178594
1212,N2,0.052093,0.004560,0.014249,0.150689
1213,N2,0.111329,0.006670,0.020315,0.066538
1214,N2,0.099718,0.022040,0.046258,0.107354
1215,N2,0.085154,0.013399,0.022620,0.005654
1216,N2,0.067503,0.011208,0.050656,0.286961
1217,N2,0.031384,0.006834,0.020051,0.061578
1218,W,0.069636,0.000764,0.018560,0.000000
1219,W,0.138995,0.003434,0.032294,0.075239
1220,W,0.056665,0.001035,0.011787,0.372626
1221,N1,0.024249,0.001689,0.007296,0.228277
1222,N1,0.015478,0.001644,0.005149,0.343587
1223,W,0.064531,0.001128,0.025423,0.079503
1224,W,0.011656,0.000555,0.009346,0.338070
1225,W,0.067636,0.003332,0.010539,0.187406
1226,N1,0.141126,0.007781,0.015982,0.189886
1227,W,0.217837,0.000321,0.008810,0.128193
1228,N1,0.008474,0.001592,0.006667,0.028375
1229,N1,0.040590,0.001327,0.010251,0.086954
1230,W,0.047855,0.001126,0.016387,0.587648
1231,W,0.160953,0.000539,0.010177,0.138171
1232,W,0.185041,0.000895,0.007428,0.223285
1233,W,0.010830,0.002441,0.009475,0.190395
1234,N1,0.029594,0.001701,0.011404,0.113115
1235,N1,0.001763,0.004230,0.016400,0.089981
1236,N1,0.016546,0.004321,0.016472,0.037485
1237,N1,0.036886,0.004543,0.008592,0.041578
1238,N2,0.098181,0.008462,0.032326,0.426656
1239,N2,0.009251,0.004184,0.020517,0.104640
1240,N2,0.009435,0.002770,0.022395,0.263080
1241,N2,0.005402,0.011436,0.020877,0.000000
1242,N2,0.007129,0.011612,0.023568,0.029616
1243,N2,0.120571,0.001549,0.018560,0.074696
1244,N2,0.028539,0.017471,0.027442,0.044008
1245,N2,0.013802,0.136731,0.162620,0.217213
1246,N2,0.043861,0.010392,0.018107,0.172224
1247,N2,0.056624,0.006689,0.049518,0.072990
1248,N2,0.017454,0.006697,0.026822,0.003453
1249,N2,0.011909,0.009916,0.023563,0.046488
1250,N2,0.013235,0.003006,0.012845,0.335215
1251,N2,0.069544,0.009584,0.016191,0.021489
1252,N2,0.003767,0.019895,0.039156,0.046429
1253,N2,0.034441,0.002154,0.008200,0.021528
1254,N2,0.023630,0.028892,0.042934,0.090236
1255,N2,0.035108,0.023817,0.056506,0.304227
1256,N2,0.053299,0.007136,0.035249,0.000000
1257,N2,0.037763,0.055252,0.062574,0.076061
1258,N2,0.102231,0.007286,0.027874,0.238085
1259,N2,0.030553,0.002660,0.015139,0.315646
1260,N2,0.067301,0.002834,0.017806,0.000000
1261,N2,0.116319,0.003478,0.017453,0.158104
1262,N2,0.018982,0.002106,0.031896,0.132088
1263,N1,0.074298,0.002108,0.020395,0.448542
1264,N1,0.070162,0.002198,0.009442,0.063601
1265,N2,0.037454,0.032611,0.081739,0.675496
1266,N2,0.022143,0.008571,0.028252,0.120066
1267,N2,0.008973,0.007293,0.018013,0.225219
1268,N2,0.016555,0.005473,0.012757,0.157185
1269,N2,0.007164,0.001954,0.009164,0.096003
1270,N2,0.046079,0.012981,0.041793,0.030301
1271,N2,0.009044,0.003224,0.043300,0.048810
1272,N2,0.086697,0.003158,0.021377,0.402304
1273,N2,0.066770,0.012046,0.028164,0.089095
1274,N2,0.058593,0.014577,0.024613,0.093424
1275,N2,0.017169,0.006562,0.028886,0.047962
1276,N2,0.003685,0.002752,0.016737,0.160171
1277,N2,0.008784,0.011234,0.034925,0.169531
1278,N2,0.011639,0.002118,0.032586,0.113600
1279,N2,0.021387,0.064449,0.077498,0.604903
1280,N2,0.012342,0.011740,0.033113,0.000000
1281,N2,0.075560,0.002347,0.024703,0.000000
1282,N2,0.011250,0.015661,0.043169,0.279886
1283,N2,0.009391,0.005516,0.016811,0.081005
1284,N2,0.043321,0.008698,0.015598,0.179942
1285,R,0.012496,0.065954,0.087947,0.067393
1286,R,0.015220,0.002312,0.019301,0.000950
1287,R,0.027757,0.004502,0.011744,0.390497
1288,R,0.013949,0.002990,0.020130,0.005172
1289,R,0.019514,0.000791,0.021027,0.080075
1290,R,0.023819,0.001338,0.054507,0.057052
1291,R,0.006381,0.000185,0.005752,0.205482
1292,R,0.032735,0.002268,0.029686,0.091347
1293,R,0.020974,0.000313,0.010521,0.000000
1294,R,0.011005,0.002781,0.012936,0.204401
1295,R,0.049717,0.000386,0.010627,0.177100
1296,R,0.026026,0.001540,0.012934,0.269951
1297,R,0.020526,0.003142,0.017226,0.044017
1298,R,0.006826,0.001898,0.033807,0.219998
1299,R,0.028307,0.002051,0.013147,0.056887
1300,R,0.026532,0.001204,0.010547,0.081649
1301,R,0.024955,0.001168,0.008182,0.121575
1302,R,0.065729,0.001648,0.021729,0.090649
1303,R,0.044890,0.003958,0.026805,0.062545
1304,R,0.023357,0.006065,0.022129,0.019715
1305,R,0.028944,0.001902,0.003983,0.191168
1306,R,0.027981,0.001186,0.018940,0.039455
1307,R,0.082520,0.002115,0.021958,0.221888
1308,R,0.035385,0.002729,0.020847,0.207523
1309,R,0.015659,0.002553,0.016734,0.106363
1310,R,0.006599,0.001125,0.015486,0.293734
1311,R,0.030067,0.000841,0.015557,0.191197
1312,R,0.009571,0.004774,0.045347,0.100231
1313,R,0.010862,0.003532,0.010790,0.129597
1314,R,0.028217,0.005030,0.022362,0.033978
1315,R,0.003232,0.002771,0.010700,0.228031
1316,R,0.002457,0.002829,0.015881,0.034649
1317,R,0.019943,0.002999,0.021981,0.135269
1318,R,0.009528,0.005303,0.031685,0.222117
1319,R,0.008688,0.002230,0.013327,0.468489
1320,R,0.005684,0.003094,0.065245,0.150974
1321,R,0.005659,0.000248,0.020103,0.012883
1322,R,0.008952,0.009092,0.031497,0.096234
1323,R,0.021397,0.001003,0.030997,0.104821
1324,N2,0.036721,0.002696,0.009792,0.038014
1325,N2,0.017393,0.001816,0.018716,0.058559
1326,N2,0.061800,0.000617,0.024071,0.094256
1327,N2,0.022635,0.006547,0.015160,0.123086
1328,N2,0.011265,0.002896,0.047176,0.049383
1329,N2,0.021685,0.001206,0.005122,0.454098
1330,N2,0.038970,0.005707,0.013512,0.002525
1331,N2,0.045414,0.005954,0.014122,0.098652
1332,N2,0.020975,0.002888,0.035544,0.076986
1333,N2,0.023711,0.056704,0.071132,0.027763
1334,N2,0.015337,0.000401,0.014353,0.067481
1335,N2,0.010279,0.003503,0.011336,0.059986
1336,N2,0.010271,0.009762,0.019566,0.122454
1337,N2,0.049414,0.003535,0.008394,0.118463
1338,N2,0.061609,0.006957,0.019460,0.071550
1339,N2,0.012396,0.013293,0.025367,0.132297
1340,N2,0.148319,0.018685,0.030339,0.102688
1341,N2,0.023065,0.024653,0.051886,0.339657
1342,N2,0.019034,0.002043,0.008034,0.000000
1343,N2,0.007413,0.003166,0.019337,0.000000
1344,N2,0.018657,0.011270,0.020472,0.057281
1345,N2,0.013237,0.019580,0.029953,0.156557
1346,N2,0.034740,0.019751,0.053909,0.106356
1347,N2,0.047850,0.004450,0.029397,0.029025
1348,N2,0.019018,0.004220,0.032966,0.131231
1349,N2,0.030983,0.030105,0.034893,0.093483
1350,N2,0.018833,0.008886,0.020970,0.171790
1351,N2,0.019218,0.047469,0.064827,0.316412
1352,N2,0.015660,0.001201,0.030950,0.074059
1353,N2,0.009789,0.005379,0.022406,0.023831
1354,N2,0.008369,0.033071,0.053984,0.005085
1355,N2,0.010647,0.003999,0.031791,0.050407
1356,N2,0.025794,0.001078,0.016977,0.077097
1357,N2,0.021251,0.001912,0.024891,0.092623
1358,N2,0.004442,0.006274,0.018966,0.039506
1359,N2,0.008176,0.001634,0.023385,0.000000
1360,N2,0.004671,0.007367,0.034113,0.001938
1361,N2,0.003638,0.002752,0.017369,0.785946
1362,N2,0.003049,0.002047,0.011740,0.096064
1363,N2,0.039012,0.001115,0.013441,0.104323
1364,N2,0.004044,0.000613,0.004208,0.100936
1365,N2,0.011604,0.003722,0.031367,0.106129
1366,N2,0.006253,0.001150,0.017713,0.000000
1367,N2,0.003182,0.040264,0.078009,0.087487
1368,N3,0.014992,0.028477,0.045526,0.154812
1369,N3,0.023194,0.004361,0.021605,0.000000
1370,N2,0.000902,0.000238,0.050334,0.093648
1371,N2,0.000919,0.002078,0.013748,0.000000
1372,N2,0.006920,0.002125,0.007050,0.000000
1373,N2,0.009546,0.001247,0.012333,0.141068
1374,N3,0.004572,0.000476,0.025231,0.026597
1375,N2,0.006273,0.000071,0.021873,0.046761
1376,N3,0.010285,0.014124,0.022691,0.029864
1377,N3,0.003460,0.001093,0.022106,0.100707
1378,N3,0.001770,0.012900,0.046439,0.131283
1379,N2,0.004785,0.000860,0.018210,0.107336
1380,N2,0.004947,0.000283,0.007863,0.167400
1381,N3,0.001255,0.000674,0.017876,0.023610
1382,N3,0.011900,0.000287,0.007500,0.024706
1383,N2,0.001262,0.000617,0.014350,0.518199
1384,N2,0.003476,0.000730,0.021241,0.000000
1385,N2,0.002580,0.013045,0.021246,0.061136
1386,N2,0.005256,0.013184,0.022548,0.186981
1387,N3,0.030547,0.003659,0.016993,0.136184
1388,N3,0.000918,0.004092,0.095771,0.148656
1389,N2,0.008554,0.000170,0.046073,0.675492
1390,N2,0.004168,0.002174,0.009951,0.121018
1391,N3,0.003589,0.067070,0.094434,0.174475
1392,N2,0.020385,0.026281,0.076155,0.068061
1393,N3,0.019505,0.013672,0.074394,0.102946
1394,N2,0.002741,0.001505,0.012467,0.040809
1395,N2,0.003057,0.031999,0.100375,0.128882
1396,N3,0.004624,0.004212,0.012989,0.056835
1397,N3,0.001235,0.000867,0.014622,0.085864
1398,N3,0.008811,0.000293,0.015637,0.405034
1399,N3,0.007342,0.013916,0.029175,0.000000
1400,N3,0.027133,0.002892,0.029215,0.253287
1401,N3,0.005979,0.000373,0.011569,0.003141
1402,N3,0.029933,0.000156,0.025176,0.342111
1403,N3,0.000910,0.001108,0.004905,0.231146
1404,N3,0.011866,0.003129,0.020826,0.000000
1405,N1,0.097103,0.002753,0.089461,0.080899
1406,N2,0.001540,0.069925,0.082896,0.075683
1407,N2,0.007521,0.001303,0.011584,0.119650
1408,N2,0.008045,0.003358,0.018242,0.133013
1409,N2,0.007460,0.001589,0.030344,0.206555
1410,N2,0.016126,0.000589,0.013274,0.059759
1411,N2,0.073371,0.006183,0.022623,0.197663
1412,N2,0.011447,0.006636,0.018149,0.164202
1413,N2,0.046787,0.004179,0.028194,0.136921
1414,N2,0.045182,0.002081,0.017191,0.084249
1415,N2,0.024665,0.002288,0.028022,0.057904
1416,N2,0.035906,0.001683,0.019894,0.214923
1417,N2,0.042220,0.007519,0.041294,0.000000
1418,N2,0.036531,0.001942,0.017732,0.346376
1419,N2,0.058896,0.020569,0.044599,0.206383
1420,N2,0.025233,0.003674,0.030502,0.536105
1421,N2,0.059985,0.016730,0.027904,0.030543
1422,N2,0.080948,0.003166,0.043040,0.228654
1423,N2,0.090098,0.006216,0.019105,0.046800
1424,N2,0.069010,0.005789,0.018523,0.058561
1425,N2,0.024014,0.058694,0.087456,0.023995
1426,N2,0.030419,0.001656,0.019464,0.088646
1427,N2,0.009584,0.001183,0.019364,0.038210
1428,N2,0.030592,0.007699,0.021337,0.129815
1429,N2,0.009212,0.009239,0.088140,0.109201
1430,N2,0.010358,0.006201,0.017962,0.037260
1431,N2,0.086864,0.001166,0.014824,0.105339
1432,N2,0.018123,0.016015,0.021401,0.100777
1433,N2,0.114338,0.007858,0.044080,0.122190
1434,N2,0.056150,0.001215,0.012653,0.242431
1435,N2,0.143461,0.020873,0.043827,0.107504
1436,N2,0.065165,0.000731,0.014788,0.014577
1437,N2,0.043505,0.012928,0.025694,0.126528
1438,N2,0.029510,0.002093,0.026960,0.092478
1439,N2,0.013790,0.009321,0.018574,0.357722
1440,N2,0.050051,0.005308,0.018901,0.587753
1441,N2,0.023139,0.018163,0.044846,0.142802
1442,N2,0.016687,0.005412,0.007713,0.068071
1443,N2,0.099019,0.001291,0.010384,0.135102
1444,N2,0.012908,0.008634,0.023697,0.077361
1445,N2,0.019128,0.011207,0.026259,0.068887
1446,N2,0.017228,0.003677,0.021937,0.304209
1447,N1,0.222531,0.001259,0.037653,0.115948
1448,N1,0.064734,0.005546,0.023666,0.055227
1449,N2,0.053445,0.028506,0.072649,0.078803
1450,N2,0.113270,0.025540,0.033964,0.142326
1451,N2,0.131886,0.001819,0.013461,0.101021
1452,N2,0.059346,0.006336,0.029360,0.418579
1453,N2,0.007113,0.060047,0.085536,0.169702
1454,N2,0.027474,0.014433,0.021713,0.120192
1455,N2,0.090597,0.028873,0.046694,0.032391
1456,N2,0.004733,0.002472,0.020840,0.051748
1457,N2,0.050819,0.009573,0.023385,0.066077
1458,N2,0.034085,0.029705,0.059072,0.000000
1459,N2,0.022355,0.003466,0.020265,0.230786
1460,N1,0.029827,0.001254,0.025334,0.075673
1461,N1,0.013350,0.000522,0.015568,0.012679
1462,N2,0.009187,0.003188,0.030936,0.153700
1463,N2,0.040925,0.005737,0.006325,0.179640
1464,N2,0.013285,0.008692,0.022359,0.065637
1465,N2,0.016080,0.005066,0.025098,0.168614
1466,N2,0.006241,0.003641,0.033800,0.055588
1467,N2,0.021679,0.001299,0.016285,0.155702
1468,N2,0.032167,0.002499,0.006964,0.039009
1469,N2,0.116019,0.001885,0.010471,0.209217
1470,N2,0.144370,0.008715,0.017431,0.036279
1471,N2,0.023368,0.005191,0.013739,0.114531
1472,N1,0.070347,0.001762,0.007658,0.307173
1473,N1,0.004421,0.000982,0.011674,0.147979
1474,N2,0.027730,0.003946,0.017590,0.066427
1475,N2,0.031699,0.002611,0.021517,0.100629
1476,N2,0.064364,0.000492,0.020197,0.078192
1477,N2,0.104461,0.004931,0.025587,0.125914
1478,N1,0.016573,0.001426,0.011214,0.447758
1479,N1,0.022193,0.003856,0.028456,0.386058
1480,N1,0.006275,0.002072,0.010340,0.085800
1481,N2,0.017093,0.005737,0.022727,0.000000
1482,N2,0.027804,0.001936,0.027326,0.000000
1483,N2,0.045446,0.009521,0.034260,0.218081
1484,N2,0.042842,0.001337,0.008688,0.124109
1485,N2,0.013210,0.002626,0.018738,0.073789
1486,N2,0.028941,0.008846,0.043262,0.054830
1487,R,0.020221,0.016456,0.043452,0.163704
1488,N2,0.010060,0.000106,0.005694,0.251145
1489,N2,0.012037,0.004877,0.017551,0.222033
1490,N2,0.046899,0.022317,0.032283,0.058520
1491,N2,0.038690,0.080252,0.090567,0.051936
1492,N2,0.051580,0.011689,0.020721,0.265924
1493,N2,0.017401,0.008140,0.037228,0.000000
1494,N2,0.020028,0.000992,0.008280,0.060319
1495,N2,0.004900,0.006219,0.027431,0.030888
1496,N2,0.009975,0.007849,0.019132,0.020091
1497,W,0.014488,0.002693,0.028907,0.088474
1498,N1,0.024872,0.000962,0.006387,0.383836
1499,N2,0.011374,0.096512,0.101603,0.001199
1500,N2,0.011704,0.008766,0.021616,0.130939
1501,N2,0.038369,0.003174,0.009484,0.076761
1502,N2,0.061396,0.017983,0.059320,0.202545
1503,N2,0.076871,0.001354,0.005622,0.210276
1504,N2,0.015303,0.005364,0.015683,0.395783
1505,N2,0.017464,0.011269,0.030049,0.057703
1506,N2,0.010817,0.002282,0.005276,0.129595
1507,R,0.053044,0.009604,0.015041,0.230724
1508,R,0.012967,0.000426,0.010769,0.004582
1509,R,0.037150,0.001455,0.019736,0.256326
1510,R,0.003280,0.006031,0.014366,0.180081
1511,R,0.013941,0.004289,0.021082,0.080178
1512,R,0.050496,0.002961,0.014958,0.065574
1513,R,0.020112,0.001154,0.013250,0.100648
1514,N1,0.067956,0.000405,0.026645,0.106277
1515,N1,0.012655,0.000961,0.022313,0.488036
1516,R,0.017842,0.002468,0.006488,0.028536
1517,R,0.018023,0.001728,0.038126,0.164829
1518,R,0.013172,0.002927,0.018812,0.066431
1519,R,0.015104,0.002012,0.009936,0.047525
1520,R,0.008927,0.001235,0.003798,0.298417
1521,R,0.012567,0.003231,0.022083,0.022624
1522,R,0.022405,0.008264,0.015654,0.141672
1523,R,0.001639,0.003315,0.029838,0.000000
1524,R,0.025472,0.004564,0.011921,0.091880
1525,R,0.005407,0.005882,0.027006,0.358773
1526,R,0.013341,0.003203,0.005786,0.072464
1527,R,0.004354,0.004220,0.010841,0.184616
1528,R,0.012811,0.001981,0.061981,0.048632
1529,R,0.015135,0.004480,0.012069,0.095998
1530,R,0.008973,0.002829,0.010653,0.101468
1531,R,0.004494,0.001813,0.029311,0.004783
1532,R,0.043433,0.007501,0.018874,0.042509
1533,R,0.013554,0.002626,0.028229,0.169213
1534,R,0.005306,0.005901,0.015377,0.033807
1535,R,0.002272,0.001420,0.022724,0.246248
1536,R,0.033526,0.001587,0.029611,0.175768
1537,R,0.009859,0.003164,0.019513,0.058376
1538,R,0.021032,0.001772,0.010268,0.074834
1539,R,0.017615,0.003120,0.012336,0.448018
1540,R,0.012717,0.000778,0.017722,0.056077
1541,R,0.010624,0.002195,0.028082,0.153297
1542,R,0.009047,0.000288,0.018748,0.038544
1543,R,0.011318,0.006889,0.040682,0.120550
1544,R,0.002571,0.005791,0.019186,0.077937
1545,R,0.030587,0.003076,0.046876,0.125279
1546,R,0.002104,0.005565,0.022907,0.015475
1547,R,0.027036,0.000596,0.033812,0.166813
1548,R,0.020105,0.001467,0.006709,0.458326
1549,R,0.020870,0.001721,0.016765,0.171248
1550,R,0.018468,0.002208,0.007218,0.138671
1551,R,0.084443,0.003103,0.007778,0.149872
1552,N1,0.015631,0.001118,0.072066,0.127332
1553,R,0.039128,0.001120,0.015936,0.107786
1554,R,0.007675,0.004084,0.026392,0.000000
1555,R,0.009894,0.000618,0.015401,0.110970
1556,N2,0.012926,0.005360,0.012605,0.235447
1557,N2,0.063088,0.003527,0.026132,0.000859
1558,N1,0.059101,0.000168,0.003908,0.034609
1559,N1,0.025812,0.001720,0.020909,0.092511
1560,N2,0.044983,0.004744,0.026629,0.054749
1561,N2,0.014105,0.001191,0.016938,0.095005
1562,N2,0.014464,0.007518,0.009278,0.321969
1563,N2,0.073152,0.002559,0.011634,0.062333
1564,N2,0.111292,0.004687,0.019794,0.038216
1565,N2,0.106432,0.008126,0.014427,0.154381
1566,N2,0.031591,0.001594,0.063972,0.107463
1567,N2,0.043019,0.002856,0.028834,0.239403
1568,N2,0.018003,0.012640,0.027519,0.112189
1569,N2,0.022291,0.007016,0.025711,0.041992
1570,N2,0.017272,0.004104,0.013767,0.234062
1571,N2,0.050180,0.007504,0.020992,0.085102
1572,N2,0.045799,0.003361,0.004992,0.010401
1573,N2,0.081123,0.006165,0.026892,0.557837
1574,N2,0.237951,0.007202,0.027820,0.252467
1575,N2,0.126878,0.001329,0.004946,0.113596
1576,N2,0.007842,0.000820,0.015452,0.087976
1577,N2,0.006960,0.002049,0.014421,0.000000
1578,N2,0.009139,0.004275,0.021353,0.020797
1579,N2,0.015152,0.001419,0.015752,0.033885
1580,N2,0.029175,0.002967,0.030933,0.157008
1581,N2,0.016976,0.000648,0.015348,0.034170
1582,N2,0.088130,0.002956,0.011659,0.133562
1583,N1,0.087232,0.001794,0.056078,0.134796
1584,N1,0.034007,0.002976,0.008694,0.109208
1585,N2,0.011321,0.003573,0.027804,0.090070
1586,N2,0.080405,0.004134,0.030960,0.000000
1587,N2,0.015198,0.041321,0.061158,0.129620
1588,N2,0.037040,0.001815,0.011010,0.022954
1589,N2,0.022816,0.000856,0.010889,0.298803
1590,N2,0.068784,0.002265,0.048031,0.033666
1591,N2,0.018290,0.006237,0.012882,0.112215
1592,N2,0.083516,0.003338,0.010077,0.103150
1593,N1,0.118274,0.001084,0.024371,0.075240
1594,N1,0.009853,0.007787,0.023406,0.048752
1595,N2,0.195318,0.003936,0.019755,0.037954
1596,N2,0.174362,0.003543,0.017856,0.019189
1597,N2,0.009799,0.008994,0.013212,0.134373
1598,N2,0.075122,0.004437,0.025890,0.100519
1599,N2,0.035618,0.001507,0.018793,0.274294
1600,N2,0.047443,0.004344,0.023454,0.060144
1601,N2,0.016878,0.004713,0.051248,0.000000
1602,N2,0.016606,0.001557,0.004203,0.000000
1603,N2,0.062616,0.007418,0.025849,0.028304
1604,N2,0.021632,0.057040,0.067280,0.000000
1605,N2,0.058953,0.002919,0.017556,0.085625
1606,N2,0.013171,0.002882,0.045756,0.131933
1607,N2,0.001936,0.000871,0.010347,0.022233
1608,N2,0.111282,0.002704,0.022400,0.107203
1609,N2,0.006625,0.005234,0.009000,0.104205
1610,N2,0.052837,0.008055,0.018419,0.165494
1611,N2,0.005586,0.001602,0.042838,0.173656
1612,N2,0.110829,0.000691,0.018292,0.372625
1613,N2,0.018160,0.001234,0.018064,0.092916
1614,N2,0.017806,0.001631,0.038873,0.079974
1615,N2,0.066286,0.004334,0.015095,0.036410
1616,N2,0.009651,0.004625,0.014833,0.179871
1617,N2,0.095755,0.008896,0.026966,0.102457
1618,N2,0.027689,0.004462,0.011106,0.018119
1619,N2,0.019455,0.000966,0.022997,0.096512
1620,N2,0.129308,0.005975,0.038612,0.299266
1621,N2,0.026350,0.000999,0.007696,0.124379
1622,N2,0.009794,0.010745,0.022941,0.344154
1623,N2,0.012172,0.008764,0.022615,0.172715
1624,N2,0.043590,0.004158,0.022207,0.313639
1625,N2,0.035551,0.001751,0.019431,0.001813
1626,N2,0.044934,0.010308,0.035349,0.039340
1627,N2,0.018795,0.021824,0.040177,0.175335
1628,N2,0.036294,0.008893,0.018751,0.024691
1629,W,0.011541,0.003198,0.016702,0.268436
1630,W,0.195917,0.003763,0.015701,0.187653
1631,N1,0.015889,0.000935,0.005896,0.217774
1632,N2,0.026668,0.002816,0.016875,0.032204
1633,N2,0.186085,0.004142,0.014544,0.000000
1634,N2,0.018417,0.001802,0.009052,0.267740
1635,N2,0.024339,0.002346,0.009469,0.040228
1636,N2,0.019919,0.009333,0.054657,0.060990
1637,N2,0.028548,0.006821,0.015460,0.000000
1638,N2,0.007800,0.007743,0.013762,0.002677
1639,N2,0.029528,0.001040,0.007282,0.000000
1640,N2,0.034387,0.004983,0.021030,0.390309
1641,N2,0.114704,0.002625,0.017670,0.120311
1642,N2,0.073384,0.016917,0.029712,0.206420
1643,N2,0.153682,0.005973,0.016694,0.126854
1644,N2,0.080065,0.001762,0.011165,0.354971
1645,N2,0.032736,0.015635,0.022370,0.069626
1646,N2,0.045551,0.001614,0.020683,0.136637
1647,N2,0.037502,0.004801,0.018325,0.129800
1648,N2,0.019957,0.006846,0.018749,0.173981
1649,N2,0.012574,0.006059,0.016451,0.000000
1650,N2,0.080474,0.004883,0.025987,0.117574
1651,N2,0.037985,0.006700,0.010443,0.178171
1652,N2,0.018374,0.014418,0.059985,0.000000
1653,N2,0.017077,0.006168,0.019946,0.173191
1654,N2,0.011018,0.001003,0.010487,0.035261
1655,N2,0.019374,0.002195,0.012471,0.063426
1656,N2,0.006039,0.006188,0.020427,0.125378
1657,N2,0.031670,0.011268,0.044632,0.145024
1658,N2,0.013062,0.007138,0.010065,0.066639
1659,N2,0.007141,0.000851,0.033217,0.124969
1660,N2,0.095056,0.086114,0.098008,0.000000
1661,N2,0.033892,0.000145,0.018321,0.121852
1662,N2,0.121625,0.085700,0.109684,0.222839
1663,N2,0.014099,0.000110,0.005790,0.015158
1664,N2,0.145757,0.000316,0.005112,0.073617
1665,N2,0.011681,0.006796,0.012886,0.089019
1666,N2,0.017866,0.004510,0.015983,0.006732
1667,N2,0.020697,0.014007,0.030944,0.008390
1668,N2,0.078512,0.001461,0.024019,0.143812
1669,N2,0.036126,0.009242,0.022088,0.224373
1670,N2,0.191856,0.001220,0.020020,0.008013
1671,R,0.078963,0.000267,0.017405,0.165292
1672,R,0.006232,0.005427,0.023884,0.353510
1673,R,0.008982,0.005475,0.022895,0.053447
1674,R,0.009628,0.003903,0.012650,0.064080
1675,R,0.022687,0.003906,0.011288,0.028887
1676,R,0.058606,0.004998,0.042644,0.218135
1677,R,0.001855,0.005537,0.019955,0.041219
1678,R,0.017577,0.001004,0.006309,0.277643
1679,R,0.023454,0.002678,0.012875,0.006930
1680,R,0.027118,0.004037,0.014339,0.098387
1681,R,0.004959,0.000868,0.015090,0.000000
1682,R,0.034331,0.001810,0.014607,0.116903
1683,R,0.038776,0.002797,0.007133,0.235279
1684,N1,0.081549,0.002400,0.007441,0.243076
1685,R,0.023760,0.003121,0.032905,0.216419
1686,R,0.014452,0.004880,0.018375,0.000000
1687,R,0.029021,0.004424,0.016623,0.280517
1688,R,0.040176,0.001689,0.021045,0.311230
1689,R,0.043374,0.001807,0.020748,0.070404
1690,R,0.012697,0.002225,0.019079,0.070416
1691,R,0.039201,0.001076,0.007751,0.197496
1692,R,0.053855,0.000053,0.055550,0.106868
1693,R,0.014196,0.007544,0.032290,0.092191
1694,R,0.043750,0.001162,0.041365,0.117217
1695,R,0.011574,0.000903,0.013128,0.019612
1696,R,0.120731,0.005659,0.013734,0.335283
1697,R,0.017799,0.005716,0.014272,0.000000
1698,R,0.020199,0.006852,0.011767,0.398189
1699,R,0.005062,0.001649,0.007115,0.170591
1700,R,0.200090,0.000104,0.016849,0.012057
1701,W,0.310058,0.000883,0.005296,0.225664
1702,W,0.011953,0.002044,0.017857,0.078395
1703,W,0.238320,0.000687,0.005537,0.487142
1704,W,0.035247,0.007522,0.015925,0.665880
1705,W,0.166170,0.000604,0.009722,0.466043
1706,W,0.006470,0.002679,0.021892,0.115816
1707,W,0.009935,0.007649,0.151617,0.346295
1708,W,0.006006,0.001993,0.010323,0.444541
1709,W,0.015074,0.002805,0.008071,0.949382
1710,W,0.005238,0.002266,0.012302,0.371508
1711,W,0.026299,0.000202,0.012612,0.791485
1712,W,0.006031,0.002610,0.006426,0.558359
1713,W,0.026231,0.000759,0.018669,0.377849
1714,W,0.008534,0.000745,0.005010,0.700532
1715,W,0.010234,0.002106,0.016185,0.293680
1716,W,0.015563,0.001425,0.003403,0.513341
1717,W,0.031709,0.003569,0.009723,0.638855
1718,W,0.002647,0.001969,0.012198,0.353655
1719,W,0.004267,0.000811,0.006491,0.213505
1720,W,0.024892,0.001362,0.007136,0.486665
1721,W,0.075286,0.000799,0.011810,0.492264
1722,W,0.021532,0.000267,0.010402,0.705112
1723,W,0.017367,0.000676,0.006619,0.446757
1724,W,0.024348,0.003015,0.007950,1.111891
1725,W,0.006401,0.000837,0.005463,0.410220
1726,W,0.024866,0.000790,0.013362,0.259259
1727,W,0.003937,0.003150,0.019489,1.021379
1728,W,0.009388,0.001837,0.009959,0.378605
1729,W,0.001439,0.004653,0.024383,0.983479
1730,W,0.006809,0.000900,0.007795,0.640430
1731,W,0.005048,0.000495,0.011227,0.457942
1732,W,0.008045,0.001121,0.026632,0.766460
1733,W,0.004353,0.001793,0.029250,0.193160
1734,W,0.002527,0.001228,0.004560,0.369050
1735,W,0.003471,0.000878,0.006133,0.279851
1736,W,0.014494,0.003162,0.009415,0.270319
1737,W,0.002064,0.000525,0.010502,0.751929
1738,W,0.029640,0.000288,0.013137,0.412432
1739,W,0.007712,0.006370,0.016322,0.508737
1740,W,0.007890,0.004539,0.015433,0.949790
1741,W,0.004849,0.001430,0.014018,0.323732
1742,W,0.021029,0.003785,0.017604,0.046739
1743,W,0.016013,0.001275,0.013142,0.512575
1744,W,0.007544,0.001539,0.008928,0.133602
1745,W,0.005272,0.000316,0.015784,0.522386
1746,W,0.004067,0.001103,0.026033,0.482891
1747,W,0.010260,0.001787,0.019600,0.652406
1748,W,0.007317,0.001822,0.036780,0.359920
1749,W,0.009390,0.001640,0.010349,0.426319
1750,W,0.005672,0.000453,0.019910,0.550795
1751,W,0.028303,0.001849,0.026584,0.835950
1752,W,0.002990,0.001444,0.018284,0.469840
1753,W,0.022751,0.003124,0.016949,0.470098
1754,W,0.008578,0.003232,0.027150,0.416628
1755,W,0.004587,0.000048,0.020940,0.130733
1756,W,0.119362,0.002950,0.019473,0.268264
1757,W,0.007848,0.005647,0.024549,0.453198
1758,W,0.010343,0.000715,0.015296,0.716639
1759,W,0.007364,0.004202,0.039894,0.263449
1760,W,0.004603,0.000751,0.019094,0.743010
1761,W,0.021970,0.001767,0.004431,0.522747
1762,W,0.008062,0.001689,0.012063,0.354755
1763,W,0.015079,0.001117,0.011995,0.344050
1764,W,0.015924,0.001567,0.008600,0.380642
1765,W,0.052143,0.000762,0.011875,0.294885
1766,W,0.003280,0.000883,0.033746,0.555887
1767,W,0.005264,0.000975,0.018477,1.264395
1768,W,0.015927,0.001172,0.011153,0.694503
1769,W,0.014536,0.002958,0.013652,0.518215
1770,W,0.021277,0.002054,0.020330,0.322189
1771,W,0.058125,0.005327,0.012925,1.198354
1772,W,0.011714,0.001795,0.006851,0.841786
1773,W,0.024574,0.000529,0.018007,0.519588
1774,W,0.012051,0.000513,0.002963,0.386310
1775,W,0.016309,0.000990,0.007973,0.774530
1776,W,0.016064,0.000469,0.002875,1.067467
1777,W,0.014658,0.005032,0.008552,0.627856
1778,W,0.004863,0.000225,0.008027,0.730247
1779,W,0.029057,0.002740,0.006709,0.517482
1780,W,0.010193,0.002619,0.007913,0.604035
1781,W,0.114895,0.001640,0.008510,0.482901
1782,W,0.010273,0.001055,0.005871,0.283793
1783,W,0.025936,0.000321,0.012836,0.550229
1784,W,0.047121,0.000850,0.008330,0.688208
1785,W,0.006959,0.001883,0.038822,0.449993
1786,W,0.003333,0.003278,0.024216,0.599314
1787,W,0.025016,0.001122,0.010475,0.375211
1788,W,0.023474,0.001357,0.024095,1.249502
1789,W,0.003289,0.001181,0.003924,0.947335
1790,W,0.015098,0.004127,0.011893,1.210701
1791,W,0.182588,0.004682,0.008787,0.528359
1792,W,0.009840,0.002054,0.009514,1.287096
1793,W,0.004170,0.001472,0.007005,0.428509
1794,W,0.023810,0.001131,0.006874,0.496509
1795,W,0.074979,0.001686,0.009088,0.715340
1796,W,0.003444,0.002196,0.004637,0.638310
1797,W,0.010947,0.006445,0.039793,0.638316
1798,W,0.031024,0.001254,0.006369,0.669085
1799,W,0.014372,0.001253,0.025764,0.217480
1800,W,0.018738,0.004381,0.039007,0.879025
1801,W,0.017598,0.000647,0.002982,0.574705
1802,W,0.005895,0.001808,0.012249,0.858519
1803,W,0.021200,0.002147,0.007871,0.744047
1804,W,0.016086,0.000493,0.011644,0.778615
1805,W,0.007385,0.003326,0.014779,0.534628
1806,W,0.292543,0.001263,0.007240,0.289263
1807,W,0.003802,0.003363,0.010051,0.669927
1808,W,0.020400,0.000534,0.012657,1.100694
1809,W,0.009455,0.001403,0.008333,0.778524
1810,W,0.033891,0.000784,0.008742,0.574926
1811,W,0.005700,0.001169,0.007204,0.827384
1812,W,0.003789,0.000344,0.002486,0.524487
1813,W,0.007264,0.004125,0.010397,0.499916
1814,W,0.013516,0.000323,0.017355,0.488825
1815,W,0.008488,0.000680,0.003999,0.825807
1816,W,0.015377,0.002039,0.028196,0.498748
1817,W,0.055694,0.001427,0.005202,1.172642
1818,W,0.006121,0.001464,0.008069,0.542722
1819,W,0.014141,0.004082,0.011932,0.521262
1820,W,0.047646,0.001814,0.031379,0.797847
1821,W,0.023161,0.000460,0.013458,0.440953
1822,W,0.019768,0.004119,0.012266,0.764212
1823,W,0.024383,0.002334,0.010790,0.786693
1824,W,0.024307,0.000727,0.007291,0.234906
1825,W,0.011943,0.002328,0.005445,0.991942
1826,W,0.006944,0.005242,0.020053,0.555308
1827,W,0.006777,0.000289,0.020258,0.243898
1828,W,0.006268,0.000963,0.022806,0.233265
1829,W,0.008948,0.000419,0.005195,0.701063
1830,W,0.002531,0.001660,0.019911,0.473613
1831,W,0.004397,0.003202,0.019110,0.181337
1832,W,0.001617,0.001180,0.041494,0.170020
1833,W,0.003146,0.000341,0.017040,0.478642
1834,W,0.006001,0.000752,0.004008,0.125693
1835,W,0.002361,0.000688,0.026581,0.461557
1836,W,0.012843,0.001625,0.025749,0.658401
1837,W,0.003176,0.000331,0.025452,0.369975
1838,W,0.009333,0.000660,0.018141,0.167475
1839,W,0.004217,0.002667,0.030322,0.224273
1840,W,0.000995,0.000299,0.024997,0.543247
1841,W,0.003548,0.000448,0.028750,0.096886
1842,W,0.000385,0.000892,0.022392,0.329351
1843,W,0.005211,0.001931,0.031066,0.615160
1844,W,0.010643,0.002554,0.022087,0.529010
1845,W,0.004684,0.002706,0.020643,0.274302
1846,W,0.003973,0.001177,0.013796,0.583276
1847,W,0.024010,0.002366,0.014981,0.457402
1848,W,0.008257,0.000570,0.011079,0.552671
1849,W,0.022655,0.001955,0.028391,0.259297
1850,W,0.002028,0.003101,0.019230,0.769481
1851,W,0.014411,0.006414,0.035735,0.665103
1852,W,0.017804,0.001166,0.009543,0.259147
1853,W,0.006389,0.003970,0.028115,0.497687
1854,W,0.038823,0.001575,0.039286,0.383426
1855,W,0.004093,0.002152,0.009036,0.411609
1856,W,0.001520,0.003322,0.011146,0.403379
1857,W,0.007730,0.003152,0.018545,0.953186
1858,W,0.002703,0.002323,0.022637,1.017452
1859,W,0.086503,0.002396,0.009942,0.181415
1860,W,0.029387,0.000348,0.021809,0.223603
1861,W,0.005059,0.002291,0.012867,0.565690
1862,W,0.005448,0.000507,0.028317,0.906615
1863,W,0.020540,0.001060,0.015288,0.184104
1864,W,0.011407,0.002261,0.037723,0.703180
1865,W,0.000847,0.002017,0.007643,0.502730
1866,W,0.007922,0.001719,0.014135,0.601209
1867,W,0.003124,0.001408,0.006397,1.057622
1868,W,0.010363,0.000312,0.025024,0.472961
1869,W,0.009056,0.002875,0.019896,0.512547
1870,W,0.015541,0.000102,0.005511,0.331498
1871,W,0.001175,0.001393,0.008662,0.655037
1872,W,0.004159,0.003663,0.007370,0.267327
1873,W,0.007252,0.000370,0.031809,0.271865
1874,W,0.016664,0.004291,0.029087,0.729601
1875,W,0.009501,0.001249,0.009230,0.436385
1876,W,0.017049,0.002325,0.042110,0.184520
1877,W,0.041212,0.002978,0.019758,1.068586
1878,W,0.012407,0.001323,0.071093,0.325267
1879,W,0.009713,0.001584,0.021608,1.310793
1880,W,0.070534,0.005057,0.014536,0.265717
1881,W,0.014687,0.002488,0.018692,0.644717
1882,W,0.012470,0.002073,0.017848,0.731143
1883,W,0.044209,0.001970,0.020148,0.327883
1884,W,0.023845,0.001850,0.027861,1.015703
1885,W,0.030974,0.002177,0.013171,0.672122
1886,W,0.011851,0.003491,0.012783,0.823344
1887,W,0.034317,0.000198,0.007993,0.838042
1888,W,0.030140,0.002557,0.010766,0.796425
1889,W,0.012663,0.002230,0.013147,0.328171
1890,W,0.005046,0.000287,0.003892,1.167974
1891,W,0.006149,0.000724,0.018303,0.572030
1892,W,0.011423,0.002252,0.027922,0.574207
1893,W,0.003619,0.006110,0.042084,0.385674
1894,W,0.006502,0.001823,0.029256,0.518391
1895,W,0.001017,0.001503,0.015851,0.379024
1896,W,0.006488,0.000182,0.017721,0.905838
1897,W,0.017518,0.001003,0.003665,0.292394
1898,W,0.042984,0.002856,0.016310,0.342050
1899,W,0.012883,0.001086,0.009293,0.153678
1900,W,0.010329,0.000786,0.012764,0.089803
1901,W,0.001242,0.001361,0.028516,0.375443
1902,W,0.007907,0.000339,0.008452,0.666953
1903,W,0.019225,0.003508,0.015422,0.272285
1904,W,0.012682,0.004867,0.023783,0.616823
1905,W,0.006957,0.003888,0.009027,0.772881
1906,W,0.004974,0.000916,0.013890,0.262855
1907,W,0.002517,0.001364,0.005596,0.403330
1908,W,0.004031,0.003965,0.017741,0.207729
1909,W,0.012687,0.003501,0.007351,0.246090
1910,W,0.012652,0.001713,0.018206,0.592516
1911,W,0.005556,0.000561,0.020138,0.653379
1912,W,0.010857,0.001286,0.015015,0.542137
1913,W,0.004927,0.001756,0.012776,0.787781
1914,W,0.008386,0.004716,0.013350,0.949649
1915,W,0.022179,0.000165,0.038669,0.678837
1916,W,0.004586,0.000445,0.010455,0.963568
1917,W,0.008562,0.002408,0.012688,0.719714
1918,W,0.004339,0.001952,0.009204,0.394129
1919,W,0.033240,0.000838,0.037839,0.470421
1920,W,0.011036,0.001033,0.019654,0.488489
1921,W,0.017181,0.002170,0.028224,0.536973
1922,W,0.072248,0.000428,0.004941,0.548977
1923,W,0.006063,0.001068,0.008239,0.513555
1924,W,0.020166,0.000228,0.019655,0.642271
1925,W,0.021392,0.000696,0.007315,1.038852
1926,W,0.044869,0.002359,0.010332,0.770773
1927,W,0.018271,0.001509,0.013800,0.716270
1928,W,0.018757,0.001660,0.009965,0.387406
1929,W,0.016667,0.004714,0.021629,0.930621
1930,W,0.048457,0.001162,0.007437,0.279534
1931,W,0.011128,0.003609,0.021571,0.752246
1932,W,0.007278,0.004378,0.032415,0.814829
1933,W,0.032389,0.000246,0.018076,0.674516
1934,W,0.023246,0.000729,0.008018,0.803970
1935,W,0.014540,0.002706,0.007516,1.104455
1936,W,0.002712,0.000112,0.005271,0.707647
1937,W,0.009619,0.001110,0.008213,0.502161
1938,W,0.050294,0.001990,0.015940,0.979987
1939,W,0.046159,0.002808,0.009979,0.632842
1940,W,0.007269,0.001591,0.009502,0.901039
1941,W,0.004167,0.004730,0.014456,1.453915
1942,W,0.037994,0.001160,0.026132,0.503456
1943,W,0.005924,0.000297,0.012024,0.321560
1944,W,0.004502,0.000182,0.006722,0.202686
1945,W,0.006738,0.005206,0.010212,0.884467
1946,W,0.002497,0.001310,0.016608,0.342354
1947,W,0.007305,0.005015,0.009648,0.597417
1948,W,0.021513,0.000488,0.012610,0.264264
1949,W,0.003866,0.005278,0.013502,0.647025
1950,W,0.234287,0.004575,0.019826,0.448510
1951,W,0.005768,0.002942,0.008319,1.432362
1952,W,0.001342,0.002393,0.014975,0.585191
1953,W,0.019873,0.005128,0.063758,0.424125
1954,W,0.020002,0.002400,0.005252,0.340189
1955,W,0.018539,0.008102,0.019701,0.224431
1956,W,0.029149,0.002152,0.014624,0.924783
1957,W,0.024488,0.001337,0.033994,1.049133
1958,W,0.107612,0.000559,0.002024,0.728196
1959,W,0.012997,0.002813,0.011430,0.792310
1960,W,0.129044,0.003849,0.008308,0.384869
1961,W,0.045444,0.006090,0.006486,0.836391
1962,W,0.016636,0.002031,0.012437,0.855148
1963,W,0.003881,0.001566,0.006867,0.303844
1964,W,0.011491,0.001277,0.006912,0.077859
1965,W,0.062631,0.001573,0.005888,0.236666
1966,W,0.018559,0.001183,0.014164,0.462732
1967,W,0.005698,0.001491,0.009678,0.815516
1968,W,0.110119,0.000674,0.002826,0.883641
1969,W,0.032897,0.000978,0.015530,0.789802
1970,W,0.051525,0.001695,0.002325,1.005923
1971,W,0.052734,0.000171,0.006837,0.714183
1972,W,0.015741,0.000748,0.002239,0.544994
1973,W,0.068921,0.000173,0.004246,0.901427
1974,W,0.010932,0.001346,0.009171,0.358507
1975,W,0.008998,0.003616,0.011457,1.209632
1976,W,0.093211,0.002148,0.004489,0.870992
1977,W,0.013603,0.001133,0.010293,0.510823
1978,W,0.008663,0.004747,0.016627,0.558184
1979,W,0.016576,0.001085,0.013842,0.971239
1980,W,0.043408,0.001660,0.004937,0.886415
1981,W,0.035901,0.002711,0.006549,0.997676
1982,W,0.012449,0.000125,0.007203,0.419272
1983,W,0.028350,0.004791,0.012448,0.450865
1984,W,0.045452,0.000909,0.008473,0.947135
1985,W,0.057624,0.002180,0.013350,0.547228
1986,W,0.077636,0.003101,0.007185,0.898274
1987,W,0.019169,0.001946,0.015918,0.490023
1988,W,0.041079,0.001065,0.014303,0.458393
1989,W,0.145173,0.000755,0.007669,0.645106
1990,W,0.018155,0.002751,0.021573,0.486016
1991,W,0.017698,0.000844,0.008188,0.485060
1992,W,0.016223,0.001377,0.011069,0.654041
1993,W,0.003749,0.001133,0.005112,0.615101
1994,W,0.013643,0.002482,0.006978,0.370423
1995,W,0.023749,0.002218,0.011726,0.663635
1996,W,0.007501,0.004721,0.012072,0.373198
1997,W,0.024656,0.000746,0.006565,1.219054
1998,W,0.034188,0.003234,0.017765,0.642804
1999,W,0.027450,0.005070,0.013646,0.574112
2000,W,0.012329,0.001821,0.004331,0.437660
2001,W,0.011667,0.000357,0.011098,0.674742
2002,W,0.016504,0.001615,0.026382,0.908856
2003,W,0.028613,0.002266,0.011203,0.310594
2004,W,0.018152,0.000252,0.011179,0.455847
2005,W,0.088538,0.002059,0.012090,0.313079
2006,W,0.033220,0.001777,0.009531,0.847816
2007,W,0.084474,0.000921,0.014002,0.184702
2008,W,0.008568,0.001531,0.038306,0.326134
2009,W,0.023931,0.005220,0.013818,0.788438
2010,W,0.014619,0.003308,0.024006,0.952214
2011,W,0.009072,0.000061,0.003412,1.498336
2012,W,0.006463,0.000355,0.003661,0.492675
2013,W,0.017764,0.002396,0.004074,0.856314
2014,W,0.011687,0.001222,0.004421,0.972557
2015,W,0.033236,0.000041,0.005627,0.392538
2016,W,0.017390,0.006336,0.015377,1.094275
2017,W,0.014468,0.001097,0.006991,0.588710
2018,W,0.008315,0.000476,0.017757,0.470552
2019,W,0.010885,0.003845,0.017935,0.576642
2020,W,0.024749,0.000390,0.024030,0.474052
2021,W,0.018555,0.001563,0.002903,0.656295
2022,W,0.014732,0.000398,0.004721,0.404611
2023,W,0.042857,0.001311,0.005612,0.219184
2024,W,0.031078,0.000555,0.009651,0.095190
2025,W,0.051390,0.002375,0.024065,0.302462
2026,W,0.003806,0.006127,0.015554,0.912359
2027,W,0.004060,0.001488,0.039307,0.591176
2028,W,0.005999,0.000985,0.030525,0.571352
2029,W,0.008619,0.006105,0.016951,0.420581
2030,W,0.042897,0.001955,0.016652,0.641834
2031,W,0.006429,0.000858,0.014371,0.639031
2032,W,0.007198,0.006423,0.044016,0.742741
2033,W,0.009516,0.004200,0.015899,0.686055
2034,W,0.041198,0.000999,0.010022,1.054116
2035,W,0.048670,0.003212,0.019252,0.703790
2036,W,0.010337,0.001004,0.012712,0.304876
2037,W,0.008591,0.000884,0.005621,0.470909
2038,W,0.012221,0.001468,0.007686,1.010686
2039,W,0.012506,0.002932,0.028553,0.410093
2040,W,0.011384,0.000954,0.022138,0.447345
2041,W,0.012314,0.000664,0.012706,0.143375
2042,W,0.007360,0.002128,0.018837,0.457512
2043,W,0.035316,0.000766,0.011172,0.509164
2044,W,0.004731,0.000654,0.012257,0.622193
2045,W,0.009964,0.003909,0.014847,0.870633
2046,W,0.007393,0.001839,0.014955,0.250741
2047,W,0.008580,0.000911,0.017637,0.179089
2048,W,0.007810,0.001010,0.015364,0.756717
2049,W,0.002517,0.002204,0.019477,0.867612
2050,W,0.011115,0.001022,0.014056,0.611512
2051,W,0.008188,0.007291,0.036229,0.357042
2052,W,0.013543,0.003101,0.031315,0.910165
2053,W,0.003756,0.001319,0.012550,0.461581
2054,W,0.005372,0.000781,0.005728,0.622671
2055,W,0.019657,0.003756,0.022909,0.367830
2056,W,0.003205,0.000401,0.009020,0.601473
2057,W,0.004350,0.002758,0.034332,0.401419
2058,W,0.080149,0.003573,0.024810,0.524664
2059,W,0.026966,0.004156,0.022020,0.125144
2060,W,0.001820,0.002052,0.013393,0.614552
2061,W,0.000929,0.004079,0.042853,0.598586
2062,W,0.039780,0.000730,0.016184,0.299246
2063,W,0.004240,0.002451,0.009900,0.544028
2064,W,0.020570,0.000923,0.003697,0.384783
2065,W,0.016605,0.002251,0.011359,0.469092
2066,W,0.006881,0.002354,0.005503,0.954147
2067,W,0.024404,0.004677,0.045190,1.146753
2068,W,0.004382,0.003263,0.031009,0.498113
2069,W,0.008918,0.000199,0.008928,0.429228
2070,W,0.015063,0.000389,0.007806,1.027287
2071,W,0.030043,0.000996,0.007861,0.122971
2072,W,0.050771,0.000355,0.002497,0.461376
2073,W,0.035306,0.001253,0.006765,0.275254
2074,W,0.022508,0.000111,0.002433,0.491738
2075,W,0.011957,0.000921,0.017231,0.512445
2076,W,0.004021,0.001092,0.007359,0.306338
2077,W,0.018074,0.002230,0.022794,0.937754
2078,W,0.009360,0.003757,0.026935,0.400255
2079,W,0.008278,0.000200,0.029026,0.505516
2080,W,0.012124,0.004369,0.017338,0.399786
2081,W,0.020340,0.001102,0.022300,1.010813
2082,W,0.018089,0.001338,0.007736,0.547030
2083,W,0.003487,0.002713,0.009320,1.142579
2084,W,0.022360,0.003771,0.011479,1.705358
2085,W,0.001737,0.001091,0.005680,0.319213
2086,W,0.010701,0.004328,0.015931,0.778483
2087,W,0.024498,0.003776,0.016098,0.710151
2088,W,0.013967,0.004720,0.009168,0.826181
2089,W,0.008804,0.001199,0.003799,0.431388
2090,W,0.009054,0.003386,0.016689,0.421277
2091,W,0.013043,0.000536,0.015405,0.864477
2092,W,0.005751,0.008360,0.017829,0.681951
2093,W,0.011838,0.000897,0.005210,0.427615
2094,W,0.019140,0.004893,0.023850,0.544127
2095,W,0.005066,0.002130,0.012501,0.464595
2096,W,0.099236,0.001483,0.012657,0.464516
2097,W,0.029418,0.004033,0.027742,0.424625
2098,W,0.007184,0.001204,0.008262,0.318446
2099,W,0.119052,0.003123,0.013038,0.463246
2100,W,0.081427,0.000625,0.017767,0.166236
2101,W,0.011449,0.001465,0.005692,0.157456
2102,W,0.105351,0.000584,0.004532,0.356943
2103,W,0.010791,0.002499,0.013250,0.289491
2104,W,0.020791,0.000720,0.012932,1.370750
2105,W,0.009681,0.006695,0.013999,0.565301
2106,W,0.017338,0.002230,0.016872,0.369950
2107,W,0.104797,0.000321,0.008097,0.693076
2108,W,0.010036,0.003145,0.008638,0.366865
2109,W,0.017326,0.001839,0.012743,0.487694
2110,W,0.042157,0.002344,0.017920,0.248638
2111,W,0.040036,0.000437,0.026232,0.364159
2112,W,0.022424,0.002224,0.008633,0.526542
2113,W,0.013479,0.002062,0.024526,0.225874
2114,W,0.007025,0.001943,0.011445,0.512492
2115,W,0.055270,0.001413,0.017670,0.413508
2116,W,0.009253,0.001797,0.015452,1.091669
2117,W,0.048204,0.001688,0.004766,0.965724
2118,W,0.018662,0.001475,0.008812,0.460883
2119,W,0.001696,0.002688,0.030490,0.873373
2120,W,0.016664,0.001706,0.014040,0.310215
2121,W,0.010914,0.001013,0.009584,0.360589
2122,W,0.014121,0.001749,0.007456,0.435571
2123,W,0.006535,0.002591,0.014866,0.729221
2124,W,0.009309,0.002928,0.024422,0.204363
2125,W,0.011157,0.001112,0.004867,0.453642
2126,W,0.007287,0.000908,0.007725,0.528081
2127,W,0.005903,0.000769,0.005419,0.572880
2128,W,0.014407,0.000455,0.005801,0.606847
2129,W,0.042396,0.004936,0.014098,0.626982
2130,W,0.021148,0.001115,0.004842,0.312009
2131,W,0.008666,0.002750,0.004956,0.485784
2132,W,0.012732,0.000164,0.007111,0.554147
2133,W,0.014837,0.000648,0.019798,0.571861
2134,W,0.007635,0.000355,0.035365,0.329559
2135,W,0.020714,0.001840,0.006342,1.140184
2136,W,0.054314,0.003603,0.013028,0.597296
2137,W,0.011076,0.002317,0.018864,0.675746
2138,W,0.006726,0.000112,0.007008,0.650758
2139,W,0.005220,0.003255,0.008765,0.376166
2140,W,0.018324,0.000306,0.007556,0.686980
2141,W,0.025946,0.000449,0.012937,0.216643
2142,W,0.017292,0.000361,0.004585,0.486870
2143,W,0.017373,0.001164,0.005101,0.358121
2144,W,0.005499,0.002517,0.006266,0.520161
2145,W,0.017687,0.003203,0.009285,0.767322
2146,W,0.020979,0.001616,0.005332,0.941835
2147,W,0.009538,0.000567,0.014871,0.482616
2148,W,0.006278,0.004300,0.017531,0.847966
2149,W,0.009105,0.000478,0.016627,0.776650
2150,W,0.034991,0.004762,0.016989,0.982211
2151,W,0.020710,0.000430,0.010454,0.539663
2152,W,0.013763,0.001289,0.020902,0.626124
2153,W,0.005969,0.001144,0.013295,0.342269
2154,W,0.007875,0.001079,0.006330,0.598407
2155,W,0.007364,0.000889,0.006026,0.874174
2156,W,0.066065,0.000253,0.002057,0.594157
2157,W,0.246697,0.001317,0.013102,0.656851
2158,W,0.044600,0.000334,0.008818,0.353708
2159,W,0.015147,0.002520,0.012479,0.647003
2160,W,0.016351,0.003668,0.005841,0.503768
2161,W,0.222340,0.001727,0.012508,0.642664
2162,W,0.012670,0.000213,0.001164,0.875730
2163,W,0.004717,0.001726,0.007199,0.217793
2164,W,0.055427,0.003083,0.016087,0.390928
2165,W,0.008926,0.003624,0.014455,0.368722
2166,W,0.023447,0.000468,0.009172,0.471801
2167,W,0.011941,0.003269,0.006718,0.384308
2168,W,0.034617,0.002595,0.016154,0.446780
2169,W,0.016823,0.000826,0.012239,0.643583
2170,W,0.018597,0.003684,0.007936,0.430748
2171,W,0.003706,0.001955,0.003679,0.292904
2172,W,0.007975,0.000254,0.014387,0.383458
2173,W,0.009288,0.000553,0.009601,0.536522
2174,W,0.021748,0.001719,0.005183,0.438453
2175,W,0.003523,0.001020,0.007032,0.932139
2176,W,0.012419,0.001711,0.010104,0.609878
2177,W,0.012584,0.001430,0.016728,0.327942
2178,W,0.066721,0.002152,0.009092,1.364270
2179,W,0.018452,0.000998,0.035968,0.666186
2180,W,0.010230,0.000737,0.015159,0.771285
2181,W,0.002899,0.001313,0.005884,0.474708
2182,W,0.008695,0.000565,0.004025,0.746208
2183,W,0.044035,0.005517,0.014460,0.899357
2184,W,0.007111,0.000485,0.001589,0.367951
2185,W,0.008685,0.001714,0.005961,0.777604
2186,W,0.005242,0.000554,0.015453,0.564663
2187,W,0.031125,0.000110,0.010133,0.450513
2188,W,0.002431,0.001662,0.006362,0.630657
2189,W,0.001802,0.000587,0.010486,0.227241
2190,W,0.007564,0.000994,0.005836,0.068390
2191,W,0.012984,0.002532,0.003889,0.423756
2192,W,0.003172,0.000724,0.019122,1.068574
2193,W,0.004717,0.002200,0.010273,0.397713
2194,W,0.004798,0.001504,0.006634,0.331864
2195,W,0.008335,0.000194,0.013008,0.328832
2196,W,0.024140,0.002828,0.010040,0.651121
2197,W,0.005577,0.001761,0.010582,0.379818
2198,W,0.010835,0.001034,0.017549,0.947301
2199,W,0.070767,0.001262,0.003415,0.980684
2200,W,0.138258,0.001510,0.009617,0.668558
2201,W,0.005836,0.000730,0.009464,0.484864
2202,W,0.032276,0.000033,0.004593,0.335673
2203,W,0.032217,0.000256,0.010262,0.802116
2204,W,0.015152,0.002408,0.008070,0.414323
2205,W,0.021262,0.001730,0.004504,0.591749
2206,W,0.005747,0.000794,0.016700,0.803130
2207,W,0.009858,0.001067,0.024268,0.543397
2208,W,0.002626,0.001834,0.008693,0.385624
2209,W,0.058750,0.002628,0.035489,0.358250
2210,W,0.007372,0.001599,0.020554,0.352373
2211,W,0.013379,0.002912,0.016756,0.388217
2212,W,0.014757,0.001244,0.032073,0.500005
2213,W,0.004141,0.001578,0.015710,0.466081
2214,W,0.023673,0.002848,0.009441,0.465363
2215,W,0.006964,0.006223,0.022806,0.463387
2216,W,0.052644,0.000150,0.005236,0.570250
2217,W,0.011519,0.001256,0.033144,0.471750
2218,W,0.018831,0.000455,0.025438,0.568895
2219,W,0.031673,0.000274,0.036869,0.336457
2220,W,0.084066,0.001969,0.008205,0.567810
2221,W,0.006485,0.001566,0.004207,0.341889
2222,W,0.053672,0.002341,0.020548,0.474228
2223,W,0.009670,0.003637,0.032547,0.278737
2224,W,0.044968,0.003016,0.016104,0.608711
2225,W,0.025291,0.000756,0.032666,0.590143
2226,W,0.029814,0.000524,0.009765,1.110405
2227,W,0.016075,0.000963,0.010547,0.246988
2228,W,0.002075,0.001620,0.026122,0.394145
2229,W,0.013560,0.001520,0.015005,0.518512
2230,W,0.007922,0.002876,0.009010,0.296336
2231,W,0.028799,0.001251,0.015840,0.264137
2232,W,0.010941,0.000640,0.004743,0.011222
2233,W,0.002147,0.000449,0.009746,0.661763
2234,W,0.007250,0.000850,0.011493,0.278652
2235,W,0.009671,0.003163,0.015867,0.320699
2236,W,0.004573,0.003056,0.022419,0.625829
2237,W,0.079879,0.000751,0.011013,0.031603
2238,W,0.003274,0.001033,0.020505,0.192165
2239,W,0.005963,0.001072,0.001977,0.382473
2240,W,0.009013,0.000559,0.008653,0.361431
2241,W,0.036902,0.000846,0.041961,0.249169
2242,W,0.010184,0.002296,0.017142,0.361544
2243,W,0.018103,0.000863,0.029386,0.434768
2244,W,0.007142,0.001484,0.007485,0.495026
2245,W,0.015628,0.001882,0.008368,0.638114
2246,W,0.004677,0.003409,0.012598,0.338896
2247,W,0.023369,0.001460,0.006621,0.436369
2248,W,0.006476,0.000506,0.010253,0.729930
2249,W,0.007166,0.001400,0.013057,0.707937
2250,W,0.017201,0.002959,0.015915,0.454894
2251,W,0.008106,0.001486,0.027681,0.519290
2252,W,0.020249,0.001074,0.015206,1.375524
2253,W,0.015752,0.000889,0.021007,0.825345
2254,W,0.055974,0.000283,0.001708,0.637186
2255,W,0.048351,0.003160,0.012750,0.374290
2256,W,0.078840,0.002144,0.008047,0.398337
2257,W,0.016173,0.001792,0.014567,0.468014
2258,W,0.020412,0.002831,0.012551,0.946143
2259,W,0.014377,0.000947,0.022381,0.474459
2260,W,0.026168,0.002456,0.010624,0.859424
2261,W,0.004591,0.000538,0.017093,0.298917
2262,W,0.016255,0.003124,0.014868,0.516855
2263,W,0.037883,0.000749,0.018329,0.470341
2264,W,0.077110,0.001707,0.019503,0.527441
2265,W,0.066208,0.001735,0.026476,0.375785
2266,W,0.032665,0.000274,0.010019,0.310297
2267,W,0.014737,0.004281,0.009519,0.796761
2268,W,0.011452,0.007145,0.012976,0.887890
2269,W,0.010014,0.001707,0.005524,0.888816
2270,W,0.016550,0.001857,0.029269,0.278767
2271,W,0.002457,0.002547,0.017101,0.189022
2272,W,0.019289,0.002180,0.015549,0.230276
2273,W,0.013069,0.000435,0.012034,0.257376
2274,W,0.003559,0.001862,0.005062,1.065459
2275,W,0.005892,0.000875,0.002942,0.436605
2276,W,0.009251,0.001322,0.006226,0.705784
2277,W,0.024264,0.001440,0.009291,0.802732
2278,W,0.030380,0.001902,0.006877,0.581536
2279,W,0.015866,0.001317,0.029000,0.442620
2280,W,0.018225,0.000136,0.008954,1.052728
2281,W,0.005575,0.000385,0.007085,0.380536
2282,W,0.004927,0.002767,0.011749,0.716888
2283,W,0.026283,0.002297,0.012929,0.488937
2284,W,0.009350,0.000173,0.011944,0.157717
2285,W,0.004242,0.001777,0.005066,0.309999
2286,W,0.015044,0.000970,0.012957,0.359496
2287,W,0.006316,0.000509,0.006088,0.594406
2288,W,0.006759,0.001070,0.012493,0.278275
2289,W,0.050603,0.002057,0.018677,0.780733
2290,W,0.008565,0.002589,0.006333,0.470830
2291,W,0.018502,0.002844,0.030780,0.429505
2292,W,0.065218,0.002610,0.013825,0.331671
2293,W,0.017507,0.001617,0.008273,0.320903
2294,W,0.049499,0.000912,0.018296,0.956952
2295,W,0.029439,0.000417,0.003553,0.565982
2296,W,0.008304,0.000277,0.009691,0.229210
2297,W,0.003398,0.003326,0.010413,0.586031
2298,W,0.015665,0.003276,0.018110,0.566521
2299,W,0.016702,0.000248,0.009830,0.490282
2300,W,0.004317,0.001902,0.007615,0.455420
2301,W,0.002320,0.000226,0.011140,0.805831
2302,W,0.002051,0.001803,0.019244,0.496867
2303,W,0.004987,0.001136,0.006703,0.174544
2304,W,0.100632,0.000868,0.018208,0.510540
2305,W,0.034325,0.001656,0.009710,0.162091
2306,W,0.006750,0.001163,0.017658,0.076452
2307,W,0.042626,0.001450,0.004191,0.336525
2308,W,0.005124,0.005406,0.028573,0.324696
2309,W,0.071408,0.001022,0.006111,1.193020
2310,W,0.007504,0.002795,0.014188,0.352291
2311,W,0.010127,0.002452,0.007578,0.634908
2312,W,0.010779,0.001790,0.014947,0.665653
2313,W,0.022601,0.001209,0.019554,0.518240
2314,W,0.021233,0.002751,0.007620,0.248713
2315,W,0.008398,0.001012,0.009478,0.329996
2316,W,0.062839,0.000346,0.003051,0.326398
2317,W,0.032579,0.007061,0.017427,0.510648
2318,W,0.036649,0.004796,0.005808,0.398381
2319,W,0.014584,0.000949,0.012224,0.631671
2320,W,0.011699,0.001011,0.004863,0.554534
2321,W,0.007249,0.000763,0.006521,0.741811
2322,W,0.025319,0.004818,0.030213,0.924741
2323,W,0.024295,0.000912,0.019562,0.509970
2324,W,0.023230,0.000428,0.025485,0.908173
2325,W,0.002798,0.000939,0.017667,0.684309
2326,W,0.010692,0.000811,0.013730,0.537414
2327,W,0.021489,0.002529,0.003639,0.622960
2328,W,0.039964,0.002240,0.013788,0.089738
2329,W,0.004667,0.000602,0.007433,0.210202
2330,W,0.050448,0.003583,0.021744,0.466844
2331,W,0.014084,0.003572,0.009181,0.411349
2332,W,0.010845,0.000484,0.020127,0.381305
2333,W,0.021582,0.000319,0.008426,0.445100
2334,W,0.001687,0.001346,0.020545,0.838878
2335,W,0.012169,0.001198,0.013350,0.323415
2336,W,0.006371,0.001372,0.005080,0.337972
2337,W,0.044293,0.003200,0.010585,0.542451
2338,W,0.004930,0.002338,0.010259,0.318320
2339,W,0.045829,0.004963,0.011368,0.772163
2340,W,0.056217,0.001516,0.013830,0.817381
2341,W,0.017843,0.001311,0.009151,0.670356
2342,W,0.021707,0.001444,0.024311,0.594448
2343,W,0.013395,0.003071,0.025560,0.538988
2344,W,0.132991,0.002082,0.007053,0.195592
2345,W,0.023300,0.001908,0.007246,0.948002
2346,W,0.004330,0.000228,0.016641,0.286625
2347,W,0.011097,0.004716,0.028251,0.542843
2348,W,0.018532,0.000544,0.008179,0.482507
2349,W,0.009751,0.000701,0.008626,1.540597
2350,W,0.026745,0.000058,0.007004,0.563997
2351,W,0.003329,0.001798,0.014952,0.641219
2352,W,0.003403,0.001896,0.013338,0.701938
2353,W,0.025876,0.000756,0.009691,0.408573
2354,W,0.002253,0.001258,0.021135,0.826731
2355,W,0.032214,0.003728,0.015947,0.492835
2356,W,0.112582,0.000422,0.005708,0.321025
2357,W,0.007906,0.000656,0.012711,0.479827
2358,W,0.079389,0.002670,0.005335,0.367954
2359,W,0.025158,0.002289,0.005137,0.477320
2360,W,0.019272,0.002697,0.018829,0.988339
2361,W,0.021903,0.000964,0.008159,0.663576
2362,W,0.010814,0.001002,0.009977,0.340012
2363,W,0.015942,0.001791,0.007905,0.691019
2364,W,0.008865,0.001067,0.010564,0.693004
2365,W,0.039966,0.003054,0.015620,0.456532
2366,W,0.044834,0.002319,0.016847,0.966839
2367,W,0.013819,0.000279,0.006112,0.926265
2368,W,0.049325,0.002278,0.005807,0.351653
2369,W,0.021200,0.001236,0.007719,0.496509
2370,W,0.039512,0.000991,0.005089,0.767056
2371,W,0.122419,0.002351,0.006505,0.492472
2372,W,0.004851,0.000178,0.003704,0.665994
2373,W,0.110233,0.001793,0.012173,0.995997
2374,W,0.005369,0.001311,0.014513,0.695254
2375,W,0.047350,0.000200,0.013708,0.769625
2376,W,0.003533,0.001668,0.019808,0.918069
2377,W,0.061935,0.000574,0.007371,0.742007
2378,W,0.016683,0.002149,0.010611,0.475711
2379,W,0.007400,0.002568,0.009706,0.843031
2380,W,0.002586,0.000358,0.010175,0.571830
2381,W,0.025644,0.002857,0.009906,1.139904
2382,W,0.024005,0.002676,0.012496,0.335894
2383,W,0.072518,0.005677,0.018015,0.302476
2384,W,0.014276,0.000467,0.003849,0.563141
2385,W,0.062593,0.001197,0.002983,0.170581
2386,W,0.037944,0.000304,0.006043,0.773113
2387,W,0.046887,0.002223,0.030133,0.598150
2388,W,0.020963,0.000292,0.002569,0.363097
2389,W,0.005930,0.000237,0.011825,0.205767
2390,W,0.006316,0.000902,0.025129,0.459185
2391,W,0.000983,0.000384,0.024323,0.219073
2392,W,0.007967,0.000253,0.006631,0.696911
2393,W,0.015783,0.001264,0.032873,0.323266
2394,W,0.030827,0.001118,0.047703,0.354486
2395,W,0.005550,0.000223,0.020294,0.585231
2396,W,0.001242,0.003114,0.023064,0.316204
2397,W,0.008337,0.000924,0.014254,0.111472
2398,W,0.004123,0.000523,0.017743,0.408855
2399,W,0.007846,0.000505,0.011683,0.400540
2400,W,0.019345,0.001356,0.019009,0.501201
2401,W,0.004144,0.001201,0.011463,0.343810
2402,W,0.017570,0.003331,0.011951,1.329624
2403,W,0.017832,0.001184,0.012008,0.350264
2404,W,0.010129,0.004423,0.008345,0.659423
2405,W,0.005476,0.002223,0.019240,0.401785
2406,W,0.005655,0.002046,0.025220,0.515982
2407,W,0.001966,0.000685,0.007311,0.856773
2408,W,0.032700,0.000587,0.010597,0.467450
2409,W,0.006346,0.001955,0.007347,0.297141
2410,W,0.040183,0.000462,0.002485,0.766031
2411,W,0.003403,0.002129,0.010061,1.332771
2412,W,0.019976,0.000556,0.011833,0.556457
2413,W,0.013195,0.000848,0.010600,0.433558
2414,W,0.018608,0.011448,0.040478,1.095668
2415,W,0.007939,0.001651,0.007605,0.618675
2416,W,0.004231,0.000803,0.011892,0.224203
2417,W,0.025223,0.001508,0.039742,0.731919
2418,W,0.045288,0.000118,0.003746,0.481786
2419,W,0.003423,0.003616,0.051329,0.948390
2420,W,0.004911,0.002968,0.025075,0.335193
2421,W,0.012016,0.000138,0.010132,0.438098
2422,W,0.013466,0.001665,0.008908,0.232036
2423,W,0.013508,0.003969,0.031793,0.396133
2424,W,0.016165,0.000221,0.012963,0.745660
2425,W,0.004014,0.000580,0.013389,0.820137
2426,W,0.008974,0.003053,0.005766,1.302120
2427,W,0.012814,0.001378,0.005715,0.582855
2428,W,0.018536,0.001562,0.016234,0.495762
2429,W,0.009213,0.001406,0.018478,0.500122
2430,W,0.022130,0.001165,0.021508,0.478266
2431,W,0.026145,0.001623,0.018825,0.899524
2432,W,0.019772,0.000541,0.007321,1.047974
2433,W,0.011409,0.002515,0.009862,0.737392
2434,W,0.035300,0.001195,0.008844,1.302975
2435,W,0.012459,0.001564,0.068282,0.296020
2436,W,0.006217,0.004283,0.017419,0.201021
2437,W,0.008793,0.003414,0.053946,0.536676
2438,W,0.016641,0.000665,0.017348,0.409180
2439,W,0.048461,0.000242,0.012227,0.568091
2440,W,0.003216,0.003710,0.032506,0.470601
2441,W,0.016407,0.001824,0.010271,0.481633
2442,W,0.007372,0.000479,0.018940,0.310040
2443,W,0.008844,0.001472,0.020641,0.101463
2444,W,0.010330,0.004593,0.007662,0.217029
2445,W,0.002382,0.000107,0.009665,0.272465
2446,W,0.024368,0.000328,0.003964,0.165514
2447,W,0.011736,0.000318,0.006017,0.211892
2448,W,0.011961,0.001647,0.005353,0.790933
2449,W,0.009403,0.001898,0.006004,0.187037
2450,W,0.073408,0.000905,0.014881,0.690864
2451,W,0.009939,0.000194,0.008663,0.557547
2452,W,0.026111,0.001019,0.011715,0.395003
2453,W,0.007669,0.000684,0.009019,0.173028
2454,W,0.002171,0.000633,0.013462,0.364502
2455,W,0.021250,0.001336,0.014169,0.291007
2456,W,0.007486,0.002488,0.011626,0.203030
2457,W,0.004307,0.000358,0.016848,0.256539
2458,W,0.003742,0.002766,0.026886,0.315084
2459,W,0.004216,0.003595,0.008706,0.132318
2460,W,0.002959,0.000275,0.009038,0.114235
2461,W,0.002677,0.000210,0.005471,0.152594
2462,W,0.003869,0.000742,0.020566,0.171633
2463,W,0.032788,0.003191,0.010960,0.384801
2464,W,0.004569,0.000987,0.007614,0.403951
2465,W,0.003872,0.000527,0.030278,0.829407
2466,W,0.018533,0.000445,0.006733,0.409202
2467,W,0.004359,0.003756,0.011329,0.395250
2468,W,0.074329,0.001266,0.015999,0.382893
2469,W,0.010241,0.000343,0.031489,0.466758
2470,W,0.008410,0.001823,0.006321,0.260215
2471,W,0.002410,0.000955,0.008550,0.302974
2472,W,0.005904,0.000442,0.010899,0.465205
2473,W,0.023003,0.000796,0.018085,0.458911
2474,W,0.011053,0.000178,0.018160,0.874158
2475,W,0.055144,0.002531,0.013785,0.695609
2476,W,0.010730,0.001722,0.014229,0.353154
2477,W,0.006450,0.005249,0.009304,0.706121
2478,W,0.048236,0.001289,0.014701,0.603727
2479,W,0.019647,0.000311,0.011827,0.368855
2480,W,0.100412,0.002796,0.009400,0.735311
2481,W,0.006252,0.003241,0.022789,0.646664
2482,W,0.034585,0.001596,0.004013,1.100357
2483,W,0.007621,0.004996,0.016002,0.476231
2484,W,0.012058,0.003784,0.013096,0.618987
2485,W,0.009627,0.001812,0.009069,0.620305
2486,W,0.009576,0.001069,0.007306,0.529481
2487,W,0.065884,0.005907,0.010517,0.612438
2488,W,0.053224,0.000525,0.007857,1.260724
2489,W,0.006023,0.002847,0.015427,1.043627
2490,W,0.072153,0.003023,0.004079,0.697000
2491,W,0.027751,0.002867,0.005784,0.825282
2492,W,0.016777,0.001942,0.007594,0.497486
2493,W,0.009115,0.000182,0.004416,0.595497
2494,W,0.043741,0.001715,0.005946,0.469664
2495,W,0.038634,0.001140,0.005918,0.510778
2496,W,0.045254,0.001501,0.008008,0.931990
2497,W,0.021466,0.002858,0.007674,0.385868
2498,W,0.016343,0.001550,0.004541,0.138762
2499,W,0.026343,0.000814,0.006399,0.951391
2500,W,0.023833,0.000383,0.012885,0.938165
2501,W,0.009240,0.002429,0.014081,0.718247
2502,W,0.049688,0.001469,0.006432,0.595712
2503,W,0.012929,0.000685,0.010331,0.677884
2504,W,0.003644,0.000276,0.005282,0.198786
2505,W,0.005008,0.000969,0.020479,0.808791
2506,W,0.004413,0.000367,0.005214,0.754357
2507,W,0.327536,0.000307,0.006048,0.758229
2508,W,0.019081,0.003866,0.010667,0.730189
2509,W,0.055599,0.001008,0.001669,0.415447
2510,W,0.033512,0.002954,0.015190,0.262498
2511,W,0.078212,0.000739,0.019758,0.507513
2512,W,0.006167,0.004013,0.005233,1.157692
2513,W,0.008765,0.001069,0.053768,0.882377
2514,W,0.017231,0.003752,0.013505,0.313287
2515,W,0.076478,0.006220,0.018363,0.661653
2516,W,0.018275,0.001404,0.015829,0.520796
2517,W,0.082864,0.002596,0.006878,0.854049
2518,W,0.006164,0.001745,0.011329,0.604577
2519,W,0.000755,0.002144,0.011117,0.854278
2520,W,0.001260,0.000429,0.009537,0.491156
2521,W,0.106256,0.001413,0.009634,0.536815
2522,W,0.138777,0.004630,0.013991,1.012114
2523,W,0.007100,0.003360,0.007497,0.483578
2524,W,0.028948,0.001068,0.003605,0.376553
2525,W,0.010512,0.000541,0.004460,0.364421
2526,W,0.012572,0.000320,0.005312,0.399679
2527,W,0.021596,0.005788,0.014620,0.621864
2528,W,0.018637,0.003621,0.016313,0.565681
2529,W,0.090397,0.000462,0.009458,0.505743
2530,W,0.012333,0.001241,0.005731,0.363319
2531,W,0.020350,0.000748,0.004243,0.470334
2532,W,0.023614,0.000263,0.003975,0.221285
2533,W,0.042261,0.000793,0.007945,0.670090
2534,W,0.012466,0.001877,0.009425,0.697304
2535,W,0.027864,0.002131,0.010906,0.560914
2536,W,0.075031,0.001203,0.004635,0.571181
2537,W,0.007062,0.002288,0.011185,0.714418
2538,W,0.016457,0.000140,0.005768,0.315189
2539,W,0.038570,0.000901,0.005820,0.768565
2540,W,0.142420,0.003188,0.009675,0.813059
2541,W,0.004371,0.000077,0.005089,0.957758
2542,W,0.023272,0.001843,0.010236,0.486662
2543,W,0.004449,0.000222,0.010694,0.995141
2544,W,0.042467,0.004083,0.006657,0.845890
2545,W,0.010149,0.002200,0.024629,0.303217
2546,W,0.005988,0.002523,0.027419,0.645994
2547,W,0.021401,0.002342,0.009071,0.502467
2548,W,0.002165,0.000797,0.006768,0.591768
2549,W,0.004034,0.000220,0.008846,1.343847
2550,W,0.038680,0.001092,0.006095,0.607382
2551,W,0.075355,0.001121,0.005797,0.995121
2552,W,0.007134,0.000192,0.004517,0.812817
2553,W,0.008868,0.000385,0.005865,0.522485
2554,W,0.013654,0.003419,0.006853,0.611041
2555,W,0.011760,0.001694,0.013555,0.403107
2556,W,0.004915,0.000584,0.003462,0.753330
2557,W,0.004532,0.001195,0.008998,1.246087
2558,W,0.005782,0.000352,0.002529,0.637423
2559,W,0.003306,0.000095,0.011369,0.867198
2560,W,0.002955,0.000420,0.012257,0.781013
2561,W,0.005397,0.000528,0.002367,0.671693
2562,W,0.008468,0.003707,0.006475,0.633171
2563,W,0.032483,0.002020,0.008541,0.824388
2564,W,0.012760,0.002065,0.011534,0.591043
2565,W,0.013871,0.002862,0.020654,0.512664
2566,W,0.003452,0.003220,0.016851,0.507261
2567,W,0.018130,0.003067,0.018480,0.634331
2568,W,0.022310,0.002327,0.010847,0.477375
2569,W,0.013491,0.002304,0.011764,1.068015
2570,W,0.221726,0.001504,0.005661,1.205740
2571,W,0.161391,0.000417,0.012859,0.820030
2572,W,0.029113,0.000803,0.005467,0.867326
2573,W,0.017799,0.000663,0.011374,1.264691
2574,W,0.045000,0.004153,0.008282,0.793271
2575,W,0.053699,0.000290,0.007925,0.521279
2576,W,0.009195,0.001010,0.024752,1.116015
2577,W,0.032417,0.000675,0.010100,0.423236
2578,W,0.005839,0.002398,0.022655,0.546441
2579,W,0.002843,0.001487,0.019447,0.918463
2580,W,0.081428,0.002968,0.008369,0.880662
2581,W,0.031161,0.000900,0.009608,0.376742
2582,W,0.018038,0.004326,0.008527,0.567578
2583,W,0.024396,0.002573,0.014819,0.418573
2584,W,0.009071,0.001487,0.005044,0.634710
2585,W,0.152804,0.003218,0.009557,0.828096
2586,W,0.003024,0.001635,0.011445,0.765811
2587,W,0.009865,0.001441,0.018908,0.927682
2588,W,0.003593,0.002196,0.006256,0.455290
2589,W,0.016855,0.002134,0.009027,0.775153
2590,W,0.026295,0.000324,0.013286,0.919335
2591,W,0.010231,0.001483,0.006273,0.848866
2592,W,0.010231,0.000594,0.004137,0.368730
2593,W,0.027105,0.006285,0.011120,0.543736
2594,W,0.008442,0.000889,0.019862,0.357093
2595,W,0.026917,0.000528,0.003444,0.518578
2596,W,0.025898,0.001867,0.022901,0.572996
2597,W,0.012675,0.002205,0.006712,0.840068
2598,W,0.006840,0.006682,0.009598,0.930443
2599,W,0.238249,0.000447,0.007754,0.360413
2600,W,0.025380,0.000773,0.029385,0.432054
2601,W,0.019953,0.002025,0.005944,0.889851
2602,W,0.016241,0.000995,0.004605,0.368913
2603,W,0.009160,0.000471,0.008092,1.296431
2604,W,0.022557,0.001160,0.006066,0.636689
2605,W,0.166601,0.000103,0.002486,0.664261
2606,W,0.009010,0.000805,0.008483,0.526380
2607,W,0.009757,0.000987,0.007503,0.647494
2608,W,0.003826,0.000866,0.006814,0.609260
2609,W,0.016470,0.001634,0.007194,0.555080
2610,W,0.008389,0.000320,0.003710,0.935102
2611,W,0.006168,0.000178,0.002094,0.558793
2612,W,0.031249,0.000944,0.009612,0.359777
2613,W,0.134556,0.000398,0.002220,0.849654
2614,W,0.038498,0.001023,0.007545,1.002851
2615,W,0.003360,0.002424,0.041936,0.659567
2616,W,0.009684,0.001817,0.024968,0.355159
2617,W,0.155334,0.006336,0.012984,0.546084
2618,W,0.006826,0.002566,0.006944,0.375217
2619,W,0.079453,0.000675,0.019510,0.491623
2620,W,0.003130,0.001057,0.006905,0.927709
2621,W,0.041481,0.001110,0.004985,0.359810
2622,W,0.040642,0.000601,0.003202,0.478673
2623,W,0.008780,0.000350,0.009452,0.894950
2624,W,0.011606,0.001684,0.005096,0.549227
2625,W,0.030223,0.000238,0.004579,1.590516
2626,W,0.013220,0.001332,0.004750,0.618925
2627,W,0.009463,0.000720,0.006232,0.659849
2628,W,0.067366,0.000714,0.009671,0.698425
2629,W,0.028563,0.000311,0.005039,0.795965
2630,W,0.004003,0.001299,0.006356,0.600280
2631,W,0.078781,0.002265,0.009035,0.530043
2632,W,0.016318,0.001275,0.004804,0.519838
2633,W,0.016514,0.003359,0.003910,0.403893
2634,W,0.004614,0.001064,0.008272,0.429498
2635,W,0.015326,0.001258,0.016441,1.118393
2636,W,0.019963,0.002248,0.008261,0.598023
2637,W,0.010463,0.005475,0.009992,0.534496
2638,W,0.026028,0.001116,0.004696,0.441449
2639,W,0.023911,0.004311,0.010617,0.926836
2640,W,0.153442,0.000764,0.010430,0.850406
2641,W,0.019005,0.004502,0.013480,0.813326
2642,W,0.008646,0.002452,0.015514,0.576763
2643,W,0.007201,0.001082,0.003623,0.926352
2644,W,0.047479,0.001241,0.005203,0.725449
2645,W,0.040215,0.001153,0.003085,0.545505
2646,W,0.030361,0.001004,0.004481,0.786717
2647,W,0.045107,0.000649,0.009147,0.229093
2648,W,0.033584,0.003172,0.008672,0.336323
2649,W,0.044186,0.001080,0.007223,0.740375
2650,W,0.017644,0.002391,0.004160,0.179654
2651,W,0.147713,0.001950,0.003652,0.610530
2652,W,0.172310,0.001005,0.001621,0.878795
2653,W,0.042902,0.003450,0.028184,0.532789
2654,W,0.050979,0.003282,0.013268,0.905454
2655,W,0.012896,0.000722,0.024679,0.674048
2656,W,0.004002,0.001809,0.006004,0.931109
2657,W,0.037045,0.001386,0.016423,0.514738
2658,W,0.019920,0.001836,0.014496,0.729170
2659,W,0.021897,0.000883,0.003200,0.397722
2660,W,0.032517,0.000768,0.007486,0.631383
2661,W,0.010336,0.000729,0.011668,0.473416
2662,W,0.084347,0.001224,0.009606,0.694582
2663,W,0.003571,0.001530,0.038611,0.587054
2664,W,0.059904,0.002740,0.005530,0.636614
2665,W,0.022724,0.002839,0.016537,0.844482
2666,W,0.060831,0.002083,0.008606,0.725293
2667,W,0.251512,0.000913,0.008919,0.320914
2668,W,0.016783,0.002292,0.011926,0.415534
2669,W,0.032376,0.002468,0.015295,0.496823
2670,W,0.083001,0.004757,0.011539,0.558994
2671,W,0.017079,0.002167,0.006539,0.871547
2672,W,0.010191,0.008385,0.020341,0.447240
2673,W,0.059617,0.000505,0.014789,0.614223
2674,W,0.007192,0.003078,0.005921,0.743321
2675,W,0.032087,0.000422,0.008376,0.497446
2676,W,0.011039,0.002074,0.004956,0.380021
2677,W,0.016851,0.000216,0.007711,0.254426
2678,W,0.021869,0.008109,0.008499,0.728195
2679,W,0.016995,0.002294,0.008287,0.722278
2680,W,0.022187,0.000722,0.004060,0.525839
2681,W,0.019623,0.000883,0.006911,0.543900
2682,W,0.002905,0.001491,0.018925,0.423561
2683,W,0.013564,0.002996,0.010912,0.818325
2684,W,0.006015,0.000095,0.005177,0.210367
2685,W,0.004710,0.002593,0.011794,0.297264
2686,W,0.049489,0.000568,0.010245,0.925717
2687,W,0.026488,0.000830,0.017650,1.544564
2688,W,0.031495,0.000190,0.004984,0.451250
2689,W,0.027460,0.000250,0.043265,0.252539
2690,W,0.026691,0.000253,0.008915,0.346800
2691,W,0.007055,0.003886,0.011039,0.272925
2692,W,0.014092,0.002271,0.012651,0.455699
2693,W,0.012992,0.003107,0.053709,0.118331
2694,W,0.004436,0.005745,0.043797,0.942608
2695,W,0.016697,0.001466,0.005760,0.933474
2696,W,0.041773,0.000521,0.016885,0.713786
2697,W,0.014161,0.001136,0.022635,0.211405
2698,W,0.069704,0.005939,0.053957,0.785056
2699,W,0.018273,0.001985,0.007542,0.974061
2700,W,0.006868,0.001313,0.008902,0.719785
2701,W,0.005294,0.000672,0.006213,0.386858
2702,W,0.027075,0.002279,0.007072,0.618857
2703,W,0.017498,0.002872,0.015624,0.317206
2704,W,0.018727,0.001806,0.011518,0.467442
2705,W,0.021651,0.003684,0.013194,0.141168
2706,W,0.006095,0.001073,0.006349,0.532033
2707,W,0.005068,0.002557,0.006213,0.671052
2708,W,0.006681,0.000443,0.009829,0.786726
2709,W,0.009751,0.005391,0.010496,0.610209
2710,W,0.054946,0.001744,0.010655,0.794680
2711,W,0.019664,0.001398,0.002387,0.945997
2712,W,0.009443,0.000772,0.007080,0.475818
2713,W,0.030572,0.001928,0.007398,0.315700
2714,W,0.013809,0.000489,0.003229,0.475874
2715,W,0.087185,0.002703,0.010849,1.051549
2716,W,0.005308,0.006445,0.012119,0.836282
2717,W,0.009527,0.000131,0.002079,1.064439
2718,W,0.064443,0.000906,0.010187,0.283343
2719,W,0.041038,0.003666,0.008733,0.790753
2720,W,0.138089,0.000173,0.011291,0.871124
2721,W,0.034670,0.000168,0.019301,0.441015
2722,W,0.013435,0.001057,0.003769,0.567773
2723,W,0.150970,0.001490,0.003940,0.254410
2724,W,0.022766,0.000857,0.009354,0.972825
2725,W,0.015442,0.002599,0.004374,0.507125
2726,W,0.036102,0.000304,0.004494,0.386386
2727,W,0.012979,0.001901,0.005526,0.541933
2728,W,0.001414,0.003301,0.021275,0.687239
2729,W,0.001455,0.003760,0.016538,0.243898
2730,W,0.037938,0.002894,0.026766,0.244608
2731,W,0.001940,0.004322,0.016148,0.108136
2732,W,0.083601,0.002545,0.006962,0.384902
2733,W,0.019643,0.002837,0.017589,0.362410
2734,W,0.002725,0.003306,0.010831,0.094616
2735,W,0.019344,0.001276,0.005642,0.252042
2736,W,0.025607,0.002820,0.008295,0.473339
2737,W,0.066868,0.001615,0.003353,0.198482
2738,W,0.038137,0.001128,0.004364,1.038871
2739,W,0.002622,0.000646,0.002664,0.236235
2740,W,0.006137,0.001924,0.013804,0.521561
2741,W,0.013635,0.001838,0.025830,0.241278
2742,W,0.035559,0.000914,0.007677,0.699032
2743,W,0.013414,0.000708,0.023874,0.345177
2744,W,0.004684,0.000917,0.008346,0.704854
2745,W,0.026137,0.000689,0.017316,1.091354
2746,W,0.002963,0.002352,0.027967,0.977839
2747,W,0.028016,0.000180,0.007680,0.459154
2748,W,0.007254,0.001979,0.009561,0.624467
2749,W,0.010015,0.000786,0.007440,1.170273
2750,W,0.012926,0.001530,0.003469,0.345644
2751,W,0.014542,0.000615,0.005638,0.801540
2752,W,0.014350,0.001253,0.003508,0.845936
2753,W,0.087549,0.001234,0.005553,0.593684
2754,W,0.024687,0.004917,0.009056,0.820845
2755,W,0.155771,0.004076,0.005002,0.549345
2756,W,0.018591,0.001798,0.009975,0.903288
2757,W,0.011731,0.000815,0.010686,0.741507
2758,W,0.016864,0.001070,0.034170,0.434347
2759,W,0.036167,0.001821,0.005069,0.274047
2760,W,0.209023,0.003421,0.007439,0.859315
2761,W,0.024511,0.000870,0.012043,0.955598
2762,W,0.010129,0.001351,0.009329,0.548469
2763,W,0.056076,0.003832,0.005709,0.594156
2764,W,0.024021,0.002486,0.010343,0.630052
2765,W,0.039781,0.002386,0.005637,0.570050
2766,W,0.007349,0.000666,0.010982,0.691873
2767,W,0.192899,0.005096,0.013571,0.289751
2768,W,0.029067,0.000747,0.013910,0.816933
2769,W,0.020286,0.004273,0.008108,0.058857
2770,W,0.029801,0.003314,0.006747,0.912093
2771,W,0.014436,0.000647,0.003922,1.168176
2772,W,0.015527,0.007598,0.011571,0.686560
2773,W,0.056461,0.003532,0.008448,0.731950
2774,W,0.015808,0.003423,0.007121,0.606059
2775,W,0.053595,0.000041,0.006346,0.329085
2776,W,0.015217,0.001093,0.005078,0.660670
2777,W,0.085882,0.000108,0.009518,0.808235
2778,W,0.007800,0.000167,0.004516,0.783331
2779,W,0.014096,0.000240,0.003757,0.878670
2780,W,0.050350,0.000313,0.002989,0.523459
2781,W,0.015667,0.000986,0.003702,0.525763
2782,W,0.033626,0.000306,0.004018,0.363954
2783,W,0.027129,0.000262,0.003921,0.922247
2784,W,0.035905,0.004040,0.007489,0.716953
2785,W,0.011074,0.001337,0.002087,0.948714
2786,W,0.036611,0.007030,0.008147,0.851760
2787,W,0.010540,0.008381,0.010167,0.641987
2788,W,0.019861,0.002049,0.005800,0.644559
2789,W,0.017347,0.001376,0.004265,1.194788
2790,W,0.016530,0.004967,0.009505,0.681126
2791,W,0.018943,0.008456,0.013209,0.549910
2792,W,0.046559,0.000477,0.003162,1.035318
2793,W,0.091585,0.001790,0.006786,0.782719
2794,W,0.016150,0.000316,0.009347,0.718238
2795,W,0.097076,0.001037,0.011419,0.742597
2796,W,0.012503,0.001609,0.010153,0.778879
2797,W,0.056799,0.001975,0.009559,0.557709
2798,W,0.043092,0.003368,0.011644,0.966298
2799,W,0.003794,0.004752,0.007568,0.443724
2800,W,0.025608,0.000950,0.031047,1.094900
2801,W,0.007607,0.001652,0.009209,0.802281
0,W,0.052440,0.001209,0.021724,0.411418
1,W,0.022077,0.001207,0.010284,1.365364
2,W,0.010106,0.000738,0.006496,0.588142
3,W,0.006041,0.000299,0.009403,0.514677
4,W,0.026347,0.001943,0.011623,0.356298
5,W,0.011205,0.002450,0.006096,0.482602
6,W,0.009404,0.000870,0.029666,1.282766
7,W,0.003615,0.000994,0.018092,0.330749
8,W,0.008083,0.000781,0.006178,0.488169
9,W,0.059882,0.000425,0.004048,0.579905
10,W,0.025325,0.000776,0.013682,0.811487
11,W,0.010244,0.001287,0.016523,0.447448
12,W,0.013277,0.001862,0.011261,0.877464
13,W,0.015256,0.001633,0.025873,0.659519
14,W,0.015821,0.000589,0.006105,0.810914
15,W,0.001943,0.000798,0.009285,0.415176
16,W,0.006736,0.003178,0.017148,0.551831
17,W,0.005892,0.001485,0.014252,0.630783
18,W,0.021619,0.000562,0.004796,1.118285
19,W,0.015371,0.000898,0.018308,0.419756
20,W,0.002747,0.000183,0.011987,0.640800
21,W,0.028570,0.002186,0.021767,0.442290
22,W,0.004132,0.003314,0.036677,0.439584
23,W,0.007268,0.005681,0.028263,0.228687
24,W,0.013978,0.004057,0.072103,0.755004
25,W,0.037484,0.004444,0.035986,0.428562
26,W,0.034466,0.001844,0.044606,0.329229
27,W,0.015808,0.000544,0.017621,0.578394
28,W,0.005074,0.002632,0.012621,0.547726
29,W,0.009740,0.000362,0.017491,0.144668
30,W,0.005152,0.002942,0.025542,1.108939
31,W,0.005689,0.001679,0.035404,0.562554
32,W,0.001642,0.005277,0.038857,0.551934
33,W,0.008098,0.002695,0.037661,0.356168
34,W,0.006865,0.002709,0.022746,0.862964
35,W,0.012200,0.005892,0.014593,0.133929
36,W,0.050592,0.000430,0.019207,0.539517
37,W,0.029115,0.001587,0.004826,0.602108
38,W,0.071058,0.002433,0.006805,0.286804
39,W,0.026308,0.000164,0.009786,0.446059
40,W,0.016068,0.001781,0.013365,0.700930
41,W,0.020308,0.000407,0.002905,0.289686
42,W,0.016915,0.000826,0.013876,0.242783
43,W,0.011905,0.005491,0.014655,0.476925
44,W,0.009930,0.002808,0.007706,1.419412
45,W,0.009672,0.000532,0.008329,0.777676
46,W,0.011586,0.002061,0.016667,0.255897
47,W,0.003185,0.000350,0.005618,0.282068
48,W,0.021639,0.000320,0.012128,0.867324
49,W,0.005605,0.001885,0.030144,1.387637
50,W,0.087336,0.002915,0.013376,0.813990
51,W,0.010352,0.000957,0.023787,0.782235
52,W,0.009034,0.001046,0.012059,0.173861
53,W,0.009850,0.001652,0.012052,0.314930
54,W,0.009108,0.001476,0.006897,0.626731
55,W,0.005104,0.007702,0.015482,0.217214
56,W,0.006145,0.001326,0.034968,0.102731
57,W,0.003438,0.003251,0.030339,0.235948
58,W,0.003439,0.000546,0.026456,0.537341
59,W,0.001113,0.004326,0.007969,0.368477
60,W,0.000900,0.001336,0.012466,0.824225
61,W,0.011723,0.000901,0.008613,0.339945
62,W,0.007837,0.000989,0.029918,0.411895
63,W,0.007381,0.001018,0.029853,0.481576
64,W,0.096084,0.000572,0.015504,0.290737
65,W,0.003518,0.000291,0.030603,0.377193
66,W,0.007743,0.002547,0.040618,0.319249
67,W,0.009833,0.000871,0.051090,0.048621
68,W,0.005091,0.000884,0.006699,0.274412
69,W,0.004887,0.002412,0.013187,0.782362
70,W,0.008464,0.000859,0.018760,0.206817
71,W,0.003219,0.001522,0.011340,0.434373
72,W,0.000950,0.003148,0.016372,0.101877
73,W,0.018778,0.000229,0.007404,0.207428
74,W,0.019714,0.001944,0.029221,0.764852
75,W,0.012633,0.002769,0.035053,0.690214
76,W,0.001214,0.002058,0.066349,0.417188
77,W,0.001220,0.003543,0.027370,0.374615
78,W,0.007982,0.002306,0.039776,0.346872
79,W,0.020722,0.003097,0.084617,0.413077
80,W,0.032890,0.001799,0.027972,0.596057
81,W,0.001296,0.000917,0.072980,0.119709
82,W,0.045702,0.000983,0.026086,0.272522
83,W,0.012858,0.000481,0.020454,0.235862
84,W,0.029730,0.006246,0.092092,0.535425
85,W,0.009420,0.001457,0.018293,0.454625
86,W,0.004466,0.002609,0.011187,0.305419
87,W,0.019142,0.001458,0.006644,0.411489
88,W,0.001747,0.003497,0.068767,0.816645
89,W,0.014956,0.002188,0.021361,0.619642
90,W,0.009710,0.004596,0.031860,0.532546
91,W,0.005878,0.000754,0.045528,0.341068
92,W,0.000800,0.001609,0.016843,0.315494
93,W,0.003320,0.004291,0.014352,0.227528
94,W,0.017731,0.002633,0.026973,0.417806
95,W,0.017758,0.001570,0.011236,0.747055
96,W,0.003352,0.000420,0.002220,0.763436
97,W,0.018220,0.002158,0.009503,1.270803
98,W,0.019998,0.001978,0.019919,0.864198
99,W,0.010438,0.003693,0.010814,0.780896
100,W,0.002696,0.002607,0.009704,0.512885
101,W,0.021648,0.000579,0.010534,0.553171
102,W,0.015453,0.000215,0.006599,0.661878
103,W,0.100041,0.002718,0.011899,0.666242
104,W,0.004644,0.001438,0.028151,0.713258
105,W,0.099163,0.004760,0.009041,1.248675
106,W,0.025702,0.002603,0.015345,0.465374
107,W,0.033699,0.000216,0.013478,0.546964
108,W,0.015986,0.001271,0.004093,0.429024
109,W,0.010251,0.000216,0.014746,0.892617
110,W,0.015894,0.003142,0.025881,0.643908
111,W,0.018864,0.002174,0.009409,0.352172
112,W,0.024484,0.000611,0.003451,0.871652
113,W,0.024995,0.001341,0.002415,0.989038
114,W,0.045056,0.001563,0.004212,1.046000
115,W,0.036163,0.001363,0.010244,0.518169
116,W,0.030665,0.001983,0.018118,0.823565
117,W,0.134182,0.001190,0.007304,0.865138
118,W,0.018885,0.001760,0.003883,0.827894
119,W,0.017636,0.000702,0.009232,0.491744
120,W,0.041309,0.002337,0.007939,1.075902
121,W,0.029271,0.001551,0.010632,1.109986
122,W,0.030565,0.002400,0.007796,0.756935
123,W,0.019859,0.001596,0.006205,1.014730
124,W,0.065417,0.000000,0.001966,0.833184
125,W,0.083382,0.001710,0.008794,0.562830
126,W,0.009435,0.000756,0.007014,0.976612
127,W,0.024542,0.002705,0.016168,0.446278
128,W,0.019614,0.000513,0.002124,0.462691
129,W,0.017012,0.000194,0.011526,0.846149
130,W,0.189511,0.000910,0.004656,0.609407
131,W,0.036993,0.000320,0.005443,1.001507
132,W,0.051553,0.001567,0.007946,0.568735
133,W,0.044435,0.003939,0.016307,0.611617
134,W,0.024375,0.001330,0.003475,0.587454
135,W,0.112099,0.001834,0.007553,0.699024
136,W,0.024008,0.002326,0.009016,0.646294
137,W,0.031035,0.001392,0.011739,0.147215
138,W,0.027043,0.000752,0.010577,0.754222
139,W,0.028586,0.001398,0.032156,0.720091
140,W,0.050018,0.001481,0.007113,0.868780
141,W,0.022065,0.000965,0.002879,1.225727
142,W,0.016585,0.002536,0.015089,0.398363
143,W,0.085272,0.002111,0.010330,1.582734
144,W,0.008039,0.000727,0.009047,0.185283
145,W,0.056522,0.000164,0.019240,0.620268
146,W,0.057039,0.001398,0.007695,0.743636
147,W,0.010633,0.000068,0.017345,1.255383
148,W,0.167430,0.001548,0.005086,0.954132
149,W,0.014094,0.001073,0.008910,1.384651
150,W,0.011660,0.000370,0.011081,0.520499
151,W,0.027882,0.002142,0.013137,0.292166
152,W,0.026772,0.006145,0.016569,0.623985
153,W,0.020011,0.001196,0.008396,0.821785
154,W,0.046475,0.002292,0.010490,0.710612
155,W,0.007149,0.001480,0.050119,1.014082
156,W,0.006072,0.001666,0.009941,0.498667
157,W,0.042220,0.002363,0.026705,0.487224
158,W,0.021222,0.004320,0.027885,0.454246
159,W,0.012373,0.000810,0.023881,0.239184
160,W,0.029085,0.000107,0.003249,0.285700
161,W,0.012735,0.001925,0.014009,0.796654
162,W,0.010121,0.001917,0.006314,0.742409
163,W,0.033108,0.000620,0.020288,0.745136
164,W,0.025819,0.000642,0.010524,0.279814
165,W,0.010758,0.000233,0.003709,0.758589
166,W,0.003708,0.000572,0.023129,0.622277
167,W,0.012453,0.000770,0.016505,1.430281
168,W,0.176831,0.004013,0.011711,0.723309
169,W,0.028714,0.003314,0.008378,0.411715
170,W,0.009353,0.002026,0.029509,0.286100
171,W,0.038827,0.001699,0.007858,0.219723
172,W,0.040946,0.001509,0.009068,0.451790
173,W,0.013698,0.001733,0.009123,0.398443
174,W,0.008803,0.003996,0.016596,0.508464
175,W,0.003005,0.001383,0.045900,1.054054
176,W,0.032568,0.000763,0.006678,0.161207
177,W,0.079911,0.000628,0.029747,0.330987
178,W,0.007089,0.002861,0.037655,0.374795
179,W,0.040586,0.002267,0.018362,0.589297
180,W,0.004455,0.001658,0.022040,0.335458
181,W,0.080268,0.002701,0.019601,0.316894
182,W,0.018927,0.002199,0.009316,0.447111
183,W,0.001650,0.001033,0.020642,0.388186
184,W,0.003818,0.000538,0.024433,0.806994
185,W,0.005898,0.000342,0.013978,0.567105
186,W,0.032341,0.001601,0.027019,0.528877
187,W,0.011728,0.000101,0.018663,0.771123
188,W,0.055778,0.001268,0.017276,1.039907
189,W,0.012947,0.002463,0.015920,0.066807
190,W,0.009444,0.000767,0.004110,0.608307
191,W,0.007598,0.003522,0.008553,0.581448
192,W,0.015392,0.002468,0.011478,0.549863
193,W,0.001471,0.001048,0.010469,0.325067
194,W,0.006193,0.001081,0.006822,0.374701
195,W,0.002790,0.000870,0.006978,0.390159
196,W,0.434601,0.005109,0.011305,0.528864
197,W,0.022906,0.000092,0.007836,0.737429
198,W,0.015593,0.000659,0.018817,0.719725
199,W,0.003938,0.002085,0.007644,0.766737
200,W,0.129742,0.001941,0.005120,0.397806
201,W,0.008809,0.002801,0.004143,0.663490
202,W,0.441035,0.000156,0.005091,0.809530
203,W,0.039675,0.000248,0.002726,0.415572
204,W,0.013308,0.001871,0.008064,0.702490
205,W,0.015250,0.003391,0.010492,0.254299
206,W,0.089257,0.002037,0.008166,0.622460
207,W,0.193854,0.000262,0.008715,0.713791
208,W,0.009397,0.000521,0.004138,0.378808
209,W,0.021160,0.001407,0.003692,0.219178
210,W,0.038164,0.000601,0.012774,0.404267
211,W,0.097843,0.002048,0.008233,0.356022
212,W,0.006328,0.001337,0.003852,0.549043
213,W,0.003606,0.000103,0.003429,0.362342
214,W,0.381214,0.000210,0.003030,0.194760
215,W,0.003647,0.002593,0.005551,0.083404
216,W,0.006014,0.000953,0.008302,0.285392
217,W,0.092962,0.000967,0.005863,0.533638
218,W,0.010829,0.002497,0.005860,1.112390
219,W,0.050421,0.001242,0.008210,0.300373
220,W,0.012013,0.003394,0.039314,0.611924
221,W,0.036161,0.004264,0.019745,0.531072
222,W,0.007822,0.001209,0.012493,1.092383
223,W,0.019731,0.002473,0.005911,0.604923
224,W,0.004429,0.003561,0.030032,0.275229
225,W,0.005117,0.001956,0.009078,0.563382
226,W,0.004300,0.004403,0.040022,0.513186
227,W,0.004585,0.000200,0.006987,0.686808
228,W,0.006897,0.001236,0.034838,0.579440
229,W,0.007382,0.001441,0.010840,0.564264
230,W,0.026275,0.000111,0.007340,0.978347
231,W,0.072481,0.004284,0.014512,0.590767
232,W,0.078383,0.001266,0.013036,1.014479
233,W,0.008143,0.000801,0.011693,0.799901
234,W,0.024769,0.000736,0.003277,1.069347
235,W,0.021667,0.000208,0.031809,0.710019
236,W,0.004184,0.000581,0.013375,0.490386
237,W,0.020698,0.001874,0.008208,0.735674
238,W,0.008099,0.002618,0.011934,0.443516
239,W,0.004846,0.001288,0.007834,0.757862
240,W,0.004628,0.000627,0.020570,0.647403
241,W,0.005968,0.001795,0.008773,0.442850
242,W,0.009487,0.000977,0.029733,0.740386
243,W,0.017751,0.000921,0.010892,0.908713
244,W,0.019528,0.001407,0.019339,0.364355
245,W,0.042019,0.004069,0.027328,1.089347
246,W,0.005352,0.002086,0.011541,0.475476
247,W,0.015588,0.001473,0.014290,0.661251
248,W,0.023194,0.001687,0.013575,0.590826
249,W,0.058723,0.001826,0.022037,0.309361
250,W,0.044844,0.004427,0.008990,0.704055
251,W,0.010916,0.001732,0.004404,1.294819
252,W,0.009881,0.002369,0.009848,0.644897
253,W,0.002050,0.000738,0.021544,0.505547
254,W,0.025949,0.002405,0.005969,0.948968
255,W,0.039032,0.005651,0.012116,0.767342
256,W,0.021069,0.002009,0.005044,0.792533
257,W,0.206289,0.003179,0.011875,0.483945
258,W,0.039427,0.000985,0.002636,0.322768
259,W,0.011197,0.001739,0.027505,0.983207
260,W,0.054053,0.000771,0.003444,0.888249
261,W,0.004140,0.001885,0.007729,0.607441
262,W,0.007318,0.001146,0.002968,0.235847
263,W,0.097959,0.000301,0.009513,0.227360
264,W,0.006698,0.000352,0.004988,0.724318
265,W,0.011143,0.000548,0.013018,0.347353
266,W,0.008013,0.003799,0.013311,0.418226
267,W,0.007762,0.003023,0.013995,0.492923
268,W,0.001968,0.000279,0.013443,0.629323
269,W,0.069747,0.003575,0.016180,0.873497
270,W,0.031852,0.000952,0.004737,0.545144
271,W,0.001357,0.002735,0.017056,0.660021
272,W,0.011196,0.004616,0.027256,0.271216
273,W,0.004950,0.002466,0.011050,0.793275
274,W,0.103724,0.002400,0.021884,0.807163
275,W,0.001862,0.002396,0.010522,0.455279
276,W,0.011447,0.001009,0.006513,0.489775
277,W,0.004278,0.001691,0.016240,1.139849
278,W,0.003631,0.002800,0.020462,0.832862
279,W,0.086867,0.000566,0.037632,0.568886
280,W,0.016296,0.000122,0.007402,0.449032
281,W,0.008706,0.002165,0.008920,0.603254
282,W,0.040350,0.002728,0.006759,0.354535
283,W,0.033824,0.004752,0.012777,0.738214
284,W,0.011420,0.000570,0.005628,0.125176
285,W,0.007319,0.000702,0.002985,0.195602
286,W,0.013201,0.002833,0.009980,0.388800
287,W,0.024463,0.000396,0.008413,0.522188
288,W,0.041853,0.000698,0.010936,0.353719
289,W,0.034236,0.001568,0.019777,0.218174
290,W,0.047083,0.000789,0.006751,0.378968
291,W,0.024550,0.001323,0.010228,0.591585
292,W,0.015609,0.000215,0.027487,0.890897
293,W,0.047747,0.000477,0.010000,0.697419
294,W,0.049086,0.001716,0.005052,0.973074
295,W,0.011104,0.001753,0.007057,0.218380
296,W,0.027790,0.002218,0.011804,0.761898
297,W,0.006692,0.000202,0.002503,0.641024
298,W,0.010393,0.000713,0.009491,0.344161
299,W,0.013112,0.001096,0.008888,0.334554
300,W,0.005785,0.003264,0.013589,0.278096
301,W,0.019330,0.001369,0.008642,0.505090
302,W,0.012674,0.000928,0.014882,0.428310
303,W,0.014357,0.000214,0.010236,0.711585
304,W,0.065813,0.002822,0.006690,1.108084
305,W,0.015005,0.001579,0.007248,0.808774
306,W,0.015643,0.003511,0.018715,0.626285
307,W,0.171404,0.000658,0.020200,0.342705
308,W,0.013636,0.001710,0.009721,0.319960
309,W,0.178669,0.001787,0.012867,0.519857
310,W,0.071294,0.000692,0.004750,0.551243
311,W,0.039491,0.000905,0.008963,0.742736
312,W,0.005066,0.002948,0.014602,0.430143
313,W,0.018073,0.001150,0.003897,0.435840
314,W,0.017671,0.000911,0.004312,0.787274
315,W,0.007006,0.004240,0.098456,1.057930
316,W,0.014654,0.005193,0.013910,0.374692
317,W,0.014571,0.001407,0.008753,0.140764
318,W,0.098859,0.005681,0.006427,0.674328
319,W,0.011456,0.001121,0.011376,0.602613
320,W,0.173446,0.001666,0.008290,0.502428
321,W,0.017646,0.001599,0.007591,0.216906
322,W,0.027814,0.000828,0.008167,0.735807
323,W,0.011102,0.004075,0.013335,0.859193
324,W,0.038472,0.002196,0.019255,0.460257
325,W,0.130489,0.003783,0.007059,0.672145
326,W,0.009165,0.002016,0.003636,0.643202
327,W,0.098624,0.003435,0.009875,0.400773
328,W,0.023202,0.000312,0.004775,0.371763
329,W,0.014109,0.002391,0.008368,0.535820
330,W,0.006615,0.001892,0.004958,0.301355
331,W,0.012413,0.001872,0.012020,0.255629
332,W,0.063819,0.005019,0.009500,0.489175
333,W,0.132299,0.002403,0.018800,0.430677
334,W,0.081641,0.001937,0.009289,0.712275
335,W,0.007014,0.002503,0.009327,0.419250
336,W,0.028981,0.000251,0.006985,0.973327
337,W,0.005973,0.000970,0.002772,0.765161
338,W,0.005066,0.007106,0.011563,0.797815
339,W,0.033208,0.001353,0.006560,0.690842
340,W,0.015638,0.001744,0.010554,0.690387
341,W,0.074114,0.003821,0.007218,0.722272
342,W,0.074576,0.000545,0.003718,0.418797
343,W,0.047567,0.000420,0.007258,0.604161
344,W,0.023820,0.004553,0.012769,0.671055
345,W,0.055043,0.000782,0.008374,0.967892
346,W,0.015313,0.006359,0.017043,1.081759
347,W,0.044602,0.000543,0.007768,0.707698
348,W,0.032672,0.000559,0.002516,0.430746
349,W,0.046547,0.000648,0.015043,0.827672
350,W,0.034574,0.004143,0.025417,0.533250
351,W,0.020048,0.005154,0.006230,0.467680
352,W,0.014477,0.003254,0.013502,0.982764
353,W,0.012280,0.001795,0.003664,0.679140
354,W,0.043014,0.003381,0.006604,1.050836
355,W,0.080633,0.002253,0.011391,0.282341
356,W,0.043486,0.002696,0.019037,0.610755
357,W,0.011408,0.001241,0.017696,0.526447
358,W,0.133059,0.002701,0.025241,0.731780
359,W,0.026559,0.000556,0.007212,0.671540
360,W,0.049741,0.002767,0.007387,0.912523
361,W,0.071637,0.002160,0.005589,0.799810
362,W,0.014162,0.000056,0.004582,0.955299
363,W,0.019853,0.002055,0.008344,0.640076
364,W,0.029648,0.000497,0.006945,0.660169
365,W,0.142811,0.000613,0.002359,1.523585
366,W,0.094565,0.006154,0.010586,0.648949
367,W,0.053904,0.000370,0.016859,0.426968
368,W,0.026550,0.001347,0.006224,0.830824
369,W,0.028752,0.000688,0.012105,0.673945
370,W,0.018595,0.005421,0.014543,0.768783
371,W,0.023617,0.003921,0.013877,0.566281
372,W,0.032540,0.000413,0.004584,0.483113
373,W,0.013134,0.003236,0.005654,0.460492
374,W,0.026746,0.001525,0.005821,0.872092
375,W,0.034290,0.001439,0.021196,0.593309
376,W,0.062200,0.001413,0.011015,0.534133
377,W,0.010747,0.000856,0.008191,1.725989
378,W,0.023866,0.005431,0.012186,1.015071
379,W,0.030357,0.000493,0.006853,0.726650
380,W,0.022376,0.000710,0.007965,1.177040
381,W,0.022687,0.003977,0.013252,0.748163
382,W,0.050157,0.001117,0.011481,0.788795
383,W,0.025586,0.000909,0.013503,0.687683
384,W,0.010354,0.001837,0.007189,0.734088
385,W,0.018290,0.000684,0.006553,0.576004
386,W,0.010689,0.004789,0.012037,0.440695
387,W,0.011204,0.000190,0.014162,0.673307
388,W,0.011535,0.005439,0.008800,1.260463
389,W,0.025090,0.000278,0.008127,0.879156
390,W,0.189294,0.003599,0.015004,0.446240
391,W,0.057475,0.000050,0.010862,0.855250
392,W,0.031475,0.002974,0.051774,0.780699
393,W,0.026482,0.000725,0.005064,0.659974
394,W,0.048908,0.001163,0.020259,0.497535
395,W,0.046339,0.000628,0.009000,1.022010
396,W,0.020258,0.001162,0.006812,0.467052
397,W,0.009833,0.000162,0.003975,0.729128
398,W,0.017311,0.000608,0.014434,0.791656
399,W,0.081411,0.002357,0.018263,0.508491
400,W,0.008934,0.002555,0.008671,0.159053
401,W,0.009447,0.006245,0.018831,0.289227
402,W,0.017360,0.002849,0.006917,0.291534
403,W,0.038490,0.001897,0.019242,0.227590
404,W,0.025615,0.002869,0.010720,0.340005
405,W,0.010420,0.002125,0.017429,0.742208
406,W,0.062008,0.000356,0.007147,0.262725
407,W,0.009813,0.002817,0.013665,0.682430
408,W,0.010869,0.000621,0.009326,0.462273
409,W,0.021054,0.002574,0.005656,0.156342
410,W,0.001218,0.001986,0.011340,0.327319
411,W,0.042785,0.002900,0.031357,0.834518
412,W,0.040820,0.002252,0.018113,0.180673
413,W,0.014543,0.001415,0.009574,0.691523
414,W,0.006458,0.000502,0.017649,0.549313
415,W,0.013060,0.001019,0.040973,0.326954
416,W,0.020158,0.000947,0.019258,0.852212
417,W,0.027666,0.001736,0.005954,0.308848
418,W,0.039726,0.000356,0.009626,0.943100
419,W,0.013791,0.003648,0.021412,0.612451
420,W,0.047876,0.001715,0.007276,0.265488
421,W,0.046897,0.001965,0.007538,0.485327
422,W,0.066291,0.002501,0.030707,0.641241
423,W,0.022920,0.000814,0.049644,0.463887
424,W,0.010922,0.001263,0.044759,0.294394
425,W,0.016898,0.000922,0.011497,1.251155
426,W,0.071533,0.000151,0.004784,0.688211
427,W,0.010210,0.000819,0.014328,0.400682
428,W,0.003097,0.005660,0.010164,0.214993
429,W,0.008073,0.002584,0.008462,0.875406
430,W,0.079605,0.001236,0.008746,0.357761
431,W,0.016597,0.000837,0.015160,0.738512
432,W,0.012313,0.000482,0.007614,0.411262
433,W,0.048681,0.000465,0.009529,0.410048
434,W,0.003844,0.009152,0.053046,0.487252
435,W,0.006481,0.002957,0.008665,0.163323
436,W,0.050805,0.001061,0.010487,0.640705
437,W,0.044175,0.000901,0.003766,0.295228
438,W,0.042523,0.002755,0.005641,0.465965
439,W,0.005618,0.001146,0.019532,0.366900
440,W,0.061707,0.002736,0.021530,0.474146
441,W,0.011744,0.002878,0.005573,0.989330
442,W,0.030750,0.002100,0.002781,0.218232
443,W,0.040129,0.004072,0.004945,0.525389
444,W,0.019969,0.001150,0.012936,0.756107
445,W,0.027629,0.001114,0.018941,0.477225
446,W,0.007364,0.001116,0.013851,0.644528
447,W,0.164323,0.000261,0.005273,0.514446
448,W,0.016012,0.000981,0.011459,0.851135
449,W,0.059274,0.003199,0.007750,0.776989
450,W,0.032849,0.001430,0.004877,0.665805
451,W,0.034979,0.002665,0.009301,0.755583
452,W,0.014761,0.000635,0.005222,1.070552
453,W,0.169373,0.003707,0.028066,0.520564
454,W,0.018754,0.000932,0.003663,0.923310
455,W,0.009334,0.001384,0.011198,0.724663
456,W,0.022801,0.001959,0.027396,0.999946
457,W,0.037661,0.001925,0.005351,0.655170
458,W,0.009439,0.000161,0.007110,0.412192
459,W,0.019376,0.002503,0.011019,2.087293
460,W,0.071803,0.003273,0.013623,0.682536
461,W,0.009939,0.000041,0.017033,0.488877
462,W,0.009566,0.000440,0.003406,0.616800
463,W,0.009679,0.006640,0.016048,0.597736
464,W,0.052679,0.004773,0.017348,0.478332
465,W,0.005729,0.001226,0.017088,0.585509
466,W,0.041765,0.000523,0.013888,0.960953
467,W,0.010715,0.001244,0.012028,0.650979
468,W,0.017082,0.002726,0.009476,0.383220
469,W,0.122310,0.000995,0.008177,0.781230
470,W,0.009240,0.000864,0.011320,0.906395
471,W,0.051472,0.000341,0.007599,0.663089
472,W,0.011623,0.001432,0.003616,1.090477
473,W,0.043396,0.002701,0.020082,0.538549
474,W,0.035366,0.001647,0.012259,0.621916
475,W,0.071999,0.001608,0.007628,1.241806
476,W,0.035274,0.003176,0.020043,0.324754
477,W,0.004390,0.000385,0.012475,0.999770
478,W,0.019912,0.001280,0.005228,0.358074
479,W,0.006138,0.001367,0.018825,0.504597
480,W,0.012029,0.000555,0.006644,0.450511
481,W,0.032591,0.003980,0.020965,0.502030
482,W,0.043928,0.000793,0.007738,0.634569
483,W,0.079277,0.001319,0.010950,0.402456
484,W,0.009934,0.000071,0.009937,0.779923
485,W,0.014441,0.001684,0.006368,0.746202
486,W,0.022212,0.000355,0.005121,0.764316
487,W,0.009887,0.000215,0.016541,1.003426
488,W,0.016291,0.002633,0.014788,1.072783
489,W,0.010007,0.001355,0.020083,0.611116
490,W,0.071768,0.000242,0.006995,0.387955
491,W,0.014057,0.000922,0.017544,1.233134
492,W,0.070745,0.003157,0.005952,1.010393
493,W,0.016665,0.003390,0.008356,1.098731
494,W,0.005203,0.002550,0.004827,0.769333
495,W,0.002689,0.000294,0.010064,0.535288
496,W,0.005938,0.002297,0.007747,0.451190
497,W,0.006947,0.003715,0.010702,1.147685
498,W,0.019178,0.002722,0.015093,0.580540
499,W,0.007988,0.001191,0.007031,0.558964
500,W,0.001598,0.006501,0.020995,0.607811
501,W,0.251824,0.000341,0.010681,1.240355
502,W,0.044219,0.001055,0.005627,0.672669
503,W,0.002859,0.002283,0.006554,0.947312
504,W,0.003954,0.003993,0.013496,0.655907
505,W,0.010452,0.000873,0.019588,0.437322
506,W,0.016668,0.000885,0.017149,0.968071
507,W,0.050697,0.000765,0.017712,0.572377
508,W,0.052843,0.000978,0.009793,0.468954
509,W,0.027868,0.006433,0.018386,0.621693
510,W,0.043933,0.000510,0.004763,0.612174
511,W,0.018596,0.002530,0.011365,0.449710
512,W,0.025135,0.004686,0.006223,0.652988
513,W,0.028999,0.001494,0.004180,0.425248
514,W,0.100024,0.000165,0.001003,1.788585
515,W,0.008103,0.001194,0.014557,0.643286
516,W,0.012892,0.001609,0.016002,1.086123
517,W,0.014759,0.001593,0.006876,0.525232
518,W,0.007564,0.001697,0.011456,0.448641
519,W,0.001838,0.001692,0.018124,0.460072
520,W,0.013461,0.000406,0.002410,0.486790
521,W,0.011356,0.001215,0.003556,0.724032
522,W,0.054666,0.001350,0.008786,0.763004
523,W,0.002795,0.000741,0.003139,0.551740
524,W,0.034649,0.003695,0.012490,0.805762
525,W,0.012071,0.000978,0.007487,0.631259
526,W,0.019902,0.003215,0.011124,1.354966
527,W,0.014531,0.001078,0.004048,0.765945
528,W,0.041354,0.001729,0.004608,0.765562
529,W,0.004105,0.000880,0.017639,0.867434
530,W,0.005533,0.001259,0.003296,0.594774
531,W,0.017668,0.002173,0.016107,0.930487
532,W,0.094560,0.001180,0.018888,0.342890
533,W,0.094421,0.003434,0.008624,1.153303
534,W,0.014522,0.000905,0.005611,0.551076
535,W,0.254318,0.000546,0.002656,0.491929
536,W,0.010272,0.000256,0.011777,1.583572
537,W,0.077889,0.000710,0.003819,0.774531
538,W,0.043518,0.002841,0.017013,0.682749
539,W,0.022455,0.000277,0.008445,0.415253
540,W,0.017798,0.001832,0.018652,0.700789
541,W,0.011791,0.000622,0.008029,0.650732
542,W,0.025287,0.000539,0.006011,0.517985
543,W,0.010236,0.003617,0.011541,1.160249
544,W,0.020343,0.003273,0.007976,1.087725
545,W,0.023222,0.000527,0.014105,0.587459
546,W,0.016297,0.001946,0.008838,0.490473
547,W,0.018300,0.002283,0.017419,1.285260
548,W,0.058135,0.003200,0.006450,0.829308
549,W,0.026436,0.002486,0.009207,0.596255
550,W,0.047361,0.003570,0.005679,0.587915
551,W,0.022841,0.001224,0.003694,0.460671
552,W,0.091068,0.002363,0.007575,0.876563
553,W,0.011155,0.002393,0.012770,0.914522
554,W,0.054504,0.005764,0.012381,0.700765
555,W,0.011385,0.004443,0.046106,0.605813
556,W,0.024868,0.002488,0.009351,0.280566
557,W,0.010991,0.001838,0.012230,0.419558
558,W,0.030658,0.001189,0.009114,0.999469
559,W,0.048517,0.000383,0.009377,0.791521
560,W,0.001448,0.001652,0.034950,0.400810
561,W,0.006957,0.000782,0.006879,0.558216
562,W,0.026807,0.001302,0.010871,0.450151
563,W,0.053699,0.002094,0.010918,0.400677
564,W,0.128889,0.001309,0.005710,0.992874
565,W,0.005488,0.001088,0.009739,0.796207
566,W,0.011043,0.001579,0.006512,0.237517
567,W,0.034439,0.000438,0.006293,0.518453
568,W,0.012592,0.002276,0.004167,0.620489
569,W,0.044252,0.000094,0.010870,0.585966
570,W,0.047939,0.001094,0.016553,0.414553
571,W,0.020207,0.001930,0.015087,0.705174
572,W,0.045002,0.001816,0.042130,0.728052
573,W,0.020931,0.002809,0.007876,0.764058
574,W,0.007662,0.004543,0.009607,0.850180
575,W,0.008687,0.006886,0.008375,0.778967
576,W,0.058092,0.004711,0.028484,0.516072
577,W,0.064939,0.001281,0.008644,0.555032
578,W,0.015557,0.002782,0.020055,0.645167
579,W,0.015266,0.000533,0.010102,0.814048
580,W,0.080486,0.001130,0.010796,0.470121
581,W,0.074632,0.001074,0.017134,1.115885
582,W,0.010034,0.001952,0.008880,0.611002
583,W,0.020666,0.001297,0.023574,0.596553
584,W,0.025148,0.001314,0.002370,0.473695
585,W,0.010741,0.002137,0.003718,0.410970
586,W,0.047828,0.003385,0.012480,0.837258
587,W,0.028233,0.002761,0.008543,1.330819
588,W,0.016089,0.003359,0.022407,0.526136
589,W,0.213718,0.000254,0.003574,0.050155
590,W,0.038990,0.000644,0.006253,0.227163
591,W,0.275973,0.000497,0.005802,0.561723
592,W,0.048412,0.002610,0.022478,0.693562
593,W,0.005778,0.001094,0.004208,0.454946
594,W,0.019481,0.001650,0.008421,0.935987
595,W,0.009206,0.002633,0.007885,0.375674
596,W,0.057103,0.000898,0.008074,0.667936
597,W,0.028686,0.003212,0.019989,0.884596
598,W,0.003333,0.003497,0.007596,0.672776
599,W,0.008527,0.001895,0.039232,1.013546
600,W,0.003880,0.000261,0.006815,0.421961
601,W,0.010613,0.001572,0.018034,1.076014
602,W,0.023750,0.001777,0.006283,0.743795
603,W,0.044806,0.001129,0.017860,0.285405
604,W,0.025322,0.001226,0.038714,0.387126
605,W,0.066724,0.003362,0.008684,0.541327
606,W,0.071615,0.004261,0.008820,0.068224
607,W,0.011618,0.001023,0.008083,0.345758
608,W,0.035496,0.000634,0.005672,0.401076
609,W,0.066994,0.001417,0.007445,0.232486
610,W,0.022278,0.000767,0.009556,0.901153
611,W,0.013572,0.000122,0.007352,1.119623
612,W,0.228223,0.000608,0.003469,0.321700
613,W,0.011045,0.000540,0.011872,0.183623
614,W,0.053382,0.000724,0.005621,0.091664
615,W,0.035573,0.001137,0.002392,0.930945
616,W,0.017164,0.000681,0.001728,0.570404
617,W,0.066679,0.000622,0.002207,0.084321
618,W,0.113418,0.000882,0.008764,0.881082
619,W,0.030666,0.000451,0.006533,0.826319
620,W,0.033526,0.000419,0.005566,1.074593
621,W,0.080062,0.002350,0.004167,1.466137
622,W,0.042207,0.000357,0.010104,0.363636
623,W,0.019841,0.000543,0.006858,0.554897
624,W,0.092756,0.000457,0.011733,0.896844
625,W,0.071655,0.000865,0.015144,0.381336
626,W,0.004774,0.002474,0.014399,0.964649
627,W,0.074747,0.000383,0.022153,0.498095
628,W,0.059512,0.001053,0.017327,0.400912
629,W,0.289248,0.000781,0.004548,0.164517
630,W,0.004159,0.001669,0.042365,0.371431
631,W,0.062173,0.000096,0.005482,0.373969
632,W,0.096970,0.001935,0.041829,0.367197
633,W,0.004586,0.001059,0.007599,0.380310
634,W,0.028298,0.000544,0.027789,0.251809
635,W,0.008744,0.001465,0.009993,0.779338
636,W,0.112593,0.000626,0.011421,0.867441
637,W,0.087360,0.003241,0.018405,0.232607
638,W,0.097605,0.002390,0.012165,0.174265
639,W,0.029691,0.002563,0.022108,0.821453
640,W,0.036959,0.000804,0.007499,0.084691
641,W,0.027560,0.004050,0.012666,0.099826
642,W,0.071233,0.003175,0.006292,0.351759
643,N1,0.009733,0.001559,0.003529,0.412138
644,N1,0.055293,0.004987,0.014471,0.499603
645,N1,0.116076,0.003137,0.046478,0.257437
646,N1,0.011392,0.006401,0.018895,0.062027
647,N1,0.004532,0.005863,0.025378,0.052722
648,N2,0.030913,0.006126,0.016794,0.064860
649,N2,0.139539,0.005764,0.025040,0.196707
650,N2,0.026143,0.002025,0.014698,0.105856
651,N2,0.011965,0.008423,0.020275,0.050625
652,N2,0.187166,0.003610,0.013010,0.434034
653,N2,0.037708,0.021258,0.058897,0.000000
654,N2,0.012163,0.012871,0.052532,0.037433
655,N2,0.026197,0.002759,0.016784,0.255204
656,N2,0.015663,0.004148,0.029102,0.070676
657,N2,0.027414,0.006283,0.007488,0.155425
658,N2,0.037528,0.004147,0.021543,0.315250
659,N2,0.017367,0.001597,0.008106,0.141402
660,N2,0.016481,0.014619,0.035682,0.096659
661,N2,0.006461,0.016664,0.020196,0.084916
662,N2,0.033725,0.009743,0.039733,0.252731
663,N2,0.019429,0.005761,0.029356,0.014491
664,N2,0.004122,0.011411,0.021716,0.089783
665,N2,0.012341,0.008116,0.042190,0.039622
666,N2,0.003465,0.003653,0.029769,0.163691
667,N2,0.029242,0.014378,0.032380,0.029569
668,N2,0.052792,0.005015,0.022118,0.282013
669,N2,0.029922,0.002560,0.030236,0.320151
670,N2,0.018155,0.012389,0.058324,0.262593
671,N2,0.028508,0.005074,0.018542,0.015648
672,N2,0.034710,0.011220,0.039393,0.144504
673,N2,0.012252,0.004015,0.069900,0.107190
674,N2,0.009806,0.042155,0.068522,0.101347
675,N2,0.004137,0.002000,0.018740,0.177420
676,N2,0.019619,0.011630,0.041490,0.000000
677,N2,0.010147,0.002644,0.022821,0.150644
678,N1,0.023102,0.005470,0.028894,0.232424
679,N2,0.014301,0.002363,0.015404,0.166333
680,N2,0.019168,0.000755,0.016597,0.218777
681,N2,0.016550,0.002317,0.025299,0.046141
682,N2,0.020169,0.004428,0.028296,0.286901
683,N2,0.017323,0.005008,0.029823,0.007099
684,N2,0.243012,0.000785,0.013526,0.235847
685,N2,0.079679,0.001441,0.012884,0.105776
686,N2,0.011265,0.004601,0.022311,0.000000
687,N2,0.038213,0.003304,0.018767,0.036414
688,N2,0.008857,0.014363,0.030280,0.049394
689,N2,0.026682,0.004427,0.013004,0.032658
690,N2,0.011747,0.009377,0.057721,0.115032
691,N2,0.004443,0.008906,0.028758,0.005189
692,N2,0.028257,0.003472,0.028533,0.007097
693,N2,0.001655,0.001890,0.030095,0.079907
694,N2,0.022126,0.003910,0.039116,0.041468
695,N2,0.001687,0.013461,0.031136,0.110603
696,N3,0.014954,0.001834,0.037176,0.021879
697,N3,0.003482,0.002026,0.027504,0.110814
698,N2,0.003137,0.016350,0.038613,0.085463
699,N3,0.004595,0.019324,0.130803,0.052219
700,N3,0.014248,0.002116,0.031443,0.107679
701,N3,0.041606,0.018415,0.064508,0.053520
702,N3,0.011030,0.014471,0.039062,0.191720
703,N3,0.007030,0.000559,0.029059,0.000000
704,N3,0.002009,0.052314,0.056807,0.000000
705,N3,0.032037,0.004427,0.021270,0.173946
706,N3,0.005379,0.013678,0.024629,0.045453
707,N3,0.007256,0.016714,0.023603,0.005756
708,N3,0.007872,0.004647,0.037618,0.164430
709,N3,0.006408,0.008486,0.081848,0.454761
710,N3,0.007567,0.016703,0.046786,0.083107
711,N3,0.011694,0.001319,0.043664,0.199667
712,N3,0.002138,0.003663,0.033036,0.194112
713,N3,0.011618,0.005401,0.058007,0.060839
714,N3,0.019653,0.054963,0.076737,0.129205
715,N3,0.008614,0.000488,0.025086,0.541639
716,N3,0.001531,0.000330,0.014594,0.015846
717,N3,0.003356,0.017394,0.035975,0.152053
718,N3,0.008935,0.001409,0.031397,0.000000
719,N3,0.016547,0.027432,0.046522,0.377441
720,N2,0.017906,0.004386,0.045480,0.031356
721,N2,0.001716,0.006343,0.035055,0.180389
722,N2,0.076450,0.003314,0.021996,0.069067
723,N1,0.240782,0.000318,0.007784,0.213885
724,N2,0.006588,0.000498,0.012151,0.039123
725,N2,0.018116,0.002108,0.026970,0.339108
726,N2,0.037340,0.001333,0.013915,0.042581
727,N2,0.003159,0.002808,0.032454,0.062099
728,N2,0.001408,0.041536,0.059480,0.146466
729,N2,0.027459,0.003481,0.012814,0.210527
730,N2,0.004799,0.005880,0.035707,0.129345
731,N2,0.038996,0.007504,0.015519,0.000000
732,N2,0.020202,0.006084,0.017103,0.085407
733,N2,0.016872,0.005969,0.034552,0.019533
734,N2,0.002490,0.011521,0.059079,0.088743
735,N2,0.012162,0.009120,0.032093,0.084967
736,N2,0.023404,0.043781,0.086080,0.041951
737,N3,0.007142,0.019062,0.033864,0.059167
738,N3,0.034598,0.003849,0.041819,0.098233
739,N2,0.013581,0.073070,0.104200,0.025827
740,N2,0.006394,0.002354,0.039898,0.008451
741,N3,0.011204,0.026658,0.058740,0.087467
742,N3,0.011460,0.004789,0.042077,0.092216
743,N2,0.010357,0.054984,0.085423,0.079755
744,N3,0.003998,0.000037,0.022122,0.018490
745,N2,0.036010,0.001825,0.010359,0.140156
746,N2,0.003243,0.027238,0.052626,0.150130
747,N3,0.004074,0.005466,0.041551,0.000986
748,N3,0.001954,0.051181,0.124253,0.143021
749,N2,0.004087,0.054004,0.080863,0.067831
750,N2,0.005307,0.004174,0.037857,0.104276
751,N3,0.006237,0.012828,0.031610,0.000000
752,N3,0.006188,0.005288,0.038887,0.000000
753,N3,0.019595,0.016510,0.050827,0.068277
754,N3,0.006245,0.002025,0.027487,0.023673
755,N3,0.009154,0.003916,0.030967,0.067605
756,N3,0.007360,0.000810,0.022446,0.366810
757,N3,0.000703,0.012806,0.065557,0.039952
758,N3,0.007226,0.039519,0.077106,0.225492
759,N2,0.013085,0.005167,0.022031,0.088543
760,N2,0.067602,0.001151,0.013212,0.153522
761,N2,0.036576,0.007499,0.033419,0.119072
762,N2,0.024081,0.007564,0.024895,0.000000
763,N2,0.019895,0.041594,0.064109,0.046972
764,N2,0.058101,0.007880,0.035953,0.000000
765,N2,0.022883,0.008092,0.021086,0.116352
766,N2,0.011543,0.011453,0.030615,0.090399
767,N2,0.030613,0.005363,0.023762,0.159563
768,N2,0.016198,0.005630,0.103339,0.154250
769,N2,0.016871,0.001707,0.013810,0.266948
770,N3,0.001407,0.014853,0.050021,0.018367
771,N3,0.014323,0.004014,0.063379,0.009942
772,N3,0.020104,0.011532,0.058251,0.003181
773,N2,0.004124,0.003519,0.018604,0.107360
774,N3,0.034585,0.003392,0.010146,0.056711
775,N3,0.007560,0.020950,0.084580,0.041928
776,N2,0.008095,0.003305,0.011754,0.118242
777,N3,0.010644,0.005369,0.051005,0.060042
778,N2,0.005715,0.015244,0.047393,0.096521
779,N2,0.027066,0.003887,0.022120,0.187854
780,N2,0.009044,0.008209,0.023172,0.124450
781,N2,0.003373,0.002097,0.015356,0.014676
782,N2,0.000606,0.001288,0.037959,0.079826
783,N2,0.094950,0.003419,0.012588,0.046372
784,N2,0.030467,0.003825,0.015870,0.077367
785,N2,0.018270,0.006142,0.023151,0.031550
786,N2,0.003368,0.002838,0.032444,0.126709
787,N2,0.031556,0.006139,0.022672,0.053773
788,N2,0.026598,0.003954,0.006766,0.036943
789,N2,0.020209,0.009512,0.041790,0.293340
790,N2,0.003216,0.002765,0.020382,0.106681
791,N2,0.043667,0.021719,0.052546,0.144637
792,N2,0.057072,0.002390,0.036283,0.089334
793,N2,0.060138,0.008359,0.039883,0.279994
794,N2,0.111676,0.002664,0.015510,0.086517
795,N2,0.032467,0.047033,0.091604,0.101637
796,N2,0.022080,0.011864,0.042126,0.362866
797,N2,0.027854,0.006637,0.030019,0.080497
798,N2,0.026466,0.010455,0.027753,0.175533
799,N2,0.043517,0.004154,0.027018,0.083733
800,N2,0.007652,0.007745,0.046021,0.061128
801,N2,0.025986,0.019595,0.064212,0.075181
802,N2,0.007839,0.006887,0.033764,0.172129
803,N2,0.015081,0.008673,0.035290,0.242890
804,N2,0.009414,0.007235,0.065544,0.003827
805,N2,0.015640,0.001064,0.005117,0.064326
806,N2,0.033421,0.016448,0.073308,0.115075
807,N2,0.012771,0.005207,0.012013,0.155215
808,N2,0.035915,0.019275,0.046175,0.016656
809,N2,0.002913,0.003491,0.016164,0.038335
810,N2,0.007142,0.004086,0.019008,0.073299
811,N2,0.032877,0.003234,0.038883,0.145972
812,W,0.007213,0.000350,0.013007,0.077642
813,N1,0.011411,0.000879,0.032985,0.127071
814,N2,0.003434,0.000411,0.021407,0.143670
815,N2,0.050562,0.002506,0.013048,0.110768
816,N2,0.003662,0.005826,0.009980,0.046938
817,N2,0.002299,0.003312,0.031545,0.116470
818,N2,0.020482,0.001462,0.026048,0.144643
819,N2,0.012805,0.008124,0.041639,0.095111
820,N2,0.024809,0.010469,0.027547,0.244539
821,N2,0.004830,0.003464,0.023354,0.082075
822,N2,0.020693,0.038646,0.064863,0.233987
823,N2,0.007024,0.032616,0.060008,0.144296
824,N2,0.026926,0.007810,0.020659,0.172326
825,N2,0.020318,0.002005,0.007109,0.233438
826,N2,0.004908,0.007275,0.030715,0.040222
827,N2,0.002108,0.003489,0.014620,0.072879
828,N2,0.030722,0.006880,0.013902,0.060965
829,N2,0.009881,0.007640,0.018594,0.056763
830,N2,0.045413,0.005511,0.069955,0.032363
831,N2,0.013683,0.022067,0.062222,0.163744
832,N2,0.106654,0.002494,0.018822,0.114700
833,N2,0.038392,0.017556,0.037999,0.074774
834,N2,0.071885,0.026211,0.037815,0.367307
835,N2,0.009926,0.007259,0.044693,0.215890
836,N2,0.023421,0.000644,0.011123,0.008316
837,N2,0.037048,0.051159,0.098274,0.059733
838,N2,0.010852,0.022936,0.029753,0.199801
839,N2,0.016574,0.003241,0.010998,0.195364
840,R,0.006463,0.008157,0.030340,0.015317
841,R,0.005131,0.001700,0.036119,0.060163
842,R,0.025500,0.004305,0.012861,0.188036
843,R,0.015855,0.056306,0.069322,0.000000
844,R,0.021323,0.002684,0.022666,0.043476
845,R,0.008724,0.006901,0.012650,0.377083
846,R,0.010910,0.000657,0.009077,0.480431
847,R,0.007511,0.005113,0.007311,0.007439
848,R,0.010718,0.001027,0.014202,0.000000
849,R,0.005762,0.001230,0.033296,0.229020
850,R,0.009626,0.006679,0.024040,0.115623
851,R,0.010709,0.121063,0.135401,0.008267
852,N1,0.058807,0.000826,0.005990,0.387856
853,N1,0.016710,0.000668,0.023312,0.266056
854,N1,0.026390,0.002257,0.008710,0.354103
855,N1,0.047473,0.000526,0.010138,0.009741
856,N1,0.002053,0.004643,0.012149,0.249482
857,N2,0.022774,0.013089,0.023749,0.206650
858,N2,0.027889,0.014532,0.031887,0.182078
859,N2,0.025290,0.027429,0.056227,0.014826
860,N2,0.035817,0.013252,0.019414,0.113444
861,N2,0.048888,0.008619,0.024911,0.090070
862,N2,0.025303,0.001411,0.008904,0.347637
863,R,0.015473,0.001181,0.053139,0.109041
864,N2,0.047788,0.006977,0.025425,0.039984
865,R,0.083990,0.000308,0.010714,0.184894
866,R,0.019100,0.004268,0.017670,0.006397
867,R,0.009997,0.004447,0.012186,0.668861
868,R,0.049611,0.002431,0.008539,0.191981
869,R,0.019714,0.000655,0.012708,0.000000
870,R,0.005661,0.002832,0.016508,0.034284
871,R,0.055364,0.000778,0.015625,0.187403
872,R,0.007876,0.001495,0.014127,0.264622
873,R,0.116624,0.001597,0.007692,0.032810
874,R,0.044299,0.002389,0.010963,0.000000
875,R,0.012063,0.001792,0.017918,0.166849
876,R,0.062655,0.005212,0.008286,0.502594
877,R,0.018937,0.003919,0.019029,0.152776
878,R,0.012663,0.001054,0.021313,0.156543
879,R,0.035501,0.000975,0.003190,0.403835
880,R,0.033184,0.003199,0.015173,0.048143
881,N2,0.004498,0.007887,0.043466,0.069579
882,R,0.017570,0.002763,0.006810,0.029313
883,N2,0.015397,0.002210,0.023481,0.121960
884,N1,0.024819,0.001977,0.023705,0.285675
885,N1,0.022150,0.003417,0.019121,0.121158
886,R,0.012894,0.000735,0.014660,0.328118
887,R,0.091914,0.004872,0.022411,0.163767
888,N1,0.017825,0.001292,0.019783,0.170029
889,N1,0.012680,0.004880,0.013537,0.134812
890,N1,0.148889,0.003337,0.075466,0.056878
891,N1,0.204374,0.000519,0.008058,0.149248
892,N1,0.005131,0.002875,0.071353,0.220524
893,N1,0.013851,0.002908,0.032389,0.009153
894,N2,0.011116,0.006098,0.019059,0.062539
895,N2,0.011170,0.010067,0.023909,0.000000
896,N2,0.013789,0.012360,0.026026,0.258940
897,N2,0.058970,0.002806,0.025234,0.343332
898,N2,0.048566,0.010637,0.040852,0.135816
899,N2,0.039276,0.005338,0.029212,0.000000
900,N2,0.004003,0.012585,0.030279,0.185576
901,N2,0.022588,0.003381,0.012825,0.014479
902,N2,0.008569,0.011383,0.073527,0.044790
903,N2,0.036821,0.005405,0.027587,0.072508
904,N2,0.007082,0.015878,0.027450,0.104666
905,N2,0.032583,0.009552,0.022485,0.000000
906,N2,0.033209,0.012925,0.018503,0.015042
907,N2,0.013756,0.013391,0.029988,0.031842
908,N3,0.020355,0.018586,0.052548,0.046810
909,N2,0.018468,0.004184,0.015729,0.149407
910,N2,0.001495,0.001652,0.029134,0.122235
911,N2,0.046619,0.006615,0.031058,0.000000
912,N2,0.016500,0.005925,0.022275,0.177002
913,N2,0.032575,0.004995,0.029774,0.377215
914,N2,0.010372,0.042108,0.050821,0.047636
915,N2,0.013536,0.002514,0.013671,0.085848
916,N2,0.013546,0.004385,0.020625,0.143863
917,N2,0.007790,0.009743,0.017761,0.065306
918,N2,0.056778,0.020226,0.041141,0.190817
919,N2,0.025876,0.004727,0.014171,0.125132
920,N2,0.002736,0.003929,0.009807,0.203128
921,N2,0.013644,0.005709,0.015976,0.342594
922,N3,0.001869,0.000166,0.021550,0.070714
923,N2,0.019948,0.000811,0.019632,0.000000
924,N2,0.003284,0.003733,0.016715,0.176496
925,N3,0.004284,0.000364,0.027498,0.118327
926,N2,0.018733,0.001123,0.010731,0.222772
927,N2,0.004916,0.016071,0.056605,0.105538
928,N3,0.004194,0.028730,0.069941,0.250637
929,N2,0.005375,0.001367,0.023905,0.000000
930,N3,0.015570,0.002408,0.071538,0.031817
931,N3,0.006553,0.007473,0.086961,0.013869
932,N3,0.002848,0.000377,0.049756,0.052953
933,N3,0.011113,0.028575,0.051717,0.084159
934,N3,0.008043,0.014671,0.021254,0.028913
935,N3,0.001876,0.000483,0.028968,0.015537
936,N2,0.007860,0.029984,0.043011,0.058027
937,N3,0.007716,0.000837,0.078407,0.174937
938,N3,0.004388,0.014745,0.027607,0.025717
939,N3,0.009455,0.014891,0.040966,0.071364
940,N2,0.006606,0.014966,0.024554,0.128867
941,N3,0.005606,0.042092,0.059197,0.030836
942,N3,0.013846,0.006452,0.010300,0.146216
943,N2,0.005367,0.001040,0.028302,0.000000
944,N2,0.057449,0.005552,0.012789,0.062906
945,N2,0.005762,0.040292,0.088284,0.296639
946,N2,0.010306,0.010503,0.013843,0.087818
947,N2,0.008088,0.000491,0.020432,0.102578
948,N2,0.007068,0.003082,0.021629,0.010425
949,N3,0.010730,0.003657,0.045619,0.171004
950,N2,0.002808,0.001456,0.057195,0.060717
951,N3,0.012710,0.001695,0.034403,0.009757
952,N3,0.007445,0.027020,0.044128,0.113278
953,N3,0.003653,0.001968,0.061204,0.000000
954,N3,0.018289,0.001626,0.024388,0.011301
955,N3,0.002080,0.000803,0.027233,0.027106
956,N3,0.007697,0.043946,0.052825,0.155473
957,N3,0.003986,0.016014,0.039495,0.209860
958,N3,0.002031,0.013582,0.036565,0.158021
959,N3,0.006248,0.002544,0.008477,0.081014
960,N3,0.001461,0.004536,0.082399,0.000000
961,N3,0.013516,0.013634,0.021660,0.098802
962,N3,0.025905,0.012981,0.038405,0.143641
963,N3,0.001878,0.000280,0.017501,0.350208
964,N3,0.002656,0.001351,0.012798,0.064848
965,N3,0.003861,0.000025,0.012982,0.147827
966,N3,0.000797,0.028056,0.057442,0.174553
967,N3,0.013016,0.016988,0.028684,0.109334
968,N3,0.025680,0.012729,0.045343,0.220953
969,N3,0.003605,0.013328,0.028406,0.164846
970,N3,0.002195,0.001598,0.042715,0.110692
971,N3,0.002985,0.025774,0.074172,0.063705
972,N3,0.049702,0.000699,0.017431,0.047432
973,N3,0.004147,0.053455,0.145091,0.029654
974,N3,0.002258,0.000807,0.037626,0.245320
975,W,0.020146,0.001451,0.034495,0.000000
976,W,0.054354,0.001698,0.013287,0.370929
977,W,0.089036,0.002019,0.030760,0.013752
978,N1,0.004846,0.002241,0.026014,0.003742
979,N2,0.029689,0.005247,0.034588,0.121751
980,N2,0.035007,0.002746,0.009525,0.132090
981,N2,0.026544,0.006966,0.030077,0.426282
982,N2,0.003785,0.001470,0.047624,0.120895
983,N2,0.008295,0.002258,0.005136,0.041620
984,N2,0.003324,0.001436,0.007375,0.095121
985,N2,0.023979,0.002597,0.015668,0.010009
986,N2,0.077574,0.012942,0.077087,0.031810
987,N2,0.013626,0.007588,0.021660,0.073705
988,N2,0.003716,0.048103,0.081216,0.208166
989,N2,0.019578,0.001780,0.017493,0.449098
990,N2,0.095333,0.002265,0.023136,0.073915
991,N2,0.007038,0.014749,0.036444,0.000000
992,N2,0.094860,0.003840,0.007914,0.123334
993,N2,0.067358,0.003165,0.025471,0.240559
994,N2,0.015744,0.009741,0.037020,0.000000
995,N2,0.029886,0.006135,0.011023,0.031122
996,N2,0.030581,0.003916,0.026768,0.000000
997,N2,0.118411,0.007864,0.015938,0.198133
998,N2,0.015106,0.009197,0.048761,0.471984
999,N2,0.015019,0.010027,0.026731,0.000000
1000,N2,0.081892,0.001343,0.006516,0.088080
1001,N2,0.019894,0.016912,0.030986,0.040500
1002,N2,0.011962,0.004036,0.016947,0.038517
1003,N2,0.032340,0.004260,0.037547,0.073900
1004,N2,0.066419,0.008335,0.024843,0.046149
1005,N2,0.003782,0.009725,0.027652,0.158605
1006,N2,0.013345,0.027037,0.061164,0.000000
1007,N2,0.009750,0.020845,0.030164,0.205047
1008,N2,0.023019,0.003199,0.015583,0.127558
1009,N2,0.034383,0.010009,0.027419,0.094019
1010,N2,0.024757,0.040900,0.045484,0.238521
1011,N2,0.007551,0.013667,0.061665,0.000000
1012,N2,0.007923,0.001052,0.019713,0.073147
1013,N1,0.020303,0.006258,0.047325,0.018099
1014,N2,0.039946,0.001424,0.035986,0.012146
1015,N2,0.010173,0.000646,0.017478,0.167002
1016,N2,0.022150,0.053339,0.076536,0.000000
1017,N2,0.080410,0.003255,0.020224,0.000000
1018,N2,0.022707,0.003129,0.012070,0.009542
1019,N2,0.016298,0.004248,0.041595,0.150646
1020,N2,0.029145,0.002591,0.022728,0.000000
1021,N2,0.057537,0.003718,0.033925,0.186601
1022,N2,0.023153,0.009343,0.022478,0.078007
1023,N2,0.025411,0.007814,0.014757,0.291453
1024,N2,0.010239,0.008231,0.011230,0.022752
1025,N2,0.003833,0.014017,0.028111,0.138683
1026,N2,0.090966,0.008730,0.024153,0.154450
1027,N2,0.003969,0.021024,0.051815,0.125393
1028,N2,0.084638,0.002898,0.030720,0.024123
1029,N2,0.010107,0.001604,0.016787,0.000000
1030,N2,0.035366,0.011006,0.036519,0.171285
1031,N2,0.031243,0.012210,0.019124,0.047487
1032,N2,0.014119,0.007442,0.050866,0.071731
1033,N2,0.009261,0.005020,0.020814,0.117538
1034,N2,0.019737,0.005803,0.018551,0.327402
1035,N2,0.089862,0.002647,0.015378,0.163180
1036,N2,0.017030,0.010066,0.038437,0.054306
1037,N2,0.002250,0.005865,0.017790,0.080767
1038,N2,0.015396,0.004406,0.022388,0.000000
1039,N2,0.024623,0.007560,0.030561,0.013300
1040,N2,0.005497,0.000686,0.009880,0.171403
1041,N2,0.006972,0.004424,0.024275,0.022289
1042,N2,0.076319,0.042891,0.062462,0.051680
1043,N1,0.044416,0.006307,0.011644,0.058118
1044,N2,0.061301,0.003044,0.016286,0.077243
1045,N2,0.018593,0.018583,0.049263,0.202043
1046,N2,0.020785,0.002239,0.051323,0.127212
1047,N2,0.041510,0.007810,0.012089,0.000000
1048,N2,0.006383,0.005510,0.022696,0.021168
1049,N2,0.008377,0.006320,0.026277,0.019255
1050,N2,0.009744,0.001814,0.006541,0.082822
1051,N2,0.019046,0.008492,0.017919,0.046033
1052,N2,0.012110,0.054823,0.079168,0.140145
1053,N2,0.009898,0.032169,0.055629,0.037275
1054,N2,0.010755,0.008857,0.037350,0.133325
1055,N2,0.019723,0.001507,0.008308,0.408870
1056,N2,0.033676,0.026042,0.049259,0.089594
1057,N2,0.049349,0.004413,0.035264,0.049020
1058,N2,0.068801,0.003800,0.021292,0.011068
1059,N2,0.033871,0.004470,0.021682,0.150692
1060,N2,0.020562,0.005809,0.025435,0.202123
1061,N2,0.005128,0.014493,0.027485,0.065137
1062,N2,0.018739,0.002631,0.014737,0.000000
1063,N2,0.015291,0.002765,0.021025,0.222583
1064,N2,0.009855,0.041402,0.046993,0.060781
1065,N2,0.021346,0.044008,0.079640,0.107849
1066,N2,0.025714,0.009961,0.071768,0.078357
1067,N2,0.011569,0.005183,0.012682,0.019603
1068,R,0.017422,0.005487,0.023586,0.084670
1069,R,0.009914,0.000414,0.020121,0.134880
1070,R,0.059672,0.004271,0.021287,0.093687
1071,N1,0.007901,0.001895,0.010421,0.078930
1072,N1,0.014228,0.007478,0.013366,0.584065
1073,R,0.026200,0.003469,0.010559,0.127352
1074,R,0.002663,0.041807,0.048110,0.198745
1075,R,0.019451,0.002503,0.009852,0.037148
1076,R,0.041314,0.005282,0.018899,0.094438
1077,R,0.005137,0.002453,0.013756,0.038953
1078,R,0.175368,0.002292,0.028320,0.150538
1079,R,0.009825,0.002099,0.021090,0.158231
1080,R,0.040941,0.003898,0.019165,0.194171
1081,R,0.048723,0.003353,0.014486,0.138560
1082,N1,0.062605,0.003742,0.016529,0.091501
1083,N1,0.112529,0.003246,0.014199,0.027527
1084,W,0.083956,0.001952,0.013789,0.118750
1085,N1,0.047987,0.000878,0.029910,0.148438
1086,N2,0.010396,0.003669,0.035729,0.232076
1087,N2,0.012613,0.002089,0.018830,0.137498
1088,N2,0.011358,0.006998,0.023061,0.000000
1089,N2,0.113341,0.000992,0.021203,0.220088
1090,N2,0.011132,0.006780,0.025051,0.386628
1091,R,0.017245,0.004081,0.013779,0.073456
1092,R,0.040732,0.001487,0.018872,0.304501
1093,R,0.077659,0.007145,0.018007,0.226038
1094,R,0.103823,0.004653,0.022908,0.071982
1095,R,0.001953,0.005111,0.022860,0.031353
1096,R,0.022764,0.005933,0.011756,0.205872
1097,R,0.007162,0.006479,0.010677,0.119309
1098,R,0.007239,0.003260,0.025860,0.129057
1099,R,0.012053,0.005250,0.023531,0.022910
1100,R,0.010349,0.004627,0.028426,0.034951
1101,R,0.002764,0.003541,0.013592,0.108493
1102,R,0.010766,0.000792,0.012455,0.027770
1103,R,0.017421,0.001974,0.006268,0.011679
1104,R,0.037661,0.001233,0.010863,0.047945
1105,N1,0.027447,0.001118,0.024261,0.180123
1106,N1,0.006728,0.002563,0.022157,0.025792
1107,N1,0.006740,0.003990,0.023250,0.033770
1108,N1,0.020555,0.001271,0.022424,0.416623
1109,N1,0.006512,0.001478,0.010755,0.097638
1110,N2,0.016086,0.001395,0.021807,0.089822
1111,N2,0.078109,0.013856,0.020849,0.161870
1112,N2,0.051555,0.007211,0.031185,0.181207
1113,N2,0.004618,0.004515,0.009623,0.000000
1114,N2,0.032003,0.002711,0.017333,0.074880
1115,R,0.013119,0.002495,0.018899,0.535640
1116,R,0.005193,0.002774,0.017732,0.037728
1117,R,0.005680,0.004702,0.025524,0.408702
1118,R,0.004833,0.001564,0.023307,0.222048
1119,R,0.066123,0.001017,0.008129,0.066569
1120,R,0.013540,0.002626,0.012215,0.089524
1121,R,0.008256,0.000780,0.005288,0.068168
1122,R,0.030391,0.000242,0.026461,0.047921
1123,R,0.002374,0.000738,0.017377,0.000000
1124,R,0.012847,0.005744,0.015356,0.060989
1125,R,0.010302,0.004220,0.007275,0.380362
1126,R,0.039261,0.001032,0.018315,0.076228
1127,R,0.048854,0.002479,0.035144,0.002583
1128,R,0.035354,0.000339,0.001817,0.178114
1129,N1,0.141342,0.000456,0.087027,0.073605
1130,N1,0.008399,0.003408,0.026361,0.092482
1131,R,0.011796,0.004384,0.006575,0.251292
1132,R,0.008269,0.004211,0.009357,0.127878
1133,R,0.010274,0.002822,0.014661,0.370286
1134,R,0.008912,0.001350,0.021999,0.000000
1135,R,0.021317,0.000918,0.008289,0.194762
1136,R,0.187340,0.002104,0.007060,0.419861
1137,R,0.017482,0.000795,0.029875,0.194872
1138,R,0.010049,0.003356,0.020954,0.313857
1139,R,0.083020,0.003174,0.049884,0.308308
1140,R,0.004415,0.004662,0.020435,0.078597
1141,R,0.033342,0.001548,0.021277,0.057624
1142,R,0.026426,0.002470,0.022400,0.066835
1143,R,0.010577,0.003351,0.018213,0.068583
1144,R,0.018801,0.005759,0.014572,0.471536
1145,R,0.010570,0.000991,0.009616,0.248303
1146,R,0.001885,0.002302,0.007991,0.342679
1147,R,0.005664,0.004517,0.051381,0.054676
1148,R,0.014240,0.002096,0.007163,0.057405
1149,R,0.003672,0.006715,0.023863,0.000000
1150,R,0.015276,0.003559,0.012089,0.045719
1151,R,0.009544,0.003682,0.008291,0.036130
1152,R,0.048723,0.001562,0.007202,0.000000
1153,R,0.112174,0.001273,0.012134,0.119088
1154,N1,0.074418,0.001834,0.018284,0.172548
1155,R,0.070291,0.000949,0.026110,0.148557
1156,R,0.185137,0.001037,0.014524,0.027516
1157,R,0.055292,0.005418,0.039611,0.379614
1158,R,0.101089,0.002884,0.028907,0.090054
1159,N1,0.014148,0.000673,0.005542,0.135284
1160,N1,0.165361,0.002921,0.017267,0.198980
1161,N2,0.007116,0.003592,0.017212,0.137409
1162,N2,0.066606,0.004120,0.009638,0.000000
1163,N2,0.017305,0.001251,0.015052,0.027933
1164,N2,0.027210,0.002336,0.011088,0.235035
1165,W,0.090025,0.000085,0.005557,0.262688
1166,W,0.407082,0.004835,0.012915,0.313269
1167,W,0.339117,0.000989,0.010708,0.150795
1168,W,0.004703,0.000950,0.005842,0.397304
1169,W,0.003924,0.001096,0.013023,0.709163
1170,W,0.005610,0.002146,0.018155,0.286540
1171,W,0.002556,0.003336,0.019698,0.572473
1172,W,0.001212,0.003830,0.023265,0.374858
1173,W,0.007123,0.000666,0.010167,0.491134
1174,W,0.007872,0.000163,0.021222,0.558165
1175,W,0.035020,0.000505,0.033875,0.241676
1176,W,0.041401,0.001561,0.035030,0.330267
1177,W,0.036868,0.001223,0.004638,0.407926
1178,W,0.128063,0.001633,0.027068,0.332369
1179,W,0.013758,0.003474,0.011140,0.625954
1180,W,0.023375,0.001829,0.012816,0.788846
1181,W,0.048312,0.000594,0.017429,0.519957
1182,W,0.016305,0.000620,0.010714,0.209176
1183,N1,0.040219,0.000956,0.009897,0.057602
1184,N1,0.017925,0.002347,0.008512,0.162182
1185,N1,0.007950,0.006060,0.013251,0.237242
1186,N1,0.014587,0.001986,0.021020,0.119446
1187,N1,0.009359,0.001416,0.015258,0.093639
1188,N2,0.023216,0.002434,0.017821,0.165308
1189,N2,0.071264,0.000244,0.029839,0.099738
1190,N2,0.005825,0.005356,0.023178,0.091724
1191,N2,0.056837,0.004628,0.033724,0.084615
1192,N2,0.018039,0.004272,0.018973,0.099014
1193,N2,0.005244,0.014260,0.038832,0.020719
1194,N2,0.014654,0.006388,0.022702,0.071205
1195,N2,0.003370,0.005626,0.049291,0.154054
1196,N2,0.115642,0.015930,0.025077,0.057104
1197,N2,0.043594,0.010287,0.056830,0.000000
1198,N2,0.169745,0.011825,0.022076,0.165944
1199,N2,0.049763,0.003611,0.013544,0.066123
1200,N2,0.015078,0.075924,0.082585,0.122805
1201,N2,0.051725,0.010850,0.050740,0.020566
1202,N2,0.019949,0.008486,0.028071,0.033419
1203,N2,0.013924,0.017107,0.025597,0.080420
1204,N2,0.072547,0.010765,0.045288,0.121040
1205,N2,0.019386,0.002417,0.008204,0.000000
1206,N1,0.028669,0.002890,0.027648,0.140959
1207,N2,0.018192,0.001232,0.010730,0.101024
1208,N2,0.030634,0.005591,0.020191,0.043001
1209,N2,0.011300,0.011263,0.028214,0.066779
1210,N2,0.030911,0.006113,0.019151,0.040657
1211,N2,0.005104,0.006478,0.009750,0.026782
1212,N2,0.047472,0.008825,0.020833,0.135315
1213,N2,0.016640,0.005699,0.021284,0.000000
1214,N2,0.034306,0.005161,0.011290,0.099743
1215,N2,0.007052,0.064152,0.064571,0.239587
1216,N2,0.017571,0.003913,0.019506,0.262510
1217,N2,0.039169,0.005496,0.022071,0.350905
1218,N2,0.025450,0.006436,0.014592,0.004124
1219,N2,0.043686,0.045915,0.070935,0.062890
1220,N2,0.028168,0.020362,0.039635,0.113976
1221,N2,0.006624,0.043858,0.056156,0.055467
1222,N2,0.010279,0.044968,0.077675,0.164480
1223,N2,0.043630,0.016387,0.028051,0.027899
1224,N2,0.006095,0.003561,0.014883,0.004646
1225,N2,0.062735,0.043525,0.056630,0.037683
1226,N2,0.004773,0.011978,0.050499,0.049581
1227,N2,0.005788,0.007423,0.013675,0.032568
1228,N2,0.035409,0.011821,0.020219,0.047861
1229,N2,0.037606,0.000627,0.009331,0.093715
1230,N2,0.048522,0.002078,0.017400,0.154121
1231,N2,0.050346,0.067187,0.073991,0.370232
1232,N2,0.006525,0.057454,0.103536,0.000000
1233,N2,0.012605,0.006256,0.013588,0.031948
1234,N2,0.037443,0.012048,0.036226,0.111738
1235,N2,0.017680,0.005682,0.027514,0.096005
1236,N2,0.012387,0.020071,0.040257,0.000000
1237,N2,0.038318,0.027703,0.051237,0.030419
1238,N2,0.016909,0.003726,0.026313,0.000000
1239,N3,0.015993,0.004055,0.031089,0.062951
1240,N2,0.028750,0.001870,0.005360,0.117255
1241,N2,0.000633,0.007646,0.045503,0.033212
1242,N3,0.022272,0.000267,0.011270,0.009330
1243,N2,0.006397,0.000932,0.031647,0.153730
1244,N2,0.001968,0.001789,0.034188,0.228922
1245,N2,0.077072,0.012822,0.031244,0.000000
1246,N3,0.004138,0.026905,0.045085,0.054884
1247,N3,0.002193,0.000450,0.019402,0.491460
1248,N3,0.006742,0.000880,0.040313,0.082266
1249,N3,0.005908,0.029298,0.042583,0.108713
1250,N3,0.008803,0.000574,0.021211,0.023874
1251,N3,0.007236,0.002040,0.048862,0.019681
1252,N2,0.006320,0.013760,0.021819,0.005509
1253,N3,0.006483,0.001128,0.054106,0.062522
1254,N3,0.013454,0.002767,0.037232,0.000000
1255,N3,0.009088,0.033529,0.051854,0.097640
1256,N3,0.023430,0.012569,0.049561,0.000077
1257,N2,0.008765,0.025925,0.036125,0.024298
1258,W,0.013981,0.000950,0.064583,0.064215
1259,N1,0.006225,0.000941,0.010600,0.465219
1260,N2,0.014320,0.001990,0.028536,0.077751
1261,W,0.071051,0.006022,0.051401,0.029177
1262,W,0.016267,0.001864,0.007402,0.161786
1263,N1,0.030565,0.000421,0.017870,0.230885
1264,N2,0.011329,0.083140,0.109318,0.191406
1265,N2,0.004866,0.001585,0.024966,0.130942
1266,N2,0.073232,0.009387,0.022078,0.371897
1267,N2,0.134226,0.000462,0.005712,0.041159
1268,N2,0.014872,0.057176,0.085603,0.124447
1269,N2,0.006393,0.015451,0.032104,0.000000
1270,N2,0.056149,0.005744,0.037927,0.079239
1271,N2,0.007071,0.004570,0.045681,0.051010
1272,N2,0.013012,0.000602,0.017059,0.041911
1273,N2,0.053669,0.019314,0.062759,0.292565
1274,N2,0.024796,0.004795,0.011731,0.232444
1275,N2,0.014364,0.004117,0.016222,0.042083
1276,N2,0.026092,0.005257,0.016166,0.134174
1277,N2,0.039606,0.001192,0.004218,0.000000
1278,N2,0.160428,0.006870,0.056759,0.080699
1279,N2,0.022102,0.010653,0.037131,0.138324
1280,N2,0.062278,0.017836,0.063403,0.065338
1281,N2,0.044089,0.003320,0.017984,0.046596
1282,N2,0.067749,0.000914,0.013545,0.000000
1283,N2,0.032949,0.014617,0.024117,0.075630
1284,N2,0.021820,0.004136,0.014948,0.211021
1285,N2,0.033735,0.016439,0.063019,0.143842
1286,N2,0.106335,0.001593,0.032071,0.219711
1287,N2,0.061944,0.003170,0.025225,0.003275
1288,N2,0.126583,0.007259,0.041997,0.139553
1289,N2,0.066175,0.002822,0.010267,0.101000
1290,N2,0.026766,0.010218,0.020817,0.055048
1291,N2,0.002595,0.029964,0.066196,0.163230
1292,N2,0.020310,0.002064,0.010069,0.070434
1293,N2,0.073593,0.011130,0.054571,0.145916
1294,N2,0.084281,0.005902,0.022744,0.109557
1295,N2,0.081358,0.013756,0.041153,0.162643
1296,N2,0.040605,0.005957,0.020015,0.051508
1297,N2,0.014347,0.006149,0.007963,0.048369
1298,N2,0.027911,0.005968,0.027079,0.225693
1299,N2,0.064384,0.009950,0.024328,0.137150
1300,N2,0.003549,0.015309,0.044282,0.255622
1301,N2,0.023779,0.006213,0.023264,0.128377
1302,N2,0.029060,0.064519,0.085489,0.142860
1303,N2,0.020437,0.014259,0.023186,0.060955
1304,N2,0.061771,0.005272,0.034684,0.127661
1305,N2,0.008380,0.005685,0.013027,0.091355
1306,N2,0.004360,0.014224,0.024017,0.223631
1307,N2,0.011690,0.005049,0.023894,0.067268
1308,N2,0.021803,0.003902,0.011662,0.116255
1309,N2,0.008903,0.005601,0.011368,0.031417
1310,N2,0.012527,0.021690,0.035708,0.087544
1311,N2,0.071285,0.010396,0.050453,0.072091
1312,N2,0.012756,0.011765,0.051543,0.014547
1313,N2,0.015914,0.009813,0.025459,0.151900
1314,N2,0.004624,0.007550,0.028704,0.033269
1315,N2,0.018801,0.009705,0.036080,0.033236
1316,N2,0.067679,0.006021,0.024455,0.104776
1317,N2,0.050511,0.009172,0.017976,0.099278
1318,N2,0.013363,0.006652,0.012708,0.145630
1319,N2,0.026495,0.011308,0.028681,0.181833
1320,N1,0.030649,0.001620,0.034808,0.083049
1321,N2,0.009858,0.005238,0.023818,0.409372
1322,N2,0.017415,0.004399,0.018677,0.240629
1323,N2,0.020962,0.005875,0.010612,0.423818
1324,N2,0.040233,0.001176,0.013768,0.165596
1325,N2,0.042805,0.003158,0.011252,0.000000
1326,N2,0.067156,0.039857,0.070412,0.000000
1327,N2,0.021298,0.007176,0.021782,0.000000
1328,N2,0.033162,0.007840,0.024041,0.145524
1329,N2,0.031974,0.009263,0.032223,0.125501
1330,N2,0.060133,0.010486,0.022944,0.108425
1331,N2,0.207883,0.004484,0.015922,0.018738
1332,W,0.014597,0.003518,0.162972,0.173164
1333,N1,0.033537,0.001982,0.015564,0.131933
1334,N1,0.017373,0.002869,0.029083,0.047528
1335,W,0.030842,0.000737,0.009349,0.128544
1336,N1,0.009637,0.001442,0.012910,0.104270
1337,N2,0.098175,0.003112,0.010407,0.027797
1338,N2,0.017404,0.067415,0.077529,0.022814
1339,N2,0.028581,0.020380,0.038599,0.062220
1340,N2,0.054494,0.001344,0.011127,0.079097
1341,N2,0.044229,0.007027,0.056627,0.213571
1342,N2,0.113973,0.001008,0.018976,0.138324
1343,N2,0.026261,0.005340,0.009877,0.011904
1344,N2,0.028063,0.004525,0.058442,0.126614
1345,N2,0.038288,0.003849,0.029927,0.190275
1346,N2,0.051447,0.000287,0.008528,0.271831
1347,N2,0.052506,0.007925,0.042168,0.131565
1348,N2,0.032216,0.007566,0.018001,0.221019
1349,N2,0.052029,0.002817,0.015338,0.304516
1350,R,0.006635,0.001982,0.018050,0.062993
1351,R,0.013839,0.001307,0.051609,0.185752
1352,R,0.009009,0.006466,0.038307,0.047986
1353,R,0.002804,0.000419,0.017748,0.000000
1354,R,0.006813,0.001311,0.015368,0.202685
1355,R,0.008484,0.002112,0.011904,0.080271
1356,R,0.008533,0.004224,0.014686,0.048806
1357,R,0.059877,0.001577,0.027039,0.095350
1358,N1,0.112649,0.000352,0.024572,0.031346
1359,N1,0.039691,0.001693,0.014602,0.041666
1360,N2,0.001745,0.001972,0.006537,0.108345
1361,R,0.018075,0.001675,0.005446,0.137414
1362,R,0.009463,0.004708,0.033887,0.000000
1363,R,0.011811,0.004946,0.028820,0.062228
1364,R,0.115101,0.001065,0.038855,0.348833
1365,N1,0.015425,0.000808,0.003367,0.037473
1366,N1,0.018670,0.000921,0.020258,0.023078
1367,R,0.011753,0.002632,0.060901,0.088457
1368,R,0.206123,0.003977,0.021594,0.146803
1369,R,0.106699,0.002865,0.009556,0.000000
1370,R,0.004356,0.005282,0.015599,0.303619
1371,R,0.007582,0.010131,0.039760,0.062230
1372,R,0.032758,0.003478,0.007623,0.128338
1373,N1,0.015380,0.000435,0.013336,0.030940
1374,R,0.011383,0.005516,0.012429,0.157667
1375,R,0.004353,0.011605,0.028900,0.061947
1376,R,0.007614,0.003363,0.030194,0.164785
1377,R,0.014635,0.028973,0.076839,0.120318
1378,R,0.144368,0.003416,0.019737,0.351456
1379,R,0.006047,0.000617,0.036763,0.103559
1380,R,0.007919,0.001705,0.040616,0.191797
1381,R,0.008978,0.000077,0.011295,0.045544
1382,R,0.010992,0.001921,0.006594,0.107195
1383,R,0.062602,0.003866,0.033380,0.230382
1384,R,0.021626,0.001522,0.014961,0.241589
1385,R,0.016247,0.002568,0.014413,0.139397
1386,R,0.030852,0.001975,0.009904,0.108785
1387,R,0.010710,0.004685,0.010856,0.058512
1388,R,0.026873,0.002826,0.032413,0.432944
1389,N1,0.167518,0.002022,0.011944,0.233283
1390,N1,0.025105,0.003571,0.017917,0.128165
1391,N1,0.084503,0.002630,0.025868,0.040295
1392,N1,0.039136,0.004660,0.041239,0.000000
1393,N1,0.008154,0.001185,0.025806,0.108520
1394,N2,0.071069,0.000462,0.017454,0.216173
1395,N1,0.016342,0.000520,0.020691,0.064208
1396,N1,0.028755,0.004933,0.022142,0.216261
1397,N2,0.035762,0.001847,0.014683,0.094398
1398,N2,0.032306,0.001619,0.012742,0.042829
1399,N2,0.018991,0.003196,0.017629,0.054971
1400,N2,0.008253,0.001069,0.011937,0.051903
1401,N2,0.033988,0.001021,0.008883,0.092555
1402,N2,0.020332,0.000329,0.017239,0.293018
1403,N2,0.019809,0.004075,0.017849,0.046147
1404,N2,0.018385,0.002534,0.016654,0.199684
1405,N2,0.064034,0.001455,0.007470,0.090520
1406,N2,0.021929,0.000909,0.007711,0.058620
1407,N2,0.002775,0.001366,0.025248,0.069603
1408,N2,0.093274,0.003180,0.026662,0.059518
1409,N2,0.013065,0.003635,0.014171,0.094250
1410,N2,0.014298,0.004665,0.014123,0.200271
1411,N1,0.162319,0.006868,0.013416,0.117420
1412,N2,0.045903,0.010537,0.025389,0.086401
1413,N2,0.023952,0.053124,0.065422,0.175263
1414,N2,0.020228,0.009995,0.019736,0.075260
1415,N2,0.075460,0.007273,0.012352,0.223427
1416,N2,0.202423,0.008082,0.021102,0.055605
1417,N1,0.115014,0.001193,0.025378,0.126515
1418,R,0.061619,0.003937,0.009868,0.121428
1419,W,0.070374,0.000317,0.024521,0.545706
1420,N1,0.027313,0.001569,0.024167,0.035213
1421,N2,0.041551,0.003241,0.005163,0.168287
1422,N2,0.010176,0.000885,0.013348,0.090035
1423,N2,0.016183,0.012948,0.031637,0.011936
1424,N2,0.124452,0.003015,0.013083,0.157565
1425,N2,0.157720,0.012273,0.035900,0.060428
1426,N2,0.023377,0.015211,0.024258,0.325477
1427,N2,0.020618,0.003991,0.026433,0.059995
1428,N2,0.036215,0.013260,0.020605,0.098526
1429,N2,0.272167,0.007486,0.055421,0.004120
1430,N2,0.185612,0.005513,0.020973,0.031336
1431,N2,0.013179,0.019512,0.072111,0.059069
1432,N2,0.003740,0.004715,0.016040,0.169177
1433,N2,0.012208,0.004018,0.040982,0.000000
1434,N2,0.017095,0.016208,0.024317,0.162865
1435,N2,0.019029,0.011955,0.027119,0.160973
1436,N2,0.040357,0.004749,0.010345,0.041013
1437,N2,0.171344,0.008996,0.061982,0.115881
1438,N2,0.015038,0.036669,0.057584,0.096430
1439,N2,0.029900,0.001598,0.018738,0.143221
1440,N2,0.021541,0.006294,0.014323,0.075748
1441,N2,0.015572,0.007439,0.020248,0.592123
1442,N2,0.104984,0.004902,0.021105,0.005771
1443,N2,0.076189,0.004541,0.009843,0.050414
1444,N2,0.008940,0.044560,0.056966,0.119365
1445,N2,0.039068,0.003915,0.013203,0.324896
1446,N2,0.012043,0.042376,0.045513,0.108200
1447,N2,0.005859,0.002796,0.026797,0.213831
1448,N2,0.010770,0.012200,0.018311,0.154578
1449,N2,0.021192,0.028798,0.039670,0.092938
1450,N2,0.007481,0.001890,0.021018,0.047302
1451,N2,0.005874,0.002554,0.012422,0.053416
1452,N2,0.017718,0.004465,0.011993,0.145558
1453,N2,0.047016,0.000244,0.023272,0.064009
1454,N2,0.021375,0.000752,0.007504,0.004050
1455,N2,0.019482,0.001039,0.008910,0.137260
1456,N2,0.036483,0.000951,0.011672,0.000000
1457,N2,0.006371,0.008967,0.016927,0.068644
1458,N2,0.013677,0.042371,0.053890,0.058705
1459,N2,0.030244,0.014690,0.044682,0.000000
1460,N2,0.015354,0.000648,0.023212,0.195011
1461,N2,0.034956,0.003566,0.016055,0.068860
1462,N1,0.277436,0.000826,0.023049,0.312887
1463,N1,0.043788,0.000665,0.047767,0.034012
1464,N2,0.018477,0.000996,0.023747,0.011969
1465,N2,0.087737,0.005943,0.016533,0.001783
1466,N2,0.022612,0.008463,0.027050,0.000000
1467,N2,0.141445,0.012705,0.031299,0.002919
1468,N2,0.066077,0.006340,0.036635,0.102384
1469,N2,0.029078,0.004644,0.021930,0.138488
1470,N2,0.006442,0.003324,0.011902,0.109659
1471,N2,0.078295,0.001254,0.009442,0.058657
1472,N2,0.079627,0.002838,0.009792,0.097899
1473,N2,0.043948,0.005244,0.018090,0.239720
1474,N2,0.031124,0.001038,0.012958,0.018025
1475,N2,0.110995,0.002645,0.021360,0.023732
1476,N2,0.165076,0.005503,0.038288,0.071782
1477,N2,0.055933,0.007039,0.017141,0.151084
1478,N2,0.017080,0.007618,0.024959,0.118587
1479,N2,0.055853,0.007098,0.019724,0.262605
1480,N2,0.010049,0.001440,0.007247,0.081782
1481,N2,0.002677,0.009499,0.020691,0.137119
1482,N2,0.026328,0.008148,0.017496,0.000000
1483,N2,0.020009,0.007178,0.031351,0.110625
1484,N2,0.014795,0.008292,0.035476,0.017157
1485,N2,0.028669,0.002842,0.036614,0.089494
1486,N2,0.032881,0.002158,0.009835,0.000050
1487,N2,0.048825,0.000384,0.005190,0.027843
1488,N2,0.069548,0.002430,0.031475,0.070562
1489,N2,0.029110,0.006319,0.016515,0.197276
1490,N2,0.044465,0.001280,0.014665,0.068859
1491,N2,0.023676,0.000852,0.021599,0.000000
1492,N2,0.042702,0.005764,0.013685,0.140487
1493,N2,0.036728,0.009563,0.020226,0.027340
1494,N2,0.019852,0.005056,0.018263,0.084821
1495,N2,0.010831,0.002813,0.017330,0.328893
1496,N2,0.013511,0.008919,0.018064,0.000000
1497,N2,0.146118,0.004437,0.019846,0.412255
1498,N2,0.006132,0.007032,0.019159,0.056930
1499,N2,0.126950,0.017080,0.043113,0.173895
1500,N2,0.149975,0.002484,0.021530,0.433982
1501,N2,0.019645,0.002316,0.018548,0.420259
1502,R,0.006533,0.006000,0.016505,0.043416
1503,R,0.004357,0.001202,0.006060,0.000000
1504,R,0.011164,0.010135,0.019658,0.007543
1505,R,0.254814,0.004098,0.052208,0.224081
1506,W,0.399735,0.001476,0.041663,0.500387
1507,N1,0.018445,0.000923,0.012072,0.116385
1508,N1,0.060413,0.002152,0.007566,0.240453
1509,N1,0.029460,0.001514,0.014770,0.501235
1510,W,0.062621,0.000189,0.009318,0.299961
1511,N1,0.011037,0.000148,0.004934,0.148306
1512,N1,0.013637,0.000901,0.011773,0.491252
1513,N1,0.033786,0.000464,0.005228,0.202104
1514,N2,0.004011,0.000561,0.012376,0.083950
1515,N2,0.050701,0.003848,0.018481,0.410566
1516,N2,0.094488,0.001890,0.037260,0.133795
1517,N2,0.237054,0.000135,0.006594,0.098726
1518,N2,0.015518,0.000456,0.003212,0.000000
1519,N2,0.019718,0.001260,0.021743,0.000000
1520,N2,0.058030,0.001212,0.020211,0.124139
1521,N2,0.152923,0.005470,0.013764,0.100165
1522,N2,0.022183,0.015585,0.036793,0.043672
1523,N2,0.007720,0.007428,0.022620,0.044083
1524,N2,0.073296,0.001031,0.014091,0.039820
1525,N2,0.042067,0.002026,0.009055,0.074853
1526,N2,0.072598,0.003893,0.016371,0.245478
1527,N2,0.017864,0.000611,0.023962,0.205692
1528,N2,0.035522,0.000241,0.009218,0.079890
1529,N2,0.001561,0.010832,0.026818,0.542160
1530,N1,0.160090,0.000442,0.008761,0.089240
1531,N1,0.030623,0.001036,0.009117,0.403276
1532,W,0.129061,0.002742,0.018950,0.260793
1533,W,0.227223,0.002704,0.028840,0.611280
1534,W,0.031092,0.003368,0.013128,0.663468
1535,W,0.157793,0.002911,0.029351,0.166168
1536,N1,0.083599,0.001288,0.036933,0.166669
1537,N2,0.016760,0.001782,0.029928,0.096730
1538,N2,0.020348,0.000156,0.008898,0.022628
1539,N2,0.025904,0.000897,0.008479,0.173345
1540,N2,0.033504,0.004159,0.013521,0.381011
1541,N2,0.062638,0.003762,0.017798,0.354244
1542,N2,0.060541,0.005683,0.014777,0.088077
1543,N2,0.151080,0.001756,0.013565,0.000000
1544,N2,0.018285,0.008432,0.014272,0.139350
1545,N2,0.025654,0.004027,0.029381,0.023245
1546,N2,0.010608,0.008712,0.023455,0.019287
1547,N1,0.426904,0.005221,0.040665,0.072315
1548,W,0.075342,0.001208,0.014019,0.483965
1549,W,0.026559,0.001495,0.013800,0.480434
1550,W,0.113149,0.000689,0.002295,0.307630
1551,W,0.042015,0.004242,0.015444,0.482421
1552,N1,0.046540,0.001028,0.006935,0.073376
1553,N1,0.017099,0.001727,0.011565,0.034191
1554,N1,0.017812,0.007563,0.016290,0.221908
1555,N1,0.064873,0.003482,0.006645,0.178577
1556,N1,0.014380,0.000819,0.018211,0.096178
1557,N1,0.038005,0.001337,0.010780,0.027147
1558,N1,0.200579,0.001277,0.018067,0.117350
1559,N2,0.003363,0.001306,0.014180,0.174702
1560,N2,0.002856,0.003167,0.011214,0.141650
1561,N2,0.002424,0.007032,0.043419,0.000000
1562,N2,0.029217,0.001953,0.012315,0.225077
1563,N2,0.017872,0.000850,0.020663,0.133195
1564,N2,0.035535,0.005008,0.016193,0.514607
1565,N2,0.025565,0.007064,0.017349,0.061217
1566,N2,0.057665,0.002632,0.009975,0.212166
1567,N2,0.026284,0.006519,0.023211,0.092580
1568,N2,0.069161,0.005593,0.014371,0.143448
1569,N2,0.014004,0.008218,0.025915,0.055395
1570,N2,0.032881,0.008757,0.022228,0.167750
1571,R,0.041485,0.005818,0.022916,0.133137
1572,R,0.003847,0.001387,0.032903,0.068586
1573,R,0.032276,0.002583,0.022951,0.609980
1574,R,0.040299,0.000189,0.005242,0.164420
1575,R,0.018140,0.001298,0.015394,0.000000
1576,R,0.011789,0.003395,0.017368,0.000000
1577,R,0.018621,0.001185,0.019416,0.110530
1578,R,0.055357,0.004554,0.026796,0.258049
1579,R,0.006746,0.001992,0.031789,0.131893
1580,R,0.007510,0.004404,0.029232,0.010085
1581,R,0.005642,0.001146,0.024083,0.098470
1582,R,0.024189,0.002835,0.011187,0.181322
1583,R,0.020515,0.000733,0.021148,0.232216
1584,R,0.026812,0.004439,0.019405,0.107598
1585,R,0.021834,0.002468,0.025610,0.127406
1586,R,0.064820,0.016720,0.028719,0.276629
1587,R,0.110626,0.007755,0.012019,0.207237
1588,R,0.011098,0.003659,0.015638,0.167364
1589,R,0.084338,0.001359,0.012181,0.194324
1590,R,0.012048,0.000793,0.027174,0.203093
1591,R,0.051056,0.001983,0.029726,0.224380
1592,R,0.036004,0.004698,0.008977,0.112595
1593,R,0.003825,0.003751,0.012911,0.169641
1594,R,0.048016,0.002650,0.026678,0.112458
1595,R,0.013456,0.001386,0.033317,0.005844
1596,R,0.009502,0.002181,0.006007,0.285855
1597,R,0.005792,0.000496,0.008799,0.227408
1598,R,0.008987,0.008499,0.063425,0.179391
1599,R,0.024425,0.003364,0.021028,0.200681
1600,R,0.039139,0.000704,0.011736,0.208670
1601,R,0.007907,0.002814,0.034961,0.085008
1602,R,0.017227,0.002682,0.030873,0.219563
1603,R,0.079795,0.015809,0.030142,0.235410
1604,R,0.038706,0.001099,0.016182,0.000000
1605,R,0.038739,0.003414,0.006311,0.226725
1606,R,0.021352,0.005699,0.017364,0.281521
1607,R,0.024532,0.000321,0.013212,0.092007
1608,R,0.013352,0.002106,0.006940,0.114450
1609,R,0.001975,0.002895,0.016481,0.110185
1610,W,0.016174,0.004090,0.018239,0.297791
1611,W,0.097476,0.001052,0.026124,0.348177
1612,N1,0.034024,0.003053,0.023115,0.075542
1613,N1,0.026732,0.001028,0.014547,0.316628
1614,N2,0.032755,0.001636,0.019499,0.033165
1615,N2,0.064266,0.010875,0.032277,0.062191
1616,N2,0.022222,0.004570,0.013730,0.299795
1617,N2,0.004989,0.003154,0.026151,0.165325
1618,N2,0.009744,0.001855,0.005836,0.003229
1619,N2,0.040934,0.000711,0.011109,0.223275
1620,N2,0.034410,0.002244,0.018204,0.008876
1621,N2,0.070415,0.003609,0.006409,0.087530
1622,N2,0.050209,0.002420,0.022714,0.003189
1623,N2,0.075143,0.009220,0.025770,0.093335
1624,N2,0.003663,0.001599,0.011951,0.232300
1625,N2,0.023203,0.004396,0.011506,0.126854
1626,N2,0.019629,0.002460,0.014051,0.112273
1627,N2,0.103099,0.000392,0.003816,0.079225
1628,N2,0.194821,0.001101,0.021067,0.166072
1629,N2,0.066252,0.001324,0.007773,0.208153
1630,W,0.302591,0.000220,0.005987,0.068419
1631,N1,0.093072,0.004051,0.011693,0.000000
1632,N1,0.065405,0.000198,0.017667,0.000000
1633,N1,0.019823,0.006197,0.022732,0.065775
1634,N2,0.034604,0.008970,0.023046,0.196715
1635,N2,0.034703,0.001431,0.015521,0.118805
1636,N2,0.024016,0.009062,0.029886,0.024525
1637,N2,0.015429,0.007489,0.012786,0.004703
1638,N2,0.006512,0.001700,0.003100,0.051603
1639,N2,0.045049,0.005257,0.009506,0.166790
1640,N2,0.015932,0.001934,0.015587,0.008927
1641,N2,0.006255,0.005183,0.009080,0.008879
1642,N2,0.044897,0.008127,0.012164,0.003542
1643,N2,0.009039,0.000756,0.014669,0.198516
1644,N2,0.046117,0.005973,0.023744,0.036447
1645,N2,0.116872,0.008230,0.022520,0.087699
1646,N2,0.014123,0.004563,0.035790,0.044144
1647,N2,0.014177,0.048367,0.059350,0.053421
1648,N2,0.011391,0.003089,0.007680,0.292120
1649,N2,0.004928,0.013458,0.048924,0.119377
1650,N2,0.037585,0.032532,0.053494,0.022263
1651,N2,0.084974,0.003148,0.016266,0.000000
1652,N2,0.020686,0.005643,0.013540,0.028232
1653,N2,0.022669,0.009000,0.033109,0.153185
1654,N2,0.016139,0.014515,0.027948,0.000000
1655,N2,0.006474,0.004522,0.011822,0.140827
1656,N2,0.029976,0.008657,0.025546,0.043246
1657,N2,0.055018,0.003125,0.025951,0.039831
1658,N2,0.038291,0.001509,0.021135,0.081863
1659,N2,0.023162,0.006622,0.011142,0.059197
1660,N2,0.021770,0.017168,0.033510,0.344812
1661,N2,0.001198,0.002908,0.036472,0.116561
1662,N2,0.011059,0.005821,0.046236,0.000000
1663,N2,0.031521,0.014291,0.058971,0.268892
1664,N2,0.011408,0.000890,0.018484,0.093197
1665,N2,0.006712,0.002102,0.008798,0.004604
1666,N2,0.010272,0.001376,0.028155,0.114305
1667,N2,0.010968,0.002635,0.013517,0.142607
1668,N2,0.007419,0.004575,0.027389,0.000000
1669,N2,0.038284,0.008170,0.025232,0.074733
1670,N1,0.259500,0.001162,0.029131,0.014331
1671,N1,0.015482,0.003707,0.011155,0.108998
1672,N2,0.127893,0.001508,0.020232,0.146275
1673,N2,0.059019,0.008161,0.019101,0.223145
1674,N2,0.018045,0.001001,0.006327,0.202290
1675,N2,0.019190,0.004492,0.009147,0.032699
1676,N2,0.068662,0.007437,0.026403,0.024175
1677,N2,0.031195,0.007336,0.014557,0.115635
1678,N2,0.033497,0.001971,0.013558,0.085769
1679,N2,0.019144,0.004194,0.034140,0.023505
1680,N2,0.023901,0.003253,0.014302,0.000000
1681,N2,0.027555,0.006847,0.011442,0.223354
1682,N2,0.137511,0.000893,0.025457,0.064343
1683,N2,0.014503,0.009973,0.018236,0.194939
1684,N2,0.014922,0.007415,0.018726,0.142027
1685,N2,0.076576,0.014559,0.049379,0.143268
1686,N2,0.020155,0.006519,0.019212,0.163610
1687,N2,0.144291,0.001578,0.017956,0.055006
1688,N2,0.004842,0.002559,0.024077,0.035760
1689,N2,0.052377,0.002063,0.005838,0.180429
1690,N2,0.012095,0.004382,0.009835,0.003804
1691,N2,0.020786,0.007038,0.015689,0.053023
1692,N2,0.047308,0.014814,0.034201,0.048192
1693,N2,0.033943,0.005634,0.016786,0.166829
1694,N2,0.033149,0.004385,0.038921,0.066277
1695,N2,0.008000,0.002508,0.022820,0.000000
1696,N2,0.014423,0.003773,0.015074,0.009246
1697,N2,0.090284,0.004075,0.012542,0.070210
1698,N2,0.013596,0.003778,0.022573,0.652123
1699,N2,0.024503,0.010443,0.045495,0.132351
1700,N2,0.013242,0.001595,0.007450,0.232899
1701,N2,0.016372,0.005557,0.011435,0.089517
1702,N2,0.012311,0.002263,0.040628,0.111161
1703,N2,0.030481,0.026025,0.036952,0.171795
1704,N2,0.025986,0.002192,0.004533,0.029483
1705,N2,0.004093,0.074696,0.084490,0.013610
1706,N2,0.005881,0.039439,0.053848,0.075077
1707,N2,0.013536,0.014932,0.027205,0.156496
1708,N2,0.031908,0.000319,0.009303,0.112398
1709,W,0.245193,0.002527,0.016994,0.448836
1710,W,0.018524,0.003489,0.019164,0.026199
1711,W,0.390675,0.000010,0.045515,0.077411
1712,W,0.168867,0.002634,0.012133,0.301808
1713,W,0.022410,0.004796,0.012844,0.128218
1714,W,0.006087,0.000051,0.038670,0.119976
1715,W,0.080661,0.001791,0.012313,0.478346
1716,W,0.020067,0.000194,0.025172,0.000000
1717,W,0.006274,0.000043,0.013127,0.595156
1718,W,0.061656,0.001658,0.030542,0.350963
1719,W,0.001834,0.001853,0.050732,0.184431
1720,W,0.017479,0.002683,0.031212,0.292808
1721,W,0.017887,0.001830,0.044007,0.118834
1722,W,0.004112,0.002001,0.049484,0.579597
1723,W,0.014640,0.004942,0.016202,0.340148
1724,W,0.008552,0.002145,0.043843,0.478171
1725,W,0.036871,0.001730,0.008009,0.172490
1726,W,0.104714,0.002238,0.008593,0.098315
1727,W,0.006927,0.000913,0.007326,0.362091
1728,W,0.024269,0.001165,0.006655,0.116304
1729,W,0.090483,0.001396,0.003629,0.097478
1730,W,0.318866,0.004723,0.009734,0.294494
1731,W,0.247812,0.000743,0.012697,0.085049
1732,W,0.005474,0.001104,0.023471,0.280805
1733,W,0.020896,0.000452,0.017911,0.344310
1734,W,0.012567,0.000183,0.021833,0.269903
1735,W,0.035681,0.001313,0.008468,0.287186
1736,W,0.020222,0.000301,0.011844,0.199558
1737,W,0.014673,0.000536,0.037571,0.033871
1738,W,0.004941,0.000042,0.029751,0.136291
1739,W,0.016120,0.000389,0.022136,0.671531
1740,W,0.000838,0.001325,0.061512,0.241892
1741,W,0.003048,0.000852,0.020169,0.248088
1742,W,0.062265,0.002673,0.034078,0.725206
1743,W,0.006856,0.001723,0.033505,0.543990
1744,W,0.223702,0.002765,0.008004,0.364483
1745,W,0.018539,0.000351,0.028091,0.201176
1746,W,0.004091,0.000919,0.028547,0.718366
1747,W,0.005086,0.000568,0.002715,0.144974
1748,W,0.007061,0.000389,0.026130,0.425901
1749,W,0.010100,0.002623,0.037732,0.266797
1750,W,0.001133,0.001854,0.012865,0.464472
1751,W,0.001504,0.000720,0.006758,0.647672
1752,W,0.004646,0.001997,0.079636,0.409019
1753,W,0.023160,0.001056,0.017381,0.320860
1754,W,0.032233,0.001248,0.014375,0.317696
1755,W,0.002897,0.000291,0.049709,0.215419
1756,W,0.000615,0.001309,0.036508,0.472721
1757,W,0.000928,0.000654,0.021431,0.272575
1758,W,0.000600,0.001078,0.012056,0.435527
1759,W,0.001768,0.000464,0.012030,0.204863
1760,W,0.057265,0.000734,0.021768,0.511123
1761,W,0.009349,0.001577,0.022299,0.435882
1762,W,0.010135,0.000517,0.003716,0.210637
1763,W,0.016096,0.002785,0.014107,0.258341
1764,W,0.005588,0.002417,0.029999,0.274541
1765,W,0.005683,0.001413,0.014542,0.181129
1766,W,0.041594,0.010401,0.086754,0.375822
1767,W,0.018466,0.000808,0.009979,0.339885
1768,W,0.083493,0.002070,0.087802,0.340446
1769,W,0.040474,0.001427,0.033795,0.173877
1770,W,0.005880,0.004012,0.049673,0.577645
1771,W,0.005223,0.000766,0.007042,1.361434
1772,W,0.011065,0.001923,0.012764,0.629216
1773,W,0.015732,0.003491,0.013114,0.707917
1774,W,0.003522,0.005919,0.023601,0.647996
1775,W,0.009852,0.001476,0.009134,0.264010
1776,W,0.006464,0.000592,0.023326,0.774693
1777,W,0.005804,0.000396,0.014438,0.689851
1778,W,0.066165,0.000418,0.017824,0.348834
1779,W,0.003220,0.000739,0.020902,0.118472
1780,W,0.017161,0.006237,0.034065,0.134475
1781,W,0.030160,0.000487,0.011153,0.444286
1782,W,0.013646,0.002575,0.007313,0.533756
1783,W,0.017350,0.001668,0.016939,0.320762
1784,W,0.010372,0.000680,0.008646,0.250285
1785,W,0.007688,0.000811,0.035643,0.317153
1786,W,0.010797,0.000355,0.007876,0.273855
1787,W,0.105277,0.003319,0.021702,0.516840
1788,W,0.195346,0.000259,0.009770,0.348313
1789,W,0.039354,0.000501,0.010220,0.402125
1790,W,0.002224,0.001983,0.032703,0.264163
1791,W,0.031126,0.001433,0.007678,0.623106
1792,W,0.009101,0.003580,0.008998,0.306187
1793,W,0.016889,0.000841,0.013992,0.395265
1794,W,0.003128,0.001353,0.005039,0.582140
1795,W,0.031214,0.000212,0.005469,0.358913
1796,W,0.014837,0.002431,0.008187,0.316891
1797,W,0.009028,0.000445,0.009451,1.203968
1798,W,0.007565,0.000359,0.009921,0.567119
1799,W,0.004474,0.001550,0.013976,0.758602
1800,W,0.064944,0.000300,0.002180,0.717114
1801,W,0.034807,0.001895,0.008851,0.629425
1802,W,0.011790,0.003967,0.026359,0.769722
1803,W,0.016811,0.000363,0.021701,1.214280
1804,W,0.012560,0.001470,0.044242,0.258335
1805,W,0.022604,0.001640,0.008946,0.526345
1806,W,0.061585,0.000779,0.017993,0.448803
1807,W,0.023066,0.000990,0.007106,0.101524
1808,W,0.467988,0.000831,0.015783,1.121241
1809,W,0.093704,0.001197,0.022254,0.601707
1810,W,0.156787,0.000902,0.001722,0.453927
1811,W,0.006132,0.000872,0.009940,0.456583
1812,W,0.007338,0.005681,0.017580,0.753427
1813,W,0.022560,0.001852,0.007346,0.986761
1814,W,0.021442,0.000124,0.013183,0.663134
1815,W,0.013205,0.001821,0.010915,0.201070
1816,W,0.035348,0.003082,0.007176,0.880554
1817,W,0.013023,0.002246,0.005570,1.057623
1818,W,0.006843,0.000783,0.007456,0.158248
1819,W,0.009940,0.001113,0.023421,0.612622
1820,W,0.050805,0.000455,0.004777,0.292611
1821,W,0.024805,0.003512,0.006503,0.499371
1822,W,0.013999,0.000167,0.005414,0.442925
1823,W,0.002595,0.002314,0.018182,0.484396
1824,W,0.003990,0.003804,0.011573,1.023524
1825,W,0.008068,0.002002,0.007402,0.956826
1826,W,0.018156,0.001310,0.004471,0.198620
1827,W,0.007525,0.001289,0.014077,0.701368
1828,W,0.012226,0.001839,0.018471,0.717847
1829,W,0.065486,0.001644,0.009396,0.783207
1830,W,0.041844,0.003698,0.021583,0.779739
1831,W,0.054216,0.003156,0.022883,0.456023
1832,W,0.049888,0.001186,0.035358,0.572060
1833,W,0.004075,0.000466,0.019647,1.401211
1834,W,0.028639,0.000920,0.019691,0.938678
1835,W,0.015251,0.001030,0.014046,0.409596
1836,W,0.008364,0.000392,0.005088,1.257308
1837,W,0.016811,0.002010,0.016466,0.851121
1838,W,0.056261,0.002353,0.008189,0.619731
1839,W,0.006786,0.003988,0.019280,0.783265
1840,W,0.007206,0.000413,0.008074,0.417439
1841,W,0.008054,0.002593,0.010018,0.597561
1842,W,0.026154,0.006536,0.021799,0.634904
1843,W,0.187678,0.001394,0.012564,0.605421
1844,W,0.011211,0.001216,0.008754,0.541352
1845,W,0.017015,0.001141,0.013082,0.497679
1846,W,0.039080,0.001582,0.012695,0.610320
1847,W,0.006537,0.000880,0.006319,0.744961
1848,W,0.034716,0.004002,0.022644,0.465638
1849,W,0.007263,0.000853,0.011390,0.722866
1850,W,0.040663,0.000982,0.007361,0.412807
1851,W,0.021577,0.000106,0.006907,0.447357
1852,W,0.007010,0.002193,0.004912,0.787798
1853,W,0.023700,0.001672,0.007137,1.209782
1854,W,0.029542,0.000348,0.029264,1.350562
1855,W,0.046182,0.000267,0.007642,0.538276
1856,W,0.034689,0.001898,0.009524,0.622008
1857,W,0.275774,0.002755,0.004462,0.284336
1858,W,0.018262,0.001214,0.003322,0.785215
1859,W,0.129396,0.003923,0.008555,0.672309
1860,W,0.011921,0.001075,0.005057,0.767198
1861,W,0.015133,0.002220,0.013507,0.950033
1862,W,0.068560,0.000459,0.007772,0.398876
1863,W,0.017552,0.002094,0.011253,0.782179
1864,W,0.085234,0.000452,0.015025,0.199235
1865,W,0.009455,0.001583,0.027824,0.588315
1866,W,0.027261,0.001597,0.019507,0.785544
1867,W,0.009383,0.006556,0.021855,0.862348
1868,W,0.030280,0.001645,0.008180,1.044087
1869,W,0.024692,0.001969,0.006392,0.525399
1870,W,0.013025,0.003236,0.007378,0.812787
1871,W,0.014043,0.000803,0.015149,0.444547
1872,W,0.008295,0.000775,0.002883,1.123188
1873,W,0.041002,0.000850,0.018672,0.832398
1874,W,0.006126,0.000949,0.027899,0.942777
1875,W,0.017909,0.002384,0.008544,0.793358
1876,W,0.005552,0.001111,0.012214,1.064358
1877,W,0.080130,0.000569,0.015260,0.891351
1878,W,0.062401,0.002873,0.016298,0.298658
1879,W,0.010305,0.003103,0.013680,0.441917
1880,W,0.016098,0.001238,0.010530,0.604877
1881,W,0.027876,0.000886,0.004926,0.450168
1882,W,0.004924,0.006651,0.008334,0.519686
1883,W,0.022725,0.001287,0.024580,0.508756
1884,W,0.021738,0.000773,0.007476,0.685316
1885,W,0.006997,0.001306,0.003581,0.719209
1886,W,0.014708,0.000419,0.011017,0.652700
1887,W,0.017580,0.006938,0.015688,1.114539
1888,W,0.031356,0.004958,0.009960,1.024255
1889,W,0.013770,0.006134,0.013750,0.809161
1890,W,0.009644,0.001192,0.006461,0.935981
1891,W,0.031589,0.000575,0.007700,0.940897
1892,W,0.008506,0.000556,0.009569,0.805759
1893,W,0.005161,0.004025,0.007675,1.002942
1894,W,0.013762,0.003297,0.006899,0.897235
1895,W,0.014818,0.001047,0.006601,1.231293
1896,W,0.017158,0.003994,0.016819,0.504371
1897,W,0.005689,0.001031,0.013200,0.800644
1898,W,0.019476,0.000188,0.007700,1.085917
1899,W,0.007350,0.001922,0.007868,0.338209
1900,W,0.006354,0.001211,0.006451,0.765704
1901,W,0.024642,0.003450,0.008256,0.807352
1902,W,0.011594,0.000323,0.008825,0.496995
1903,W,0.010598,0.001145,0.015143,0.568499
1904,W,0.012411,0.005075,0.009075,1.344460
1905,W,0.002690,0.006615,0.018260,0.998893
1906,W,0.013131,0.000680,0.016177,1.471536
1907,W,0.029234,0.000385,0.004054,0.887251
1908,W,0.006310,0.001103,0.004625,0.436124
1909,W,0.008677,0.002779,0.013260,0.719168
1910,W,0.025924,0.000116,0.003184,0.856659
1911,W,0.009455,0.001632,0.027628,1.082438
1912,W,0.051922,0.000140,0.007361,0.661837
1913,W,0.024421,0.000683,0.022481,0.887881
1914,W,0.015807,0.000596,0.005181,0.422622
1915,W,0.020620,0.001180,0.006267,0.546415
1916,W,0.011457,0.005307,0.052777,1.273244
1917,W,0.052279,0.003299,0.011614,0.231501
1918,W,0.003020,0.000644,0.010943,0.994138
1919,W,0.059676,0.000157,0.007174,0.556859
1920,W,0.022418,0.004965,0.023751,0.488695
1921,W,0.014026,0.000858,0.027575,0.882093
1922,W,0.038135,0.001896,0.011233,0.484696
1923,W,0.009385,0.000407,0.017372,0.786608
1924,W,0.159615,0.002105,0.046751,0.689710
1925,W,0.005071,0.001267,0.006195,0.275041
1926,W,0.049284,0.000747,0.007343,1.369366
1927,W,0.112658,0.000718,0.004818,1.377824
1928,W,0.006287,0.003777,0.009004,0.763000
1929,W,0.016979,0.001241,0.012980,0.884347
1930,W,0.037168,0.003633,0.017462,0.486371
1931,W,0.039664,0.000649,0.011935,0.718097
1932,W,0.004971,0.001146,0.013158,0.757663
1933,W,0.023664,0.000331,0.020312,0.626450
1934,W,0.026516,0.006332,0.010171,0.586249
1935,W,0.052512,0.005533,0.017111,1.078816
1936,W,0.011289,0.000427,0.009236,0.472867
1937,W,0.049914,0.000899,0.011092,1.022059
1938,W,0.020995,0.004216,0.018498,0.589374
1939,W,0.006222,0.000372,0.006999,0.672826
1940,W,0.016499,0.000610,0.006225,1.401815
1941,W,0.060791,0.001093,0.006298,0.919434
1942,W,0.007999,0.000716,0.042952,1.060307
1943,W,0.013937,0.000315,0.020196,1.018172
1944,W,0.048328,0.002955,0.014555,0.511216
1945,W,0.019408,0.002528,0.022803,1.072981
1946,W,0.030699,0.002343,0.050885,0.836577
1947,W,0.018837,0.001209,0.016502,0.661360
1948,W,0.056867,0.000731,0.011247,0.591247
1949,W,0.023267,0.001896,0.029495,0.487560
1950,W,0.020940,0.000308,0.013825,1.035399
1951,W,0.011274,0.000891,0.002805,1.241638
1952,W,0.017962,0.001991,0.055772,0.990135
1953,W,0.148180,0.005742,0.009937,1.056079
1954,W,0.032919,0.000084,0.010293,0.964099
1955,W,0.020919,0.000208,0.003038,0.557563
1956,W,0.006970,0.003261,0.008797,0.947047
1957,W,0.054465,0.001133,0.006269,0.919934
1958,W,0.056500,0.002318,0.018889,0.962983
1959,W,0.016897,0.000700,0.028665,0.551979
1960,W,0.025619,0.003127,0.006932,0.836004
1961,W,0.056817,0.003402,0.009179,1.283500
1962,W,0.059604,0.002700,0.007660,0.339341
1963,W,0.017299,0.003797,0.012022,0.828952
1964,W,0.024472,0.002604,0.014482,0.849936
1965,W,0.017643,0.000447,0.008998,1.740577
1966,W,0.031942,0.002172,0.016002,0.712356
1967,W,0.004282,0.002828,0.007402,0.654207
1968,W,0.043659,0.001478,0.052881,0.737075
1969,W,0.007924,0.000911,0.016932,0.256073
1970,W,0.001726,0.001537,0.023576,0.193491
1971,W,0.001383,0.001219,0.005169,0.627161
1972,W,0.015021,0.006361,0.025255,0.112718
1973,W,0.017499,0.000670,0.010039,0.300080
1974,W,0.027859,0.000206,0.012838,0.402668
1975,W,0.003299,0.004783,0.028241,0.693361
1976,W,0.008219,0.000885,0.033894,0.430866
1977,W,0.004821,0.002123,0.006136,0.560873
1978,W,0.008266,0.002143,0.024853,0.932905
1979,W,0.054801,0.001081,0.017443,0.395189
1980,W,0.006630,0.001306,0.012638,0.481909
1981,W,0.064747,0.001072,0.024068,0.515371
1982,W,0.038446,0.001356,0.008345,0.600475
1983,W,0.016661,0.003265,0.008942,1.713116
1984,W,0.030237,0.000115,0.004977,0.391560
1985,W,0.008828,0.000932,0.023115,0.952747
1986,W,0.006881,0.001509,0.006766,0.310656
1987,W,0.017513,0.001041,0.016375,0.493836
1988,W,0.016758,0.000301,0.015227,0.563101
1989,W,0.037662,0.000548,0.016301,0.779829
1990,W,0.002291,0.000473,0.013793,0.894670
1991,W,0.087282,0.002397,0.006863,1.071203
1992,W,0.009684,0.004875,0.021662,0.544483
1993,W,0.007887,0.000519,0.022082,0.352271
1994,W,0.084845,0.000324,0.006133,1.144808
1995,W,0.023391,0.000774,0.012038,0.850980
1996,W,0.018077,0.001001,0.015427,1.270906
1997,W,0.025658,0.003517,0.012285,0.321093
1998,W,0.008694,0.003264,0.021393,0.845038
1999,W,0.028177,0.000390,0.017308,0.441267
2000,W,0.050633,0.000590,0.010312,0.876197
2001,W,0.027482,0.002448,0.008396,0.331346
2002,W,0.043837,0.000724,0.015130,0.601659
2003,W,0.005287,0.002622,0.018500,0.688900
2004,W,0.006171,0.000058,0.005888,0.420931
2005,W,0.004187,0.000744,0.021602,0.706576
2006,W,0.007219,0.001211,0.020755,1.077502
2007,W,0.040409,0.002689,0.010841,0.755342
2008,W,0.013422,0.000968,0.006351,0.386537
2009,W,0.034921,0.000962,0.019972,0.757672
2010,W,0.011789,0.001125,0.009104,1.107458
2011,W,0.006341,0.001550,0.018295,0.620870
2012,W,0.005194,0.001558,0.011287,0.599039
2013,W,0.006373,0.000553,0.011016,0.612823
2014,W,0.004646,0.002011,0.017700,0.565363
2015,W,0.033344,0.000390,0.011603,0.564862
2016,W,0.011657,0.000384,0.012521,0.846309
2017,W,0.006322,0.001062,0.008374,1.592297
2018,W,0.043903,0.003513,0.027756,0.569060
2019,W,0.003290,0.001227,0.010558,0.408751
2020,W,0.005713,0.002011,0.025498,1.107292
2021,W,0.083944,0.000728,0.013640,0.418018
2022,W,0.048283,0.000875,0.017142,0.602098
2023,W,0.002964,0.001982,0.025572,0.886889
2024,W,0.023775,0.002210,0.010565,0.226726
2025,W,0.024003,0.005087,0.007322,0.707595
2026,W,0.010103,0.001431,0.031392,0.782802
2027,W,0.004327,0.001815,0.006383,0.814946
2028,W,0.010575,0.004868,0.029002,0.885950
2029,W,0.024262,0.006348,0.025215,0.438267
2030,W,0.002502,0.002741,0.013370,0.601310
2031,W,0.001410,0.004144,0.019450,0.527131
2032,W,0.031559,0.004043,0.007457,0.277253
2033,W,0.001604,0.000600,0.028836,0.656828
2034,W,0.084977,0.002651,0.024209,0.904953
2035,W,0.012727,0.000581,0.024072,0.348326
2036,W,0.030470,0.000435,0.005570,0.608606
2037,W,0.046879,0.001165,0.011964,0.211578
2038,W,0.110889,0.003261,0.020318,0.486461
2039,W,0.016231,0.000919,0.004408,0.702984
2040,W,0.037234,0.002691,0.014792,0.592892
2041,W,0.017709,0.002899,0.014790,0.730097
2042,W,0.001181,0.004284,0.018692,0.355753
2043,W,0.003692,0.002523,0.015185,0.993284
2044,W,0.003747,0.000675,0.005696,0.743696
2045,W,0.014869,0.000169,0.005644,0.667661
2046,W,0.087447,0.007032,0.012888,0.641262
2047,W,0.008737,0.001862,0.009784,0.101797
2048,W,0.019579,0.001504,0.010555,0.502979
2049,W,0.068859,0.001153,0.021958,0.518225
2050,W,0.151239,0.004729,0.015663,0.529746
2051,W,0.004222,0.000580,0.022253,0.638943
2052,W,0.016757,0.000861,0.016895,0.651128
2053,W,0.009476,0.002432,0.027269,0.613501
2054,W,0.018350,0.001557,0.016396,0.397736
2055,W,0.002260,0.000968,0.016741,1.240135
2056,W,0.047285,0.002880,0.023098,0.658834
2057,W,0.008238,0.001707,0.006150,0.435141
2058,W,0.026713,0.003979,0.016189,0.839892
2059,W,0.073250,0.001803,0.012305,0.668813
2060,W,0.006840,0.002128,0.020030,0.505814
2061,W,0.005223,0.000298,0.012333,0.469987
2062,W,0.092586,0.000593,0.011755,0.244821
2063,W,0.163632,0.001917,0.013245,0.314310
2064,W,0.003406,0.000682,0.013672,0.858493
2065,W,0.003194,0.000088,0.005729,0.693028
2066,W,0.006329,0.000346,0.007327,0.922913
2067,W,0.014673,0.001168,0.019878,0.753913
2068,W,0.027731,0.000835,0.002201,0.573300
2069,W,0.004530,0.000765,0.010026,0.724458
2070,W,0.028115,0.000574,0.010924,1.362390
2071,W,0.023038,0.001066,0.021279,0.960662
2072,W,0.008194,0.003084,0.020631,1.161812
2073,W,0.054022,0.002426,0.028689,0.777805
2074,W,0.004743,0.001051,0.007772,0.404466
2075,W,0.030989,0.003766,0.026598,0.800135
2076,W,0.004051,0.000826,0.012877,0.789252
2077,W,0.014940,0.003490,0.013449,0.250270
2078,W,0.016623,0.003065,0.038020,0.490427
2079,W,0.024878,0.002986,0.020791,0.442442
2080,W,0.004892,0.000029,0.022396,0.764072
2081,W,0.044579,0.001035,0.011486,0.348310
2082,W,0.011861,0.000246,0.007284,0.429225
2083,W,0.008122,0.001432,0.005742,0.769275
2084,W,0.002991,0.002037,0.013065,1.415830
2085,W,0.013156,0.004445,0.018272,0.577474
2086,W,0.015765,0.000702,0.020637,0.609601
2087,W,0.006139,0.000580,0.003310,0.708648
2088,W,0.003383,0.000395,0.009776,0.272940
2089,W,0.009076,0.000214,0.015960,0.673998
2090,W,0.008287,0.000460,0.006132,0.893697
2091,W,0.017394,0.001888,0.016730,0.438898
2092,W,0.010952,0.003871,0.023591,1.032698
2093,W,0.008122,0.001115,0.032559,0.173464
2094,W,0.004175,0.000966,0.012380,0.884619
2095,W,0.005169,0.001706,0.023605,0.199758
2096,W,0.065373,0.003543,0.011356,0.352719
2097,W,0.002869,0.002677,0.018948,0.894089
2098,W,0.005179,0.004442,0.012973,0.879626
2099,W,0.020664,0.000394,0.048032,0.646806
2100,W,0.009309,0.004156,0.016729,0.878165
2101,W,0.009181,0.002703,0.019335,0.773791
2102,W,0.002479,0.001992,0.009241,0.869801
2103,W,0.003931,0.002606,0.032663,0.319997
2104,W,0.003178,0.000552,0.008869,1.105540
2105,W,0.023942,0.001789,0.018546,0.637721
2106,W,0.007600,0.000806,0.007593,0.751559
2107,W,0.022823,0.000672,0.015941,0.681071
2108,W,0.005971,0.000425,0.003677,0.973533
2109,W,0.068262,0.003477,0.015405,1.355239
2110,W,0.013788,0.000345,0.030095,0.712568
2111,W,0.001196,0.000180,0.028380,0.457304
2112,W,0.018841,0.000130,0.008126,0.707867
2113,W,0.095963,0.000465,0.010057,0.529915
2114,W,0.025033,0.002434,0.041134,0.626921
2115,W,0.027772,0.001683,0.029056,0.413988
2116,W,0.003851,0.001732,0.010705,0.945925
2117,W,0.020543,0.000654,0.015768,1.002232
2118,W,0.018238,0.002896,0.025672,0.532736
2119,W,0.003949,0.002908,0.006951,0.847368
2120,W,0.010847,0.001025,0.004314,0.839642
2121,W,0.041782,0.001579,0.007416,0.542416
2122,W,0.015547,0.001956,0.022564,0.769187
2123,W,0.005525,0.005926,0.014655,0.594844
2124,W,0.033149,0.000634,0.010403,1.103091
2125,W,0.006470,0.002453,0.024065,0.854889
2126,W,0.006405,0.000602,0.012208,0.571666
2127,W,0.045221,0.000151,0.017602,1.055132
2128,W,0.023511,0.000581,0.007255,1.036570
2129,W,0.020192,0.003088,0.021704,0.571417
2130,W,0.007540,0.005023,0.013650,0.558389
2131,W,0.050616,0.000347,0.006610,0.475766
2132,W,0.011163,0.001073,0.043277,0.850917
2133,W,0.015481,0.000159,0.064185,0.517864
2134,W,0.031822,0.001691,0.019612,0.861540
2135,W,0.009101,0.001022,0.007484,0.755887
2136,W,0.038502,0.004883,0.014494,0.441035
2137,W,0.044977,0.001553,0.013939,0.923214
2138,W,0.007616,0.000938,0.012003,0.599644
2139,W,0.012188,0.000482,0.009301,0.701949
2140,W,0.007275,0.002865,0.007676,0.859195
2141,W,0.152821,0.000054,0.013558,0.827258
2142,W,0.020435,0.005594,0.014536,0.729396
2143,W,0.128690,0.003461,0.011604,1.031851
2144,W,0.069581,0.002173,0.012671,0.849049
2145,W,0.081968,0.000735,0.003554,0.203255
2146,W,0.013783,0.001783,0.011160,1.072794
2147,W,0.031187,0.001380,0.017882,0.816128
2148,W,0.047263,0.005507,0.014629,0.890938
2149,W,0.048740,0.003700,0.006230,0.525808
2150,W,0.019734,0.006155,0.010491,1.533011
2151,W,0.014689,0.002499,0.004898,0.491543
2152,W,0.024126,0.004733,0.009403,1.262658
2153,W,0.018514,0.007192,0.019332,1.206497
2154,W,0.038037,0.002412,0.010404,0.705822
2155,W,0.019667,0.008849,0.012840,0.844617
2156,W,0.018087,0.003100,0.006551,0.628830
2157,W,0.033508,0.004362,0.008999,0.514671
2158,W,0.026888,0.001337,0.012639,0.930798
2159,W,0.023849,0.002229,0.017398,0.742849
2160,W,0.004637,0.000797,0.023850,0.486872
2161,W,0.080039,0.001193,0.009894,0.521313
2162,W,0.009958,0.011574,0.013796,0.799671
2163,W,0.010161,0.002578,0.005884,0.422637
2164,W,0.189460,0.000282,0.006970,0.531139
2165,W,0.011962,0.000383,0.006637,0.316974
2166,W,0.013556,0.003201,0.011330,0.963234
2167,W,0.011053,0.005135,0.013492,0.360851
2168,W,0.009043,0.001273,0.007686,1.093353
2169,W,0.031495,0.001070,0.002726,0.604238
2170,W,0.004762,0.001297,0.048924,0.830029
2171,W,0.005580,0.003194,0.005743,0.566507
2172,W,0.013347,0.005267,0.007818,0.987199
2173,W,0.009865,0.005451,0.011929,0.823641
2174,W,0.014253,0.003717,0.010012,0.550845
2175,W,0.018981,0.004256,0.009531,0.976079
2176,W,0.015779,0.001913,0.006898,0.881454
2177,W,0.022412,0.001542,0.027510,0.598372
2178,W,0.002853,0.001750,0.013131,1.305043
2179,W,0.010359,0.003495,0.010965,0.922403
2180,W,0.015249,0.002371,0.008028,0.647734
2181,W,0.022649,0.001932,0.015976,0.437620
2182,W,0.011557,0.003646,0.011217,0.440833
2183,W,0.028066,0.000358,0.009031,0.399791
2184,W,0.022795,0.001305,0.008778,0.484009
2185,W,0.071358,0.000528,0.017556,0.387321
2186,W,0.030767,0.001705,0.010571,0.389887
2187,W,0.046301,0.000282,0.019841,0.050456
2188,W,0.003345,0.003328,0.008004,0.335060
2189,W,0.026629,0.000508,0.008383,0.525487
2190,W,0.031204,0.003082,0.015977,0.748463
2191,W,0.003928,0.002687,0.011579,0.132710
2192,W,0.036394,0.002210,0.012184,0.381186
2193,W,0.010780,0.000344,0.016877,0.460690
2194,W,0.057764,0.001710,0.021786,0.439676
2195,W,0.018297,0.000300,0.023216,0.879125
2196,W,0.029821,0.001000,0.010017,0.495404
2197,W,0.121176,0.001831,0.009481,0.711389
2198,W,0.011619,0.000849,0.015901,0.484721
2199,W,0.001226,0.000274,0.010882,0.675278
2200,W,0.023504,0.002856,0.020611,0.456164
2201,W,0.021466,0.001920,0.022790,0.464039
2202,W,0.003720,0.000794,0.006819,0.365406
2203,W,0.027382,0.002434,0.006119,0.842317
2204,W,0.084469,0.002586,0.034355,0.514100
2205,W,0.009071,0.002205,0.022772,0.874635
2206,W,0.003082,0.002054,0.011095,0.929662
2207,W,0.006427,0.001758,0.006034,0.647989
2208,W,0.005686,0.000443,0.006258,0.449923
2209,W,0.009255,0.003044,0.033635,0.375766
2210,W,0.002946,0.000666,0.036851,0.429056
2211,W,0.002425,0.002638,0.021850,0.617036
2212,W,0.055497,0.000214,0.022697,0.481709
2213,W,0.005301,0.001051,0.004837,0.370321
2214,W,0.032834,0.000255,0.015886,0.416188
2215,W,0.006280,0.000503,0.008222,0.892700
2216,W,0.008208,0.001652,0.019581,0.226399
2217,W,0.031333,0.002025,0.037389,0.349784
2218,W,0.056567,0.001919,0.026851,0.571499
2219,W,0.022201,0.003949,0.021800,0.338406
2220,W,0.001178,0.001558,0.026820,0.269255
2221,W,0.011379,0.001319,0.013364,0.348146
2222,W,0.038985,0.000625,0.026762,0.152969
2223,W,0.084854,0.000687,0.009809,1.733152
2224,W,0.006751,0.001402,0.018583,0.600738
2225,W,0.006210,0.000592,0.005608,0.428402
2226,W,0.023472,0.000470,0.013210,0.959068
2227,W,0.008373,0.001891,0.006505,0.088925
2228,W,0.023965,0.001853,0.010412,0.851164
2229,W,0.009702,0.000207,0.003093,0.666309
2230,W,0.001905,0.003325,0.009976,0.908201
2231,W,0.017537,0.003901,0.025138,0.489878
2232,W,0.020786,0.000830,0.016835,0.938736
2233,W,0.009128,0.002142,0.007412,0.581328
2234,W,0.074677,0.001839,0.006466,0.700522
2235,W,0.008053,0.001362,0.007566,0.474622
2236,W,0.007999,0.000111,0.016717,0.557596
2237,W,0.019543,0.000494,0.006400,0.310426
2238,W,0.009025,0.003011,0.013079,0.630548
2239,W,0.021887,0.004994,0.017693,0.485118
2240,W,0.031355,0.004268,0.025658,0.849607
2241,W,0.024783,0.004526,0.015006,0.550150
2242,W,0.012453,0.002939,0.008129,0.540713
2243,W,0.007755,0.002019,0.006041,0.886463
2244,W,0.049911,0.000300,0.021658,0.559519
2245,W,0.049937,0.002303,0.013020,0.743833
2246,W,0.011963,0.000674,0.005545,0.890494
2247,W,0.013579,0.001598,0.008272,0.651762
2248,W,0.021808,0.003593,0.008685,0.252233
2249,W,0.013130,0.000622,0.006658,1.233588
2250,W,0.005399,0.003674,0.007951,1.219519
2251,W,0.004070,0.001827,0.009784,0.708502
2252,W,0.015791,0.001642,0.005878,0.426154
2253,W,0.013960,0.000805,0.012151,0.652692
2254,W,0.021483,0.001474,0.010037,1.378721
2255,W,0.003785,0.000074,0.005351,0.495392
2256,W,0.028675,0.001553,0.011501,0.600526
2257,W,0.006300,0.002482,0.008729,0.324065
2258,W,0.007465,0.001851,0.008154,0.694057
2259,W,0.013004,0.000112,0.006017,0.355659
2260,W,0.018857,0.003034,0.015013,0.251407
2261,W,0.007011,0.000764,0.001404,0.342354
2262,W,0.003845,0.001234,0.004667,0.510477
2263,W,0.011576,0.000364,0.005321,0.497764
2264,W,0.008493,0.002681,0.005955,0.442407
2265,W,0.005934,0.001210,0.005596,0.522372
2266,W,0.018799,0.000033,0.007591,0.532206
2267,W,0.010208,0.001402,0.018682,0.467620
2268,W,0.006826,0.001269,0.004625,0.709406
2269,W,0.008938,0.001410,0.022655,0.897623
2270,W,0.054044,0.000912,0.014518,0.564221
2271,W,0.087729,0.000127,0.015095,0.618644
2272,W,0.072300,0.003018,0.023403,0.955233
2273,W,0.017202,0.000263,0.031138,0.731698
2274,W,0.007328,0.000279,0.008399,0.860095
2275,W,0.009816,0.007223,0.017157,1.007864
2276,W,0.006689,0.003500,0.027749,0.749387
2277,W,0.003600,0.000218,0.017357,0.804262
2278,W,0.004672,0.000888,0.023227,0.761163
2279,W,0.024402,0.000927,0.003203,0.700894
2280,W,0.012304,0.000731,0.006572,1.210975
2281,W,0.023266,0.001011,0.009009,0.582144
2282,W,0.001915,0.000490,0.005085,1.122361
2283,W,0.012916,0.000420,0.017245,0.553068
2284,W,0.004477,0.000590,0.021719,0.302885
2285,W,0.003695,0.003549,0.013130,0.583013
2286,W,0.003493,0.000045,0.006203,0.657830
2287,W,0.037543,0.001346,0.028449,0.556153
2288,W,0.007603,0.000185,0.005655,0.442170
2289,W,0.031936,0.001101,0.003052,0.557271
2290,W,0.005973,0.001356,0.010413,0.810846
2291,W,0.010402,0.000700,0.036166,0.429308
2292,W,0.010519,0.002091,0.024810,0.437607
2293,W,0.019649,0.006737,0.022995,0.404002
2294,W,0.045763,0.004553,0.073571,0.652982
2295,W,0.003879,0.003801,0.014139,0.736634
2296,W,0.005041,0.002318,0.010745,0.224189
2297,W,0.001911,0.002172,0.011161,0.452501
2298,W,0.004440,0.002231,0.004324,0.650067
2299,W,0.001170,0.000428,0.009492,0.359035
2300,W,0.005588,0.000493,0.022546,0.547575
2301,W,0.007992,0.000239,0.007256,1.066560
2302,W,0.003029,0.001809,0.002875,0.397737
2303,W,0.009950,0.001888,0.044200,0.763722
2304,W,0.033960,0.000178,0.018046,0.562024
2305,W,0.006487,0.003996,0.014472,0.583559
2306,W,0.003030,0.007169,0.023870,0.655838
2307,W,0.006559,0.002277,0.028380,0.779941
2308,W,0.053271,0.000592,0.016138,0.394970
2309,W,0.004801,0.000572,0.004393,0.393470
2310,W,0.001123,0.001538,0.018250,0.624786
2311,W,0.004840,0.003881,0.038919,0.143660
2312,W,0.005291,0.003134,0.014850,0.311090
2313,W,0.012087,0.003512,0.047877,0.793080
2314,W,0.009679,0.001778,0.017184,1.737657
2315,W,0.005750,0.003980,0.022316,0.907011
2316,W,0.005409,0.000338,0.003228,0.600071
2317,W,0.015555,0.002618,0.009533,0.640549
2318,W,0.012730,0.001634,0.009044,0.951181
2319,W,0.006228,0.001527,0.013061,1.019585
2320,W,0.001443,0.002177,0.028560,0.554753
2321,W,0.006369,0.000787,0.010654,0.360583
2322,W,0.018902,0.001108,0.017606,0.293001
2323,W,0.033497,0.001305,0.048484,0.504101
2324,W,0.000599,0.003394,0.013916,0.378647
2325,W,0.045221,0.003933,0.011905,1.224864
2326,W,0.013653,0.000324,0.007400,0.679939
2327,W,0.015123,0.001481,0.011463,0.840866
2328,W,0.015233,0.000927,0.030420,0.811268
2329,W,0.001286,0.002771,0.018384,0.302279
2330,W,0.016081,0.001242,0.009392,0.454414
2331,W,0.013452,0.002309,0.011583,0.423927
2332,W,0.000579,0.001986,0.039898,0.998253
2333,W,0.026046,0.001815,0.004113,0.340485
2334,W,0.006552,0.000115,0.006534,0.473566
2335,W,0.008798,0.004986,0.018674,0.692650
2336,W,0.003849,0.000115,0.025793,0.400747
2337,W,0.005110,0.000717,0.013858,0.528197
2338,W,0.006532,0.002322,0.013900,0.832129
2339,W,0.046235,0.001123,0.029100,0.311237
2340,W,0.003780,0.001639,0.016713,0.521475
2341,W,0.011044,0.003763,0.012849,0.527034
2342,W,0.034113,0.001752,0.030504,0.435087
2343,W,0.014278,0.000744,0.033161,0.565226
2344,W,0.002004,0.002291,0.013874,0.699857
2345,W,0.003615,0.004243,0.014758,0.604418
2346,W,0.011247,0.001983,0.012553,0.579915
2347,W,0.003362,0.002559,0.028760,0.135719
2348,W,0.009032,0.001526,0.007056,0.297338
2349,W,0.019368,0.001632,0.014836,0.815081
2350,W,0.009743,0.000572,0.016833,0.774736
2351,W,0.021049,0.002702,0.007245,0.728868
2352,W,0.008467,0.003339,0.038157,1.613283
2353,W,0.005020,0.001681,0.007304,0.525140
2354,W,0.017353,0.001414,0.015956,0.462426
2355,W,0.020228,0.001287,0.025619,0.909270
2356,W,0.014379,0.003025,0.013108,0.788735
2357,W,0.025193,0.002256,0.019889,0.207730
2358,W,0.016791,0.002430,0.013817,0.617855
2359,W,0.061070,0.000988,0.017961,0.663931
2360,W,0.006354,0.001134,0.048613,0.623514
2361,W,0.004948,0.002019,0.007669,0.899041
2362,W,0.036041,0.003965,0.008221,0.723230
2363,W,0.005295,0.000187,0.006517,0.505191
2364,W,0.010643,0.000505,0.031948,0.346694
2365,W,0.013316,0.001335,0.008303,0.455629
2366,W,0.011020,0.000113,0.011324,0.656823
2367,W,0.029059,0.001750,0.021290,0.486539
2368,W,0.015319,0.000981,0.005343,0.869310
2369,W,0.010138,0.000636,0.022347,1.134256
2370,W,0.023039,0.001088,0.016488,0.409196
2371,W,0.078426,0.000502,0.010384,0.559498
2372,W,0.041310,0.001219,0.011422,0.394431
2373,W,0.007763,0.000385,0.005587,0.648025
2374,W,0.003609,0.002026,0.019521,0.481568
2375,W,0.013507,0.000922,0.010652,0.319582
2376,W,0.016119,0.006301,0.087708,0.803305
2377,W,0.016255,0.002620,0.020007,0.165263
2378,W,0.011920,0.001752,0.006359,0.630230
2379,W,0.009300,0.005171,0.013566,1.056883
2380,W,0.005618,0.001927,0.006376,0.506966
2381,W,0.009841,0.001430,0.032312,0.269086
2382,W,0.016146,0.000140,0.002495,0.732976
2383,W,0.006384,0.001090,0.008706,0.575538
2384,W,0.003295,0.001576,0.006141,0.708518
2385,W,0.004154,0.000412,0.004537,0.812095
2386,W,0.050447,0.001524,0.012037,0.444967
2387,W,0.018042,0.001261,0.004320,0.362242
2388,W,0.012817,0.000735,0.006387,0.970755
2389,W,0.011917,0.001099,0.010473,0.449579
2390,W,0.060749,0.000800,0.013971,0.260155
2391,W,0.013897,0.003314,0.043011,0.747420
2392,W,0.004001,0.006575,0.012232,0.820119
2393,W,0.015596,0.001408,0.013849,0.925203
2394,W,0.002703,0.004141,0.009388,0.540640
2395,W,0.067183,0.005045,0.019997,0.774599
2396,W,0.044695,0.002286,0.016625,0.328188
2397,W,0.001092,0.002702,0.009953,0.635022
2398,W,0.008182,0.002014,0.009036,0.612919
2399,W,0.005632,0.000605,0.032405,0.768976
2400,W,0.004857,0.000725,0.011906,0.618846
2401,W,0.003470,0.002613,0.023329,0.445585
2402,W,0.010369,0.001214,0.016479,0.659254
2403,W,0.001321,0.000873,0.007515,0.232304
2404,W,0.006899,0.003857,0.023498,0.269533
2405,W,0.007709,0.004653,0.037660,0.294728
2406,W,0.002970,0.002037,0.007962,0.930358
2407,W,0.012670,0.000582,0.018019,0.332422
2408,W,0.008952,0.000619,0.014568,0.366015
2409,W,0.004374,0.002320,0.052270,0.402722
2410,W,0.009820,0.003344,0.037864,0.704667
2411,W,0.021118,0.000170,0.003343,0.565921
2412,W,0.032847,0.001254,0.013261,0.630125
2413,W,0.018364,0.000310,0.007050,0.222337
2414,W,0.016537,0.000875,0.034083,0.625292
2415,W,0.047975,0.001865,0.087506,0.538576
2416,W,0.022174,0.001683,0.008106,0.958133
2417,W,0.021884,0.004579,0.023561,0.173968
2418,W,0.004097,0.007444,0.028866,0.658882
2419,W,0.008762,0.002152,0.008044,0.506140
2420,W,0.019253,0.000833,0.013686,0.783330
2421,W,0.060833,0.005711,0.011494,0.468565
2422,W,0.008470,0.001012,0.016612,0.207517
2423,W,0.018648,0.000374,0.013404,0.143044
2424,W,0.078035,0.000231,0.020718,0.618724
2425,W,0.022918,0.002215,0.016345,0.000000
2426,W,0.003893,0.002336,0.023681,0.246051
2427,W,0.014530,0.001039,0.002065,0.455414
2428,W,0.004899,0.000374,0.008404,0.403964
2429,W,0.011914,0.001335,0.026142,0.466781
2430,W,0.039884,0.002118,0.013664,0.091977
2431,W,0.109403,0.005782,0.026786,0.430636
2432,W,0.019707,0.001608,0.016478,0.171352
2433,W,0.003371,0.001481,0.015700,0.483433
2434,W,0.010401,0.000464,0.018406,0.615180
2435,W,0.012632,0.001519,0.033312,0.176353
2436,W,0.016280,0.001231,0.012537,0.233094
2437,W,0.089606,0.000680,0.013458,1.331681
2438,W,0.027941,0.000494,0.018858,0.424935
2439,W,0.020000,0.002069,0.071143,0.609388
2440,W,0.017380,0.005000,0.013915,0.583016
2441,W,0.078265,0.002445,0.023148,0.632761
2442,W,0.003896,0.000378,0.019659,0.447199
2443,W,0.006351,0.000387,0.022846,0.597442
2444,W,0.002139,0.004021,0.021564,0.405397
2445,W,0.006033,0.000660,0.017409,0.837650
2446,W,0.007124,0.005056,0.025199,0.444644
2447,W,0.044785,0.003396,0.051873,0.547315
2448,W,0.009091,0.002105,0.022771,0.573542
2449,W,0.035329,0.001576,0.005056,0.311037
2450,W,0.015551,0.003565,0.028590,0.265763
2451,W,0.002513,0.000167,0.023901,0.310937
2452,W,0.026931,0.000592,0.045040,0.322694
2453,W,0.015104,0.001494,0.033534,0.302707
2454,W,0.046774,0.002450,0.034738,0.717022
2455,W,0.014592,0.001509,0.009411,0.619781
2456,W,0.004280,0.002381,0.019994,0.969494
2457,W,0.001827,0.003610,0.011588,0.777201
2458,W,0.014137,0.000830,0.022931,0.442874
2459,W,0.013436,0.000926,0.009452,0.521953
2460,W,0.012608,0.001773,0.053314,0.321610
2461,W,0.008448,0.000217,0.137637,0.497314
2462,W,0.002981,0.000821,0.039254,0.717675
2463,W,0.003224,0.003039,0.063243,0.519042
2464,W,0.008806,0.000041,0.012751,0.745434
2465,W,0.013635,0.003379,0.025248,0.762988
2466,W,0.030478,0.004131,0.014991,0.000000
2467,W,0.001693,0.001580,0.021618,0.329114
2468,W,0.005446,0.000541,0.024655,0.411392
2469,W,0.007352,0.000242,0.014477,1.003552
2470,W,0.001624,0.000591,0.017106,0.321012
2471,W,0.034024,0.001454,0.016224,0.170176
2472,W,0.005813,0.001408,0.005708,0.700369
2473,W,0.004568,0.002276,0.011398,0.479054
2474,W,0.005478,0.000086,0.007530,0.699281
2475,W,0.006498,0.000999,0.015938,0.372408
2476,W,0.041657,0.002363,0.032642,0.207152
2477,W,0.003762,0.001076,0.026685,0.119020
2478,W,0.013260,0.000608,0.027814,0.073309
2479,W,0.011715,0.000773,0.019345,0.261158
2480,W,0.013540,0.000316,0.035222,0.507881
2481,W,0.013129,0.002622,0.020186,0.880248
2482,W,0.003773,0.000647,0.018893,0.494086
2483,W,0.006803,0.002218,0.050874,0.160308
2484,W,0.004192,0.002582,0.022726,0.094006
2485,W,0.004846,0.001394,0.016751,0.149980
2486,W,0.004354,0.001462,0.019101,0.567804
2487,W,0.009602,0.000169,0.012707,0.174427
2488,W,0.026697,0.006895,0.026263,0.197170
2489,W,0.001151,0.000567,0.005331,0.646762
2490,W,0.000834,0.002093,0.080174,0.550065
2491,W,0.021635,0.002460,0.007022,0.122735
2492,W,0.007734,0.003254,0.043427,0.145617
2493,W,0.021774,0.001002,0.025068,0.516734
2494,W,0.004478,0.004913,0.020733,0.259015
2495,W,0.010775,0.005426,0.034651,0.066778
2496,W,0.100009,0.002540,0.056287,0.147385
2497,W,0.003512,0.001956,0.057858,0.205184
2498,W,0.008552,0.004830,0.028527,0.449561
2499,W,0.004747,0.001235,0.039722,0.801841
2500,W,0.090272,0.001053,0.044587,0.171369
2501,W,0.017748,0.001088,0.023660,0.098204
2502,W,0.003304,0.003562,0.032165,0.349913
2503,W,0.023147,0.002226,0.014765,0.533796
2504,W,0.003270,0.001813,0.014282,0.192909
2505,W,0.018409,0.001878,0.016802,0.511845
2506,W,0.021959,0.002007,0.034658,0.452034
2507,W,0.060750,0.000801,0.017079,0.098309
2508,W,0.015744,0.000704,0.045524,0.167965
2509,W,0.000994,0.004995,0.009320,0.607149
2510,W,0.014621,0.001908,0.008749,0.449009
2511,W,0.003466,0.003771,0.026314,0.294306
2512,W,0.018448,0.003962,0.020439,0.340728
2513,W,0.019141,0.001683,0.049317,0.000000
2514,W,0.013908,0.000220,0.015203,0.141006
2515,W,0.013838,0.000129,0.029300,0.320639
2516,W,0.007644,0.000224,0.030162,0.355223
2517,W,0.011399,0.013638,0.027253,0.082098
2518,W,0.054101,0.002003,0.025354,0.382631
2519,W,0.022185,0.004806,0.013350,0.115349
2520,W,0.004322,0.012166,0.022490,0.714094
2521,W,0.004083,0.000902,0.012779,0.164020
2522,W,0.008835,0.002239,0.028406,0.549403
2523,W,0.010124,0.002935,0.008999,0.974092
2524,W,0.026483,0.000654,0.002753,0.601860
2525,W,0.009788,0.001744,0.023601,0.677019
2526,W,0.041669,0.004412,0.031743,0.707870
2527,W,0.011983,0.002613,0.034235,0.442128
2528,W,0.012115,0.001704,0.031522,0.502713
2529,W,0.005173,0.002812,0.014131,0.443020
2530,W,0.005897,0.000801,0.048103,0.646677
2531,W,0.001132,0.000761,0.011780,0.971079
2532,W,0.001751,0.000415,0.003871,0.627065
2533,W,0.001713,0.002656,0.010937,0.565355
2534,W,0.007547,0.001749,0.011761,0.462784
2535,W,0.001175,0.000421,0.027197,0.547351
2536,W,0.038730,0.003108,0.047444,0.311224
2537,W,0.064756,0.000365,0.020100,0.352451
2538,W,0.023089,0.003628,0.011873,0.409670
2539,W,0.003576,0.000284,0.008115,0.263910
2540,W,0.009704,0.003374,0.018814,0.189308
2541,W,0.003486,0.001447,0.015505,0.349195
2542,W,0.006424,0.000094,0.037618,1.332993
2543,W,0.001709,0.000816,0.025555,0.106437
2544,W,0.020857,0.001799,0.016133,0.607497
2545,W,0.014408,0.000121,0.004036,0.666386
2546,W,0.013660,0.000610,0.021405,0.178766
2547,W,0.007656,0.001542,0.006538,1.061329
2548,W,0.023828,0.002295,0.020957,0.516154
2549,W,0.016570,0.000299,0.004241,0.641093
2550,W,0.008735,0.000827,0.009642,0.302549
2551,W,0.031470,0.003657,0.024295,0.490754
2552,W,0.005746,0.000602,0.011578,1.005807
2553,W,0.002962,0.001188,0.007079,0.738306
2554,W,0.014348,0.001869,0.014195,0.551744
2555,W,0.018828,0.001226,0.005145,0.474179
2556,W,0.001719,0.000646,0.015267,0.490703
2557,W,0.002138,0.000657,0.006798,0.709353
2558,W,0.009235,0.000307,0.040512,0.604562
2559,W,0.037884,0.000659,0.013649,0.539703
2560,W,0.022559,0.001480,0.022516,0.202922
2561,W,0.001711,0.000586,0.013787,0.300763
2562,W,0.006513,0.000563,0.048294,0.227395
2563,W,0.005078,0.000074,0.012678,0.623292
2564,W,0.018625,0.001100,0.024834,0.661258
2565,W,0.049586,0.004408,0.030975,0.629476
2566,W,0.013972,0.003632,0.047915,0.461434
2567,W,0.009961,0.001606,0.017694,0.751448
2568,W,0.016602,0.001542,0.035293,0.205464
2569,W,0.005669,0.004021,0.018830,0.736829
2570,W,0.001954,0.001110,0.009996,0.350264
2571,W,0.019151,0.003883,0.024522,0.608697
2572,W,0.002121,0.000828,0.062849,0.139213
2573,W,0.021713,0.004946,0.050595,0.215661
2574,W,0.010962,0.000961,0.058349,0.258200
2575,W,0.009727,0.001043,0.020235,0.418950
2576,W,0.001380,0.000148,0.018681,0.205371
2577,W,0.017792,0.001843,0.025852,0.218174
2578,W,0.019117,0.001547,0.024779,0.023036
2579,W,0.015650,0.001136,0.029878,0.449628
2580,W,0.002628,0.001398,0.021336,1.018967
2581,W,0.017695,0.001203,0.019349,0.680948
2582,W,0.005549,0.001960,0.008510,0.687245
2583,W,0.004607,0.000394,0.025456,0.469076
2584,W,0.001354,0.002605,0.017934,0.480397
2585,W,0.004548,0.001581,0.007269,0.673674
2586,W,0.038723,0.001135,0.014221,0.709554
2587,W,0.001510,0.000500,0.027964,1.318869
2588,W,0.030284,0.000418,0.013775,0.343891
2589,W,0.004837,0.001816,0.015522,0.610491
2590,W,0.004510,0.001534,0.065450,0.345249
2591,W,0.012716,0.001580,0.034520,1.026249
2592,W,0.003196,0.001872,0.015582,0.415331
2593,W,0.001001,0.003727,0.012995,0.361076
2594,W,0.001262,0.002041,0.010626,0.471384
2595,W,0.015578,0.001008,0.010725,0.381113
2596,W,0.037511,0.002000,0.010831,0.364153
2597,W,0.047938,0.001064,0.009252,0.349697
2598,W,0.008536,0.004689,0.020354,0.137160
2599,W,0.003809,0.001816,0.017765,0.710782
2600,W,0.004046,0.001372,0.004990,0.407567
2601,W,0.007152,0.000472,0.016781,0.631633
2602,W,0.015698,0.000481,0.006450,0.592167
2603,W,0.014555,0.001980,0.019330,0.411180
2604,W,0.007430,0.000228,0.025406,0.512872
2605,W,0.004527,0.004032,0.030338,0.624415
2606,W,0.010760,0.002718,0.021605,0.679682
2607,W,0.012891,0.005436,0.021942,0.388150
2608,W,0.006577,0.004706,0.017935,0.301239
2609,W,0.045724,0.001281,0.012093,0.322704
2610,W,0.003189,0.000853,0.025426,0.384601
2611,W,0.010351,0.002193,0.014231,0.597980
2612,W,0.002421,0.001075,0.020814,0.790889
2613,W,0.009862,0.004138,0.012423,0.633614
2614,W,0.044597,0.000106,0.002644,1.006629
2615,W,0.005776,0.000317,0.015997,0.941604
2616,W,0.030825,0.000665,0.023777,0.626127
2617,W,0.007386,0.000493,0.010782,0.546941
2618,W,0.001423,0.000776,0.021065,0.985217
2619,W,0.010920,0.000626,0.010724,0.583823
2620,W,0.007419,0.001473,0.004921,0.776757
2621,W,0.023236,0.003895,0.038586,1.135826
2622,W,0.001310,0.003538,0.028551,0.600988
2623,W,0.004091,0.004790,0.010095,0.900662
2624,W,0.018410,0.001677,0.009899,0.911737
2625,W,0.027174,0.003373,0.007384,0.924629
2626,W,0.014869,0.000088,0.007510,0.348863
2627,W,0.021362,0.000542,0.041043,0.314507
2628,W,0.022816,0.001553,0.011352,1.022388
2629,W,0.024326,0.000402,0.018073,0.254396
2630,W,0.020311,0.001196,0.022905,1.010554
2631,W,0.004967,0.000723,0.002394,1.331509
2632,W,0.005773,0.003658,0.024750,0.521824
2633,W,0.007035,0.007853,0.031071,0.585151
2634,W,0.004070,0.001016,0.049591,0.499734
2635,W,0.008252,0.001714,0.029492,0.187349
2636,W,0.004930,0.001797,0.011718,0.971800
2637,W,0.005851,0.001767,0.013867,0.859739
2638,W,0.004255,0.000785,0.016926,0.414657
2639,W,0.016738,0.001087,0.037778,0.063125
2640,W,0.004391,0.000227,0.012372,0.060180
2641,W,0.003434,0.001877,0.040206,0.057103
2642,W,0.005950,0.000618,0.014952,0.317129
2643,W,0.020881,0.000765,0.023082,0.449340
2644,W,0.004816,0.003746,0.019031,0.243914
2645,W,0.002342,0.002408,0.016112,0.545612
2646,W,0.012876,0.000207,0.017454,0.124080
2647,W,0.023413,0.000624,0.023111,0.693995
2648,W,0.021015,0.000844,0.013684,0.664194
2649,W,0.007771,0.000651,0.019278,0.171866
2650,W,0.031922,0.000496,0.017463,0.242842
2651,W,0.002821,0.000784,0.016944,0.070916
2652,W,0.001773,0.000054,0.022167,0.281123
2653,W,0.043267,0.002829,0.003855,0.261043
2654,W,0.036519,0.002056,0.067040,0.140208
2655,W,0.004923,0.002648,0.015894,0.621962
2656,W,0.021794,0.000458,0.012588,0.860287
2657,W,0.020747,0.004128,0.048672,1.014452
2658,W,0.021548,0.002392,0.036431,0.318360
2659,W,0.033703,0.002993,0.007332,0.769221
2660,W,0.056308,0.001433,0.011145,0.739571
2661,W,0.076957,0.000827,0.011744,0.519023
2662,W,0.013750,0.001033,0.012247,0.377195
2663,W,0.036216,0.002313,0.021821,0.386853
2664,W,0.005774,0.000645,0.011680,0.801874
2665,W,0.001615,0.000345,0.014938,0.740031
2666,W,0.028772,0.000943,0.012443,0.362206
2667,W,0.079451,0.000816,0.017423,0.509189
2668,W,0.004973,0.001093,0.020438,0.334574
2669,W,0.017854,0.002389,0.008818,0.781286
2670,W,0.062721,0.000266,0.016785,0.874944
2671,W,0.062769,0.001784,0.028249,0.765117
2672,W,0.003864,0.000879,0.013324,0.792776
2673,W,0.005561,0.004112,0.075238,0.223200
2674,W,0.013248,0.000160,0.021279,0.181466
2675,W,0.011247,0.002598,0.036124,0.414000
2676,W,0.010724,0.009585,0.020033,0.339429
2677,W,0.006360,0.001939,0.028092,0.152656
2678,W,0.025974,0.002355,0.016698,0.403086
2679,W,0.028170,0.002012,0.012955,0.522787
2680,W,0.013785,0.000719,0.022550,0.727141
2681,W,0.040151,0.003249,0.010512,0.605012
2682,W,0.011702,0.003740,0.016856,0.448096
2683,W,0.006278,0.000114,0.011669,0.385602
2684,W,0.013109,0.001606,0.003019,0.394781
2685,W,0.032394,0.000680,0.010421,0.366182
2686,W,0.013351,0.000090,0.008372,0.663023
2687,W,0.030999,0.001404,0.016302,0.158218
2688,W,0.005105,0.001012,0.012690,0.357207
2689,W,0.033567,0.002697,0.032057,0.292572
2690,W,0.000866,0.001203,0.008130,0.365562
2691,W,0.040558,0.002912,0.044037,0.076365
2692,W,0.002260,0.000282,0.011745,0.230742
2693,W,0.011234,0.003189,0.021583,0.548963
2694,W,0.047870,0.008431,0.068444,0.113163
2695,W,0.002636,0.000542,0.012057,0.322991
2696,W,0.006273,0.001351,0.029685,0.483118
2697,W,0.026566,0.001664,0.007973,0.408987
2698,W,0.002874,0.002327,0.017574,0.664462
2699,W,0.035183,0.000595,0.005001,0.686008
2700,W,0.054060,0.001565,0.015230,0.849326
2701,W,0.003796,0.002813,0.010893,0.518182
2702,W,0.009866,0.001956,0.043677,1.334494
2703,W,0.009912,0.000725,0.013289,0.755308
2704,W,0.003230,0.002419,0.013079,0.443507
2705,W,0.013166,0.000533,0.009935,1.270749
2706,W,0.002179,0.000106,0.008952,0.950141
2707,W,0.021495,0.003450,0.022450,0.817789
2708,W,0.011540,0.000249,0.024908,0.534015
2709,W,0.028073,0.001490,0.007163,0.866168
2710,W,0.039631,0.000910,0.007741,0.693916
2711,W,0.018843,0.000982,0.014448,0.703701
2712,W,0.014568,0.000313,0.015960,0.522483
2713,W,0.024565,0.001816,0.023785,0.183342
2714,W,0.006847,0.001547,0.010156,0.248362
2715,W,0.017006,0.000403,0.031817,0.521374
2716,W,0.023087,0.004137,0.009167,0.392713
2717,W,0.091312,0.000666,0.003100,0.867649
2718,W,0.025668,0.001620,0.032723,0.704657
2719,W,0.007267,0.004116,0.092493,0.436469
2720,W,0.016681,0.000802,0.021407,0.379551
2721,W,0.002853,0.003794,0.071399,0.847296
2722,W,0.022359,0.002361,0.013262,0.588536
2723,W,0.101226,0.001925,0.018425,0.366446
2724,W,0.008365,0.002633,0.014493,1.078708
2725,W,0.016879,0.006391,0.019038,0.655145
2726,W,0.014865,0.002034,0.007510,0.781555
2727,W,0.005953,0.001689,0.008280,0.680588
2728,W,0.015532,0.000279,0.031687,0.394424
2729,W,0.018578,0.001841,0.019443,0.780176
2730,W,0.045661,0.004314,0.009248,0.959068
2731,W,0.027572,0.010253,0.013505,0.537272
2732,W,0.002070,0.001433,0.023747,0.854715
2733,W,0.013710,0.000989,0.075193,0.238971
2734,W,0.015260,0.004943,0.008676,0.570908
2735,W,0.004859,0.002251,0.019923,0.732650
2736,W,0.010662,0.001798,0.041737,0.486337
2737,W,0.026651,0.001247,0.025105,0.104674
2738,W,0.010744,0.000480,0.013034,0.238697
2739,W,0.004397,0.000979,0.035098,0.249461
2740,W,0.049480,0.000078,0.008972,0.136228
2741,W,0.018080,0.000539,0.054965,0.158010
2742,W,0.035685,0.002030,0.021447,0.853409
2743,W,0.082006,0.000195,0.063980,0.365119
2744,W,0.026699,0.000751,0.025115,0.206257
2745,W,0.004261,0.005294,0.495758,0.219130
2746,W,0.002039,0.001694,0.041456,0.403799
2747,W,0.010115,0.001014,0.004352,0.130244
2748,W,0.005726,0.000998,0.053561,0.052396
2749,W,0.003173,0.001993,0.127666,0.232650
2750,W,0.005725,0.001971,0.091933,0.345971
2751,W,0.079625,0.003213,0.030101,0.359684
2752,W,0.029123,0.002750,0.012462,0.863112
2753,W,0.014639,0.003794,0.010233,0.552528
2754,W,0.014638,0.002196,0.025838,0.579771
2755,W,0.014836,0.002033,0.016456,1.264522
2756,W,0.025898,0.002485,0.017791,0.437277
2757,W,0.032591,0.002832,0.019090,0.242782
2758,W,0.010035,0.002827,0.013066,0.679710
2759,W,0.005595,0.001697,0.016910,1.103738
2760,W,0.008574,0.001303,0.005932,0.542106
2761,W,0.002595,0.004966,0.022858,0.551780
2762,W,0.007796,0.003144,0.021367,0.570754
2763,W,0.009923,0.003392,0.018152,0.548595
2764,W,0.013885,0.015175,0.053846,0.536346
2765,W,0.010163,0.000686,0.003877,0.516817
2766,W,0.016396,0.001199,0.010783,0.205091
2767,W,0.004789,0.002592,0.028260,0.806729
2768,W,0.024635,0.007024,0.036716,0.446861
2769,W,0.031244,0.001790,0.007610,0.607286
2770,W,0.005705,0.003592,0.010724,0.683288
2771,W,0.005131,0.002565,0.015296,0.905706
2772,W,0.035886,0.000517,0.011441,0.499477
2773,W,0.029677,0.001328,0.009526,0.206747
2774,W,0.154872,0.000331,0.008634,0.583157
2775,W,0.057164,0.003096,0.006803,0.161559
2776,W,0.006637,0.000310,0.012415,0.416865
2777,W,0.218185,0.000275,0.014892,0.514587
2778,W,0.025426,0.000039,0.011211,0.967240
2779,W,0.074825,0.000426,0.008709,0.256815
2780,W,0.017833,0.000647,0.019203,0.616116
2781,W,0.074131,0.000448,0.022122,0.553129
2782,W,0.026296,0.000370,0.029001,0.670288
2783,W,0.016437,0.001434,0.014335,1.637928
2784,W,0.043948,0.001223,0.012565,0.519324
2785,W,0.028639,0.004369,0.020986,0.503732
2786,W,0.020672,0.004168,0.014855,0.794309
2787,W,0.004803,0.041498,0.108196,0.602165
2788,W,0.007546,0.001992,0.010459,0.478424
2789,W,0.010432,0.001723,0.034389,0.260300
2790,W,0.020558,0.002823,0.011581,0.179721
2791,W,0.007445,0.003110,0.028718,0.701456
2792,W,0.097553,0.004238,0.020996,0.418107
2793,W,0.001290,0.001808,0.032532,0.353570
2794,W,0.025078,0.000497,0.034326,0.278372
2795,W,0.014047,0.002930,0.018267,0.033524
2796,W,0.033175,0.002673,0.010591,0.462076
2797,W,0.012766,0.004109,0.036160,0.461174
2798,W,0.023410,0.004401,0.230735,0.185928
2799,W,0.007000,0.002573,0.017424,0.616588
2800,W,0.019934,0.003658,0.012490,0.325331
2801,W,0.024925,0.004176,0.028752,0.405622
2802,W,0.260058,0.003523,0.026302,0.352058
2803,W,0.015965,0.000234,0.061842,1.158434
2804,W,0.002582,0.000683,0.029785,0.443812
2805,W,0.005214,0.001986,0.025512,0.995686
2806,W,0.005572,0.000065,0.027337,0.598723
2807,W,0.005315,0.001825,0.049233,1.188306
2808,W,0.000852,0.006355,0.007794,0.744977
2809,W,0.005003,0.001675,0.012605,0.380979
2810,W,0.009514,0.000711,0.022855,0.862645
2811,W,0.045692,0.003318,0.018163,1.121002
2812,W,0.022585,0.000411,0.045572,0.373931
2813,W,0.013707,0.000260,0.005762,0.474335
2814,W,0.016963,0.040026,0.045343,0.301978
2815,W,0.003665,0.001031,0.015169,0.654531
2816,W,0.002252,0.003587,0.041643,0.730054
2817,W,0.018458,0.003779,0.011580,0.495194
2818,W,0.017422,0.000906,0.024075,0.816762
2819,W,0.006916,0.003055,0.058092,0.481796
2820,W,0.009110,0.002746,0.016917,0.273336
2821,W,0.005756,0.000536,0.010448,0.849159
2822,W,0.022408,0.000403,0.022233,0.455202
2823,W,0.013706,0.000785,0.008467,0.559027
2824,W,0.044340,0.001457,0.022833,0.304822
2825,W,0.030149,0.003499,0.108175,0.371462
2826,W,0.017708,0.001199,0.009988,0.166303
2827,W,0.016333,0.003279,0.081923,0.348727
2828,W,0.028089,0.000147,0.012953,0.471099
2829,W,0.005024,0.002896,0.069858,0.163798
2830,W,0.021655,0.001090,0.014552,0.584012
2831,W,0.001884,0.004730,0.055133,0.585668
2832,W,0.068852,0.002661,0.007876,0.514675
2833,W,0.005085,0.001668,0.007623,0.290065
2834,W,0.003431,0.000212,0.009677,0.697588
2835,W,0.012084,0.000262,0.005864,0.883574
2836,W,0.004540,0.004983,0.014474,0.482807
2837,W,0.004591,0.002531,0.007289,0.591304
2838,W,0.003580,0.000537,0.007383,0.279838
2839,W,0.005301,0.003216,0.005972,0.637013
2840,W,0.004188,0.001955,0.011902,0.540574
2841,W,0.006237,0.000820,0.024409,0.742163
2842,W,0.037538,0.001114,0.016940,1.090402
2843,W,0.011094,0.001356,0.008351,0.427421
2844,W,0.032393,0.000980,0.032859,0.135306
2845,W,0.002957,0.001714,0.063831,0.768940
2846,W,0.001071,0.001950,0.129930,0.708430
2847,W,0.002657,0.002596,0.088629,1.103586
0,W,0.060324,0.001237,0.017085,0.987520
1,W,0.004420,0.000634,0.003184,0.361316
2,W,0.015759,0.002122,0.008988,0.099696
3,W,0.330997,0.002071,0.016415,0.366085
4,W,0.033154,0.002472,0.015246,0.418755
5,W,0.019823,0.001134,0.024776,0.467010
6,W,0.024347,0.000587,0.032122,0.230474
7,W,0.086051,0.001051,0.011062,0.567943
8,W,0.021632,0.002159,0.006271,0.691999
9,W,0.126392,0.001172,0.008372,0.437570
10,W,0.043127,0.002484,0.009937,0.602187
11,W,0.033831,0.001165,0.015516,0.764940
12,W,0.206769,0.002648,0.007144,0.810543
13,W,0.026097,0.006093,0.013578,1.223695
14,W,0.004205,0.000247,0.022541,0.660847
15,W,0.099166,0.001099,0.007438,0.390435
16,W,0.075587,0.001825,0.003627,0.482128
17,W,0.018761,0.000810,0.003636,0.475687
18,W,0.019304,0.000901,0.018962,0.787511
19,W,0.017128,0.000012,0.005405,0.576820
20,W,0.019442,0.004212,0.020851,0.443711
21,W,0.018027,0.000145,0.010998,0.450494
22,W,0.019717,0.001127,0.004240,0.970301
23,W,0.034299,0.007495,0.011575,0.591516
24,W,0.008623,0.000164,0.004752,0.393874
25,W,0.026134,0.000190,0.022191,0.347318
26,W,0.010030,0.000267,0.008997,1.141780
27,W,0.014554,0.001781,0.010349,0.728141
28,W,0.004496,0.002562,0.024732,0.421948
29,W,0.058623,0.001094,0.028403,0.251658
30,W,0.039324,0.003802,0.019064,0.597202
31,W,0.037768,0.001145,0.007238,0.328344
32,W,0.015249,0.003551,0.018965,0.624417
33,W,0.006433,0.000280,0.034778,0.542544
34,W,0.008190,0.003479,0.033242,1.246315
35,W,0.099266,0.000346,0.020239,0.741492
36,W,0.001203,0.001946,0.010911,0.279447
37,W,0.054964,0.003418,0.013318,0.417589
38,W,0.003601,0.000288,0.031764,0.145982
39,W,0.023651,0.003793,0.139207,0.522678
40,W,0.008051,0.000612,0.008563,0.135334
41,W,0.008481,0.000319,0.006371,0.273931
42,W,0.046726,0.002001,0.008927,0.099871
43,W,0.020637,0.000410,0.018746,0.171825
44,W,0.005653,0.000162,0.027693,0.198907
45,W,0.035376,0.000319,0.021875,0.451991
46,W,0.004668,0.003571,0.026761,0.847893
47,W,0.021798,0.000738,0.009910,0.222439
48,W,0.006438,0.000232,0.041122,0.401574
49,W,0.015022,0.002041,0.022888,0.231592
50,W,0.051647,0.002427,0.015181,0.256585
51,W,0.021925,0.000710,0.022196,0.505252
52,W,0.026600,0.000318,0.006253,0.943934
53,W,0.048831,0.002504,0.016866,0.205785
54,W,0.068863,0.000504,0.027796,0.716687
55,W,0.018208,0.004078,0.100108,0.274517
56,W,0.011977,0.013213,0.019106,0.000000
57,W,0.089299,0.002255,0.013505,0.511368
58,W,0.002404,0.002657,0.035602,0.593583
59,W,0.031817,0.000843,0.022583,0.531336
60,W,0.003771,0.005494,0.057889,0.435291
61,W,0.008994,0.003752,0.014305,0.193933
62,W,0.088726,0.003770,0.007653,0.365365
63,W,0.011195,0.005516,0.032691,0.268164
64,W,0.041660,0.003196,0.022784,0.248922
65,W,0.012886,0.000606,0.015364,0.682167
66,W,0.016387,0.002944,0.028244,0.141985
67,W,0.000966,0.006048,0.025880,0.383933
68,W,0.036388,0.004622,0.013425,0.274539
69,W,0.016811,0.001110,0.013043,0.283921
70,W,0.008585,0.002654,0.041885,0.365217
71,W,0.013045,0.000890,0.021900,0.198437
72,W,0.005144,0.001299,0.039829,0.088240
73,W,0.031660,0.000748,0.040903,0.271358
74,W,0.007956,0.003837,0.038010,0.280471
75,W,0.004718,0.001679,0.025220,0.571618
76,W,0.004533,0.000910,0.017120,0.256414
77,W,0.003235,0.002237,0.017463,0.280120
78,W,0.027337,0.001233,0.010780,0.397083
79,W,0.023159,0.001595,0.018609,0.868299
80,W,0.005795,0.003329,0.034580,0.467417
81,W,0.008418,0.002699,0.021979,0.817403
82,W,0.002545,0.000328,0.011069,0.024326
83,W,0.005302,0.001002,0.040717,0.347503
84,W,0.007180,0.008205,0.021787,0.129403
85,W,0.001291,0.004860,0.040632,0.203492
86,W,0.007876,0.001815,0.018369,0.293594
87,W,0.002174,0.000646,0.022026,0.272709
88,W,0.006894,0.001489,0.018032,0.345904
89,W,0.029082,0.004653,0.021254,0.479579
90,W,0.013246,0.000088,0.009577,0.637364
91,W,0.026903,0.000174,0.022686,0.690794
92,W,0.010351,0.000998,0.036533,0.163081
93,W,0.023158,0.000691,0.022574,1.039475
94,W,0.003003,0.002800,0.023993,0.324078
95,W,0.002936,0.001973,0.022584,0.435383
96,W,0.004097,0.000279,0.057280,0.401500
97,W,0.048713,0.001558,0.055224,0.362729
98,W,0.003168,0.001524,0.045864,0.423576
99,W,0.004491,0.004084,0.022086,0.089886
100,W,0.002553,0.003004,0.014428,0.007660
101,W,0.005840,0.001552,0.036971,0.475282
102,W,0.011367,0.001546,0.005084,0.388683
103,W,0.030950,0.002727,0.020199,0.565807
104,W,0.008683,0.001887,0.014878,0.256038
105,W,0.022992,0.001120,0.027128,0.313325
106,W,0.026700,0.002968,0.018276,0.671394
107,W,0.027063,0.003186,0.040219,0.632113
108,W,0.017898,0.002227,0.019589,0.568975
109,W,0.046261,0.002423,0.009816,0.702366
110,W,0.021508,0.000762,0.008253,0.180522
111,W,0.109312,0.002903,0.011385,0.824765
112,W,0.062403,0.002706,0.004593,0.569814
113,W,0.072505,0.000111,0.005221,1.151392
114,W,0.106632,0.001131,0.005400,0.377409
115,W,0.292262,0.004784,0.012134,1.192534
116,W,0.100651,0.000237,0.011266,0.408651
117,W,0.074087,0.000427,0.016138,0.505655
118,W,0.172747,0.001185,0.006991,0.475274
119,W,0.066376,0.000387,0.002086,1.184136
120,W,0.030792,0.001117,0.004261,0.507820
121,W,0.018703,0.003826,0.015536,1.002802
122,W,0.039044,0.000767,0.004693,0.600325
123,W,0.174198,0.000181,0.009399,0.619118
124,W,0.016623,0.000891,0.004667,0.373604
125,W,0.020203,0.000154,0.013998,0.672752
126,W,0.008648,0.003879,0.008617,0.509853
127,W,0.010283,0.000918,0.003981,0.577200
128,W,0.016873,0.001359,0.003854,0.983129
129,W,0.102092,0.000296,0.010760,1.483362
130,W,0.067574,0.002952,0.036568,0.544382
131,W,0.044223,0.002912,0.008476,1.042721
132,W,0.034464,0.002314,0.016470,0.476359
133,W,0.022766,0.001180,0.001947,0.389943
134,W,0.068891,0.001802,0.008139,0.379237
135,W,0.209389,0.000184,0.017173,0.613410
136,W,0.008122,0.000986,0.005549,0.593521
137,W,0.070839,0.001253,0.004464,0.332875
138,W,0.033904,0.001598,0.011661,0.619484
139,W,0.097920,0.000239,0.007279,0.386205
140,W,0.008209,0.002500,0.007889,0.976286
141,W,0.020186,0.000580,0.004193,0.579221
142,W,0.018526,0.001952,0.009798,0.907035
143,W,0.031772,0.000230,0.006419,0.688499
144,W,0.161331,0.002035,0.005437,1.396279
145,W,0.044560,0.005328,0.022582,0.346944
146,W,0.073016,0.002660,0.007080,0.606080
147,W,0.076394,0.000980,0.014282,0.410631
148,W,0.004274,0.001194,0.003253,0.156336
149,W,0.010621,0.001773,0.004079,0.238154
150,W,0.011857,0.004377,0.017072,0.334944
151,W,0.020106,0.000019,0.012198,0.313152
152,W,0.009189,0.003914,0.016130,0.428592
153,W,0.013559,0.004247,0.006989,0.599390
154,W,0.026537,0.001356,0.008272,0.452236
155,W,0.037608,0.003490,0.017786,0.295246
156,W,0.008898,0.001885,0.020425,0.280267
157,W,0.065470,0.002214,0.027622,1.253293
158,W,0.016929,0.002551,0.025893,0.137166
159,W,0.015270,0.007577,0.012529,0.729741
160,W,0.141982,0.005368,0.009026,0.366335
161,W,0.052419,0.010911,0.015861,0.044318
162,W,0.019721,0.003531,0.011284,0.826135
163,W,0.012378,0.007765,0.015619,0.088709
164,W,0.083019,0.004364,0.011701,0.631204
165,W,0.009916,0.001562,0.012716,0.310675
166,W,0.005123,0.005744,0.018231,0.446447
167,W,0.062796,0.001318,0.004202,0.455679
168,W,0.020453,0.003336,0.004431,0.719539
169,W,0.111830,0.000528,0.010455,0.902036
170,W,0.172358,0.000771,0.001537,0.825811
171,W,0.013626,0.002924,0.008640,1.232398
172,W,0.036185,0.002656,0.010022,0.595797
173,W,0.044485,0.000533,0.015513,0.346735
174,W,0.031999,0.002575,0.005493,0.713681
175,W,0.086284,0.000289,0.010245,0.600281
176,W,0.061734,0.001813,0.020109,0.913914
177,W,0.021805,0.001504,0.020032,0.368826
178,W,0.022925,0.000687,0.027280,0.708693
179,W,0.007984,0.000960,0.030466,0.178172
180,W,0.011711,0.002831,0.032985,0.219950
181,W,0.009098,0.001454,0.033142,0.265200
182,W,0.053884,0.001347,0.015754,0.129565
183,W,0.054806,0.003678,0.028597,0.383510
184,W,0.011790,0.000395,0.005732,0.190745
185,W,0.048990,0.000207,0.022417,0.311027
186,W,0.026659,0.000503,0.007003,0.708817
187,W,0.005429,0.001883,0.045272,0.226976
188,W,0.029242,0.003529,0.013332,0.932227
189,W,0.062416,0.000853,0.007413,0.161496
190,W,0.013267,0.002026,0.031023,0.549098
191,W,0.016180,0.000688,0.012802,0.576974
192,W,0.005411,0.002273,0.007329,0.621427
193,W,0.009709,0.000060,0.007928,0.466000
194,W,0.043829,0.001336,0.029455,0.364065
195,W,0.007582,0.000695,0.018444,0.586459
196,W,0.033110,0.003781,0.015773,0.419290
197,W,0.024674,0.000678,0.005579,0.592573
198,W,0.005306,0.001510,0.023563,0.363461
199,W,0.018375,0.003260,0.009969,0.598571
200,W,0.052079,0.003695,0.018625,0.968384
201,W,0.049943,0.001333,0.021548,0.875996
202,W,0.010403,0.001364,0.007292,0.608490
203,W,0.004882,0.000808,0.026280,0.341949
204,W,0.008079,0.000861,0.036769,1.054672
205,W,0.056148,0.001765,0.004679,0.351489
206,W,0.006101,0.000909,0.017152,0.161136
207,W,0.063819,0.001863,0.016942,0.688879
208,W,0.006897,0.000863,0.022502,0.457122
209,W,0.039954,0.000894,0.011853,0.501456
210,W,0.009310,0.000961,0.015275,0.712247
211,W,0.076294,0.002931,0.037843,0.542816
212,W,0.300497,0.001186,0.006896,1.182261
213,W,0.045155,0.000957,0.017067,0.614122
214,W,0.037850,0.004131,0.074999,0.787601
215,W,0.014900,0.001669,0.012356,1.462541
216,W,0.021600,0.001568,0.005282,1.212821
217,W,0.003065,0.002653,0.003934,0.839119
218,W,0.008454,0.001643,0.016921,0.500950
219,W,0.279762,0.000427,0.049528,0.726739
220,W,0.009165,0.000731,0.009332,1.082420
221,W,0.033342,0.002354,0.005292,1.249024
222,W,0.129884,0.000667,0.004861,0.858050
223,W,0.123162,0.001459,0.007358,0.627328
224,W,0.027066,0.001117,0.008956,0.758356
225,W,0.020457,0.000940,0.014049,1.121334
226,W,0.031995,0.001616,0.007623,1.259844
227,W,0.028985,0.004440,0.007359,0.679981
228,W,0.058438,0.000810,0.008123,0.890932
229,W,0.051344,0.000691,0.014448,0.560384
230,W,0.016485,0.000944,0.006386,0.532400
231,W,0.075876,0.001256,0.013896,0.628685
232,W,0.008285,0.001103,0.011883,0.564058
233,W,0.005681,0.000224,0.013590,0.394587
234,W,0.078104,0.000821,0.041566,0.307217
235,W,0.008613,0.002455,0.006221,0.935184
236,W,0.011872,0.003030,0.011092,1.239644
237,W,0.143617,0.002232,0.021305,0.657295
238,W,0.009227,0.001008,0.026887,0.511635
239,W,0.065314,0.003105,0.004967,0.478706
240,W,0.162039,0.000968,0.005110,0.628290
241,W,0.104083,0.002196,0.011066,0.423404
242,W,0.009191,0.000428,0.012978,0.633736
243,W,0.074174,0.001164,0.006251,0.977695
244,W,0.015480,0.001151,0.002798,0.739806
245,W,0.147210,0.001797,0.005823,0.400897
246,W,0.058377,0.002182,0.007100,0.931860
247,W,0.349259,0.001046,0.003661,0.581512
248,W,0.019895,0.002763,0.020534,0.926984
249,W,0.009678,0.001354,0.016343,0.626761
250,W,0.037055,0.000615,0.017337,0.895579
251,W,0.084248,0.001824,0.005687,0.507992
252,W,0.033112,0.000761,0.014086,0.387067
253,W,0.113755,0.000239,0.005076,0.516825
254,W,0.015051,0.003861,0.009678,0.866159
255,W,0.014398,0.000468,0.003114,0.482925
256,W,0.029431,0.000204,0.005148,0.689180
257,W,0.067074,0.000813,0.004036,0.898924
258,W,0.014130,0.001552,0.004916,0.971563
259,W,0.092439,0.001767,0.003681,1.040244
260,W,0.038811,0.000895,0.003601,0.801107
261,W,0.021357,0.004480,0.017861,1.102215
262,W,0.020784,0.000598,0.004107,0.619049
263,W,0.108942,0.003410,0.008292,0.503694
264,W,0.244175,0.004328,0.012793,0.657668
265,W,0.123741,0.002380,0.004687,0.568748
266,W,0.104551,0.000423,0.004086,0.904757
267,W,0.200151,0.000483,0.005097,0.297257
268,W,0.019668,0.000730,0.007034,0.724509
269,W,0.030404,0.001158,0.012377,0.705934
270,W,0.030497,0.000763,0.001778,0.797503
271,W,0.120122,0.001179,0.006963,0.844589
272,W,0.141313,0.001694,0.005038,1.070217
273,W,0.152754,0.003486,0.009979,1.208042
274,W,0.062231,0.002204,0.009749,0.667117
275,W,0.011027,0.001755,0.015733,0.835892
276,W,0.042646,0.001688,0.005988,0.774124
277,W,0.011533,0.005535,0.017883,0.188378
278,W,0.025781,0.004584,0.011222,0.555295
279,W,0.043590,0.007814,0.016144,0.535791
280,W,0.201090,0.005342,0.009011,0.565514
281,W,0.014157,0.004844,0.008991,0.958835
282,W,0.103477,0.005958,0.015616,0.614640
283,W,0.328231,0.001023,0.009093,0.543682
284,W,0.014081,0.002738,0.004053,0.348821
285,W,0.033634,0.001418,0.026445,0.815250
286,W,0.167273,0.001496,0.004560,0.945215
287,W,0.051812,0.003655,0.010626,0.555258
288,W,0.046832,0.006321,0.009467,0.584191
289,W,0.342514,0.001138,0.011749,1.151204
290,W,0.202848,0.001142,0.011761,0.530237
291,W,0.005722,0.004946,0.012958,0.356245
292,W,0.003258,0.002002,0.030129,0.542333
293,W,0.041421,0.005146,0.006740,0.326025
294,W,0.005273,0.000743,0.010630,1.357238
295,W,0.008856,0.004032,0.008444,0.335152
296,W,0.011317,0.007792,0.016128,0.559174
297,W,0.192003,0.003202,0.009645,0.430123
298,W,0.019762,0.002732,0.005766,0.751999
299,W,0.203363,0.002638,0.005486,0.509294
300,W,0.080160,0.005089,0.010602,1.043133
301,W,0.002097,0.006699,0.011968,0.469615
302,W,0.118204,0.002887,0.015297,0.460143
303,W,0.016509,0.009155,0.025331,0.165407
304,W,0.010565,0.006147,0.038262,0.320155
305,W,0.012549,0.002473,0.007550,0.633903
306,W,0.014982,0.004296,0.034010,0.318190
307,W,0.004412,0.003831,0.010736,0.568808
308,W,0.046848,0.007805,0.020066,0.415416
309,W,0.065728,0.002615,0.004536,0.535631
310,W,0.126906,0.001179,0.016495,0.698807
311,W,0.054971,0.002563,0.007362,0.164751
312,W,0.029536,0.000803,0.018683,0.591261
313,W,0.078527,0.005880,0.042827,0.562022
314,W,0.003143,0.008191,0.011549,0.556797
315,W,0.095350,0.003380,0.010250,0.273657
316,W,0.003998,0.006757,0.019098,0.296491
317,W,0.012670,0.004733,0.014904,0.377467
318,W,0.014191,0.006704,0.021627,0.348078
319,W,0.034769,0.001524,0.029119,0.858278
320,W,0.013464,0.006702,0.010247,0.614034
321,W,0.040892,0.007150,0.018673,0.634844
322,W,0.048311,0.001885,0.016901,0.589673
323,W,0.014765,0.001499,0.012686,0.274160
324,W,0.299920,0.000328,0.015214,0.755623
325,W,0.035571,0.006390,0.009292,1.105132
326,W,0.062725,0.001208,0.004081,0.619036
327,W,0.015573,0.000598,0.022061,1.089637
328,W,0.051951,0.000783,0.004432,0.574916
329,W,0.054871,0.000818,0.008475,0.640682
330,W,0.058330,0.000916,0.003434,0.374135
331,W,0.147855,0.002832,0.007209,0.672427
332,W,0.075295,0.003659,0.007277,0.621936
333,W,0.012132,0.000148,0.002069,0.585433
334,W,0.029929,0.001477,0.007633,0.611237
335,W,0.103931,0.000436,0.011911,0.354606
336,W,0.018865,0.000990,0.015001,0.433097
337,W,0.346526,0.000457,0.002892,1.121356
338,W,0.057245,0.001391,0.009752,0.745764
339,W,0.010665,0.001285,0.010188,0.468680
340,W,0.015204,0.000572,0.006282,0.626086
341,W,0.136265,0.001713,0.010195,0.678612
342,W,0.105206,0.002864,0.015188,0.647825
343,W,0.051693,0.000836,0.020422,0.797557
344,W,0.012403,0.003805,0.019162,0.264186
345,W,0.048381,0.003200,0.009520,0.600446
346,W,0.094304,0.005174,0.025013,0.189591
347,W,0.019917,0.001191,0.010372,0.691206
348,W,0.005210,0.009247,0.019747,0.497284
349,W,0.031645,0.002967,0.006632,0.821731
350,W,0.090062,0.001550,0.004810,0.700572
351,W,0.032828,0.000509,0.005604,0.592813
352,W,0.028365,0.000659,0.014104,0.686110
353,W,0.029821,0.001574,0.008173,0.345295
354,W,0.055125,0.002660,0.013040,0.615857
355,W,0.100546,0.012314,0.023516,1.112808
356,W,0.040703,0.002424,0.016183,0.751297
357,W,0.075026,0.005928,0.010813,0.445731
358,W,0.024519,0.003557,0.009991,0.661748
359,W,0.058350,0.000698,0.003681,0.748596
360,W,0.101200,0.000133,0.004605,0.503795
361,W,0.014907,0.001133,0.013139,0.742958
362,W,0.016025,0.000652,0.007013,0.937651
363,W,0.153347,0.005575,0.020209,0.785449
364,W,0.034701,0.001039,0.002515,0.881179
365,W,0.110348,0.000162,0.010835,1.101195
366,W,0.211847,0.001185,0.012467,0.736679
367,W,0.078840,0.001189,0.004198,0.796034
368,W,0.068384,0.001190,0.042849,0.565089
369,W,0.033626,0.000965,0.026468,0.466421
370,W,0.004265,0.000441,0.024072,1.012915
371,W,0.011109,0.000678,0.019815,0.477533
372,W,0.015279,0.001650,0.050020,0.527480
373,W,0.047469,0.001639,0.009633,0.335768
374,W,0.068272,0.000647,0.004044,0.868009
375,W,0.110931,0.001383,0.008703,0.883803
376,W,0.020427,0.002691,0.008624,0.167862
377,W,0.022293,0.004406,0.006078,0.765642
378,W,0.030313,0.001042,0.019266,0.753406
379,W,0.011696,0.000922,0.007472,0.687120
380,W,0.061340,0.000968,0.005801,0.775806
381,W,0.024797,0.002129,0.028593,0.908632
382,W,0.007370,0.002369,0.031332,0.756213
383,W,0.013020,0.000690,0.015164,0.867141
384,W,0.189172,0.000194,0.003879,0.873328
385,W,0.043678,0.002359,0.012098,0.734315
386,W,0.013755,0.002502,0.023450,0.832327
387,W,0.005227,0.000469,0.022341,0.145627
388,W,0.004466,0.001124,0.042599,0.432355
389,W,0.005833,0.000958,0.014685,0.675889
390,W,0.004884,0.000962,0.028002,0.270345
391,W,0.002787,0.000944,0.064299,0.217245
392,W,0.003195,0.002456,0.012952,0.408689
393,W,0.015796,0.002064,0.020006,0.375351
394,W,0.011638,0.003891,0.041343,0.324799
395,W,0.075306,0.001017,0.073145,0.602023
396,W,0.003332,0.000709,0.024656,0.238836
397,W,0.071356,0.000253,0.016681,0.063143
398,W,0.217767,0.003755,0.038600,0.450141
399,W,0.005143,0.001235,0.052912,0.520723
400,W,0.024780,0.002111,0.037621,0.485815
401,W,0.037979,0.000818,0.005679,0.419203
402,W,0.023676,0.001369,0.023022,0.368527
403,W,0.068885,0.002140,0.007497,0.993842
404,W,0.006413,0.004523,0.006875,0.522854
405,W,0.071998,0.000386,0.008618,0.506076
406,W,0.033256,0.000316,0.004753,1.163785
407,W,0.048984,0.002138,0.017844,0.348401
408,W,0.043220,0.003264,0.032135,0.438949
409,W,0.023478,0.004843,0.024731,0.159270
410,W,0.093736,0.000775,0.025521,0.302848
411,W,0.078096,0.000792,0.020920,0.348854
412,W,0.020757,0.004712,0.010821,0.344377
413,W,0.016484,0.003684,0.044283,0.496446
414,W,0.079901,0.001969,0.014620,0.212641
415,W,0.088142,0.006005,0.015472,0.398969
416,W,0.003738,0.001076,0.014847,0.188738
417,W,0.008372,0.001495,0.009048,0.539612
418,W,0.015220,0.008292,0.012189,0.108983
419,W,0.014266,0.003051,0.013828,0.255374
420,W,0.014045,0.000602,0.018971,0.362479
421,W,0.003090,0.000531,0.047945,0.338768
422,W,0.028501,0.008318,0.016156,0.308010
423,W,0.006042,0.005758,0.019257,0.407994
424,W,0.025286,0.005592,0.019496,0.452010
425,W,0.025607,0.000407,0.009360,0.537203
426,W,0.034218,0.000571,0.006077,0.870692
427,W,0.012161,0.001303,0.020063,0.619100
428,W,0.009412,0.001305,0.031668,0.210465
429,W,0.015895,0.001479,0.028373,0.204218
430,W,0.069278,0.000594,0.010442,0.023333
431,W,0.237697,0.000193,0.004078,0.885434
432,W,0.045388,0.003747,0.012767,0.572674
433,W,0.036861,0.002129,0.011664,1.219687
434,W,0.032734,0.007707,0.013336,0.693995
435,W,0.101468,0.000180,0.022709,0.727295
436,W,0.164653,0.005690,0.014591,0.626083
437,W,0.128758,0.004683,0.008256,0.569048
438,W,0.234182,0.004506,0.007712,0.503536
439,W,0.019802,0.005606,0.011380,0.322435
440,W,0.028376,0.002284,0.015225,0.223493
441,W,0.017520,0.005031,0.009841,0.545090
442,W,0.024939,0.000435,0.004840,0.687882
443,W,0.010278,0.007344,0.010087,1.374921
444,W,0.028260,0.000746,0.023577,0.450161
445,W,0.063060,0.000647,0.010040,0.459311
446,W,0.138621,0.001332,0.011422,0.954662
447,W,0.075163,0.001694,0.010323,0.423285
448,W,0.068475,0.000393,0.010943,1.135385
449,W,0.033504,0.002579,0.018616,0.501919
450,W,0.051924,0.001032,0.031558,0.332773
451,W,0.052207,0.000793,0.004068,0.517898
452,W,0.025762,0.000426,0.016903,0.743117
453,W,0.004308,0.001861,0.007132,0.636571
454,W,0.139921,0.001145,0.012372,0.609989
455,W,0.047326,0.002125,0.018729,0.171780
456,W,0.018043,0.001823,0.013553,1.219090
457,W,0.015288,0.004399,0.010475,0.366914
458,W,0.021285,0.006794,0.011413,0.655729
459,W,0.014956,0.003586,0.010164,1.148219
460,W,0.075567,0.001810,0.011490,1.182877
461,W,0.152136,0.000965,0.004818,0.188632
462,W,0.022064,0.002459,0.014657,0.350392
463,W,0.038170,0.003005,0.008879,0.462183
464,W,0.016428,0.000815,0.047020,0.556655
465,W,0.030832,0.001046,0.019522,0.443562
466,W,0.043032,0.003642,0.018862,0.614504
467,W,0.014940,0.000810,0.032487,0.243764
468,W,0.008034,0.000261,0.009719,0.420100
469,W,0.011730,0.002623,0.018486,0.586036
470,W,0.114622,0.002894,0.028913,0.635427
471,W,0.019998,0.005233,0.010843,0.520590
472,W,0.101209,0.001676,0.007050,0.761872
473,W,0.023401,0.003311,0.025833,0.634333
474,W,0.023171,0.001800,0.012058,0.784731
475,W,0.010874,0.001670,0.024459,0.815465
476,W,0.021834,0.001047,0.013035,0.325034
477,W,0.003565,0.000247,0.008395,0.483260
478,W,0.041475,0.000711,0.040931,0.323374
479,W,0.034593,0.000951,0.009784,0.714173
480,W,0.026936,0.003053,0.005399,0.324597
481,W,0.192215,0.008570,0.018943,1.091934
482,W,0.013684,0.000896,0.006964,0.410010
483,W,0.235696,0.003100,0.015648,0.352282
484,W,0.271941,0.000467,0.016934,1.453051
485,W,0.011916,0.000211,0.008338,1.040155
486,W,0.024010,0.001631,0.008929,0.566865
487,W,0.170004,0.000494,0.012174,0.748845
488,W,0.058224,0.000591,0.010349,0.499943
489,W,0.011140,0.002060,0.007481,0.517929
490,W,0.009529,0.001584,0.004903,0.467958
491,W,0.009605,0.001853,0.031351,0.532843
492,W,0.065502,0.000178,0.029063,0.628920
493,W,0.015696,0.004000,0.008978,0.510668
494,W,0.048652,0.001094,0.004016,1.254670
495,W,0.025006,0.000613,0.005226,1.408134
496,W,0.082620,0.002706,0.008821,0.626441
497,W,0.054380,0.004725,0.013142,0.678863
498,W,0.142412,0.000368,0.002276,0.461441
499,W,0.130133,0.000481,0.008468,0.466912
500,W,0.132321,0.003450,0.007251,0.900014
501,W,0.031740,0.000931,0.008045,0.866405
502,W,0.018446,0.004715,0.006746,0.736336
503,W,0.047898,0.002409,0.015217,0.133447
504,W,0.206821,0.002756,0.007878,0.306515
505,W,0.054007,0.001902,0.010041,0.633358
506,W,0.020755,0.001361,0.022455,0.447082
507,W,0.101992,0.004097,0.010205,0.355211
508,W,0.267695,0.006547,0.011382,0.504603
509,W,0.021460,0.000868,0.027638,0.474089
510,W,0.042245,0.000443,0.007204,0.801328
511,W,0.023372,0.000247,0.019674,0.568499
512,W,0.054830,0.003922,0.035581,0.425662
513,W,0.020711,0.002112,0.022139,0.258732
514,W,0.012751,0.003129,0.019181,0.380586
515,W,0.014575,0.001414,0.011151,0.516925
516,W,0.005728,0.000934,0.021801,0.831005
517,W,0.019162,0.000830,0.007388,1.178408
518,W,0.014591,0.000317,0.016950,0.550996
519,W,0.009464,0.000592,0.008783,0.550827
520,W,0.006967,0.003510,0.015712,0.424670
521,W,0.012399,0.001280,0.006906,1.037373
522,W,0.010767,0.000222,0.014233,0.295686
523,W,0.026120,0.000592,0.044281,0.360923
524,W,0.050754,0.001277,0.007765,0.680332
525,W,0.015026,0.000979,0.017699,0.654326
526,W,0.006518,0.002008,0.076888,0.765317
527,W,0.030832,0.000886,0.006843,0.506617
528,W,0.010993,0.001287,0.028511,0.417346
529,W,0.019425,0.001074,0.008581,0.326997
530,W,0.063464,0.000905,0.010626,0.367904
531,W,0.044449,0.001083,0.006556,0.170747
532,W,0.031788,0.001336,0.008685,1.487237
533,W,0.031739,0.001265,0.010465,0.535204
534,W,0.026076,0.002211,0.017649,0.612006
535,W,0.107194,0.000579,0.009713,0.553003
536,W,0.040597,0.001465,0.008840,0.573778
537,W,0.041996,0.000334,0.021558,0.458458
538,W,0.194649,0.005274,0.016020,0.262282
539,W,0.068708,0.000288,0.008423,0.734999
540,W,0.031154,0.000939,0.004181,0.526205
541,W,0.016361,0.002432,0.012141,1.151885
542,W,0.039823,0.000192,0.018878,0.656622
543,W,0.150079,0.001679,0.009688,0.556811
544,W,0.010529,0.000752,0.017823,0.264363
545,W,0.015009,0.001175,0.005740,0.322436
546,W,0.007591,0.001038,0.046775,0.527801
547,W,0.007904,0.001676,0.006243,0.548861
548,W,0.036912,0.001447,0.039210,0.507270
549,W,0.046703,0.001748,0.005627,0.665338
550,W,0.013153,0.001345,0.008126,0.410505
551,W,0.039698,0.001985,0.012678,0.104712
552,W,0.003334,0.002635,0.009731,0.355168
553,W,0.490560,0.001207,0.012802,0.458407
554,W,0.042211,0.005000,0.016549,0.773976
555,W,0.011394,0.000203,0.003491,0.566423
556,W,0.158424,0.001412,0.020345,0.492209
557,W,0.031635,0.000423,0.030583,0.421531
558,W,0.060718,0.002573,0.020371,0.592314
559,W,0.009313,0.001539,0.007299,0.668960
560,W,0.045914,0.001996,0.025227,0.560031
561,W,0.007852,0.001026,0.020632,0.527222
562,W,0.020920,0.001276,0.030599,0.036632
563,W,0.021678,0.003468,0.007559,0.492938
564,W,0.051922,0.001359,0.030947,0.626264
565,W,0.052823,0.003867,0.017335,0.626721
566,W,0.013403,0.001399,0.005964,0.475365
567,W,0.047213,0.001469,0.012388,0.737198
568,W,0.034543,0.004523,0.023083,0.434205
569,W,0.031638,0.007725,0.014061,1.268445
570,W,0.105634,0.001643,0.003933,1.025062
571,W,0.020988,0.001732,0.003839,0.984699
572,W,0.037321,0.005633,0.010435,0.869176
573,W,0.090338,0.001467,0.005648,0.676577
574,W,0.042320,0.003373,0.009641,0.645522
575,W,0.099175,0.000797,0.009991,0.728531
576,W,0.079457,0.000608,0.010560,0.565315
577,W,0.046191,0.003892,0.006533,0.825022
578,W,0.078998,0.002077,0.012401,0.804934
579,W,0.020554,0.000517,0.005586,0.821837
580,W,0.041346,0.002708,0.020923,0.497672
581,W,0.185524,0.001317,0.003929,0.692570
582,W,0.036486,0.001056,0.040933,0.576163
583,W,0.009939,0.000269,0.048859,0.160954
584,W,0.005402,0.000856,0.027715,0.173380
585,W,0.142078,0.001232,0.007205,0.208452
586,W,0.022914,0.000951,0.017471,0.339449
587,W,0.037998,0.002823,0.017445,0.165699
588,W,0.052299,0.000103,0.011262,0.308193
589,W,0.007143,0.001745,0.007526,0.417506
590,W,0.038995,0.002502,0.029193,0.315279
591,W,0.008738,0.001351,0.007807,0.354711
592,W,0.054928,0.004226,0.013824,0.161023
593,W,0.042277,0.000265,0.011011,0.615864
594,W,0.005869,0.000803,0.014799,0.193937
595,W,0.013548,0.001504,0.012369,0.331029
596,W,0.004379,0.000364,0.022252,0.963978
597,W,0.009602,0.001286,0.023291,0.417349
598,W,0.020331,0.004572,0.048854,0.387341
599,W,0.007568,0.000346,0.040528,0.180362
600,W,0.182736,0.001284,0.024670,0.311282
601,W,0.038932,0.002510,0.009264,0.263370
602,W,0.008103,0.002920,0.023795,0.313638
603,W,0.140450,0.001721,0.009322,0.699371
604,W,0.142933,0.001813,0.016716,0.340369
605,W,0.040614,0.003521,0.006713,0.260208
606,W,0.018966,0.002871,0.005212,0.449167
607,W,0.017428,0.001803,0.005642,0.728153
608,W,0.023016,0.001325,0.029865,0.624029
609,W,0.144801,0.001134,0.005574,1.228233
610,W,0.109152,0.002662,0.014698,0.926857
611,W,0.022616,0.001791,0.029771,0.964387
612,W,0.053350,0.001482,0.004757,0.825755
613,W,0.025898,0.001561,0.009955,0.687329
614,W,0.042018,0.000724,0.007583,0.849500
615,W,0.021229,0.001928,0.014075,0.424696
616,W,0.011136,0.000645,0.051984,0.850663
617,W,0.101495,0.001012,0.005578,0.568860
618,W,0.012561,0.000569,0.013244,0.442446
619,W,0.176255,0.002218,0.022093,0.713980
620,W,0.014289,0.008170,0.022968,0.218707
621,W,0.022986,0.001041,0.014831,0.559907
622,W,0.024655,0.002180,0.015644,0.625944
623,W,0.020006,0.002984,0.014836,0.512495
624,W,0.008120,0.001172,0.016820,0.906444
625,W,0.026506,0.003075,0.004894,0.691063
626,W,0.020617,0.000600,0.007195,0.387672
627,W,0.092228,0.005692,0.016369,0.694239
628,W,0.072510,0.001396,0.006000,0.816170
629,W,0.012341,0.006202,0.027498,0.785509
630,W,0.009952,0.000777,0.007648,1.052664
631,W,0.015987,0.002844,0.018418,0.613846
632,W,0.078621,0.000974,0.009889,0.533300
633,W,0.201110,0.005268,0.010791,0.722049
634,W,0.130332,0.001473,0.008685,0.540487
635,W,0.077524,0.000880,0.015572,1.203933
636,W,0.076720,0.001656,0.007983,0.686176
637,W,0.015940,0.000649,0.006460,0.335476
638,W,0.054611,0.000538,0.011025,0.998203
639,W,0.077326,0.000192,0.007099,0.321315
640,W,0.109984,0.003148,0.004790,0.845396
641,W,0.021055,0.001568,0.012668,0.563115
642,W,0.022235,0.008313,0.012097,0.560296
643,W,0.031803,0.002475,0.010112,0.769811
644,W,0.032189,0.003003,0.008035,0.477191
645,W,0.029137,0.001497,0.035832,0.923925
646,W,0.041601,0.003350,0.013912,0.820121
647,W,0.072647,0.001887,0.004806,0.431249
648,W,0.101586,0.000594,0.005007,0.591118
649,W,0.143882,0.000048,0.004809,0.849523
650,W,0.025634,0.000641,0.011315,0.847074
651,W,0.044927,0.003343,0.013889,0.678924
652,W,0.016290,0.005672,0.016387,0.095759
653,W,0.155044,0.004553,0.029462,0.676649
654,W,0.064213,0.003877,0.014307,0.265200
655,W,0.014682,0.000855,0.003553,0.256141
656,W,0.187064,0.000479,0.031905,0.412182
657,W,0.074759,0.001925,0.024462,0.918795
658,W,0.008222,0.000100,0.007997,0.570858
659,W,0.026485,0.000280,0.010898,0.659117
660,W,0.015633,0.000547,0.017540,0.761899
661,W,0.012863,0.002274,0.024870,0.765081
662,W,0.067370,0.001040,0.034613,0.167604
663,W,0.063801,0.000078,0.003745,0.173264
664,W,0.024296,0.001966,0.005426,0.402938
665,W,0.012073,0.000768,0.066628,0.742390
666,W,0.030914,0.002957,0.032370,0.272700
667,W,0.141913,0.002434,0.017398,0.597291
668,W,0.028567,0.002679,0.010381,0.461309
669,W,0.230696,0.002682,0.006501,0.097501
670,W,0.004697,0.000443,0.005629,0.261250
671,W,0.086053,0.002612,0.020741,1.082800
672,W,0.036072,0.000792,0.032210,0.398441
673,W,0.009065,0.002491,0.011421,0.828696
674,W,0.005968,0.001351,0.029279,0.318583
675,W,0.018946,0.001076,0.009828,0.395465
676,W,0.011979,0.000747,0.019023,0.393383
677,W,0.016299,0.001338,0.011811,0.253686
678,W,0.038603,0.001404,0.005741,0.989309
679,W,0.103960,0.000413,0.008483,0.566770
680,W,0.040215,0.001537,0.012972,0.909523
681,W,0.212992,0.004413,0.009068,0.648171
682,W,0.029905,0.014555,0.016925,0.347043
683,W,0.228165,0.007120,0.018715,0.783538
684,W,0.053574,0.000497,0.008172,0.866261
685,W,0.170442,0.000617,0.008243,0.613410
686,W,0.027984,0.000179,0.018975,0.390086
687,W,0.033029,0.000346,0.008022,0.624319
688,W,0.032398,0.000464,0.006824,0.412503
689,W,0.218635,0.002514,0.010915,0.655156
690,W,0.035045,0.000645,0.006198,0.902903
691,W,0.025415,0.000389,0.011041,1.222472
692,W,0.049558,0.000612,0.014145,0.814446
693,W,0.033233,0.000477,0.002139,0.639163
694,W,0.018451,0.000845,0.019183,0.241422
695,W,0.034551,0.001103,0.003807,0.784773
696,W,0.019623,0.000581,0.007374,1.441019
697,W,0.016457,0.000766,0.011967,0.833641
698,W,0.025371,0.000183,0.014758,0.331535
699,W,0.023770,0.000684,0.007898,0.231345
700,W,0.014837,0.001050,0.004450,0.867771
701,W,0.024874,0.000320,0.002816,0.990459
702,W,0.042931,0.001472,0.007202,0.359094
703,W,0.133762,0.005124,0.009982,1.095055
704,W,0.061706,0.001291,0.005790,0.645334
705,W,0.012663,0.002308,0.009931,0.622380
706,W,0.030726,0.002136,0.004763,0.540716
707,W,0.042750,0.001746,0.022081,0.852092
708,W,0.021093,0.001304,0.004982,0.367773
709,W,0.093269,0.000984,0.012066,0.240094
710,W,0.019141,0.000184,0.010424,0.883670
711,W,0.046539,0.001703,0.005309,0.493452
712,W,0.122692,0.001527,0.008557,0.753918
713,W,0.071876,0.001103,0.008734,1.021219
714,W,0.148035,0.000400,0.004862,0.696961
715,W,0.134505,0.001040,0.012555,0.736063
716,W,0.144684,0.000792,0.019771,1.458421
717,W,0.121728,0.000921,0.007097,0.537651
718,W,0.026451,0.000263,0.005889,0.552787
719,W,0.021813,0.001195,0.011847,0.605823
720,W,0.130425,0.000785,0.006376,0.811586
721,W,0.123878,0.001653,0.005668,0.712310
722,W,0.022717,0.006484,0.009203,0.506020
723,W,0.014026,0.004462,0.008605,0.501857
724,W,0.016124,0.003353,0.010680,0.335010
725,W,0.063091,0.000089,0.041906,0.135112
726,W,0.231462,0.002860,0.006586,0.166449
727,W,0.022663,0.001052,0.015318,0.537182
728,W,0.079948,0.000380,0.007100,0.393706
729,N1,0.090880,0.002074,0.016988,0.361669
730,N1,0.008258,0.002542,0.015264,0.102302
731,N1,0.131161,0.001216,0.007494,0.044286
732,N1,0.318235,0.001617,0.019758,0.232539
733,N1,0.010391,0.003602,0.016286,0.258507
734,N1,0.026755,0.006800,0.021202,0.293213
735,N1,0.006244,0.003688,0.010891,0.264293
736,N1,0.075552,0.002553,0.010162,0.085310
737,N1,0.012963,0.002604,0.005363,0.182552
738,N1,0.054734,0.001616,0.007619,0.251974
739,N1,0.044642,0.000972,0.005122,0.231456
740,N1,0.016063,0.003114,0.009278,0.131798
741,N1,0.108504,0.011832,0.023081,0.212007
742,N1,0.013137,0.003409,0.011783,0.165607
743,N1,0.016935,0.006097,0.012675,0.052255
744,N1,0.226255,0.000860,0.029176,0.067095
745,N1,0.039191,0.002291,0.008939,0.048572
746,N1,0.025354,0.001415,0.005890,0.074656
747,N1,0.007989,0.001918,0.010916,0.379852
748,N1,0.136312,0.003708,0.019128,0.017851
749,N1,0.015725,0.000890,0.007159,0.001456
750,N1,0.056130,0.004008,0.063044,0.222128
751,N1,0.047988,0.002963,0.009631,0.137880
752,N1,0.025287,0.007241,0.009442,0.171428
753,N1,0.021496,0.006256,0.022838,0.029772
754,N1,0.028778,0.002274,0.014094,0.146649
755,W,0.056163,0.001505,0.023268,0.129335
756,N1,0.100739,0.002046,0.009236,0.330627
757,N1,0.093536,0.003742,0.011122,0.222825
758,N1,0.007038,0.000763,0.003884,0.032863
759,N1,0.119811,0.001487,0.015169,0.153159
760,N1,0.027372,0.001421,0.020704,0.050577
761,N1,0.018471,0.002716,0.011693,0.000341
762,N1,0.065815,0.002533,0.018639,0.054506
763,N1,0.037202,0.007796,0.016428,0.516019
764,N1,0.089199,0.004100,0.025024,0.321929
765,N1,0.046553,0.008500,0.023650,0.483383
766,N1,0.041205,0.008013,0.024969,0.119702
767,N1,0.018065,0.008707,0.016668,0.140094
768,N1,0.013891,0.002161,0.013020,0.127086
769,N1,0.018859,0.006190,0.010668,0.007786
770,N1,0.014517,0.067595,0.101687,0.000000
771,N2,0.012743,0.006992,0.012205,0.134143
772,N2,0.004470,0.007630,0.033532,0.037865
773,N2,0.011279,0.003277,0.031212,0.247114
774,N2,0.049513,0.005844,0.036401,0.252621
775,N2,0.054224,0.012460,0.045276,0.132378
776,N2,0.030431,0.015880,0.051918,0.173149
777,N2,0.004617,0.017977,0.049498,0.017061
778,N2,0.091950,0.020125,0.131877,0.000000
779,N2,0.038253,0.039351,0.092012,0.000000
780,N2,0.033682,0.010768,0.055625,0.144113
781,N2,0.009872,0.024391,0.073966,0.253490
782,N2,0.048738,0.013959,0.109600,0.152054
783,N2,0.022397,0.009167,0.034324,0.040425
784,N2,0.010668,0.015883,0.034817,0.166483
785,N2,0.017153,0.008609,0.048952,0.195054
786,N2,0.022816,0.016365,0.070919,0.126836
787,N2,0.036102,0.015838,0.069639,1.009608
788,N2,0.026139,0.036248,0.051413,0.178627
789,N2,0.033699,0.017232,0.213721,0.155864
790,N2,0.006238,0.009983,0.029181,0.115698
791,N2,0.003450,0.005335,0.068286,0.134943
792,N2,0.002616,0.015596,0.092398,0.171161
793,N2,0.013520,0.005841,0.066349,0.006104
794,N2,0.021290,0.016662,0.033707,0.341425
795,N2,0.002428,0.007468,0.061301,0.027248
796,N2,0.004436,0.031391,0.083279,0.000000
797,N2,0.004634,0.028580,0.184139,0.000000
798,N2,0.000922,0.022533,0.095803,0.033971
799,N2,0.004458,0.021298,0.132534,0.172399
800,N2,0.001768,0.020143,0.072077,0.243973
801,N2,0.003680,0.006969,0.050147,0.070315
802,W,0.168658,0.003223,0.012741,0.125529
803,N2,0.002476,0.003939,0.014957,0.280765
804,N2,0.029359,0.007690,0.041491,0.077430
805,N2,0.001379,0.016741,0.129442,0.166989
806,N2,0.081215,0.018366,0.047350,0.113812
807,N2,0.032502,0.016814,0.078652,0.421435
808,N2,0.003614,0.008290,0.153939,0.009862
809,N2,0.029175,0.007466,0.047975,0.204916
810,N2,0.002462,0.006580,0.035128,0.108469
811,N2,0.054983,0.034269,0.069261,0.066104
812,N2,0.003576,0.016021,0.074478,0.089044
813,N2,0.009262,0.011876,0.113439,0.089728
814,N2,0.021862,0.012875,0.139424,0.353643
815,N2,0.004368,0.017583,0.200608,0.014182
816,N2,0.027706,0.006625,0.066877,0.034962
817,N2,0.007796,0.019973,0.148017,0.420551
818,N3,0.007229,0.010341,0.130049,0.028971
819,N3,0.031217,0.005256,0.079280,0.052326
820,N2,0.026433,0.018534,0.045572,0.230331
821,N2,0.008344,0.017579,0.065660,0.000000
822,N3,0.000659,0.014050,0.146167,0.164138
823,N3,0.003250,0.042329,0.047645,0.398288
824,N3,0.002690,0.005071,0.069833,0.078961
825,N2,0.001675,0.026508,0.159400,0.234715
826,N3,0.002393,0.012513,0.259345,0.208384
827,N3,0.006850,0.004261,0.060095,0.000000
828,N3,0.005497,0.021549,0.124401,0.055468
829,N2,0.019956,0.004461,0.089668,0.151490
830,N3,0.001834,0.001484,0.073344,0.114647
831,N3,0.000253,0.002751,0.020456,0.234498
832,N2,0.008293,0.016192,0.113379,0.028731
833,N3,0.001859,0.024927,0.172030,0.229267
834,N3,0.000181,0.003375,0.028502,0.106362
835,N3,0.001870,0.014721,0.049616,0.085192
836,N3,0.010193,0.010512,0.161056,0.088655
837,N3,0.005472,0.024456,0.147998,0.049475
838,N3,0.002481,0.003434,0.051197,0.383601
839,N3,0.003356,0.021576,0.070854,0.214994
840,N3,0.000294,0.014525,0.072457,0.256276
841,N3,0.000372,0.023043,0.329232,0.100544
842,N3,0.001367,0.011178,0.137755,0.346202
843,N3,0.002333,0.005010,0.113223,0.097646
844,N3,0.001039,0.019913,0.137222,0.034289
845,N3,0.016451,0.000273,0.006152,0.000000
846,N3,0.004303,0.017323,0.063360,0.032182
847,N2,0.039492,0.005718,0.078858,0.124842
848,N2,0.006902,0.001452,0.023609,0.105641
849,N2,0.083668,0.002243,0.029771,0.032264
850,N2,0.049398,0.001748,0.024758,0.097403
851,N2,0.006440,0.042995,0.085281,0.060377
852,N3,0.111578,0.010128,0.129146,0.122446
853,N2,0.008494,0.006629,0.038737,0.065519
854,N2,0.026260,0.001564,0.020936,0.037175
855,N2,0.005753,0.001880,0.060924,0.041385
856,N2,0.018634,0.011144,0.049547,0.215669
857,N2,0.018602,0.002499,0.017920,0.055131
858,N2,0.025181,0.011245,0.063817,0.171813
859,N2,0.040793,0.012593,0.075643,0.173450
860,N2,0.014925,0.011936,0.039757,0.000000
861,N2,0.013058,0.012097,0.107352,0.072939
862,N3,0.012709,0.028491,0.134708,0.058426
863,N2,0.032137,0.042056,0.059945,0.027483
864,N2,0.065413,0.004010,0.040935,0.205999
865,N2,0.052385,0.015817,0.138586,0.110292
866,N2,0.018180,0.020696,0.082196,0.146711
867,N1,0.045135,0.003338,0.026989,0.195926
868,N2,0.068186,0.078383,0.140645,0.081777
869,N2,0.037820,0.004732,0.012847,0.130610
870,N2,0.012470,0.010168,0.056450,0.269206
871,N2,0.003453,0.008327,0.051468,0.000000
872,N2,0.006077,0.007730,0.058616,0.240061
873,N2,0.029421,0.061932,0.089387,0.159036
874,N2,0.032783,0.013170,0.062480,0.037366
875,N2,0.170280,0.003615,0.025919,0.046430
876,N2,0.024159,0.008153,0.059691,0.072084
877,N2,0.013190,0.005949,0.072101,0.060121
878,N2,0.066924,0.006278,0.046653,0.030571
879,N2,0.008498,0.037689,0.093870,0.151625
880,N2,0.001327,0.002607,0.007311,0.022414
881,N2,0.062111,0.000365,0.024693,0.049010
882,N2,0.146082,0.008869,0.027448,0.000000
883,N2,0.062908,0.012615,0.047230,0.100765
884,N2,0.063504,0.008137,0.037880,0.139040
885,N2,0.035134,0.002876,0.009658,0.120250
886,N2,0.017661,0.005724,0.101212,0.016675
887,N2,0.007195,0.010949,0.041286,0.111526
888,R,0.019677,0.007491,0.024279,0.074987
889,N2,0.014010,0.009517,0.028521,0.010424
890,N2,0.050193,0.003209,0.025395,0.000000
891,N2,0.144780,0.009027,0.100375,0.000000
892,R,0.010849,0.005144,0.022852,0.237142
893,N2,0.053683,0.008091,0.024701,0.033173
894,N2,0.100487,0.009453,0.096769,0.124459
895,N2,0.047184,0.005061,0.051233,0.069216
896,N2,0.118062,0.004325,0.015361,0.167897
897,N2,0.038104,0.006865,0.035950,0.007079
898,N2,0.042752,0.008088,0.037239,0.055390
899,N2,0.015841,0.007787,0.051743,0.071956
900,N2,0.003089,0.010092,0.028088,0.081171
901,N2,0.035745,0.003006,0.029508,0.000000
902,N2,0.020386,0.009398,0.053343,0.155279
903,N2,0.051418,0.028688,0.094685,0.131875
904,N2,0.044420,0.025350,0.035933,0.031698
905,N2,0.007779,0.022728,0.050395,0.064495
906,N2,0.010421,0.010408,0.039093,0.254138
907,N2,0.015688,0.009191,0.054729,0.133801
908,N2,0.010953,0.008171,0.013273,0.074757
909,N2,0.007662,0.005933,0.039949,0.391125
910,N3,0.019246,0.026731,0.143682,0.078288
911,N2,0.011651,0.044652,0.082090,0.189734
912,N2,0.020307,0.004548,0.061238,0.062102
913,N2,0.005182,0.017316,0.076141,0.199550
914,N2,0.004113,0.009716,0.051779,0.333128
915,N2,0.011635,0.014702,0.053514,0.249711
916,N2,0.007374,0.003026,0.032259,0.052367
917,N3,0.002653,0.012300,0.114449,0.106938
918,N2,0.009031,0.010479,0.097808,0.134525
919,N2,0.002971,0.020579,0.048458,0.051960
920,N3,0.009969,0.020524,0.126123,0.242314
921,N3,0.005732,0.017887,0.097857,0.150985
922,N3,0.013862,0.022852,0.113111,0.007695
923,N3,0.003839,0.009645,0.146149,0.078952
924,N3,0.015996,0.010817,0.153495,0.373058
925,N3,0.000771,0.001446,0.029181,0.155620
926,N3,0.003355,0.124673,0.222065,0.352287
927,N2,0.015814,0.006550,0.040173,0.053268
928,N3,0.013030,0.013284,0.044509,0.092958
929,N3,0.005202,0.018074,0.061686,0.149514
930,N3,0.051933,0.007555,0.125013,0.154761
931,N3,0.006351,0.028656,0.266031,0.060278
932,N3,0.001388,0.018152,0.084519,0.000000
933,N2,0.001282,0.018325,0.061525,0.296630
934,N3,0.003787,0.023859,0.177310,0.117881
935,N3,0.024861,0.027239,0.049155,0.603079
936,N3,0.002411,0.028087,0.233742,0.146715
937,N3,0.015400,0.017442,0.088213,0.175571
938,N3,0.000615,0.016272,0.061196,0.151924
939,N3,0.005467,0.005492,0.035736,0.132868
940,N3,0.000855,0.033272,0.072364,0.040443
941,N3,0.004719,0.002146,0.027247,0.147858
942,N3,0.014545,0.019814,0.153163,0.309670
943,N3,0.000647,0.014874,0.051757,0.068901
944,N3,0.001640,0.016356,0.051775,0.169277
945,N3,0.004674,0.001331,0.031650,0.422116
946,N3,0.000722,0.014568,0.038902,0.352879
947,N3,0.003561,0.017999,0.086758,0.160573
948,N3,0.006938,0.033118,0.125572,0.379242
949,N3,0.008698,0.023198,0.129494,0.227099
950,N3,0.017299,0.000299,0.023217,0.343238
951,N3,0.000431,0.012436,0.101425,0.196999
952,N3,0.002097,0.041060,0.107826,0.000000
953,N3,0.001656,0.030504,0.105520,0.111847
954,N3,0.000569,0.015542,0.045281,0.351471
955,N3,0.000446,0.065642,0.082407,0.016848
956,N3,0.000607,0.006273,0.098277,0.042031
957,W,0.021687,0.003888,0.045490,0.148170
958,N2,0.069284,0.000897,0.028341,0.407756
959,N2,0.006651,0.006949,0.033960,0.161839
960,N2,0.016358,0.002444,0.069773,0.000000
961,N3,0.050089,0.005684,0.067402,0.095087
962,N2,0.043568,0.005833,0.063998,0.144923
963,N2,0.002954,0.012496,0.096757,0.127956
964,N2,0.003294,0.008648,0.058223,0.320428
965,N2,0.028182,0.009614,0.068323,0.055488
966,N2,0.005659,0.009368,0.080956,0.011395
967,N2,0.020904,0.019359,0.101871,0.108316
968,N2,0.002026,0.015267,0.147956,0.000000
969,N2,0.074983,0.003589,0.055082,0.114724
970,N2,0.030307,0.038780,0.149473,0.165293
971,N2,0.010099,0.010376,0.043673,0.231079
972,N2,0.017299,0.012233,0.082916,0.137082
973,N2,0.021721,0.009103,0.108155,0.002320
974,N2,0.005893,0.007324,0.127072,0.000000
975,N2,0.001448,0.031154,0.054613,0.062209
976,N2,0.001297,0.016167,0.129549,0.068613
977,N2,0.012502,0.012060,0.056693,0.255955
978,N2,0.006590,0.023779,0.116809,0.082559
979,N2,0.009939,0.012254,0.089068,0.082626
980,N2,0.024064,0.032168,0.097304,0.155329
981,N2,0.008859,0.026118,0.051701,0.011390
982,N2,0.008949,0.037771,0.139212,0.000000
983,N2,0.003898,0.014234,0.133850,0.068774
984,N2,0.002585,0.004446,0.052918,0.014911
985,N2,0.002962,0.019775,0.111298,0.099792
986,N2,0.003958,0.031035,0.336370,0.000000
987,N2,0.006166,0.009209,0.129415,0.000000
988,N2,0.009290,0.004986,0.076002,0.063932
989,N2,0.005011,0.008012,0.110111,0.000898
990,N2,0.015337,0.041202,0.131653,0.024597
991,N3,0.022192,0.005205,0.082508,0.070608
992,N2,0.013045,0.013451,0.058131,0.073240
993,N2,0.024106,0.008877,0.057003,0.293833
994,N2,0.004984,0.003893,0.054547,0.064337
995,N2,0.031628,0.007764,0.082599,0.102065
996,N2,0.018729,0.011189,0.045625,0.328694
997,N2,0.027859,0.010781,0.095074,0.216079
998,N2,0.003143,0.007919,0.046607,0.363092
999,N2,0.012842,0.013481,0.174699,0.053167
1000,N2,0.033909,0.019081,0.085146,0.060330
1001,N2,0.010909,0.004414,0.071563,0.064792
1002,N2,0.001478,0.005712,0.054710,0.037923
1003,N3,0.020930,0.008952,0.119027,0.078190
1004,N2,0.006768,0.008187,0.094988,0.064787
1005,N3,0.001329,0.022078,0.097920,0.198245
1006,N3,0.000981,0.026934,0.179965,0.086431
1007,N3,0.007138,0.008009,0.111927,0.000000
1008,N3,0.015226,0.038468,0.156813,0.083754
1009,N3,0.005991,0.047033,0.207310,0.165388
1010,N2,0.035217,0.020079,0.085030,0.026541
1011,N2,0.006411,0.011879,0.066205,0.125262
1012,N3,0.010630,0.028934,0.240478,0.031146
1013,N2,0.020248,0.006894,0.067099,0.027818
1014,N2,0.018813,0.022158,0.100793,0.268171
1015,N2,0.003160,0.002802,0.020665,0.104895
1016,R,0.124482,0.021830,0.086668,0.006929
1017,R,0.010132,0.015916,0.068465,0.175035
1018,R,0.059948,0.008011,0.049845,0.142146
1019,R,0.038685,0.002767,0.033235,0.269264
1020,N2,0.019026,0.001543,0.039771,0.000000
1021,N2,0.037907,0.003756,0.010322,0.199718
1022,R,0.007316,0.008409,0.016100,0.118329
1023,R,0.094017,0.005563,0.022885,0.031993
1024,R,0.057309,0.000826,0.027598,0.095087
1025,R,0.019123,0.006531,0.025151,0.172699
1026,R,0.011030,0.005352,0.014401,0.104570
1027,R,0.010779,0.005807,0.024520,0.107793
1028,R,0.005086,0.002837,0.016160,0.000000
1029,R,0.013086,0.004653,0.008106,0.025160
1030,R,0.048102,0.027464,0.030464,0.273238
1031,R,0.013412,0.001070,0.029378,0.023832
1032,R,0.021005,0.009858,0.026172,0.232181
1033,R,0.091133,0.003323,0.029648,0.233490
1034,R,0.005408,0.008629,0.017518,0.083074
1035,R,0.042099,0.006593,0.024996,0.155214
1036,R,0.045379,0.007207,0.043615,0.089878
1037,R,0.026350,0.002329,0.023451,0.055332
1038,R,0.018826,0.005533,0.018354,0.320979
1039,R,0.019569,0.008571,0.018838,0.126854
1040,R,0.013929,0.004084,0.012191,0.214136
1041,N1,0.138724,0.001711,0.009540,0.039220
1042,N2,0.084005,0.011281,0.031942,0.177933
1043,N2,0.030238,0.008724,0.034964,0.076645
1044,R,0.075683,0.005247,0.018810,0.129987
1045,R,0.009464,0.032076,0.052582,0.114308
1046,R,0.019866,0.005562,0.010774,0.190074
1047,R,0.043476,0.002668,0.022602,0.149835
1048,R,0.017102,0.008884,0.037078,0.050991
1049,R,0.027036,0.008190,0.039965,0.000000
1050,R,0.033723,0.002948,0.021175,0.106288
1051,W,0.033417,0.003073,0.020394,0.162784
1052,N1,0.024239,0.005519,0.012982,0.196453
1053,N2,0.092265,0.012127,0.057031,0.019981
1054,N2,0.086840,0.022350,0.045830,0.000000
1055,N2,0.053832,0.010497,0.070787,0.010520
1056,N1,0.027486,0.000779,0.019632,0.151527
1057,N1,0.009035,0.008936,0.021086,0.259693
1058,N2,0.031420,0.008670,0.028845,0.072436
1059,N2,0.095412,0.018547,0.031982,0.012305
1060,N2,0.005735,0.006731,0.033376,0.015592
1061,N2,0.045438,0.004302,0.037147,0.092467
1062,N2,0.051960,0.013127,0.136261,0.111184
1063,N2,0.009323,0.020187,0.042053,0.315240
1064,N2,0.029600,0.092478,0.140380,0.018743
1065,N2,0.056357,0.007200,0.046883,0.000000
1066,N2,0.005225,0.012681,0.063770,0.359697
1067,N2,0.008664,0.021299,0.084401,0.106918
1068,N2,0.010252,0.022802,0.097989,0.032663
1069,N1,0.038178,0.009104,0.051541,0.350704
1070,N1,0.016346,0.010781,0.048455,0.170175
1071,N2,0.010397,0.013412,0.045031,0.000000
1072,N2,0.015102,0.020354,0.055288,0.226070
1073,N2,0.023421,0.015030,0.065720,0.138694
1074,N2,0.027443,0.008635,0.082166,0.089682
1075,N2,0.056302,0.022282,0.143376,0.387071
1076,N2,0.011709,0.028651,0.057000,0.003709
1077,N2,0.027973,0.015094,0.093252,0.131161
1078,N2,0.010364,0.026272,0.068476,0.175219
1079,N2,0.019506,0.008866,0.057221,0.012055
1080,N2,0.019958,0.010940,0.028001,0.072075
1081,N2,0.019067,0.010844,0.072617,0.007283
1082,N2,0.035720,0.025053,0.071101,0.051055
1083,N2,0.046370,0.048602,0.120140,0.041920
1084,N2,0.022197,0.013364,0.088403,0.119485
1085,N2,0.006268,0.018790,0.057995,0.251921
1086,N2,0.002031,0.018302,0.068838,0.207157
1087,N2,0.063763,0.011890,0.095473,0.193105
1088,N3,0.013516,0.009913,0.132437,0.027276
1089,N2,0.043820,0.003089,0.055347,0.000000
1090,N2,0.011328,0.004631,0.067745,0.142185
1091,N2,0.038725,0.013819,0.086256,0.000000
1092,N2,0.052285,0.008754,0.096867,0.044279
1093,N2,0.042795,0.013465,0.034212,0.103115
1094,N2,0.015253,0.004449,0.075939,0.119301
1095,N2,0.022929,0.006887,0.020259,0.000000
1096,N2,0.040771,0.027736,0.079999,0.050715
1097,N2,0.082872,0.015645,0.057101,0.116795
1098,N2,0.036246,0.039192,0.084333,0.090449
1099,N2,0.006811,0.019052,0.080405,0.001445
1100,N2,0.007001,0.021085,0.050149,0.274217
1101,N2,0.008800,0.022428,0.114668,0.065067
1102,N2,0.008055,0.025551,0.126005,0.250313
1103,N2,0.023049,0.035433,0.084970,0.074821
1104,N2,0.013380,0.027387,0.088599,0.273368
1105,N2,0.043113,0.007662,0.041867,0.186841
1106,N2,0.008321,0.032669,0.051984,0.085397
1107,N2,0.022970,0.008621,0.055447,0.000000
1108,N3,0.001571,0.012012,0.047842,0.042841
1109,N3,0.105942,0.058826,0.116771,0.026582
1110,N2,0.013649,0.033452,0.092126,0.094973
1111,N2,0.022360,0.025551,0.066825,0.102574
1112,N3,0.007502,0.031845,0.088579,0.283578
1113,N3,0.008740,0.016541,0.059167,0.000000
1114,N2,0.004046,0.020385,0.062453,0.102962
1115,N2,0.048293,0.034360,0.092879,0.083985
1116,N2,0.005031,0.019352,0.079760,0.186854
1117,N3,0.019933,0.043445,0.062849,0.279985
1118,N2,0.020585,0.001558,0.010178,0.126337
1119,N2,0.001089,0.005969,0.071415,0.133059
1120,N3,0.009558,0.015723,0.035842,0.325767
1121,N3,0.001870,0.016569,0.092458,0.129370
1122,N3,0.003236,0.000730,0.053559,0.198761
1123,N2,0.012728,0.036034,0.125893,0.339192
1124,N2,0.003087,0.002042,0.023743,0.069949
1125,N3,0.019359,0.003591,0.014145,0.283154
1126,N2,0.093659,0.007870,0.039994,0.051380
1127,N2,0.078637,0.000395,0.011738,0.084240
1128,N2,0.022669,0.032263,0.056127,0.202765
1129,N2,0.133376,0.008303,0.101292,0.046834
1130,N2,0.020386,0.007229,0.047761,0.128807
1131,N2,0.009463,0.002351,0.044547,0.388906
1132,N2,0.042672,0.032504,0.056678,0.252226
1133,N2,0.015308,0.023075,0.084191,0.396767
1134,N2,0.009408,0.018930,0.047794,0.074076
1135,N2,0.026219,0.040789,0.072397,0.203894
1136,N2,0.010733,0.038524,0.115920,0.202271
1137,N2,0.013183,0.002989,0.035640,0.311448
1138,N3,0.117966,0.012708,0.116750,0.080756
1139,N3,0.017402,0.004180,0.068649,0.033684
1140,N2,0.013734,0.007841,0.044607,0.273395
1141,N2,0.035164,0.010863,0.036699,0.588653
1142,N2,0.027756,0.035933,0.127636,0.097383
1143,N2,0.004194,0.034349,0.109814,0.351133
1144,N2,0.041610,0.008816,0.022678,0.346008
1145,N2,0.023506,0.000600,0.030608,0.341910
1146,N2,0.007115,0.019111,0.060252,0.322014
1147,N2,0.087356,0.055084,0.070450,0.124556
1148,N2,0.007723,0.064194,0.148913,0.225623
1149,N2,0.089366,0.020278,0.070427,0.074540
1150,N2,0.007092,0.044225,0.085723,0.116956
1151,N2,0.022633,0.044185,0.053220,0.055722
1152,N2,0.012628,0.020740,0.041959,0.107848
1153,N2,0.011365,0.015868,0.062452,0.276181
1154,N2,0.009249,0.012239,0.100984,0.093404
1155,N2,0.007274,0.011055,0.047146,0.053286
1156,N2,0.002669,0.005418,0.072810,0.114719
1157,N3,0.006058,0.006302,0.053008,0.172498
1158,N2,0.063557,0.018624,0.060500,0.215838
1159,N2,0.006516,0.051301,0.314788,0.009367
1160,N2,0.007182,0.010110,0.092958,0.080640
1161,R,0.034537,0.005251,0.019904,0.012964
1162,N2,0.083752,0.003041,0.024726,0.110511
1163,N2,0.020138,0.044715,0.064432,0.013925
1164,R,0.079995,0.004753,0.024990,0.000000
1165,R,0.054254,0.006796,0.022594,0.052102
1166,R,0.007572,0.002925,0.011192,0.196869
1167,N2,0.213344,0.010421,0.044613,0.227288
1168,R,0.009183,0.125098,0.158959,0.286391
1169,R,0.005244,0.008385,0.034118,0.047858
1170,R,0.040734,0.005921,0.008188,0.213619
1171,R,0.028444,0.004833,0.018524,0.191446
1172,R,0.034145,0.002288,0.042060,0.000000
1173,R,0.060198,0.004430,0.020266,0.045336
1174,R,0.023670,0.006276,0.012380,0.117804
1175,R,0.028166,0.011835,0.034932,0.168822
1176,R,0.029259,0.008351,0.017776,0.025034
1177,N1,0.066191,0.002048,0.015184,0.057828
1178,N1,0.152669,0.002543,0.011450,0.509503
1179,N2,0.048879,0.049212,0.062938,0.074774
1180,N2,0.078493,0.006855,0.121966,0.051471
1181,N2,0.056286,0.016692,0.065512,0.214534
1182,N2,0.077013,0.003046,0.045860,0.092544
1183,N2,0.030931,0.045699,0.112532,0.534629
1184,N2,0.055255,0.018356,0.094535,0.125844
1185,N2,0.021846,0.004350,0.042540,0.138908
1186,N2,0.007054,0.004544,0.049777,0.163984
1187,N2,0.065869,0.009779,0.020340,0.068179
1188,N2,0.105944,0.003546,0.068480,0.019350
1189,N2,0.009169,0.012001,0.037417,0.032640
1190,N2,0.023677,0.018068,0.100178,0.000000
1191,N2,0.011874,0.001450,0.068606,0.219287
1192,N2,0.155446,0.010441,0.086580,0.169895
1193,N2,0.021209,0.013048,0.079045,0.114009
1194,N2,0.040873,0.006139,0.054933,0.030243
1195,N2,0.170053,0.033654,0.055092,0.086251
1196,N2,0.146423,0.012778,0.042559,0.074786
1197,N2,0.028409,0.006105,0.026205,0.156141
1198,N2,0.005778,0.004924,0.078919,0.000000
1199,N2,0.085179,0.050592,0.067591,0.000000
1200,N2,0.032936,0.037837,0.110253,0.352126
1201,N2,0.008954,0.003720,0.026644,0.252961
1202,N2,0.007162,0.012345,0.036748,0.063345
1203,R,0.007038,0.004569,0.015306,0.292868
1204,R,0.007256,0.002633,0.015456,0.218730
1205,R,0.040126,0.006728,0.021537,0.233384
1206,R,0.013140,0.004463,0.026985,0.416354
1207,R,0.054470,0.003188,0.015634,0.143099
1208,R,0.018463,0.002895,0.021723,0.000000
1209,R,0.006019,0.003580,0.013579,0.000000
1210,R,0.043017,0.002793,0.005937,0.032474
1211,R,0.018377,0.002352,0.018257,0.078951
1212,R,0.044627,0.005842,0.021721,0.018388
1213,R,0.011073,0.003565,0.013630,0.118550
1214,R,0.007386,0.003995,0.013451,0.114178
1215,R,0.032296,0.011377,0.070111,0.087068
1216,R,0.042617,0.003502,0.021952,0.050237
1217,R,0.029701,0.007844,0.036988,0.012113
1218,R,0.017432,0.013449,0.019084,0.046094
1219,R,0.016447,0.006655,0.046335,0.063471
1220,R,0.157867,0.004598,0.053194,0.020204
1221,N1,0.247787,0.006395,0.045060,0.010709
1222,N1,0.031254,0.002916,0.012830,0.000000
1223,N1,0.026633,0.003575,0.008178,0.000000
1224,N1,0.150388,0.003275,0.007907,0.194357
1225,N1,0.069646,0.002377,0.016099,0.090440
1226,N1,0.036729,0.003815,0.009651,0.313587
1227,N1,0.070369,0.001533,0.004851,0.017454
1228,N1,0.014505,0.009396,0.034002,0.114012
1229,N2,0.143738,0.011856,0.094171,0.000000
1230,N2,0.026282,0.007113,0.048348,0.135276
1231,N2,0.004537,0.013135,0.031605,0.023212
1232,N2,0.030866,0.003278,0.014133,0.185765
1233,N2,0.017731,0.010899,0.112908,0.031258
1234,N2,0.022598,0.053561,0.125381,0.121817
1235,N2,0.002532,0.012712,0.072145,0.392292
1236,N2,0.011339,0.015444,0.061110,0.125082
1237,N2,0.009977,0.016319,0.071810,0.215316
1238,N2,0.002569,0.015850,0.035628,0.253016
1239,N2,0.039017,0.006499,0.030292,0.069072
1240,N2,0.022246,0.011780,0.053698,0.040748
1241,N2,0.010864,0.030738,0.056374,0.032868
1242,N2,0.026272,0.014079,0.043568,0.062847
1243,N2,0.025147,0.025046,0.050773,0.032333
1244,N2,0.024247,0.013650,0.048412,0.048576
1245,N2,0.091052,0.010261,0.064201,0.000000
1246,N2,0.029408,0.036072,0.054196,0.200575
1247,N2,0.014800,0.007222,0.021493,0.138314
1248,N2,0.008182,0.010576,0.035349,0.009354
1249,N2,0.011061,0.016500,0.074973,0.205148
1250,N2,0.021928,0.016287,0.037581,0.203798
1251,N2,0.008925,0.012428,0.054607,0.031777
1252,N2,0.020094,0.015879,0.080109,0.263508
1253,N2,0.090068,0.026360,0.098428,0.011961
1254,N2,0.016622,0.002537,0.011822,0.000000
1255,N2,0.009930,0.047614,0.059980,0.036501
1256,N2,0.026250,0.019274,0.031606,0.107584
1257,N2,0.043478,0.031439,0.071570,0.093673
1258,N2,0.013705,0.018945,0.045394,0.042775
1259,N2,0.026309,0.012383,0.026853,0.202317
1260,N2,0.029225,0.019813,0.060147,0.000000
1261,N2,0.023774,0.008518,0.034173,0.050706
1262,N2,0.014159,0.009297,0.050078,0.001460
1263,N2,0.009932,0.007478,0.033852,0.012135
1264,N2,0.013569,0.024715,0.080549,0.067413
1265,N2,0.002767,0.019972,0.114415,0.029010
1266,N2,0.029396,0.017668,0.022007,0.013168
1267,N2,0.053143,0.004401,0.032180,0.322160
1268,N2,0.008761,0.007845,0.078565,0.036065
1269,N2,0.002940,0.006026,0.046579,0.079699
1270,N2,0.029900,0.009692,0.049964,0.036131
1271,N2,0.006027,0.020175,0.083719,0.193404
1272,N3,0.000822,0.003710,0.069746,0.000459
1273,N2,0.059493,0.021411,0.095800,0.101978
1274,N2,0.003601,0.007266,0.088459,0.271267
1275,N3,0.001400,0.002637,0.089124,0.126456
1276,N3,0.009182,0.002536,0.033821,0.049042
1277,N2,0.009694,0.006253,0.089529,0.041635
1278,N1,0.013186,0.004340,0.064565,0.195907
1279,N2,0.023118,0.006272,0.047204,0.329453
1280,N2,0.029574,0.004675,0.088580,0.002769
1281,N2,0.164881,0.005616,0.013722,0.026103
1282,N2,0.006545,0.004823,0.035244,0.105628
1283,N2,0.031865,0.049111,0.068223,0.000000
1284,N2,0.080358,0.011806,0.062926,0.057883
1285,N2,0.016124,0.043290,0.078521,0.000000
1286,N2,0.029939,0.023999,0.095632,0.017336
1287,N2,0.044437,0.049266,0.152114,0.020890
1288,N2,0.017902,0.093612,0.166127,0.226850
1289,N2,0.008052,0.013191,0.040492,0.184920
1290,N2,0.018353,0.011498,0.092532,0.720222
1291,N3,0.155428,0.045302,0.137295,0.296449
1292,N2,0.048884,0.029316,0.093592,0.085661
1293,N2,0.006690,0.016441,0.103407,0.117390
1294,N2,0.008436,0.016028,0.061810,0.077040
1295,N2,0.013678,0.088933,0.144703,0.086547
1296,N2,0.003352,0.011324,0.071435,0.049435
1297,N2,0.020466,0.025707,0.102052,0.000000
1298,N2,0.002497,0.021442,0.062499,0.000000
1299,N2,0.003453,0.007746,0.076735,0.080986
1300,N3,0.015837,0.005090,0.070258,0.011467
1301,N2,0.009203,0.030730,0.082801,0.094316
1302,N2,0.018824,0.007990,0.074359,0.243600
1303,N2,0.080794,0.010970,0.098289,0.000000
1304,N3,0.018894,0.044696,0.181231,0.151022
1305,N2,0.032604,0.031380,0.043000,0.083307
1306,N2,0.030994,0.020197,0.087974,0.128325
1307,N2,0.010874,0.005162,0.033993,0.000000
1308,N2,0.027831,0.003260,0.027149,0.027989
1309,N3,0.006256,0.013154,0.069774,0.143437
1310,N3,0.001062,0.021001,0.062050,0.203128
1311,W,0.023170,0.000071,0.058172,0.233899
1312,N1,0.024317,0.005035,0.019715,0.013119
1313,N1,0.058112,0.008420,0.038101,0.128859
1314,N2,0.046082,0.028991,0.066024,0.015046
1315,N2,0.043680,0.027500,0.045441,0.150495
1316,N2,0.108894,0.002641,0.024472,0.142733
1317,N2,0.020019,0.010146,0.044060,0.141133
1318,N2,0.012972,0.009107,0.039109,0.029594
1319,N2,0.046885,0.014168,0.096475,0.079696
1320,N2,0.035783,0.008271,0.020006,0.079228
1321,N2,0.028392,0.046353,0.116558,0.175869
1322,N2,0.002610,0.023259,0.094876,0.123287
1323,N2,0.051104,0.014573,0.091688,0.026664
1324,N2,0.037818,0.049112,0.077747,0.068117
1325,N2,0.079493,0.005902,0.029633,0.260087
1326,N2,0.160385,0.006861,0.042542,0.215746
1327,N2,0.016603,0.016156,0.054693,0.067292
1328,N2,0.092289,0.018132,0.045244,0.060336
1329,N2,0.029154,0.013004,0.072040,0.070161
1330,N2,0.028769,0.005370,0.050360,0.171798
1331,N2,0.009948,0.006659,0.063006,0.020753
1332,N2,0.044134,0.006537,0.034647,0.000000
1333,N2,0.003942,0.008696,0.025603,0.142971
1334,N2,0.122129,0.007984,0.047032,0.118360
1335,N2,0.016049,0.008710,0.034780,0.077931
1336,N2,0.108206,0.039140,0.061601,0.220768
1337,N2,0.084698,0.021204,0.044448,0.119093
1338,N2,0.015769,0.004142,0.063143,0.139126
1339,R,0.030009,0.005028,0.020564,0.298671
1340,R,0.022087,0.001941,0.007795,0.188052
1341,R,0.030460,0.005035,0.019959,0.005460
1342,R,0.017495,0.004694,0.010322,0.228830
1343,R,0.013458,0.006623,0.031332,0.217613
1344,R,0.011033,0.001639,0.009800,0.113147
1345,R,0.031022,0.002598,0.007144,0.105087
1346,R,0.050653,0.007126,0.020251,0.051133
1347,R,0.174281,0.004570,0.015615,0.142315
1348,R,0.047859,0.005481,0.012124,0.120516
1349,R,0.054512,0.000455,0.012196,0.464163
1350,R,0.062386,0.004816,0.011868,0.159783
1351,N1,0.010892,0.003389,0.030555,0.000000
1352,N1,0.012427,0.001133,0.003321,0.366421
1353,R,0.045547,0.007225,0.015873,0.049351
1354,R,0.044717,0.008169,0.039916,0.170610
1355,R,0.037717,0.009152,0.018121,0.088690
1356,R,0.022885,0.006620,0.056306,0.099329
1357,R,0.031839,0.001968,0.012375,0.000000
1358,R,0.014899,0.007450,0.015337,0.011186
1359,R,0.005025,0.006445,0.016089,0.130098
1360,R,0.144558,0.002705,0.007497,0.193600
1361,N1,0.173039,0.009621,0.023948,0.018584
1362,N1,0.008472,0.002928,0.008307,0.073418
1363,N1,0.028390,0.009263,0.030221,0.261092
1364,R,0.055353,0.004320,0.026932,0.057309
1365,R,0.013010,0.005951,0.011164,0.051979
1366,R,0.005036,0.010542,0.045087,0.256177
1367,R,0.007380,0.002038,0.013271,0.000000
1368,R,0.017864,0.008379,0.021682,0.139984
1369,R,0.030809,0.004169,0.007953,0.088940
1370,R,0.013823,0.005216,0.021692,0.009004
1371,R,0.007055,0.006555,0.021196,0.064000
1372,R,0.140007,0.075581,0.105238,0.082074
1373,R,0.036355,0.001574,0.026517,0.140178
1374,R,0.029635,0.003776,0.010587,0.209290
1375,R,0.021460,0.004610,0.010577,0.382105
1376,R,0.004582,0.018263,0.052733,0.004662
1377,R,0.083056,0.004576,0.011093,0.462117
1378,R,0.013542,0.001432,0.022121,0.083933
1379,R,0.018317,0.001378,0.005736,0.149083
1380,R,0.014249,0.007396,0.038992,0.199901
1381,R,0.013717,0.014468,0.041111,0.476143
1382,R,0.038878,0.006536,0.014377,0.057189
1383,R,0.005927,0.007297,0.016271,0.163802
1384,R,0.041638,0.097761,0.119612,0.090064
1385,R,0.035933,0.007565,0.055775,0.042772
1386,R,0.039114,0.006348,0.031180,0.109016
1387,R,0.029156,0.001951,0.006625,0.320698
1388,R,0.109662,0.004518,0.007896,0.096915
1389,N1,0.252977,0.012326,0.019201,0.021560
1390,N1,0.027470,0.010985,0.042082,0.169076
1391,N1,0.024379,0.005604,0.014841,0.028772
1392,N1,0.104751,0.009475,0.016237,0.162322
1393,N1,0.050669,0.014214,0.021973,0.076160
1394,N2,0.049377,0.008999,0.027558,0.000000
1395,N2,0.097175,0.034323,0.057443,0.110286
1396,N2,0.049879,0.004768,0.056027,0.082777
1397,N2,0.035369,0.003558,0.034254,0.112487
1398,N2,0.028287,0.001537,0.014004,0.035507
1399,N2,0.020944,0.004106,0.012854,0.097973
1400,R,0.093323,0.005190,0.017275,0.049597
1401,R,0.021583,0.004421,0.011160,0.103033
1402,R,0.049224,0.004521,0.018613,0.011819
1403,R,0.006470,0.002465,0.010340,0.207011
1404,R,0.024119,0.003048,0.005122,0.183980
1405,R,0.048475,0.003169,0.016038,0.038152
1406,R,0.005313,0.007632,0.018286,0.065082
1407,R,0.058341,0.000393,0.011188,0.199694
1408,R,0.007718,0.003558,0.014232,0.069159
1409,R,0.012065,0.000402,0.004970,0.034496
1410,R,0.010350,0.007610,0.045507,0.279349
1411,R,0.016366,0.006748,0.014394,0.000000
1412,R,0.054065,0.001754,0.019762,0.000000
1413,R,0.024262,0.006300,0.024458,0.221574
1414,R,0.087711,0.004372,0.013649,0.133430
1415,R,0.048055,0.009053,0.024088,0.130303
1416,R,0.027343,0.010251,0.021078,0.073764
1417,N2,0.002236,0.055210,0.073891,0.200186
1418,R,0.018187,0.007122,0.020536,0.000000
1419,R,0.049238,0.006615,0.020692,0.107693
1420,R,0.154543,0.001558,0.046000,0.162585
1421,W,0.051799,0.002470,0.008986,0.073891
1422,N1,0.010331,0.001027,0.025597,0.065128
1423,N1,0.051731,0.013577,0.035058,0.003509
1424,N2,0.181429,0.008434,0.029848,0.000000
1425,N2,0.211861,0.011872,0.035279,0.066114
1426,N2,0.077602,0.008044,0.022738,0.207045
1427,N2,0.017002,0.007885,0.012196,0.005990
1428,N2,0.240852,0.010062,0.028716,0.008686
1429,N2,0.009683,0.002020,0.011458,0.073250
1430,N2,0.011797,0.003193,0.045377,0.067127
1431,N2,0.050755,0.010853,0.049376,0.094972
1432,N2,0.052764,0.017503,0.054141,0.000000
1433,N2,0.064269,0.010566,0.016646,0.059223
1434,N2,0.006103,0.017840,0.046192,0.222485
1435,N2,0.006309,0.025744,0.075414,0.063794
1436,N2,0.026216,0.002476,0.010459,0.078460
1437,N2,0.020119,0.033905,0.057375,0.044496
1438,N2,0.011377,0.010774,0.045503,0.141970
1439,N2,0.065698,0.016425,0.047344,0.082598
1440,N2,0.017867,0.038579,0.073429,0.307091
1441,N2,0.063314,0.021799,0.061374,0.086281
1442,N2,0.018634,0.061964,0.102271,0.069936
1443,N2,0.062114,0.007550,0.031074,0.086540
1444,N2,0.008886,0.024123,0.047150,0.047080
1445,N2,0.051210,0.020699,0.116421,0.000000
1446,N2,0.015669,0.023966,0.105645,0.047486
1447,N2,0.050658,0.019876,0.024343,0.080607
1448,N2,0.005521,0.039945,0.065681,0.065783
1449,N2,0.003262,0.011042,0.037271,0.163005
1450,N2,0.039073,0.006438,0.025283,0.104796
1451,N2,0.007273,0.006359,0.018641,0.053062
1452,N2,0.039726,0.009339,0.029290,0.288296
1453,N2,0.013491,0.029820,0.103733,0.151672
1454,N2,0.005115,0.011126,0.091898,0.019572
1455,N2,0.005488,0.009950,0.062007,0.055356
1456,N3,0.005488,0.015422,0.030612,0.375261
1457,N2,0.012268,0.018703,0.043030,0.454929
1458,N2,0.001405,0.019844,0.043348,0.130003
1459,N2,0.001869,0.019418,0.147169,0.524804
1460,N2,0.003891,0.029277,0.049835,0.198568
1461,N2,0.003380,0.004142,0.044970,0.142110
1462,N2,0.046037,0.014905,0.079714,0.013793
1463,N2,0.023224,0.005510,0.045031,0.136789
1464,N2,0.008087,0.014291,0.066232,0.202795
1465,N2,0.019100,0.023297,0.075751,0.278135
1466,N2,0.005962,0.018690,0.070772,0.204698
1467,N2,0.010864,0.005952,0.075520,0.162565
1468,N2,0.006989,0.017732,0.047091,0.078134
1469,N2,0.002001,0.014507,0.081226,0.049361
1470,N2,0.012752,0.014682,0.041464,0.036184
1471,N2,0.000682,0.023067,0.111484,0.223510
1472,N2,0.027473,0.004055,0.013302,0.081628
1473,N3,0.037111,0.000765,0.015891,0.287523
1474,N1,0.078066,0.000953,0.012350,0.181609
1475,N1,0.038449,0.007735,0.030032,0.020125
1476,N2,0.024250,0.023631,0.084539,0.635202
1477,N2,0.033699,0.007265,0.036270,0.000000
1478,N2,0.014602,0.000114,0.009114,0.049024
1479,N2,0.007661,0.001539,0.016659,0.258525
1480,N2,0.053141,0.008402,0.032791,0.158996
1481,N2,0.190990,0.007008,0.020967,0.172430
1482,N2,0.028307,0.011060,0.042489,0.181915
1483,N2,0.044436,0.028979,0.059360,0.049365
1484,N2,0.004994,0.034627,0.085510,0.060646
1485,N2,0.071713,0.003756,0.021753,0.103872
1486,N2,0.018892,0.014986,0.080229,0.049328
1487,N2,0.010081,0.036046,0.144386,0.227480
1488,N2,0.049773,0.021748,0.038892,0.238466
1489,N2,0.008197,0.002695,0.022766,0.257051
1490,N2,0.083456,0.004090,0.039457,0.251012
1491,N2,0.005654,0.006839,0.024068,0.069331
1492,N2,0.010654,0.018250,0.053409,0.141706
1493,N2,0.045454,0.070121,0.175244,0.110479
1494,N2,0.108743,0.015115,0.048412,0.078168
1495,N2,0.116699,0.010137,0.023942,0.347481
1496,N2,0.096409,0.009785,0.064933,0.114270
1497,N2,0.237974,0.006675,0.018775,0.021141
1498,N2,0.069373,0.016623,0.041110,0.094851
1499,N2,0.051598,0.006022,0.027323,0.181974
1500,N2,0.010056,0.008597,0.082745,0.034040
1501,N2,0.101850,0.000571,0.009874,0.367187
1502,N2,0.089504,0.007795,0.019750,0.131568
1503,N2,0.042356,0.012668,0.059954,0.000185
1504,N2,0.063762,0.001904,0.019652,0.247541
1505,N2,0.180822,0.007176,0.029887,0.071652
1506,N2,0.029388,0.011447,0.073955,0.138403
1507,N2,0.113326,0.018761,0.084205,0.076660
1508,R,0.011427,0.027858,0.066411,0.016950
1509,R,0.010926,0.002423,0.017919,0.498613
1510,R,0.099992,0.003626,0.011680,0.165981
1511,R,0.031551,0.008194,0.032390,0.264579
1512,R,0.044785,0.001759,0.013653,0.281283
1513,R,0.010754,0.001318,0.011363,0.177742
1514,R,0.020632,0.007151,0.017339,0.058940
1515,R,0.081607,0.002689,0.007906,0.042377
1516,R,0.012939,0.004698,0.020460,0.000000
1517,R,0.014775,0.006798,0.023489,0.155889
1518,R,0.020841,0.006226,0.016139,0.034795
1519,R,0.043668,0.012496,0.025807,0.216269
1520,R,0.142822,0.002680,0.019045,0.229625
1521,R,0.028312,0.005360,0.018761,0.023515
1522,R,0.007976,0.006732,0.041073,0.034641
1523,R,0.015752,0.001466,0.019586,0.037139
1524,R,0.021038,0.001323,0.029049,0.399134
1525,R,0.017140,0.009733,0.031231,0.141894
1526,R,0.010056,0.004525,0.019144,0.291856
1527,R,0.018399,0.002036,0.020148,0.000000
1528,R,0.057519,0.001574,0.008771,0.171054
1529,R,0.053070,0.001303,0.005638,0.291581
1530,R,0.031672,0.004406,0.013063,0.005694
1531,R,0.014687,0.005501,0.013335,0.000000
1532,R,0.018406,0.011049,0.047255,0.022173
1533,R,0.035307,0.003026,0.030876,0.065090
1534,R,0.011150,0.005892,0.017116,0.067711
1535,R,0.013733,0.005083,0.019284,0.130526
1536,R,0.016087,0.003767,0.009959,0.160195
1537,R,0.024862,0.001891,0.008857,0.804662
1538,R,0.043191,0.007204,0.027380,0.229646
1539,R,0.003393,0.002718,0.004138,0.050135
1540,R,0.003642,0.000620,0.002892,0.333749
1541,R,0.181698,0.004763,0.014741,0.145630
1542,R,0.008346,0.011127,0.026690,0.158271
1543,N1,0.272717,0.004070,0.032897,0.126936
1544,N1,0.014507,0.000967,0.011330,0.000000
1545,N1,0.008328,0.003571,0.013617,0.145358
1546,N2,0.021522,0.008699,0.033477,0.059531
1547,N2,0.100172,0.004505,0.012232,0.090996
1548,N2,0.004380,0.002466,0.012796,0.457773
1549,N2,0.008446,0.008970,0.025684,0.026334
1550,N2,0.027555,0.005020,0.018853,0.134367
1551,N2,0.055710,0.022156,0.063931,0.000000
1552,N2,0.006018,0.002920,0.008022,0.154727
1553,N2,0.049491,0.016721,0.068703,0.170804
1554,N2,0.005845,0.043951,0.069558,0.000000
1555,N2,0.002445,0.021047,0.058073,0.266372
1556,N2,0.029947,0.009315,0.043646,0.031770
1557,N2,0.034793,0.003546,0.015843,0.193588
1558,N2,0.011499,0.006046,0.017689,0.097572
1559,N2,0.046354,0.007099,0.034266,0.694848
1560,N2,0.054585,0.011046,0.042669,0.118635
1561,N1,0.094790,0.003330,0.007830,0.254462
1562,N1,0.021112,0.003849,0.018851,0.057371
1563,N2,0.032563,0.060842,0.073346,0.125747
1564,N2,0.081550,0.012921,0.074185,0.085056
1565,N2,0.018444,0.003448,0.021711,0.143320
1566,N2,0.019043,0.007801,0.030727,0.257658
1567,N2,0.013497,0.006358,0.082731,0.165687
1568,N2,0.006924,0.007428,0.029060,0.013671
1569,N2,0.028855,0.020618,0.057170,0.176405
1570,N2,0.011896,0.007352,0.037548,0.088764
1571,N2,0.005319,0.008568,0.061248,0.046373
1572,N2,0.019929,0.010355,0.097807,0.074160
1573,N2,0.081608,0.014861,0.031564,0.135278
1574,N2,0.101840,0.005504,0.025173,0.083345
1575,N2,0.002421,0.001324,0.024948,0.069922
1576,N2,0.024224,0.006628,0.040832,0.048659
1577,N2,0.197616,0.005858,0.054394,0.000000
1578,N2,0.005218,0.004000,0.020675,0.283156
1579,N2,0.023568,0.013407,0.028826,0.137656
1580,N2,0.027425,0.012201,0.016850,0.434689
1581,N2,0.010368,0.004032,0.031168,0.346283
1582,N2,0.197455,0.004080,0.073375,0.197373
1583,W,0.244661,0.005152,0.018187,0.097524
1584,W,0.045160,0.003692,0.024392,0.117243
1585,N1,0.062032,0.004274,0.013937,0.236883
1586,N1,0.085403,0.001684,0.010033,0.074375
1587,N1,0.010899,0.001061,0.007320,0.054030
1588,N1,0.009744,0.004723,0.018457,0.140281
1589,N2,0.005522,0.004711,0.055591,0.036858
1590,N2,0.054515,0.007141,0.031313,0.399242
1591,N2,0.019374,0.004064,0.009746,0.495897
1592,N2,0.161851,0.017597,0.028768,0.079889
1593,N2,0.007712,0.006775,0.026987,0.048151
1594,N2,0.033524,0.065204,0.090203,0.112018
1595,N2,0.004315,0.005128,0.018676,0.138822
1596,N2,0.012959,0.006819,0.023067,0.187824
1597,N2,0.028216,0.011549,0.023238,0.073468
1598,N2,0.011210,0.007837,0.028060,0.047320
1599,N2,0.013559,0.011494,0.021486,0.063635
1600,N2,0.080120,0.005374,0.024331,0.221799
1601,N1,0.047959,0.011145,0.043509,0.061146
1602,N1,0.033757,0.002609,0.009680,0.043250
1603,N2,0.034471,0.016801,0.069830,0.089220
1604,N2,0.006083,0.016177,0.070752,0.102930
1605,N2,0.048889,0.007148,0.032584,0.278410
1606,N2,0.010084,0.020116,0.084059,0.319222
1607,N2,0.109402,0.008746,0.054497,0.181750
1608,N2,0.050941,0.014084,0.018271,0.052188
1609,N2,0.067759,0.014214,0.069718,0.086993
1610,N2,0.109119,0.011983,0.033171,0.000000
1611,N2,0.027895,0.005841,0.021136,0.064549
1612,N2,0.019859,0.036051,0.067140,0.219227
1613,N2,0.148503,0.021427,0.022744,0.097823
1614,N2,0.108433,0.007513,0.101312,0.144522
1615,N2,0.249924,0.007426,0.043322,0.000000
1616,N1,0.152148,0.001443,0.023876,0.080746
1617,N1,0.078159,0.002436,0.026751,0.109271
1618,N1,0.039703,0.007407,0.019256,0.000000
1619,N2,0.230677,0.008039,0.042781,0.049567
1620,N2,0.014684,0.005655,0.024080,0.182504
1621,N2,0.035363,0.008759,0.051176,0.241049
1622,N2,0.003322,0.003804,0.083689,0.105524
1623,N2,0.009579,0.022484,0.047496,0.188739
1624,N2,0.424046,0.003307,0.035276,0.035205
1625,N2,0.015156,0.053578,0.066780,0.200692
1626,N2,0.021767,0.031254,0.037903,0.234662
1627,N2,0.002992,0.004183,0.019000,0.166385
1628,N2,0.069928,0.003707,0.046839,0.101256
1629,N1,0.243681,0.000390,0.022363,0.068842
1630,N1,0.008652,0.001571,0.023116,0.000000
1631,N1,0.080349,0.003872,0.006360,0.047120
1632,N1,0.032531,0.003392,0.013130,0.970780
1633,N1,0.007610,0.000731,0.003551,0.019310
1634,W,0.154921,0.003359,0.029034,0.040298
1635,W,0.007046,0.002686,0.027833,0.169554
1636,W,0.015887,0.000711,0.025252,0.209142
1637,W,0.041553,0.003970,0.033014,0.153287
1638,W,0.048058,0.002883,0.011439,0.917944
1639,W,0.069232,0.000507,0.038067,0.303022
1640,W,0.086547,0.000767,0.011059,0.231562
1641,W,0.035225,0.001710,0.017499,0.226779
1642,W,0.022828,0.002713,0.022727,0.295425
1643,W,0.387233,0.001648,0.010819,0.697257
1644,W,0.345959,0.000535,0.011786,0.659976
1645,W,0.064477,0.001306,0.007985,0.632212
1646,W,0.006380,0.000409,0.009319,0.432384
1647,W,0.091587,0.000828,0.045007,0.028528
1648,W,0.008854,0.000965,0.062206,0.305664
1649,W,0.044192,0.001839,0.010950,1.191429
1650,W,0.026179,0.000994,0.002584,0.404351
1651,W,0.014764,0.000651,0.013280,0.342169
1652,W,0.102157,0.001812,0.005185,0.631894
1653,W,0.018328,0.003867,0.024998,0.442598
1654,W,0.018608,0.004060,0.015136,0.454931
1655,W,0.020453,0.004258,0.010530,0.389947
1656,W,0.160099,0.004495,0.016782,0.924920
1657,W,0.011270,0.000772,0.014196,0.462759
1658,W,0.007024,0.001427,0.009826,0.542757
1659,W,0.023929,0.000401,0.030106,0.116538
1660,W,0.034722,0.002543,0.016437,0.647253
1661,W,0.039601,0.004482,0.016826,0.510825
1662,W,0.020510,0.006547,0.033754,0.815107
1663,W,0.076679,0.000555,0.004799,0.731712
1664,W,0.031636,0.000693,0.005775,0.730593
1665,W,0.052220,0.001803,0.014684,0.334005
1666,W,0.199211,0.001768,0.007732,0.828494
1667,W,0.017596,0.001136,0.006594,0.519628
1668,W,0.253201,0.000378,0.003787,0.286158
1669,W,0.089283,0.001387,0.009247,0.475094
1670,W,0.052768,0.000418,0.003602,0.766812
1671,W,0.008285,0.000257,0.002668,0.334297
1672,W,0.153461,0.002584,0.010844,1.052330
1673,W,0.172587,0.006974,0.011588,0.446034
1674,W,0.123767,0.002333,0.007781,0.917173
1675,W,0.051050,0.001708,0.006052,0.484644
1676,W,0.026388,0.004856,0.012562,0.320615
1677,W,0.065912,0.001447,0.004211,0.354748
1678,W,0.077607,0.001612,0.004256,0.508551
1679,W,0.184577,0.003770,0.006431,0.599687
1680,W,0.211471,0.002566,0.012836,0.837241
1681,W,0.079700,0.005428,0.017173,0.686140
1682,W,0.173078,0.002529,0.006398,0.216048
1683,W,0.061636,0.001761,0.010758,0.427079
1684,W,0.150939,0.003127,0.005365,0.519542
1685,W,0.018653,0.003363,0.009802,1.261191
1686,W,0.155221,0.000587,0.011444,0.669808
1687,W,0.053355,0.001533,0.005706,1.086030
1688,W,0.012617,0.002258,0.014896,0.524706
1689,W,0.055234,0.002529,0.015581,0.634990
1690,W,0.010458,0.000650,0.005861,0.756524
1691,W,0.031573,0.000781,0.003760,0.803760
1692,W,0.055390,0.000658,0.006777,0.639200
1693,W,0.016686,0.002482,0.019719,0.422097
1694,W,0.286950,0.002446,0.009439,0.892303
1695,W,0.035648,0.001073,0.002540,0.203824
1696,W,0.011537,0.001412,0.006827,0.435864
1697,W,0.088385,0.000546,0.009310,0.138504
1698,W,0.004845,0.001260,0.007980,0.746895
1699,W,0.044551,0.000374,0.002831,0.158503
1700,W,0.015352,0.000212,0.002112,0.739225
1701,W,0.019543,0.001398,0.013967,0.548993
1702,W,0.008417,0.000446,0.005066,0.414741
1703,W,0.178635,0.005934,0.017169,0.168820
1704,W,0.148352,0.000095,0.012363,0.760484
1705,W,0.049352,0.001387,0.002859,0.317795
1706,W,0.014717,0.000217,0.023328,0.495708
1707,W,0.140930,0.001812,0.006844,1.236386
1708,W,0.256983,0.001279,0.005014,0.738828
1709,W,0.014448,0.002859,0.005510,0.790723
1710,W,0.048198,0.004063,0.007882,0.603653
1711,W,0.067525,0.000217,0.007564,0.319412
1712,W,0.052561,0.004159,0.018369,0.215441
1713,W,0.020086,0.002781,0.026822,0.521686
1714,W,0.032393,0.003210,0.015269,0.528790
1715,W,0.018861,0.006061,0.010546,0.585576
1716,W,0.007818,0.001664,0.011892,0.272742
1717,W,0.147554,0.001513,0.011903,0.624197
1718,W,0.010300,0.001321,0.008605,0.539149
1719,W,0.100712,0.003839,0.026231,0.138990
1720,W,0.039578,0.001806,0.015448,0.489244
1721,W,0.020657,0.000315,0.020326,0.179548
1722,W,0.012627,0.000441,0.007582,0.708855
1723,W,0.027515,0.001708,0.004282,0.571587
1724,W,0.013025,0.001181,0.009350,0.316193
1725,W,0.030586,0.001783,0.014938,0.324878
1726,W,0.011421,0.001241,0.026647,0.455344
1727,W,0.005533,0.001216,0.005501,0.522919
1728,W,0.010637,0.001008,0.025625,0.201602
1729,W,0.021747,0.002328,0.014952,0.451310
1730,W,0.075417,0.002478,0.013507,0.911922
1731,W,0.016661,0.000250,0.008278,0.243336
1732,W,0.032458,0.003203,0.017250,0.156214
1733,W,0.024643,0.000817,0.019183,0.475753
1734,W,0.026213,0.000527,0.009573,0.132900
1735,W,0.024124,0.000878,0.012298,0.458056
1736,W,0.005992,0.000179,0.007714,0.331153
1737,W,0.020780,0.003026,0.023632,0.662142
1738,W,0.052574,0.000556,0.004445,1.227569
1739,W,0.033936,0.001670,0.012336,0.808805
1740,W,0.067133,0.002532,0.010047,0.688517
1741,W,0.114853,0.004234,0.012413,0.346750
1742,W,0.024414,0.001092,0.013632,0.279501
1743,W,0.021140,0.002324,0.006224,0.400350
1744,W,0.012085,0.002900,0.006732,0.836099
1745,W,0.137666,0.002068,0.005159,0.106267
1746,W,0.033406,0.000400,0.015068,1.017983
1747,W,0.013511,0.000852,0.009360,0.764084
1748,W,0.019438,0.002980,0.005248,0.656260
1749,W,0.032969,0.004093,0.005306,0.298256
1750,W,0.182188,0.002486,0.011528,0.201924
1751,W,0.044947,0.006968,0.007855,0.793060
1752,W,0.165420,0.000201,0.004187,0.262241
1753,W,0.166229,0.001778,0.006678,0.142247
1754,W,0.348245,0.001176,0.006661,0.559393
1755,W,0.197679,0.003438,0.004617,0.606950
1756,W,0.013911,0.001713,0.003693,0.636041
1757,W,0.062115,0.003856,0.005893,0.296385
1758,W,0.082730,0.004694,0.023662,0.423260
1759,W,0.106732,0.002287,0.004388,0.608836
1760,W,0.254736,0.001366,0.005386,0.631628
1761,W,0.130171,0.001243,0.007790,0.636036
1762,W,0.322629,0.000773,0.002412,0.443772
1763,W,0.040247,0.002001,0.006579,0.221190
1764,W,0.291985,0.003262,0.009371,0.709373
1765,W,0.071064,0.002682,0.006414,0.273641
1766,W,0.084793,0.003274,0.023306,0.634620
1767,W,0.170854,0.000292,0.002818,0.512820
1768,W,0.120192,0.003037,0.011652,0.331299
1769,W,0.008542,0.004716,0.009258,1.356027
1770,W,0.120642,0.001721,0.004935,0.501515
1771,W,0.011395,0.002557,0.016199,0.378555
1772,W,0.266525,0.000344,0.005328,0.581440
1773,W,0.102220,0.002123,0.004553,0.444945
1774,W,0.335678,0.000289,0.042091,0.816610
1775,W,0.017317,0.002756,0.004763,0.735272
1776,W,0.014547,0.004370,0.010036,0.945845
1777,W,0.015092,0.001796,0.007857,0.408513
1778,W,0.037114,0.003328,0.006259,0.319615
1779,W,0.138728,0.002581,0.005571,0.317689
1780,W,0.099860,0.003309,0.006978,0.757809
1781,W,0.011648,0.006742,0.008830,0.760884
1782,W,0.100906,0.003466,0.005901,0.697939
1783,W,0.062458,0.001842,0.017321,1.599265
1784,W,0.094573,0.003907,0.009429,1.016443
1785,W,0.027290,0.003265,0.005439,0.536735
1786,W,0.018233,0.001602,0.006178,0.567606
1787,W,0.013483,0.000832,0.005522,1.167914
1788,W,0.018758,0.004039,0.010015,0.306005
1789,W,0.186767,0.001831,0.002322,0.468980
1790,W,0.021818,0.009325,0.014020,0.757095
1791,W,0.015731,0.002562,0.006072,1.005906
1792,W,0.079197,0.001547,0.005512,0.625087
1793,W,0.068577,0.000500,0.005058,0.546914
1794,W,0.040413,0.007114,0.009620,0.764874
1795,W,0.015457,0.004944,0.011343,0.790993
1796,W,0.112194,0.003121,0.011264,0.614901
1797,W,0.031862,0.001465,0.003085,0.268380
1798,W,0.023216,0.006787,0.010077,0.479672
1799,W,0.268080,0.004660,0.007061,0.777243
1800,W,0.043666,0.004340,0.009394,0.919948
1801,W,0.159853,0.001361,0.006555,0.346545
1802,W,0.168672,0.001733,0.011886,0.604237
1803,W,0.024503,0.005040,0.008067,0.533547
1804,W,0.026948,0.002657,0.006075,0.400715
1805,W,0.018146,0.002558,0.010026,0.641548
1806,W,0.034030,0.004921,0.007674,0.319802
1807,W,0.095614,0.003118,0.007626,0.095908
1808,W,0.024356,0.001324,0.003779,0.552920
1809,W,0.015023,0.001135,0.016346,0.276118
1810,W,0.405155,0.001178,0.005723,0.735008
1811,W,0.012016,0.006572,0.012605,0.588077
1812,W,0.186329,0.000297,0.004053,0.776314
1813,W,0.160771,0.002297,0.014059,0.618591
1814,W,0.012779,0.004056,0.008292,0.100004
1815,W,0.097330,0.003570,0.004667,0.355561
1816,W,0.042013,0.003012,0.009422,0.886413
1817,W,0.013973,0.002205,0.015432,0.727853
1818,W,0.006638,0.003299,0.009959,1.010953
1819,W,0.016413,0.001145,0.003951,0.760650
1820,W,0.042206,0.000133,0.004116,0.874897
1821,W,0.031120,0.000355,0.003562,0.563781
1822,W,0.043744,0.004531,0.007274,0.441073
1823,W,0.024279,0.002462,0.013186,0.747410
1824,W,0.192620,0.001335,0.010014,0.530211
1825,W,0.175254,0.001779,0.011065,1.087653
1826,W,0.025645,0.001196,0.013924,1.022700
1827,W,0.046867,0.000970,0.013657,0.322121
1828,W,0.026950,0.004248,0.012652,0.792535
1829,W,0.035293,0.000531,0.009806,0.291436
1830,W,0.174724,0.002039,0.034745,0.360490
1831,W,0.018082,0.001085,0.015099,0.541281
1832,W,0.093230,0.002336,0.020786,0.606533
1833,W,0.319313,0.001457,0.007747,0.400874
1834,W,0.004427,0.001248,0.077311,1.003670
1835,W,0.079977,0.002648,0.006123,0.600023
1836,W,0.013973,0.000345,0.004555,0.362731
1837,W,0.088701,0.000442,0.003151,0.685225
1838,W,0.013468,0.000533,0.012305,0.688247
1839,W,0.010217,0.002747,0.004911,0.629432
1840,W,0.032745,0.001412,0.004668,1.052500
1841,W,0.036644,0.001470,0.005261,1.281490
1842,W,0.025932,0.000503,0.005449,0.608319
1843,W,0.235618,0.002615,0.011406,1.430496
1844,W,0.033561,0.001981,0.027621,0.583226
1845,W,0.028727,0.000198,0.005402,0.772145
1846,W,0.027522,0.003039,0.005849,0.618925
1847,W,0.014394,0.002509,0.014939,0.719776
1848,W,0.090814,0.002423,0.014465,0.965651
1849,W,0.044171,0.000818,0.009132,0.538245
1850,W,0.012174,0.005683,0.017124,0.543203
1851,W,0.269761,0.004515,0.010806,0.974312
1852,W,0.038109,0.000624,0.008715,0.199019
1853,W,0.204942,0.003488,0.013712,1.661882
1854,W,0.012822,0.001746,0.015223,0.362339
1855,W,0.050890,0.000540,0.013479,0.734758
1856,W,0.243240,0.005140,0.015026,0.325521
1857,W,0.214418,0.000833,0.011686,0.543558
1858,W,0.029249,0.000187,0.007043,0.686196
1859,W,0.024983,0.002978,0.015919,0.558559
1860,W,0.055162,0.003476,0.006557,1.134442
1861,W,0.021261,0.001591,0.009959,0.444710
1862,W,0.005547,0.002571,0.012429,0.985892
1863,W,0.009327,0.001941,0.008986,1.004778
1864,W,0.056515,0.001551,0.012064,0.633479
1865,W,0.066131,0.001474,0.010888,0.591978
1866,W,0.020038,0.002829,0.018328,1.035880
1867,W,0.038071,0.000792,0.006555,0.708500
1868,W,0.007825,0.003459,0.009827,0.495824
1869,W,0.011035,0.001671,0.004198,1.451089
1870,W,0.040632,0.004214,0.019278,0.563482
1871,W,0.020699,0.002128,0.004756,0.577611
1872,W,0.013499,0.000052,0.012129,1.086038
1873,W,0.024113,0.005323,0.014187,0.503638
1874,W,0.014713,0.005247,0.026895,0.281661
1875,W,0.264197,0.001775,0.013700,0.922720
1876,W,0.030831,0.000787,0.005040,0.374273
1877,W,0.021437,0.005369,0.011207,0.624356
1878,W,0.030581,0.002461,0.032634,0.459263
1879,W,0.017107,0.000530,0.016055,0.604455
1880,W,0.137398,0.000169,0.050846,0.305562
1881,W,0.207525,0.001068,0.011609,0.272526
1882,W,0.024844,0.002529,0.007970,0.190819
1883,W,0.033354,0.001063,0.003701,0.414255
1884,W,0.136061,0.001868,0.018856,1.055057
1885,W,0.035657,0.003952,0.009585,0.318930
1886,W,0.075388,0.001535,0.017760,0.874095
1887,W,0.038375,0.000939,0.021370,0.347035
1888,W,0.085945,0.002505,0.026118,0.544660
1889,W,0.117381,0.000366,0.019520,1.160237
1890,W,0.013806,0.000540,0.006128,0.752650
1891,W,0.021096,0.002928,0.011144,0.378230
1892,W,0.045450,0.000513,0.006447,0.614191
1893,W,0.080631,0.001661,0.005431,0.638038
1894,W,0.004824,0.001003,0.013274,1.202854
1895,W,0.017674,0.000853,0.004218,1.020778
1896,W,0.040851,0.000147,0.005840,0.346502
1897,W,0.037695,0.001781,0.022524,0.609051
1898,W,0.070788,0.000978,0.011929,0.701458
1899,W,0.169256,0.000034,0.017096,0.590670
1900,W,0.037439,0.000439,0.000917,0.812281
1901,W,0.285804,0.005271,0.007446,0.562637
1902,W,0.060479,0.010330,0.013230,0.574906
1903,W,0.138659,0.009308,0.017563,0.717569
1904,W,0.018422,0.002941,0.005506,0.480477
1905,W,0.026798,0.001256,0.004578,0.754703
1906,W,0.043601,0.000645,0.004760,0.775810
1907,W,0.027421,0.001798,0.006101,0.646119
1908,W,0.109030,0.001519,0.011670,0.964344
1909,W,0.136728,0.001427,0.036677,0.586380
1910,W,0.065445,0.002330,0.006645,1.161272
1911,W,0.038186,0.002702,0.006168,1.724954
1912,W,0.030521,0.011995,0.022768,0.562522
1913,W,0.082814,0.001593,0.016605,0.514388
1914,W,0.113100,0.000389,0.011028,1.426431
1915,W,0.003924,0.001683,0.005485,1.143390
1916,W,0.007864,0.006977,0.010125,0.713327
1917,W,0.063457,0.001298,0.002443,0.933473
1918,W,0.022085,0.003974,0.007339,0.853845
1919,W,0.025291,0.001935,0.004116,0.868369
1920,W,0.290147,0.002239,0.010938,0.563413
1921,W,0.047676,0.003102,0.007438,0.744290
1922,W,0.224402,0.003116,0.009219,0.838928
1923,W,0.010309,0.006317,0.008509,0.663157
1924,W,0.026965,0.000360,0.003778,0.656070
1925,W,0.013145,0.002326,0.006353,0.953217
1926,W,0.023904,0.002215,0.005094,0.894708
1927,W,0.022783,0.002047,0.011155,0.943788
1928,W,0.039847,0.000419,0.003786,1.182672
1929,W,0.026895,0.003027,0.011007,0.822811
1930,W,0.076247,0.000852,0.008182,0.441764
1931,W,0.036198,0.002155,0.004455,1.014348
1932,W,0.187215,0.002846,0.013310,1.301342
1933,W,0.068071,0.003009,0.014570,1.047269
1934,W,0.105945,0.003148,0.004400,0.882496
1935,W,0.015345,0.004356,0.007175,0.753367
1936,W,0.025158,0.002001,0.003511,0.527687
1937,W,0.041174,0.002873,0.006365,0.851690
1938,W,0.179036,0.003026,0.014845,0.515650
1939,W,0.029169,0.000706,0.007685,0.461549
1940,W,0.017513,0.002422,0.005433,0.568837
1941,W,0.017105,0.004310,0.007515,0.709807
1942,W,0.027054,0.004399,0.009167,0.830085
1943,W,0.048256,0.000398,0.006917,0.825746
1944,W,0.017522,0.000660,0.010946,1.020600
1945,W,0.186090,0.001758,0.010123,0.777284
1946,W,0.028621,0.000263,0.014135,0.749125
1947,W,0.070292,0.003248,0.010981,0.839082
1948,W,0.020211,0.000888,0.003954,0.988434
1949,W,0.073249,0.004637,0.027532,0.821117
1950,W,0.021249,0.000797,0.010302,0.385403
1951,W,0.041058,0.002917,0.007546,0.683720
1952,W,0.051253,0.000800,0.010932,0.923613
1953,W,0.012141,0.002872,0.006795,1.013364
1954,W,0.011156,0.001311,0.013370,0.817010
1955,W,0.206419,0.002878,0.011783,0.682418
1956,W,0.053586,0.006718,0.007364,0.478083
1957,W,0.157091,0.003664,0.007466,0.435655
1958,W,0.059940,0.001903,0.006464,1.915639
1959,W,0.028185,0.002387,0.005772,0.686648
1960,W,0.133920,0.002007,0.024176,0.478352
1961,W,0.050358,0.001350,0.022326,0.821008
1962,W,0.031764,0.001390,0.077191,0.380412
1963,W,0.241687,0.000558,0.009627,0.517239
1964,W,0.019942,0.002419,0.010157,0.425550
1965,W,0.013006,0.001728,0.006233,0.675945
1966,W,0.019910,0.005438,0.010623,0.451452
1967,W,0.012641,0.007051,0.009215,0.555958
1968,W,0.018991,0.008247,0.010473,0.744804
1969,W,0.059811,0.003476,0.014626,0.666301
1970,W,0.046409,0.002058,0.007366,0.806092
1971,W,0.483329,0.003245,0.022873,0.275477
1972,W,0.037225,0.000509,0.016035,0.848031
1973,W,0.018187,0.002827,0.008906,0.376798
1974,W,0.007987,0.000492,0.015917,0.576309
1975,W,0.011086,0.003818,0.008943,0.763355
1976,W,0.096179,0.003709,0.020552,0.561418
1977,W,0.026291,0.002202,0.005564,0.838276
1978,W,0.237459,0.004388,0.010758,0.868913
1979,W,0.161087,0.001895,0.007421,0.631776
1980,W,0.041502,0.006961,0.013729,0.827310
1981,W,0.030186,0.002475,0.004347,0.595833
1982,W,0.026765,0.003827,0.006416,0.714837
1983,W,0.019027,0.002750,0.007401,0.688869
1984,W,0.045665,0.000769,0.011682,0.766248
1985,W,0.034340,0.002056,0.008772,0.703794
1986,W,0.033334,0.000787,0.025110,0.884767
1987,W,0.123837,0.001231,0.019714,0.327610
1988,W,0.053827,0.000148,0.004794,0.716129
1989,W,0.019986,0.000212,0.017988,0.458431
1990,W,0.194713,0.001241,0.002276,1.110183
1991,W,0.039075,0.000194,0.035446,0.286640
1992,W,0.068531,0.000324,0.012496,0.174174
1993,W,0.137472,0.002559,0.010418,0.376876
1994,W,0.013319,0.000680,0.006170,0.703979
1995,W,0.009909,0.000336,0.006962,0.645004
1996,W,0.016840,0.002154,0.008527,0.620057
1997,W,0.008516,0.000618,0.003395,0.873275
1998,W,0.019257,0.003396,0.009285,0.548986
1999,W,0.027725,0.002143,0.010176,0.500750
2000,W,0.048720,0.000809,0.012603,0.779976
2001,W,0.152856,0.000039,0.002052,0.647185
2002,W,0.014683,0.001567,0.007250,0.471151
2003,W,0.074081,0.004831,0.005511,0.739702
2004,W,0.259272,0.001357,0.007315,0.840001
2005,W,0.029710,0.000482,0.002895,0.570441
2006,W,0.108307,0.003368,0.007815,0.622564
2007,W,0.011245,0.000091,0.007823,1.113101
2008,W,0.024091,0.002632,0.004947,0.594636
2009,W,0.169568,0.005948,0.012651,0.732752
2010,W,0.178241,0.002227,0.016132,0.613045
2011,W,0.021152,0.001458,0.001944,0.354077
2012,W,0.037099,0.003431,0.016109,0.576603
2013,W,0.161719,0.001479,0.010535,0.653936
2014,W,0.015717,0.003805,0.012607,0.563794
2015,W,0.043861,0.003171,0.003700,0.482570
2016,W,0.183288,0.001035,0.007740,1.345163
2017,W,0.012119,0.000500,0.013932,0.411548
2018,W,0.007906,0.001076,0.007511,0.377135
2019,W,0.017431,0.000741,0.006688,0.430412
2020,W,0.357539,0.000535,0.007689,0.417899
2021,W,0.066792,0.002135,0.024295,0.611513
2022,W,0.068958,0.004125,0.015847,1.002623
2023,W,0.020769,0.000239,0.002606,0.547145
2024,W,0.517066,0.001184,0.007985,0.975668
2025,W,0.169649,0.003154,0.008905,0.812042
2026,W,0.057547,0.007830,0.016210,0.138153
2027,W,0.446352,0.003496,0.042449,0.552415
2028,W,0.044183,0.001789,0.012075,0.382335
2029,W,0.028897,0.003832,0.012503,0.848867
2030,W,0.096356,0.000844,0.005011,0.383041
2031,W,0.012668,0.000860,0.012016,0.504324
2032,W,0.034343,0.000157,0.008236,0.826762
2033,W,0.031313,0.002421,0.008537,0.522202
2034,W,0.238119,0.000167,0.007745,0.515520
2035,W,0.020354,0.001882,0.013323,0.529287
2036,W,0.017780,0.008075,0.018280,0.391456
2037,W,0.056070,0.000291,0.015984,0.699467
2038,W,0.245709,0.001684,0.008911,0.411783
2039,W,0.408874,0.002714,0.006741,0.640448
2040,W,0.025556,0.003559,0.022233,0.923714
2041,W,0.207803,0.001799,0.006813,0.489556
2042,W,0.065639,0.001726,0.016202,0.587723
2043,W,0.049195,0.000831,0.011324,0.921843
2044,W,0.096163,0.000612,0.001043,0.992660
2045,W,0.429935,0.003506,0.024555,0.501559
2046,W,0.027605,0.002991,0.010664,0.517418
2047,W,0.106752,0.003881,0.009423,0.608154
2048,W,0.022727,0.003676,0.016336,0.259170
2049,W,0.040575,0.000017,0.007285,0.853408
2050,W,0.028621,0.001443,0.005654,1.029892
2051,W,0.012818,0.003184,0.004738,0.823389
2052,W,0.024892,0.001205,0.006719,0.749264
2053,W,0.031733,0.001835,0.013578,0.310633
2054,W,0.036974,0.000797,0.014292,1.073112
2055,W,0.073250,0.002068,0.028712,1.056073
2056,W,0.046824,0.000880,0.018920,0.630417
2057,W,0.013095,0.002943,0.006208,1.201148
2058,W,0.019724,0.001297,0.012218,0.841272
2059,W,0.005837,0.000758,0.052836,1.432827
2060,W,0.007227,0.001573,0.028429,1.327480
2061,W,0.006805,0.003761,0.013041,0.888313
2062,W,0.260901,0.000950,0.015498,0.509913
2063,W,0.094048,0.002340,0.024374,0.512146
2064,W,0.108874,0.001589,0.016248,0.218601
2065,W,0.037938,0.000974,0.010387,0.185325
2066,W,0.033992,0.000266,0.030996,0.480304
2067,W,0.008312,0.000340,0.013832,0.148420
2068,W,0.031018,0.000608,0.030789,0.532959
2069,W,0.007000,0.002820,0.037920,0.575527
2070,W,0.081000,0.000580,0.009106,0.505210
2071,W,0.027679,0.001748,0.012515,1.057734
2072,W,0.012694,0.000741,0.007372,1.092060
2073,W,0.028058,0.001126,0.013536,0.918925
2074,W,0.006410,0.001469,0.081059,0.942136
2075,W,0.003143,0.002086,0.039574,0.640707
2076,W,0.009241,0.000853,0.027235,0.554620
2077,W,0.006370,0.003477,0.007716,1.110599
2078,W,0.025641,0.002983,0.009142,1.012911
2079,W,0.116458,0.002134,0.015276,0.890411
2080,W,0.028567,0.002092,0.008030,1.095380
2081,W,0.018882,0.001812,0.003713,0.581424
2082,W,0.021502,0.004601,0.010548,0.428621
2083,W,0.013766,0.000905,0.016267,0.596988
2084,W,0.008144,0.003685,0.016528,0.652595
2085,W,0.044689,0.002406,0.012432,0.772802
2086,W,0.077333,0.000646,0.012298,0.610303
2087,W,0.065956,0.002139,0.006303,0.499412
2088,W,0.176184,0.000234,0.005832,1.231744
2089,W,0.032955,0.004981,0.016728,1.127172
2090,W,0.084627,0.001735,0.008340,0.735327
2091,W,0.011082,0.002001,0.015895,0.877145
2092,W,0.013971,0.000440,0.006882,1.334146
2093,W,0.097625,0.004256,0.008787,0.688893
2094,W,0.009782,0.000201,0.012996,0.513752
2095,W,0.068980,0.003056,0.008354,0.812947
2096,W,0.258956,0.000198,0.013292,0.576460
2097,W,0.011265,0.001392,0.009098,1.319067
2098,W,0.074277,0.002334,0.023528,1.032199
2099,W,0.148235,0.000843,0.012335,0.264129
2100,W,0.148275,0.000280,0.005482,1.011059
2101,W,0.027786,0.000158,0.003032,0.604360
2102,W,0.050605,0.000835,0.019113,0.552731
2103,W,0.028978,0.000684,0.032457,0.889795
2104,W,0.062230,0.003566,0.009469,0.650403
2105,W,0.031295,0.003272,0.006107,0.417408
2106,W,0.014794,0.001023,0.014759,0.513121
2107,W,0.020702,0.000074,0.010828,0.375719
2108,W,0.086929,0.001264,0.010080,0.342681
2109,W,0.011608,0.000548,0.005349,0.482644
2110,W,0.008213,0.000870,0.011040,0.128125
2111,W,0.008293,0.003070,0.020222,0.382064
2112,W,0.006479,0.000439,0.062019,0.496615
2113,W,0.017269,0.002426,0.048075,0.130839
2114,W,0.003840,0.002505,0.021726,0.340803
2115,W,0.026517,0.000283,0.004107,0.892055
2116,W,0.015433,0.000578,0.012353,1.110909
2117,W,0.040669,0.000743,0.004606,0.662010
2118,W,0.018430,0.003185,0.012598,0.688427
2119,W,0.054630,0.004768,0.010331,0.767469
2120,W,0.015961,0.000507,0.005791,0.952638
2121,W,0.086434,0.000034,0.004905,0.788923
2122,W,0.017717,0.008478,0.021765,0.537539
2123,W,0.017804,0.001324,0.030643,0.432828
2124,W,0.008632,0.002517,0.005159,0.903812
2125,W,0.063383,0.000037,0.008130,0.681527
2126,W,0.017981,0.000249,0.013468,0.822936
2127,W,0.074423,0.004533,0.005842,0.478261
2128,W,0.083471,0.000247,0.015239,0.747000
2129,W,0.053903,0.001815,0.013791,0.809597
2130,W,0.035229,0.002441,0.007251,0.682458
2131,W,0.109975,0.001235,0.005279,0.648947
2132,W,0.034369,0.003629,0.013057,0.305372
2133,W,0.035847,0.003332,0.007786,0.635210
2134,W,0.058768,0.000660,0.034269,0.094297
2135,W,0.031776,0.004826,0.015295,0.303557
2136,W,0.018499,0.001590,0.016335,0.696701
2137,W,0.011048,0.000419,0.024093,0.380797
2138,W,0.078692,0.001426,0.003640,0.863976
2139,W,0.038454,0.004184,0.007241,0.686269
2140,W,0.008728,0.002275,0.055361,1.017579
2141,W,0.008985,0.002323,0.020796,0.606035
2142,W,0.019518,0.000464,0.004661,0.954276
2143,W,0.063449,0.001412,0.017412,0.883518
2144,W,0.060385,0.001907,0.013426,1.135570
2145,W,0.030554,0.002978,0.020861,0.741275
2146,W,0.022379,0.000522,0.018722,0.476959
2147,W,0.012509,0.000363,0.008566,0.405746
2148,W,0.007651,0.001605,0.004312,0.713380
2149,W,0.015452,0.001834,0.014131,0.494957
2150,W,0.023777,0.000623,0.006002,1.086518
2151,W,0.044016,0.004681,0.015827,0.549516
2152,W,0.162285,0.000647,0.012623,0.523349
2153,W,0.029993,0.000519,0.006011,0.324992
2154,W,0.008800,0.001977,0.004926,0.268206
2155,W,0.047899,0.004246,0.013175,0.634623
2156,W,0.014777,0.003395,0.008627,0.986760
2157,W,0.034894,0.003015,0.009876,0.614327
2158,W,0.145084,0.001055,0.020116,0.761608
2159,W,0.273449,0.001656,0.006207,0.278965
2160,W,0.026208,0.002928,0.006764,0.949767
2161,W,0.005402,0.000960,0.011762,1.655345
2162,W,0.050893,0.000088,0.009425,0.803007
2163,W,0.012467,0.008991,0.012221,0.378119
2164,W,0.031703,0.001740,0.012992,0.645667
2165,W,0.010846,0.000506,0.007335,0.811832
2166,W,0.032487,0.004184,0.006084,0.382479
2167,W,0.192047,0.001746,0.006823,0.558643
2168,W,0.044473,0.000721,0.004732,0.737645
2169,W,0.044999,0.001663,0.016693,0.854609
2170,W,0.012573,0.001893,0.010521,0.418889
2171,W,0.071906,0.002780,0.007963,1.286373
2172,W,0.006852,0.000056,0.005816,0.332288
2173,W,0.047392,0.003048,0.005096,0.953919
2174,W,0.105109,0.002370,0.014958,0.441429
2175,W,0.059441,0.007103,0.007495,0.707173
2176,W,0.015031,0.007011,0.009661,1.099978
2177,W,0.009947,0.001308,0.004942,0.849324
2178,W,0.055714,0.006093,0.011385,0.790307
2179,W,0.329864,0.005750,0.008956,0.638672
2180,W,0.046500,0.005422,0.008705,1.021022
2181,W,0.013263,0.000785,0.007334,0.637161
2182,W,0.207340,0.007466,0.009417,0.792202
2183,W,0.041489,0.001537,0.008155,0.543541
2184,W,0.183984,0.000394,0.008893,0.668816
2185,W,0.261151,0.003116,0.005198,1.230059
2186,W,0.013362,0.000988,0.008787,0.649123
2187,W,0.029809,0.003255,0.006452,0.692716
2188,W,0.037533,0.000647,0.008679,0.813842
2189,W,0.020008,0.002388,0.007358,1.410248
2190,W,0.010915,0.002999,0.010460,0.793534
2191,W,0.128267,0.000026,0.003554,0.916048
2192,W,0.041278,0.004507,0.007712,0.567193
2193,W,0.154878,0.001151,0.005113,0.882698
2194,W,0.230038,0.001005,0.027844,0.598475
2195,W,0.024757,0.003093,0.007473,0.485394
2196,W,0.027574,0.001136,0.009621,0.557651
2197,W,0.051424,0.000076,0.009336,0.858982
2198,W,0.121559,0.002944,0.009275,0.220762
2199,W,0.049422,0.000748,0.011659,0.718083
2200,W,0.067616,0.001518,0.011105,0.926114
2201,W,0.019988,0.000843,0.010486,1.100099
2202,W,0.021225,0.004905,0.014289,0.665775
2203,W,0.030431,0.005951,0.009586,0.283111
2204,W,0.019111,0.003312,0.012699,0.783197
2205,W,0.011621,0.003192,0.005951,0.374630
2206,W,0.054454,0.002876,0.007898,0.966505
2207,W,0.091275,0.005262,0.011137,0.713739
2208,W,0.035399,0.001817,0.007393,0.674797
2209,W,0.032138,0.003939,0.008733,0.442520
2210,W,0.012570,0.008915,0.010126,0.804424
2211,W,0.037957,0.005104,0.007192,0.397482
2212,W,0.027918,0.001422,0.009587,0.646370
2213,W,0.027598,0.001943,0.027880,1.040329
2214,W,0.014700,0.004198,0.009772,0.725062
2215,W,0.221850,0.000656,0.011785,0.570970
2216,W,0.023988,0.006145,0.011144,1.012987
2217,W,0.010814,0.003057,0.008573,1.001836
2218,W,0.075297,0.004286,0.009069,0.338742
2219,W,0.028296,0.002910,0.005073,0.775348
2220,W,0.022034,0.002026,0.006810,0.400582
2221,W,0.021940,0.002145,0.007597,0.473650
2222,W,0.066500,0.003432,0.010580,0.574143
2223,W,0.031116,0.002668,0.006431,0.868353
2224,W,0.033488,0.004967,0.008914,0.323180
2225,W,0.028343,0.002316,0.009940,1.017001
2226,W,0.018189,0.005724,0.008824,0.397295
2227,W,0.024918,0.006660,0.014332,0.845624
2228,W,0.038729,0.006308,0.008131,0.541605
2229,W,0.015489,0.002731,0.007689,0.642896
2230,W,0.041038,0.005668,0.006262,0.928610
2231,W,0.016601,0.004627,0.009462,1.001252
2232,W,0.029874,0.001484,0.020140,0.520417
2233,W,0.021711,0.000443,0.004155,0.464352
2234,W,0.102494,0.004346,0.011939,0.418910
2235,W,0.036037,0.000685,0.005707,0.435591
2236,W,0.042548,0.002151,0.002510,0.567515
2237,W,0.034847,0.002573,0.007983,0.829774
2238,W,0.077979,0.004519,0.007178,0.806156
2239,W,0.022150,0.001664,0.015211,0.993866
2240,W,0.135505,0.005586,0.006017,1.042695
2241,W,0.021000,0.008439,0.011730,0.732388
2242,W,0.091481,0.000315,0.002933,0.828777
2243,W,0.018920,0.002505,0.019662,0.419892
2244,W,0.021642,0.002666,0.007162,1.344668
2245,W,0.154671,0.001205,0.002212,0.586199
2246,W,0.022827,0.000777,0.006233,0.754102
2247,W,0.020193,0.001789,0.004534,0.893805
2248,W,0.022361,0.000114,0.000490,0.618826
2249,W,0.016855,0.000497,0.003756,0.594836
2250,W,0.053607,0.003373,0.010180,0.455834
2251,W,0.020088,0.004968,0.009901,0.772367
2252,W,0.020687,0.004066,0.009493,0.414620
2253,W,0.049451,0.002686,0.005956,0.607377
2254,W,0.021133,0.004438,0.005303,0.694717
2255,W,0.064150,0.000632,0.009334,0.622682
2256,W,0.011923,0.003870,0.015630,0.440207
2257,W,0.011066,0.008475,0.014605,0.747945
2258,W,0.018841,0.001162,0.012958,0.661057
2259,W,0.024771,0.004714,0.010474,0.837371
2260,W,0.019871,0.000793,0.010519,0.496382
2261,W,0.092822,0.002216,0.004415,0.697804
2262,W,0.335539,0.002480,0.007513,0.458166
2263,W,0.014530,0.002084,0.025558,0.369778
2264,W,0.035585,0.001700,0.028125,0.549037
2265,W,0.063291,0.003922,0.009657,0.833378
2266,W,0.047806,0.000763,0.017608,0.574711
2267,W,0.149973,0.003628,0.008193,0.614771
2268,W,0.024186,0.005785,0.021224,0.961446
2269,W,0.358174,0.004617,0.034612,0.560537
2270,W,0.013860,0.002641,0.013748,0.993277
2271,W,0.063468,0.004931,0.016463,0.586495
2272,W,0.020393,0.002036,0.008220,0.816449
2273,W,0.133679,0.000734,0.013321,0.481717
2274,W,0.029593,0.007064,0.016312,1.174712
2275,W,0.043484,0.001253,0.029781,0.487938
2276,W,0.019560,0.001684,0.012544,0.940307
2277,W,0.028630,0.000714,0.007608,0.438990
2278,W,0.023335,0.000934,0.009672,0.760045
2279,W,0.015653,0.003138,0.006989,0.667758
2280,W,0.017254,0.007516,0.013116,0.548381
2281,W,0.028002,0.006283,0.012568,0.436873
2282,W,0.024035,0.001069,0.003945,0.727629
2283,W,0.020855,0.006160,0.010802,1.121456
2284,W,0.019612,0.007132,0.014970,1.034343
2285,W,0.013747,0.005100,0.012591,0.708352
2286,W,0.018150,0.004260,0.017232,0.846979
2287,W,0.027589,0.002879,0.006203,1.054318
2288,W,0.021586,0.001926,0.003756,0.853439
2289,W,0.039246,0.001871,0.006304,0.670731
2290,W,0.019828,0.005103,0.010945,0.810327
2291,W,0.014941,0.006549,0.007477,0.116448
2292,W,0.016929,0.000850,0.002763,0.372785
2293,W,0.030039,0.002074,0.008637,0.724677
2294,W,0.007601,0.000868,0.005731,0.988621
2295,W,0.075630,0.001882,0.004973,0.926673
2296,W,0.061184,0.006158,0.011409,0.506817
2297,W,0.026827,0.009549,0.017610,0.416217
2298,W,0.136785,0.003231,0.007671,0.753024
2299,W,0.021731,0.003523,0.008215,0.518833
2300,W,0.066560,0.000885,0.003576,1.143548
2301,W,0.049019,0.002652,0.003676,0.766099
2302,W,0.015539,0.004100,0.005715,0.878476
2303,W,0.044129,0.003810,0.006312,0.465502
2304,W,0.064828,0.005618,0.007206,0.677002
2305,W,0.180948,0.004883,0.009912,0.534308
2306,W,0.023279,0.003545,0.035729,0.607114
2307,W,0.030659,0.001028,0.014990,0.370689
2308,W,0.433442,0.001632,0.013108,0.490536
2309,W,0.033325,0.004612,0.022341,0.922519
2310,W,0.033308,0.005380,0.006203,0.622961
2311,W,0.027450,0.001416,0.005480,1.021268
2312,W,0.007100,0.003989,0.007100,0.946206
2313,W,0.030873,0.005475,0.009613,0.408187
2314,W,0.030716,0.011183,0.014477,0.674920
2315,W,0.013819,0.001640,0.004816,1.250851
2316,W,0.216843,0.004269,0.006069,0.444388
2317,W,0.041458,0.000057,0.008598,0.924598
2318,W,0.013543,0.001282,0.005203,1.190458
2319,W,0.091813,0.001281,0.003432,0.353949
2320,W,0.066958,0.003040,0.011996,0.697178
2321,W,0.006945,0.001427,0.020123,0.349084
2322,W,0.080694,0.004576,0.022133,0.570058
2323,W,0.225579,0.005096,0.021902,0.660513
2324,W,0.011915,0.000253,0.007569,0.521542
2325,W,0.010332,0.000393,0.021364,0.750908
2326,W,0.100293,0.001273,0.042318,0.462538
2327,W,0.016356,0.001332,0.017571,0.641720
2328,W,0.066562,0.000974,0.028059,1.028161
2329,W,0.035059,0.002121,0.006171,0.754773
2330,W,0.038408,0.002489,0.012262,0.531284
2331,W,0.041355,0.001571,0.006060,0.889998
2332,W,0.042089,0.001953,0.012379,0.547370
2333,W,0.244777,0.003339,0.017377,0.493715
2334,W,0.015013,0.001204,0.006113,0.418954
2335,W,0.028308,0.003009,0.010184,0.542781
2336,W,0.176103,0.004239,0.025071,0.597010
2337,W,0.025064,0.002546,0.015874,0.392328
2338,W,0.038423,0.001130,0.011653,0.729908
2339,W,0.008431,0.001323,0.041271,0.299364
2340,W,0.046101,0.004023,0.026489,0.405051
2341,W,0.005693,0.000196,0.031579,0.752968
2342,W,0.043320,0.000605,0.021304,0.610856
2343,W,0.011181,0.001070,0.014063,0.947665
2344,W,0.013511,0.000025,0.002650,0.357150
2345,W,0.056652,0.000974,0.012857,0.774761
2346,W,0.163601,0.001375,0.013370,0.528577
2347,W,0.022198,0.000341,0.003434,0.238094
2348,W,0.018851,0.000096,0.016275,0.566587
2349,W,0.111888,0.000795,0.007265,0.716524
2350,W,0.004064,0.001334,0.014094,0.502746
2351,W,0.005173,0.001785,0.027175,0.170492
2352,W,0.006140,0.000147,0.009028,0.812500
2353,W,0.006431,0.003120,0.018085,0.522013
2354,W,0.005887,0.000266,0.015966,0.741902
2355,W,0.009738,0.000818,0.026474,0.956901
2356,W,0.004192,0.000286,0.020116,1.197859
2357,W,0.008074,0.004870,0.039871,0.291945
2358,W,0.268198,0.001913,0.012314,0.601923
2359,W,0.007403,0.002312,0.044266,0.357419
2360,W,0.008224,0.005336,0.037407,0.308331
2361,W,0.006822,0.000946,0.010321,0.522254
2362,W,0.033527,0.000151,0.011144,0.639145
2363,W,0.006389,0.009414,0.024536,0.354119
2364,W,0.015256,0.001752,0.027528,0.395128
2365,W,0.004576,0.001142,0.031362,0.177263
2366,W,0.041895,0.004041,0.013235,0.500618
2367,W,0.093309,0.002233,0.009745,1.102194
2368,W,0.103784,0.000145,0.030528,0.468620
2369,W,0.037621,0.003936,0.036315,0.556342
2370,W,0.005799,0.001151,0.010602,0.865766
2371,W,0.027756,0.000369,0.029731,0.693646
2372,W,0.024632,0.000091,0.017534,0.868035
2373,W,0.021620,0.001098,0.050877,0.736399
2374,W,0.013363,0.001001,0.029677,0.542628
2375,W,0.046137,0.001763,0.007501,0.847345
2376,W,0.029202,0.002390,0.014717,0.679032
2377,W,0.057804,0.001152,0.003040,0.808061
2378,W,0.039918,0.001863,0.035648,0.469180
2379,W,0.003439,0.003398,0.032701,0.390838
2380,W,0.009321,0.002262,0.022314,0.596625
2381,W,0.006496,0.003165,0.044785,0.368997
2382,W,0.017239,0.000419,0.041801,0.529750
2383,W,0.011550,0.003744,0.033242,0.397590
2384,W,0.037732,0.000869,0.024909,0.523940
2385,W,0.011496,0.000538,0.018557,0.294644
2386,W,0.011664,0.000633,0.028571,0.497059
2387,W,0.041328,0.001786,0.019749,1.576277
2388,W,0.043823,0.000774,0.008091,0.670616
2389,W,0.059160,0.002259,0.004488,0.606474
2390,W,0.061623,0.003655,0.016381,0.647458
2391,W,0.025409,0.001259,0.016606,0.614903
2392,W,0.005669,0.000960,0.012584,0.491350
2393,W,0.047090,0.000390,0.030442,0.787359
2394,W,0.059321,0.001725,0.003421,0.864634
2395,W,0.094676,0.002516,0.008038,1.035269
2396,W,0.070944,0.009000,0.012334,0.831623
2397,W,0.080172,0.003680,0.005374,0.950638
2398,W,0.031132,0.002367,0.007576,0.820384
2399,W,0.127166,0.002934,0.009375,0.844784
2400,W,0.036279,0.001401,0.009609,0.487860
2401,W,0.026120,0.003226,0.005788,0.743734
2402,W,0.018327,0.002836,0.009609,1.026793
2403,W,0.038968,0.001822,0.004608,0.394655
2404,W,0.021928,0.003169,0.033318,0.258261
2405,W,0.035561,0.004250,0.009652,0.686315
2406,W,0.243799,0.001893,0.005382,0.642519
2407,W,0.030166,0.002904,0.025293,0.507863
2408,W,0.083209,0.000805,0.002209,1.082557
2409,W,0.026306,0.006732,0.010392,0.774685
2410,W,0.044426,0.002409,0.006216,0.316353
2411,W,0.044625,0.001917,0.007819,0.829554
2412,W,0.015423,0.004589,0.006125,1.154953
2413,W,0.015046,0.001606,0.003153,1.079162
2414,W,0.015695,0.000746,0.002004,1.193531
2415,W,0.011967,0.001190,0.011309,0.497632
2416,W,0.012828,0.002036,0.007373,0.447018
2417,W,0.013551,0.003996,0.007102,0.941456
2418,W,0.054859,0.007074,0.015095,0.171782
2419,W,0.039035,0.002283,0.011246,0.633100
2420,W,0.059568,0.000376,0.005944,0.730766
2421,W,0.015967,0.000652,0.005807,0.712402
2422,W,0.088297,0.002123,0.004281,0.720720
2423,W,0.012372,0.000152,0.013303,0.112908
2424,W,0.014203,0.004317,0.012988,0.631267
2425,W,0.032470,0.001898,0.007736,0.529486
2426,W,0.267979,0.001804,0.005447,0.724904
2427,W,0.097210,0.001758,0.015265,0.827689
2428,W,0.014800,0.000398,0.006527,1.192226
2429,W,0.011036,0.003060,0.015366,0.948108
2430,W,0.069204,0.000606,0.004847,1.650428
2431,W,0.019865,0.003208,0.008873,0.991934
2432,W,0.173098,0.001257,0.017914,1.014565
2433,W,0.010964,0.001549,0.013352,0.876991
2434,W,0.046737,0.002937,0.004495,0.674455
2435,W,0.127978,0.010739,0.018691,0.969157
2436,W,0.144725,0.001830,0.009365,0.676097
2437,W,0.075103,0.004156,0.007905,0.464899
2438,W,0.057039,0.001979,0.010020,0.679959
2439,W,0.085440,0.001038,0.038727,0.955491
2440,W,0.051823,0.000306,0.008988,0.732202
2441,W,0.074083,0.001069,0.004163,0.491323
2442,W,0.128762,0.010547,0.019725,0.704934
2443,W,0.108724,0.000337,0.007305,1.208109
2444,W,0.038915,0.004276,0.007425,0.386443
2445,W,0.056057,0.004215,0.013524,0.381182
2446,W,0.064478,0.003968,0.010208,0.381607
2447,W,0.067283,0.002225,0.009302,0.553544
2448,W,0.010669,0.000065,0.028732,0.699677
2449,W,0.008570,0.001005,0.014093,0.339509
2450,W,0.058065,0.000087,0.010867,0.580574
2451,W,0.062770,0.000805,0.010324,0.705462
2452,W,0.022657,0.001929,0.020741,0.631992
2453,W,0.019209,0.001053,0.003771,0.738731
2454,W,0.009619,0.001897,0.008574,0.597957
2455,W,0.006021,0.000310,0.018284,0.532783
2456,W,0.012751,0.000851,0.013628,1.054891
2457,W,0.042327,0.001305,0.003263,0.391489
2458,W,0.022194,0.001576,0.011990,0.527957
2459,W,0.051531,0.000269,0.013027,0.982494
2460,W,0.079339,0.005975,0.020175,0.749389
2461,W,0.010680,0.001740,0.005935,0.764028
2462,W,0.013811,0.004675,0.007437,0.585345
2463,W,0.055577,0.003214,0.005722,0.319654
2464,W,0.014598,0.006382,0.008397,0.725953
2465,W,0.019631,0.003251,0.009964,0.312768
2466,W,0.021775,0.010800,0.021239,0.273066
2467,W,0.138871,0.003931,0.006835,0.705358
2468,W,0.044733,0.004823,0.009296,0.942265
2469,W,0.024461,0.009760,0.015843,0.310864
2470,W,0.029285,0.010618,0.014073,1.192426
2471,W,0.064083,0.005365,0.007994,0.275748
2472,W,0.047543,0.003899,0.008728,0.797176
2473,W,0.016967,0.004422,0.007827,0.425947
2474,W,0.057194,0.001583,0.005664,0.646770
2475,W,0.047720,0.000830,0.005773,0.643340
2476,W,0.018967,0.003153,0.006037,0.891110
2477,W,0.030867,0.003016,0.004327,0.663424
2478,W,0.016656,0.002264,0.005506,0.920218
2479,W,0.024512,0.004229,0.007752,1.425129
2480,W,0.016076,0.005689,0.012035,0.462924
2481,W,0.024807,0.005007,0.014303,0.421485
2482,W,0.026112,0.011452,0.022111,0.203169
2483,W,0.085149,0.001751,0.010763,0.486771
2484,W,0.013745,0.005758,0.015919,0.534295
2485,W,0.033806,0.014103,0.018605,0.872144
2486,W,0.027946,0.000317,0.004787,0.822643
2487,W,0.030836,0.002967,0.005492,0.895279
2488,W,0.023452,0.001285,0.004934,0.636305
2489,W,0.034578,0.004226,0.016803,0.883484
2490,W,0.140488,0.002261,0.004380,0.752192
2491,W,0.015472,0.000957,0.005161,1.048088
2492,W,0.028475,0.003234,0.007331,1.010634
2493,W,0.028021,0.000556,0.002092,0.671806
2494,W,0.061674,0.006501,0.008614,1.441005
2495,W,0.063834,0.000612,0.010291,0.638764
2496,W,0.045029,0.007029,0.011569,0.824236
2497,W,0.030891,0.001180,0.003251,0.379832
2498,W,0.030280,0.010705,0.014389,0.180925
2499,W,0.023935,0.001425,0.011553,0.627291
2500,W,0.024692,0.002692,0.007199,0.677267
2501,W,0.022968,0.002056,0.006932,0.517490
2502,W,0.035702,0.006438,0.011845,0.349318
2503,W,0.021495,0.002835,0.005277,1.193710
2504,W,0.016224,0.002404,0.006825,0.979302
2505,W,0.050438,0.001540,0.004871,1.664059
2506,W,0.021263,0.001867,0.005581,0.743384
2507,W,0.062573,0.000736,0.006794,0.565972
2508,W,0.043260,0.000468,0.008754,0.506456
2509,W,0.051382,0.002548,0.004898,1.057326
2510,W,0.011899,0.000771,0.004431,0.561641
2511,W,0.103150,0.002888,0.005143,0.875364
2512,W,0.017358,0.007481,0.016963,0.591776
2513,W,0.071106,0.000960,0.001829,0.732933
2514,W,0.020562,0.001237,0.003247,0.955923
2515,W,0.034316,0.006684,0.011718,0.502788
2516,W,0.054656,0.006792,0.011229,0.286964
2517,W,0.014905,0.000880,0.006659,0.559192
2518,W,0.021074,0.001617,0.006605,1.780274
2519,W,0.011114,0.005055,0.006979,0.419710
2520,W,0.015662,0.009467,0.017596,0.598464
2521,W,0.078066,0.001687,0.010764,1.368996
2522,W,0.034406,0.007792,0.016904,0.793464
2523,W,0.021079,0.001616,0.004361,1.387884
2524,W,0.013249,0.002078,0.011410,1.108141
2525,W,0.080245,0.003735,0.004751,1.135035
2526,W,0.058389,0.004380,0.014186,0.689662
2527,W,0.029169,0.012006,0.020903,0.336020
2528,W,0.006251,0.005293,0.008682,0.555672
2529,W,0.016793,0.001126,0.007164,0.730521
2530,W,0.018258,0.001862,0.005826,1.033031
2531,W,0.012576,0.001390,0.004466,1.379104
2532,W,0.013595,0.002754,0.008344,1.344488
2533,W,0.026134,0.001332,0.004867,0.864301
2534,W,0.020326,0.002373,0.004665,0.678952
2535,W,0.017027,0.002518,0.005050,0.522907
2536,W,0.037041,0.006028,0.017433,0.844862
2537,W,0.105213,0.002935,0.014821,0.502085
2538,W,0.029118,0.000067,0.004198,0.390612
2539,W,0.012560,0.000395,0.008614,0.436482
2540,W,0.032520,0.005705,0.007677,0.802255
2541,W,0.017822,0.001186,0.002805,0.789069
2542,W,0.028344,0.000724,0.009918,0.733435
2543,W,0.016382,0.005692,0.016809,0.573314
2544,W,0.011934,0.000863,0.014459,0.538254
2545,W,0.032534,0.006743,0.013248,1.191673
2546,W,0.067936,0.000724,0.007669,0.474997
2547,W,0.023890,0.005550,0.017017,0.437713
2548,W,0.022346,0.006464,0.012018,0.655028
2549,W,0.016514,0.003709,0.005846,0.859089
2550,W,0.015210,0.002547,0.011383,0.813103
2551,W,0.029640,0.002201,0.006632,0.437330
2552,W,0.095453,0.008899,0.019333,0.800162
2553,W,0.017720,0.003336,0.009204,0.446503
2554,W,0.008585,0.006516,0.057334,0.483336
2555,W,0.014103,0.007790,0.017913,0.748964
2556,W,0.016658,0.001070,0.008106,0.276962
2557,W,0.057011,0.004351,0.008171,0.988532
2558,W,0.011382,0.006982,0.013522,0.812507
2559,W,0.077767,0.000402,0.001616,0.888268
2560,W,0.029885,0.004473,0.005509,0.473653
2561,W,0.055160,0.000532,0.007068,0.767525
2562,W,0.025578,0.002006,0.006585,1.322523
2563,W,0.030573,0.001260,0.003501,1.038052
2564,W,0.092684,0.001596,0.004691,0.454541
2565,W,0.022907,0.000951,0.010528,0.539734
2566,W,0.029196,0.002639,0.005665,0.844467
2567,W,0.021284,0.001401,0.004767,0.796654
2568,W,0.032050,0.006377,0.010231,0.583347
2569,W,0.021851,0.001023,0.006070,0.343644
2570,W,0.018017,0.001941,0.014280,0.543160
2571,W,0.031702,0.002158,0.003535,0.490544
2572,W,0.019078,0.001476,0.007690,0.627178
2573,W,0.187453,0.000571,0.002872,0.404125
2574,W,0.019698,0.000991,0.010887,1.183566
2575,W,0.067731,0.002545,0.005150,1.489533
2576,W,0.034204,0.001139,0.001745,0.558555
2577,W,0.024422,0.007043,0.014409,0.604481
2578,W,0.071820,0.003335,0.008119,0.494719
2579,W,0.106256,0.001519,0.006306,0.762481
2580,W,0.018517,0.002264,0.008749,0.551835
2581,W,0.059181,0.000984,0.005085,0.550548
2582,W,0.024746,0.002114,0.007980,0.618770
2583,W,0.027039,0.005444,0.015308,1.103960
2584,W,0.015493,0.008172,0.016292,0.684895
2585,W,0.019299,0.003316,0.004839,0.500810
2586,W,0.028137,0.005161,0.008341,0.691128
2587,W,0.012517,0.001584,0.009601,1.044665
2588,W,0.032202,0.001459,0.009022,0.727426
2589,W,0.025966,0.007247,0.008763,0.427471
2590,W,0.010299,0.005443,0.012524,0.714631
2591,W,0.023486,0.000258,0.006177,0.579531
2592,W,0.055134,0.004331,0.005602,0.497197
2593,W,0.025960,0.001093,0.006121,0.801459
2594,W,0.015901,0.000277,0.004669,0.396642
2595,W,0.012252,0.002259,0.003148,1.086204
2596,W,0.023851,0.001076,0.006658,0.881383
2597,W,0.048839,0.004049,0.007765,0.755153
2598,W,0.061274,0.003779,0.007345,0.314520
2599,W,0.020766,0.002298,0.006285,0.393467
2600,W,0.013448,0.002518,0.016545,0.337331
2601,W,0.013090,0.004261,0.007748,1.081971
2602,W,0.100814,0.000763,0.009913,0.757076
2603,W,0.087759,0.000659,0.006894,0.837934
2604,W,0.020485,0.004205,0.009242,0.743811
2605,W,0.020841,0.000842,0.002231,1.008792
2606,W,0.126449,0.001949,0.011846,0.685270
2607,W,0.146872,0.001356,0.012508,0.409915
2608,W,0.037183,0.000404,0.017118,0.810460
2609,W,0.034302,0.002401,0.010540,0.630985
2610,W,0.072711,0.001289,0.008594,0.288786
2611,W,0.319322,0.001558,0.004977,0.803227
2612,W,0.118104,0.000361,0.027584,0.788679
2613,W,0.017216,0.002262,0.010245,1.378985
2614,W,0.041787,0.000603,0.024189,1.125777
2615,W,0.081830,0.002590,0.015234,0.744565
2616,W,0.014270,0.002440,0.041648,0.746389
2617,W,0.109105,0.003352,0.023880,0.412414
2618,W,0.157193,0.000312,0.004441,1.297993
2619,W,0.081349,0.001221,0.014449,0.437277
2620,W,0.210564,0.000525,0.015073,0.278930
2621,W,0.045162,0.003124,0.019832,0.648880
2622,W,0.008409,0.000783,0.020198,0.470015
2623,W,0.015204,0.003983,0.016447,0.851529
2624,W,0.026242,0.000860,0.009040,0.494213
2625,W,0.011664,0.004674,0.031952,0.830140
2626,W,0.067534,0.000151,0.005280,0.537938
2627,W,0.086572,0.001242,0.012398,0.819171
2628,W,0.110421,0.003114,0.005984,1.174464
2629,W,0.021886,0.001836,0.010784,1.267853
2630,W,0.024124,0.000049,0.008347,0.412430
2631,W,0.014111,0.000943,0.030617,0.300324
2632,W,0.016442,0.001549,0.011454,0.657126
2633,W,0.034035,0.004300,0.008931,0.472994
2634,W,0.020630,0.005520,0.011929,0.802699
2635,W,0.094018,0.000196,0.013711,0.346224
2636,W,0.139746,0.003274,0.014043,0.426110
2637,W,0.024822,0.000363,0.005218,0.419866
2638,W,0.095285,0.002061,0.010741,0.754015
2639,W,0.007078,0.000892,0.009156,0.309761
2640,W,0.102757,0.000819,0.008173,0.748446
2641,W,0.010241,0.000359,0.019444,0.546456
2642,W,0.047390,0.002093,0.008916,0.598931
2643,W,0.016787,0.002410,0.019489,0.644894
2644,W,0.013730,0.003712,0.007979,0.620993
2645,W,0.019636,0.001571,0.014161,0.698140
2646,W,0.024547,0.002494,0.016735,0.383615
2647,W,0.034994,0.001308,0.024594,0.793194
2648,W,0.080990,0.002126,0.005331,0.502129
2649,W,0.040827,0.002225,0.007953,0.307500
2650,W,0.005004,0.000189,0.009788,0.271858
2651,W,0.005864,0.003661,0.016580,0.351188
2652,W,0.004739,0.003185,0.026792,0.477430
2653,W,0.280718,0.003197,0.017983,0.489680
2654,W,0.067653,0.000175,0.009415,0.763995
2655,W,0.049984,0.008174,0.013682,0.339861
2656,W,0.029000,0.000744,0.009719,0.714884
2657,W,0.020987,0.000295,0.012535,0.431737
2658,W,0.029475,0.001725,0.020982,0.776602
2659,W,0.018327,0.002673,0.024887,0.498969
2660,W,0.008742,0.000685,0.013607,0.310058
2661,W,0.036731,0.002489,0.006228,0.479872
2662,W,0.040290,0.003025,0.004947,0.629093
2663,W,0.071565,0.002088,0.005480,0.407500
2664,W,0.016901,0.003973,0.035694,0.503276
2665,W,0.032890,0.000863,0.035132,0.145021
2666,W,0.030655,0.002041,0.010223,0.468151
2667,W,0.012218,0.001460,0.004959,0.445013
2668,W,0.025148,0.000171,0.004533,0.352892
2669,W,0.033957,0.001064,0.006587,0.953602
2670,W,0.037129,0.001007,0.020525,0.658301
2671,W,0.035024,0.000914,0.012766,0.817803
2672,W,0.015952,0.000437,0.005216,1.066711
2673,W,0.020054,0.003968,0.015082,0.935195
2674,W,0.013000,0.004751,0.014912,0.746407
2675,W,0.010723,0.001550,0.012454,0.233774
2676,W,0.015449,0.000561,0.039631,0.783814
2677,W,0.036478,0.002173,0.010634,0.767145
2678,W,0.075159,0.001769,0.008462,0.834237
2679,W,0.034752,0.000393,0.007182,0.585273
2680,W,0.012998,0.001666,0.004351,0.388096
2681,W,0.071745,0.003786,0.007791,0.927826
2682,W,0.022557,0.000400,0.004372,0.589277
2683,W,0.030059,0.000425,0.003817,0.620975
2684,W,0.051336,0.000151,0.005118,0.961270
2685,W,0.017656,0.003241,0.012717,0.986256
2686,W,0.134899,0.001974,0.011664,0.583234
2687,W,0.035160,0.001147,0.004746,0.799872
2688,W,0.017777,0.000458,0.009161,0.548998
2689,W,0.011111,0.000936,0.004874,0.954892
2690,W,0.052304,0.000766,0.008785,0.513900
2691,W,0.010594,0.003060,0.008233,0.564898
2692,W,0.015904,0.001088,0.014205,0.360466
2693,W,0.046353,0.001156,0.007604,0.588643
2694,W,0.024153,0.004787,0.012237,0.662837
2695,W,0.018884,0.002655,0.010406,0.600402
2696,W,0.049135,0.001205,0.013600,1.408375
2697,W,0.019142,0.002154,0.003829,0.953318
2698,W,0.025748,0.003632,0.016252,0.651052
2699,W,0.012216,0.001566,0.008979,0.549629
2700,W,0.003989,0.000799,0.009462,0.405713
2701,W,0.021986,0.000397,0.029758,0.401631
2702,W,0.101764,0.000843,0.007726,1.000315
2703,W,0.008690,0.000171,0.008752,0.970849
2704,W,0.136987,0.004234,0.009105,0.893365
2705,W,0.008989,0.003156,0.009577,0.816233
2706,W,0.030494,0.006919,0.012443,0.996754
2707,W,0.133687,0.001522,0.011055,0.585008
2708,W,0.012732,0.001306,0.003209,1.002891
2709,W,0.030268,0.004358,0.024959,0.798857
2710,W,0.231754,0.003221,0.006171,0.571184
2711,W,0.089166,0.000553,0.003208,0.555249
2712,W,0.027672,0.001495,0.021904,0.597162
2713,W,0.013292,0.001031,0.005275,1.208943
2714,W,0.287941,0.000643,0.005796,0.473348
2715,W,0.014807,0.001565,0.009949,0.561550
2716,W,0.015658,0.002768,0.038712,0.681644
2717,W,0.097944,0.003800,0.010633,0.314995
2718,W,0.018074,0.001823,0.002727,0.539848
2719,W,0.032363,0.002074,0.033167,0.557122
2720,W,0.011696,0.003153,0.016991,0.398504
2721,W,0.028883,0.000512,0.005747,1.653525
2722,W,0.013592,0.001983,0.010422,0.220706
2723,W,0.040988,0.002704,0.012541,0.824242
2724,W,0.053228,0.001944,0.021127,0.425819
2725,W,0.006009,0.001336,0.033635,0.304725
2726,W,0.000597,0.001331,0.029124,0.428357
2727,W,0.014193,0.001054,0.012553,0.344389
2728,W,0.002853,0.002878,0.010321,0.418563
2729,W,0.004589,0.001575,0.015505,0.405071
2730,W,0.012694,0.000208,0.047885,0.474340
2731,W,0.015405,0.000070,0.041678,0.106527
2732,W,0.004496,0.001661,0.019999,0.117804
2733,W,0.005554,0.001597,0.011562,0.217269
2734,W,0.021226,0.001304,0.034791,0.423756
2735,W,0.002814,0.001091,0.040346,0.053477
2736,W,0.015027,0.000564,0.015670,0.228553
2737,W,0.003917,0.000159,0.045303,0.424251
2738,W,0.020537,0.001023,0.042819,0.192455
2739,W,0.007493,0.001477,0.053170,0.167103
2740,W,0.009929,0.000147,0.040474,0.588171
2741,W,0.011440,0.000071,0.045015,0.213713
2742,W,0.005285,0.002095,0.024699,0.268565
2743,W,0.006484,0.000411,0.041632,0.067644
2744,W,0.004539,0.002222,0.015379,0.299156
2745,W,0.003070,0.003851,0.055605,0.153233
2746,W,0.005792,0.001812,0.018545,0.083663
2747,W,0.013044,0.001210,0.067525,0.414779
2748,W,0.018046,0.001327,0.020918,0.135344
2749,W,0.003317,0.001201,0.021477,0.342875
2750,W,0.055686,0.002385,0.049504,0.361792
2751,W,0.030855,0.000956,0.020422,0.216731
2752,W,0.001434,0.003299,0.022339,0.554373
2753,W,0.048357,0.002481,0.011418,0.425826
2754,W,0.002056,0.006498,0.022585,0.066599
2755,W,0.004883,0.000777,0.009246,0.335116
2756,W,0.013364,0.000529,0.043830,0.563199
2757,W,0.006033,0.001341,0.031166,0.238227
2758,W,0.007935,0.001878,0.054306,0.215684
2759,W,0.019517,0.003667,0.024558,0.191032
2760,W,0.027207,0.000334,0.060468,0.297616
2761,W,0.005007,0.001043,0.023768,0.688884
2762,W,0.013745,0.001389,0.007083,0.447401
2763,W,0.002605,0.000311,0.053130,0.096467
2764,W,0.016372,0.000343,0.026393,0.445209
2765,W,0.006060,0.000876,0.042003,0.297356
2766,W,0.006476,0.003252,0.020558,0.129247
2767,W,0.004384,0.000099,0.014214,0.664512
2768,W,0.008914,0.001764,0.039971,0.042573
2769,W,0.022160,0.000187,0.033214,0.249523
2770,W,0.014779,0.001146,0.012186,0.034854
2771,W,0.060393,0.001012,0.043333,0.070206
2772,W,0.001298,0.000908,0.047919,0.372029
2773,W,0.040617,0.000204,0.043799,0.297745
2774,W,0.009166,0.001856,0.041219,0.171944
2775,W,0.009266,0.000451,0.032624,0.205845
2776,W,0.004550,0.003643,0.033556,0.164585
2777,W,0.002750,0.001202,0.011719,0.407138
2778,W,0.014394,0.004718,0.025837,0.481367
2779,W,0.053410,0.005271,0.015919,0.895022
2780,W,0.027840,0.002898,0.011125,0.184866
2781,W,0.072613,0.000319,0.016926,0.729525
2782,W,0.014265,0.001107,0.022133,0.288228
2783,W,0.003753,0.000486,0.027500,0.328332
2784,W,0.005688,0.000403,0.020070,0.837273
2785,W,0.010031,0.000536,0.062883,0.489930
2786,W,0.001359,0.000615,0.010173,0.293556
2787,W,0.004865,0.000943,0.018885,0.514954
2788,W,0.031934,0.001274,0.020699,0.445458
2789,W,0.005132,0.000200,0.038993,0.659329
2790,W,0.003080,0.000113,0.018790,0.303885
2791,W,0.020241,0.000282,0.014721,0.386611
2792,W,0.010053,0.001481,0.013460,0.861344
2793,W,0.010538,0.000991,0.027325,0.579360
2794,W,0.005480,0.001766,0.025591,0.632693
2795,W,0.072126,0.002301,0.037061,0.559150
2796,W,0.015327,0.000332,0.016430,0.318090
2797,W,0.035446,0.000950,0.068505,1.354589
2798,W,0.048791,0.002489,0.008067,0.490114
2799,W,0.009988,0.002182,0.028557,1.188488
2800,W,0.015751,0.002631,0.008365,0.493355
2801,W,0.011343,0.003317,0.035072,0.509915
2802,W,0.006315,0.000247,0.001347,0.931992
2803,W,0.004468,0.001108,0.026851,0.896411
0,W,0.077962,0.000513,0.023693,0.528288
1,W,0.010060,0.003462,0.008216,0.981475
2,W,0.020457,0.001357,0.017364,0.313822
3,W,0.035691,0.002304,0.025457,0.715406
4,W,0.035709,0.001563,0.012639,0.252948
5,W,0.006882,0.002128,0.012614,1.144557
6,W,0.016605,0.000814,0.008803,0.477297
7,W,0.007406,0.001084,0.035465,0.419411
8,W,0.006789,0.001036,0.020556,0.287523
9,W,0.016408,0.000483,0.032586,0.137455
10,W,0.001191,0.001962,0.035656,0.222926
11,W,0.018765,0.000303,0.019595,0.130492
12,W,0.007085,0.001461,0.041349,0.000000
13,W,0.054234,0.001261,0.025936,0.094539
14,W,0.014630,0.001137,0.027085,0.188661
15,W,0.006102,0.001735,0.035058,0.551979
16,W,0.015414,0.001201,0.018202,0.228739
17,W,0.043855,0.001217,0.013286,0.266095
18,W,0.046474,0.001576,0.021354,0.302356
19,W,0.037237,0.002127,0.013281,0.672274
20,W,0.001654,0.000939,0.021971,0.342699
21,W,0.003692,0.001252,0.010967,0.665746
22,W,0.007188,0.004620,0.075847,0.136760
23,W,0.010215,0.001506,0.017381,0.249652
24,W,0.028929,0.004441,0.028544,0.189615
25,W,0.006327,0.000896,0.019748,0.100076
26,W,0.001767,0.000379,0.016261,0.260567
27,W,0.013885,0.001387,0.009882,0.556020
28,W,0.001624,0.003384,0.073306,0.833832
29,W,0.008321,0.001390,0.026879,0.054956
30,W,0.012355,0.000335,0.019821,0.563348
31,W,0.004139,0.001184,0.028616,0.412318
32,W,0.006031,0.000251,0.015426,0.158753
33,W,0.008794,0.001765,0.038959,0.400855
34,W,0.023804,0.001023,0.011414,0.300152
35,W,0.004502,0.002081,0.013985,0.260457
36,W,0.012778,0.000130,0.021458,0.207533
37,W,0.027256,0.001074,0.030854,0.256576
38,W,0.026483,0.001240,0.015183,0.183560
39,W,0.005326,0.001203,0.038770,0.258684
40,W,0.005337,0.000933,0.039246,0.138676
41,W,0.004234,0.002704,0.052323,0.174163
42,W,0.020765,0.000710,0.022137,0.185482
43,W,0.011932,0.005659,0.022928,0.686942
44,W,0.002931,0.000604,0.025796,0.129103
45,W,0.008147,0.000361,0.045474,0.610190
46,W,0.001635,0.003341,0.023139,0.567297
47,W,0.006419,0.000130,0.066097,0.206118
48,W,0.012024,0.000603,0.039029,0.229589
49,W,0.005448,0.000696,0.020949,0.090492
50,W,0.007480,0.001223,0.035732,0.252852
51,W,0.005491,0.000537,0.025297,0.424874
52,W,0.002392,0.001265,0.057658,0.410249
53,W,0.024499,0.002398,0.054065,0.274063
54,W,0.003341,0.003627,0.024661,0.133698
55,W,0.011797,0.001765,0.011451,0.338714
56,W,0.002369,0.000150,0.029188,0.312967
57,W,0.007391,0.000123,0.005363,0.400785
58,W,0.006283,0.002049,0.019805,0.203767
59,W,0.012086,0.003014,0.021122,0.715479
60,W,0.002325,0.005160,0.044767,0.392619
61,W,0.017574,0.008903,0.095799,0.387088
62,W,0.001973,0.002044,0.031334,0.188447
63,W,0.003016,0.001745,0.043139,0.185120
64,W,0.009972,0.000634,0.022332,0.141856
65,W,0.001362,0.000787,0.020555,0.192809
66,W,0.000667,0.000558,0.016380,0.317679
67,W,0.007084,0.003546,0.016428,0.682238
68,W,0.001477,0.001523,0.076841,0.388948
69,W,0.012264,0.003528,0.010227,0.304182
70,W,0.004599,0.002331,0.026316,0.374913
71,W,0.000760,0.000007,0.040105,0.355173
72,W,0.008821,0.000291,0.018530,0.150594
73,W,0.013102,0.002135,0.006847,0.221964
74,W,0.001909,0.001027,0.060567,0.069450
75,W,0.001124,0.000699,0.022065,0.204812
76,W,0.000751,0.080370,0.125379,0.361945
77,W,0.004760,0.000547,0.045996,0.316161
78,W,0.008557,0.001175,0.033862,0.200345
79,W,0.023369,0.000948,0.046531,0.425404
80,W,0.037423,0.000881,0.038709,0.446524
81,W,0.008169,0.000853,0.020258,0.306993
82,W,0.011993,0.001282,0.014378,0.869352
83,W,0.011891,0.001364,0.031724,0.644661
84,W,0.007230,0.004500,0.004880,0.406358
85,W,0.014344,0.000694,0.007314,0.540913
86,W,0.026969,0.001001,0.034211,1.153332
87,W,0.048856,0.000884,0.019958,0.255556
88,W,0.011088,0.001086,0.010351,0.730275
89,W,0.007346,0.003119,0.026218,0.578992
90,W,0.015783,0.001867,0.006020,0.403337
91,W,0.084595,0.002259,0.005927,0.460431
92,W,0.006096,0.000181,0.009073,0.387775
93,W,0.097090,0.000681,0.009648,0.511155
94,W,0.036438,0.001942,0.007687,0.866458
95,W,0.057656,0.004416,0.028930,0.476893
96,W,0.003466,0.001737,0.047484,1.021762
97,W,0.028293,0.000992,0.020144,0.621801
98,W,0.028608,0.001846,0.010488,0.916680
99,W,0.005881,0.001288,0.029764,0.462918
100,W,0.050261,0.002523,0.020062,0.635384
101,W,0.076521,0.000194,0.012764,0.833989
102,W,0.044087,0.001758,0.036700,0.562813
103,W,0.043249,0.002310,0.017198,0.410008
104,W,0.042942,0.006346,0.011163,0.804622
105,W,0.043413,0.001218,0.007996,0.764882
106,W,0.016090,0.003158,0.011413,0.963672
107,W,0.015795,0.002734,0.018210,0.976955
108,W,0.024688,0.002537,0.041236,0.753856
109,W,0.003483,0.004225,0.037217,0.196992
110,W,0.023073,0.000450,0.004364,0.247744
111,W,0.029756,0.002114,0.007320,0.663970
112,W,0.050646,0.000748,0.007471,0.912178
113,W,0.007949,0.001684,0.010194,0.792035
114,W,0.003838,0.001093,0.022309,0.567477
115,W,0.009729,0.001526,0.018601,0.712739
116,W,0.058823,0.000541,0.005679,0.874150
117,W,0.008509,0.002739,0.023324,0.453198
118,W,0.092867,0.007106,0.022449,0.567302
119,W,0.008164,0.000243,0.010126,0.457832
120,W,0.005608,0.001456,0.015420,0.838746
121,W,0.010016,0.001928,0.015744,0.701896
122,W,0.046790,0.001126,0.012649,0.416571
123,W,0.004433,0.000619,0.050091,0.661186
124,W,0.012349,0.002081,0.028474,0.511173
125,W,0.005168,0.002877,0.016104,1.192454
126,W,0.010410,0.000990,0.024493,0.232859
127,W,0.007405,0.001339,0.031992,0.905513
128,W,0.021190,0.003012,0.028620,0.633734
129,W,0.013315,0.002623,0.018538,0.342752
130,W,0.147255,0.001039,0.011878,0.352739
131,W,0.096505,0.000068,0.018789,0.652366
132,W,0.009359,0.001223,0.004791,0.355992
133,W,0.043122,0.003013,0.008962,0.841331
134,W,0.102607,0.000827,0.011969,1.429550
135,W,0.010979,0.005021,0.008278,0.938187
136,W,0.026010,0.003379,0.026302,0.357596
137,W,0.016642,0.000486,0.013608,0.672601
138,W,0.002865,0.000285,0.045077,0.705922
139,W,0.002309,0.000640,0.007972,0.298549
140,W,0.010384,0.000253,0.052292,0.566953
141,W,0.006619,0.002222,0.014336,0.685269
142,W,0.007412,0.000238,0.025174,0.432625
143,W,0.112209,0.002456,0.012007,0.591647
144,W,0.072877,0.000898,0.042749,0.747855
145,W,0.038072,0.001564,0.017872,0.537199
146,W,0.003055,0.001272,0.025805,0.628214
147,W,0.018158,0.000264,0.011620,0.340792
148,W,0.025898,0.000206,0.019632,0.144944
149,W,0.029376,0.001731,0.076277,0.522313
150,W,0.021070,0.000678,0.013344,0.737232
151,W,0.008798,0.000735,0.028013,0.328478
152,W,0.001142,0.003329,0.012131,0.913469
153,W,0.051193,0.002196,0.010986,0.619276
154,W,0.005623,0.005797,0.021436,0.573147
155,W,0.019520,0.001022,0.023102,1.240781
156,W,0.002684,0.002326,0.076158,0.438033
157,W,0.011084,0.000511,0.027465,0.606231
158,W,0.060293,0.002413,0.015180,0.398698
159,W,0.003090,0.004027,0.021062,0.759122
160,W,0.010354,0.000511,0.006380,0.632106
161,W,0.031090,0.001387,0.016115,0.705353
162,W,0.016090,0.005179,0.038537,1.033711
163,W,0.018673,0.002149,0.016854,0.420963
164,W,0.009909,0.003883,0.030413,0.193072
165,W,0.010599,0.000884,0.027420,0.249120
166,W,0.007151,0.003271,0.010188,0.522384
167,W,0.002507,0.000192,0.015836,0.145881
168,W,0.002600,0.000323,0.011322,0.262312
169,W,0.002889,0.000639,0.043028,0.365960
170,W,0.015204,0.000263,0.023563,0.486099
171,W,0.003529,0.001744,0.031469,0.197001
172,W,0.001865,0.001410,0.033648,0.123335
173,W,0.021364,0.001584,0.028512,0.016065
174,W,0.003929,0.001455,0.018032,0.322950
175,W,0.019569,0.001244,0.028376,0.500100
176,W,0.012964,0.004131,0.021213,0.898659
177,W,0.023232,0.000965,0.018184,0.447634
178,W,0.007352,0.001824,0.037870,0.582579
179,W,0.001591,0.003249,0.058136,0.470818
180,W,0.047497,0.000862,0.008834,1.041040
181,W,0.030807,0.000024,0.026814,0.806255
182,W,0.012582,0.001893,0.018007,0.487956
183,W,0.034153,0.003091,0.049573,0.270544
184,W,0.052965,0.004389,0.017936,0.676757
185,W,0.045444,0.000173,0.013114,0.713094
186,W,0.015828,0.000125,0.022090,0.487875
187,W,0.015234,0.003325,0.024834,0.325285
188,W,0.018025,0.001179,0.027519,1.013977
189,W,0.110218,0.001660,0.021240,0.633736
190,W,0.102275,0.000407,0.023031,0.330899
191,W,0.029548,0.001121,0.026760,0.532338
192,W,0.014698,0.002193,0.086017,0.412981
193,W,0.011217,0.000265,0.025979,0.777519
194,W,0.003906,0.003088,0.023060,0.585773
195,W,0.005742,0.001431,0.030277,0.231954
196,W,0.023103,0.002658,0.025532,0.464924
197,W,0.014597,0.000486,0.011649,0.576553
198,W,0.010115,0.001368,0.051348,0.217650
199,W,0.002394,0.003141,0.031126,0.212277
200,W,0.037995,0.001356,0.023706,0.633095
201,W,0.012598,0.001938,0.008695,0.632989
202,W,0.018549,0.001665,0.010199,0.414039
203,W,0.059095,0.001466,0.018502,0.460840
204,W,0.007074,0.000650,0.009919,0.374398
205,W,0.005752,0.000716,0.019876,0.609999
206,W,0.023119,0.000287,0.027610,0.709843
207,W,0.029028,0.000439,0.034897,0.705700
208,W,0.019926,0.003174,0.013444,0.321641
209,W,0.114240,0.003450,0.014892,0.442832
210,W,0.010775,0.003261,0.016108,0.508459
211,W,0.035398,0.000570,0.014356,0.461063
212,W,0.010153,0.001378,0.010264,0.689411
213,W,0.019401,0.001829,0.057254,0.753127
214,W,0.020934,0.001103,0.014341,0.416707
215,W,0.022318,0.001102,0.053588,0.093220
216,W,0.013806,0.053642,0.084583,0.204096
217,W,0.006856,0.001789,0.041239,0.381610
218,W,0.003047,0.000393,0.025456,0.575396
219,W,0.002847,0.003429,0.056229,0.366189
220,W,0.010414,0.000125,0.091733,0.544354
221,W,0.009012,0.000353,0.004899,0.803104
222,W,0.103110,0.001865,0.015013,0.558689
223,W,0.007127,0.000299,0.014747,0.713882
224,W,0.127857,0.000811,0.008236,0.215311
225,W,0.021493,0.004871,0.034992,0.192913
226,W,0.006965,0.002037,0.011748,1.196745
227,W,0.031101,0.000264,0.028949,0.444228
228,W,0.024554,0.000553,0.014474,0.400088
229,W,0.015813,0.000093,0.020224,0.424850
230,W,0.000972,0.000481,0.009245,0.388147
231,W,0.016790,0.002862,0.023839,0.576783
232,W,0.044561,0.000296,0.009016,0.661814
233,W,0.056989,0.001056,0.042524,0.247624
234,W,0.023280,0.000967,0.008254,0.351294
235,W,0.044340,0.000466,0.013258,0.343968
236,W,0.014615,0.002115,0.009409,0.498557
237,W,0.014955,0.000789,0.010212,0.579224
238,W,0.101935,0.001726,0.015056,0.410525
239,W,0.006415,0.001854,0.019229,0.102489
240,W,0.037456,0.000863,0.013768,0.653985
241,W,0.040073,0.000759,0.028373,0.947705
242,W,0.005510,0.001526,0.019743,0.969083
243,W,0.016211,0.000259,0.011005,0.811467
244,W,0.093615,0.000772,0.020814,0.355806
245,W,0.009969,0.004824,0.013423,0.321315
246,W,0.004981,0.000059,0.002279,0.364999
247,W,0.010863,0.000813,0.008679,0.317772
248,W,0.001195,0.000794,0.016839,0.606542
249,W,0.064437,0.001053,0.024288,0.240347
250,W,0.127857,0.001123,0.006433,0.943578
251,W,0.058926,0.001591,0.015270,1.567890
252,W,0.026658,0.002339,0.023158,0.354374
253,W,0.015072,0.002726,0.021347,0.489498
254,W,0.039649,0.001206,0.010070,0.587513
255,W,0.000973,0.002108,0.009891,0.423411
256,W,0.020549,0.000779,0.014714,0.813308
257,W,0.011872,0.003346,0.036316,0.500333
258,W,0.003546,0.000033,0.026560,0.544154
259,W,0.084263,0.001884,0.019859,0.555849
260,W,0.038723,0.000848,0.006715,0.373541
261,W,0.015270,0.002425,0.005880,0.751823
262,W,0.008451,0.004076,0.013205,0.530929
263,W,0.068256,0.000631,0.006925,0.560544
264,W,0.007240,0.001695,0.011459,0.208351
265,W,0.026418,0.004393,0.020295,0.665313
266,W,0.026851,0.002108,0.014608,0.334023
267,W,0.047094,0.003426,0.011326,0.611732
268,W,0.015719,0.003542,0.010034,0.601329
269,W,0.163109,0.011381,0.018105,0.582040
270,W,0.035904,0.000575,0.017770,0.797161
271,W,0.116465,0.000804,0.014203,0.390143
272,W,0.020625,0.004131,0.011837,0.607450
273,W,0.008723,0.002604,0.008716,1.361416
274,W,0.006688,0.000234,0.008169,0.847513
275,W,0.041889,0.000615,0.015605,0.745518
276,W,0.012625,0.000837,0.007632,0.641075
277,W,0.030865,0.004729,0.006511,0.841414
278,W,0.078498,0.003516,0.008710,1.160281
279,W,0.055211,0.003268,0.008632,0.686781
280,W,0.101191,0.001492,0.033153,0.949102
281,W,0.005725,0.000138,0.005184,0.771368
282,W,0.097000,0.002092,0.011774,0.272219
283,W,0.016115,0.001323,0.011271,0.350738
284,W,0.075915,0.001105,0.013332,0.093207
285,W,0.012989,0.000213,0.013811,0.436583
286,W,0.059043,0.000114,0.020341,0.385711
287,W,0.143576,0.004945,0.006112,0.666891
288,W,0.040640,0.000811,0.012088,0.282898
289,W,0.031399,0.000815,0.019156,0.559504
290,W,0.023792,0.006585,0.033168,0.404094
291,W,0.029648,0.005701,0.009618,0.418914
292,W,0.025352,0.000239,0.009629,1.214530
293,W,0.011871,0.003608,0.009049,0.751537
294,W,0.027116,0.001753,0.011980,1.092834
295,W,0.139304,0.000537,0.004502,0.942672
296,W,0.103783,0.000404,0.010657,1.177907
297,W,0.106024,0.002375,0.008341,0.675520
298,W,0.226262,0.000137,0.008133,1.021329
299,W,0.030540,0.005662,0.015376,0.972914
300,W,0.013072,0.003523,0.010672,0.461901
301,W,0.040985,0.007875,0.014559,0.819428
302,W,0.039251,0.001700,0.005603,0.761551
303,W,0.007406,0.001015,0.007873,1.130908
304,W,0.005858,0.004062,0.008761,0.779903
305,W,0.014533,0.000781,0.005240,0.884687
306,W,0.269030,0.000823,0.013558,0.292164
307,W,0.034714,0.001543,0.014164,0.456374
308,W,0.010382,0.001732,0.005039,0.827793
309,W,0.109140,0.000441,0.005762,0.369520
310,W,0.011383,0.003227,0.024420,0.932917
311,W,0.008111,0.000493,0.007544,1.124832
312,W,0.012601,0.000958,0.014867,0.769054
313,W,0.142654,0.003149,0.010211,0.680694
314,W,0.007560,0.000596,0.012631,1.085657
315,W,0.026470,0.002943,0.009316,0.848917
316,W,0.008408,0.002609,0.009576,1.191241
317,W,0.025223,0.001988,0.007899,0.579258
318,W,0.007000,0.001229,0.005755,0.526938
319,W,0.068268,0.000848,0.008546,0.738493
320,W,0.021392,0.006713,0.018619,0.436117
321,W,0.016495,0.001349,0.007069,0.439885
322,W,0.022669,0.003744,0.012072,0.472659
323,W,0.005058,0.002269,0.009695,0.992581
324,W,0.030888,0.003114,0.004129,0.871571
325,W,0.099672,0.002389,0.015428,1.132190
326,W,0.014099,0.001095,0.006701,1.021401
327,W,0.056577,0.003207,0.014248,0.516464
328,W,0.091719,0.001367,0.008698,1.318446
329,W,0.080530,0.001152,0.005178,0.608567
330,W,0.010491,0.001982,0.003680,1.094352
331,W,0.018683,0.000367,0.072771,0.632513
332,W,0.054792,0.000621,0.006449,0.521870
333,W,0.009328,0.000893,0.017003,0.358800
334,W,0.007997,0.001503,0.018881,0.490610
335,W,0.022353,0.001600,0.006640,0.766528
336,W,0.125168,0.002206,0.023368,0.463120
337,W,0.212864,0.006142,0.013268,1.020825
338,W,0.134611,0.003069,0.027259,0.447222
339,W,0.021791,0.001807,0.007122,0.632694
340,W,0.091359,0.002677,0.017932,0.416954
341,W,0.091372,0.002033,0.010543,1.205761
342,W,0.075526,0.000651,0.014026,0.733042
343,W,0.041591,0.002487,0.027723,0.405073
344,W,0.101160,0.002162,0.014694,1.457266
345,W,0.050868,0.001848,0.009222,0.376921
346,W,0.005009,0.000092,0.010377,0.576278
347,W,0.145373,0.001657,0.016074,1.407496
348,W,0.017873,0.000623,0.012605,0.805499
349,W,0.012152,0.003157,0.006023,0.697066
350,W,0.090621,0.001362,0.020157,0.536299
351,W,0.007389,0.003270,0.013056,0.599183
352,W,0.059869,0.001781,0.004901,0.714115
353,W,0.015108,0.000337,0.008947,1.086013
354,W,0.042108,0.002196,0.007985,0.564427
355,W,0.136772,0.000988,0.036262,0.405772
356,W,0.014686,0.002608,0.008798,0.787886
357,W,0.008503,0.001125,0.014839,0.813369
358,W,0.008400,0.000192,0.022779,0.477671
359,W,0.015186,0.000456,0.014602,0.353699
360,W,0.010613,0.001619,0.014349,0.879393
361,W,0.019078,0.002359,0.011727,0.502837
362,W,0.004655,0.005984,0.009771,0.288596
363,W,0.010834,0.000935,0.015140,0.868250
364,W,0.158997,0.001671,0.013577,0.767697
365,W,0.006836,0.001992,0.010498,0.377309
366,W,0.043969,0.000763,0.023543,0.900431
367,W,0.085094,0.000227,0.014488,0.691464
368,W,0.034386,0.004353,0.042913,0.742897
369,W,0.064153,0.002200,0.006097,0.673490
370,W,0.007910,0.002109,0.030045,0.495410
371,W,0.009940,0.001051,0.015073,0.450352
372,W,0.096866,0.001704,0.019107,0.615764
373,W,0.038788,0.004632,0.007309,1.042480
374,W,0.014643,0.007871,0.012333,0.278066
375,W,0.026341,0.006000,0.009076,0.581203
376,W,0.015960,0.007027,0.012127,0.603150
377,W,0.031560,0.000312,0.003984,0.716951
378,W,0.023066,0.006339,0.009737,0.465057
379,W,0.017742,0.000828,0.006005,0.504919
380,W,0.030520,0.004171,0.007771,0.865751
381,W,0.024907,0.001931,0.009474,0.847764
382,W,0.020417,0.000503,0.006166,0.939235
383,W,0.023288,0.001436,0.006162,1.056495
384,W,0.177845,0.000900,0.027107,0.828937
385,W,0.114120,0.009500,0.024301,0.448350
386,W,0.010739,0.000428,0.021285,0.991470
387,W,0.069614,0.000799,0.027061,0.449804
388,W,0.006013,0.001302,0.018422,1.221561
389,W,0.103299,0.000834,0.006282,0.547112
390,W,0.017255,0.001680,0.037055,0.226915
391,W,0.009046,0.000767,0.032441,0.335580
392,W,0.023890,0.002598,0.016120,0.311589
393,W,0.008330,0.000095,0.045151,0.025116
394,W,0.019003,0.000616,0.023594,0.152769
395,W,0.019835,0.001269,0.025137,0.181818
396,W,0.010898,0.000846,0.008719,0.094281
397,W,0.070270,0.000715,0.038776,0.183056
398,W,0.062694,0.001819,0.015621,0.109658
399,W,0.009643,0.000106,0.026052,0.743664
400,W,0.053503,0.000010,0.023291,0.481044
401,W,0.003201,0.010529,0.019153,0.258683
402,W,0.021613,0.000572,0.035560,0.259193
403,W,0.008441,0.005337,0.011870,0.649434
404,W,0.002112,0.001178,0.007301,1.106162
405,W,0.018015,0.001750,0.007833,0.710705
406,W,0.046145,0.002033,0.105701,0.817456
407,W,0.002108,0.000185,0.028643,0.715759
408,W,0.051802,0.002192,0.024692,0.187379
409,W,0.007292,0.000613,0.009673,0.349153
410,W,0.011717,0.000452,0.047126,0.344174
411,W,0.003651,0.000562,0.045312,0.645131
412,W,0.034169,0.001054,0.020010,0.833811
413,W,0.011784,0.001054,0.005254,0.078515
414,W,0.123920,0.003178,0.013788,0.282046
415,W,0.014904,0.002180,0.006146,0.354961
416,W,0.011511,0.000912,0.035086,1.040651
417,W,0.015430,0.000298,0.015426,0.673548
418,W,0.019511,0.001915,0.070724,0.556183
419,W,0.005692,0.001603,0.011795,0.583583
420,W,0.012177,0.002264,0.015653,0.814437
421,W,0.006754,0.001666,0.009473,0.507369
422,W,0.007815,0.002915,0.021247,0.701113
423,W,0.027557,0.003032,0.023242,1.348370
424,W,0.010402,0.002834,0.018319,0.166882
425,W,0.014554,0.000395,0.007735,0.466012
426,W,0.043145,0.001034,0.039380,0.457285
427,W,0.001385,0.000559,0.010999,0.358994
428,W,0.026385,0.001123,0.023676,0.653547
429,W,0.006222,0.001648,0.020503,0.253020
430,W,0.029165,0.001261,0.004612,0.341247
431,W,0.006755,0.001525,0.011445,0.133362
432,W,0.004054,0.000924,0.042657,0.428298
433,W,0.014252,0.000883,0.025464,0.445732
434,W,0.017566,0.000503,0.023714,0.757441
435,W,0.001898,0.000094,0.009880,0.454067
436,W,0.003202,0.002295,0.020790,0.268495
437,W,0.003125,0.005865,0.047563,0.053582
438,W,0.002982,0.000916,0.035716,0.391748
439,W,0.008578,0.000763,0.071674,0.531893
440,W,0.013223,0.000269,0.025811,0.352958
441,W,0.007128,0.001274,0.025830,0.413232
442,W,0.001495,0.001943,0.011600,0.496467
443,W,0.005737,0.002373,0.016052,0.266913
444,W,0.011611,0.000298,0.068763,0.165727
445,W,0.001566,0.003556,0.030858,0.216384
446,W,0.076344,0.001339,0.044704,0.281707
447,W,0.022769,0.000900,0.082962,0.227273
448,W,0.008604,0.007705,0.018825,0.578924
449,W,0.014025,0.003020,0.062517,0.279439
450,W,0.030429,0.005330,0.008866,0.308794
451,W,0.006067,0.000698,0.047213,0.057866
452,W,0.013461,0.003132,0.015162,0.646481
453,W,0.003321,0.004029,0.012889,0.262419
454,W,0.009943,0.001620,0.043391,0.434138
455,W,0.016596,0.002132,0.018180,0.928033
456,W,0.017267,0.000687,0.014361,0.392600
457,W,0.001024,0.000562,0.007491,0.168409
458,W,0.035737,0.000826,0.016318,0.269595
459,W,0.010974,0.000944,0.010178,0.508881
460,W,0.007653,0.004040,0.026192,0.351301
461,W,0.004700,0.001339,0.025498,0.085242
462,W,0.001378,0.001184,0.021726,0.436680
463,W,0.008393,0.000069,0.030580,0.464304
464,W,0.003378,0.003960,0.035860,0.366664
465,W,0.002542,0.001301,0.011869,0.470942
466,W,0.005728,0.001270,0.027588,0.199522
467,W,0.001708,0.003986,0.013265,0.296459
468,W,0.066254,0.000298,0.015665,0.246244
469,W,0.012355,0.000454,0.039365,0.164141
470,W,0.001313,0.000093,0.010854,0.461070
471,W,0.004120,0.001125,0.048224,0.612153
472,W,0.010180,0.001983,0.030044,0.324389
473,W,0.001520,0.000778,0.007347,0.395965
474,W,0.005798,0.000977,0.014979,0.373710
475,W,0.007959,0.000776,0.011138,0.342171
476,W,0.065993,0.001263,0.052806,0.770789
477,W,0.006915,0.000543,0.034865,0.638855
478,W,0.001784,0.000959,0.019784,0.184304
479,W,0.002851,0.000631,0.022687,0.485099
480,W,0.006136,0.000299,0.022687,0.224449
481,W,0.016148,0.001056,0.108593,0.366524
482,W,0.002436,0.001596,0.015077,0.753946
483,W,0.007008,0.001392,0.009248,0.083841
484,W,0.004221,0.003256,0.020477,0.417666
485,W,0.042687,0.001682,0.015896,0.198828
486,W,0.008725,0.000817,0.016538,0.377596
487,W,0.002890,0.000505,0.035994,0.610971
488,W,0.022393,0.002953,0.008319,0.485039
489,W,0.052652,0.000201,0.006333,0.473337
490,W,0.029236,0.003094,0.018810,0.662480
491,W,0.011730,0.001180,0.027806,0.574510
492,W,0.013095,0.002346,0.030982,0.585091
493,W,0.005544,0.001795,0.006890,0.394201
494,W,0.026513,0.001552,0.015039,0.523772
495,W,0.026626,0.002755,0.021795,0.862563
496,W,0.002908,0.002717,0.015423,0.823677
497,W,0.005489,0.000769,0.019305,0.691668
498,W,0.086516,0.001244,0.024873,0.291657
499,W,0.084436,0.002472,0.015573,0.345660
500,W,0.037900,0.001004,0.018927,0.567406
501,W,0.103006,0.002682,0.008865,0.440931
502,W,0.037629,0.000410,0.019627,0.803807
503,W,0.024755,0.001945,0.014643,0.946546
504,W,0.096349,0.001819,0.013503,0.584746
505,W,0.037364,0.000738,0.009517,0.969183
506,W,0.094587,0.002559,0.008381,1.490022
507,W,0.019648,0.002596,0.005331,1.004484
508,W,0.020767,0.001871,0.039441,0.379732
509,W,0.010112,0.000305,0.017197,0.183416
510,W,0.046596,0.001815,0.013723,0.588657
511,W,0.008805,0.001429,0.006917,0.095893
512,W,0.019455,0.001792,0.013785,0.416115
513,W,0.084069,0.000161,0.027133,0.492185
514,W,0.066657,0.004716,0.039784,0.507846
515,W,0.007196,0.000388,0.033180,0.722994
516,W,0.003430,0.003441,0.040894,0.871126
517,W,0.012687,0.003273,0.009693,0.622205
518,W,0.032209,0.000250,0.006196,0.619982
519,W,0.016960,0.000741,0.005107,0.725236
520,W,0.002039,0.000738,0.003783,0.570957
521,W,0.013453,0.002159,0.017633,1.139529
522,W,0.027127,0.000143,0.003328,0.451632
523,W,0.078253,0.001047,0.037560,1.035279
524,W,0.093176,0.001064,0.033695,0.479292
525,W,0.025819,0.013169,0.022341,0.885049
526,W,0.057425,0.000691,0.022444,0.754208
527,W,0.005064,0.001904,0.004584,0.786845
528,W,0.021374,0.000776,0.015473,0.496732
529,W,0.057550,0.000472,0.011554,0.486888
530,W,0.040143,0.002227,0.008404,0.889181
531,W,0.011880,0.002016,0.023803,0.387391
532,W,0.134673,0.003618,0.008508,0.906750
533,W,0.040809,0.001590,0.006830,0.356186
534,W,0.010079,0.001790,0.034093,0.342434
535,W,0.015377,0.001154,0.075517,0.560991
536,W,0.046629,0.000239,0.011385,0.549660
537,W,0.002030,0.002929,0.014157,0.344302
538,W,0.020618,0.000336,0.017041,0.242331
539,W,0.001194,0.000961,0.010852,0.474032
540,W,0.004828,0.000897,0.040685,0.331978
541,W,0.020102,0.000352,0.004229,0.692973
542,W,0.002120,0.001030,0.019478,0.311233
543,W,0.001136,0.004064,0.038830,0.426341
544,W,0.006349,0.000123,0.018291,0.338525
545,W,0.006952,0.002394,0.115949,0.303941
546,W,0.001534,0.000936,0.050260,0.357978
547,W,0.004879,0.001606,0.012006,0.352991
548,W,0.011879,0.000704,0.025765,0.185785
549,W,0.056614,0.000453,0.028088,0.383781
550,W,0.011175,0.002601,0.020277,0.383337
551,W,0.068014,0.001562,0.011740,0.520711
552,W,0.045920,0.000904,0.025865,0.560477
553,W,0.007069,0.000326,0.008410,0.189823
554,W,0.007704,0.000243,0.027461,0.607595
555,W,0.002334,0.001387,0.034325,0.263941
556,W,0.017198,0.001147,0.033988,0.270584
557,W,0.011557,0.000515,0.058341,0.060498
558,W,0.001457,0.000258,0.007841,0.444617
559,W,0.008671,0.003296,0.039509,0.358966
560,W,0.042305,0.004149,0.023423,0.978493
561,W,0.031344,0.001503,0.018818,0.712973
562,W,0.019262,0.001841,0.029058,0.538070
563,W,0.005101,0.000748,0.027068,0.356401
564,W,0.001933,0.000808,0.008899,0.183738
565,W,0.022652,0.000576,0.030997,0.213488
566,W,0.006779,0.001871,0.018226,0.382424
567,W,0.005422,0.001273,0.059695,0.213431
568,W,0.008860,0.000770,0.009172,0.336855
569,W,0.016591,0.000312,0.018796,0.617594
570,W,0.040615,0.003746,0.067083,0.598726
571,W,0.050059,0.000559,0.049709,0.276076
572,W,0.001710,0.003967,0.009811,0.326743
573,W,0.001373,0.001315,0.027364,0.605443
574,W,0.004526,0.000773,0.009085,0.557146
575,W,0.027795,0.001011,0.031450,0.287969
576,W,0.001330,0.002185,0.075225,0.480414
577,W,0.011030,0.000802,0.015094,0.467730
578,W,0.002896,0.002472,0.015128,0.448210
579,W,0.001650,0.001649,0.009825,0.460076
580,W,0.002306,0.000244,0.039774,0.236659
581,W,0.011393,0.001184,0.044660,0.234022
582,W,0.064461,0.003952,0.023142,0.391075
583,W,0.029421,0.000756,0.034357,0.311176
584,W,0.018691,0.000521,0.028381,0.300670
585,W,0.011450,0.002898,0.022174,0.401530
586,W,0.015516,0.001813,0.010667,0.614353
587,W,0.013561,0.002169,0.013553,0.406576
588,W,0.006703,0.000972,0.012980,0.515928
589,W,0.016671,0.000907,0.015258,0.302042
590,W,0.001924,0.000869,0.069524,0.379214
591,W,0.002391,0.001271,0.025726,0.432867
592,W,0.001388,0.001472,0.029036,0.177367
593,W,0.004194,0.000239,0.022058,0.405107
594,W,0.003150,0.001586,0.024458,0.182332
595,W,0.001167,0.001408,0.022907,0.221063
596,W,0.043032,0.000828,0.048438,0.179773
597,W,0.013820,0.001168,0.025341,0.400682
598,W,0.012446,0.001165,0.008365,0.202644
599,W,0.003773,0.001886,0.090576,0.231468
600,W,0.004910,0.000520,0.021843,0.579889
601,W,0.002333,0.000418,0.049656,0.737307
602,W,0.025904,0.002093,0.027269,0.112625
603,W,0.003930,0.000434,0.006483,0.327379
604,W,0.002637,0.000350,0.152816,0.225289
605,W,0.001749,0.001380,0.040621,0.292930
606,W,0.013719,0.000536,0.027922,0.303433
607,W,0.001390,0.000889,0.049505,0.060602
608,W,0.002885,0.005151,0.035160,0.373083
609,W,0.006697,0.002899,0.124614,0.691266
610,W,0.005407,0.000226,0.013819,0.955205
611,W,0.012934,0.000056,0.014507,0.968331
612,W,0.003914,0.000636,0.018913,0.180151
613,W,0.013664,0.000470,0.019966,0.398982
614,W,0.009335,0.000687,0.037039,0.616898
615,W,0.003952,0.002634,0.015508,0.745374
616,W,0.005898,0.000357,0.031402,0.682422
617,W,0.001885,0.001118,0.032734,0.436133
618,W,0.005990,0.000388,0.013870,0.357937
619,W,0.001289,0.002446,0.109189,0.574278
620,W,0.012570,0.002360,0.043476,0.297678
621,W,0.000742,0.002151,0.041185,0.456988
622,W,0.053361,0.000737,0.010030,0.121783
623,W,0.018968,0.005698,0.016735,0.602344
624,W,0.004253,0.000451,0.046722,0.681616
625,W,0.000930,0.001028,0.027389,0.271034
626,W,0.019409,0.001482,0.049527,0.475606
627,W,0.014349,0.001992,0.018505,0.364290
628,W,0.010682,0.002333,0.026627,0.411113
629,W,0.005759,0.003288,0.017492,0.804757
630,W,0.002742,0.001130,0.062616,0.360491
631,W,0.066194,0.001946,0.015875,0.369473
632,W,0.017141,0.000348,0.036977,0.435330
633,W,0.127504,0.000579,0.018829,0.209480
634,W,0.003372,0.000539,0.017870,0.211134
635,W,0.024256,0.000695,0.014848,0.130004
636,W,0.077992,0.001448,0.015054,0.843099
637,W,0.010872,0.000713,0.014536,0.804879
638,W,0.044030,0.002336,0.027621,0.692829
639,W,0.002677,0.001018,0.008384,0.464498
640,W,0.032928,0.002706,0.009514,0.799005
641,W,0.019919,0.000281,0.023847,0.396867
642,W,0.051686,0.000782,0.073693,0.100337
643,W,0.029100,0.002793,0.024111,0.420144
644,W,0.012726,0.000483,0.006498,0.287658
645,W,0.036261,0.003073,0.094062,0.095387
646,W,0.002259,0.005013,0.025620,0.320741
647,W,0.022745,0.000389,0.045347,0.218390
648,W,0.002132,0.001476,0.026280,0.415746
649,W,0.021497,0.004817,0.061572,0.485231
650,W,0.041643,0.005441,0.024404,0.386816
651,W,0.017891,0.002180,0.007604,0.222392
652,W,0.019374,0.001080,0.040237,0.487823
653,W,0.004720,0.000991,0.006086,0.287358
654,W,0.015609,0.001010,0.011559,0.213723
655,W,0.012452,0.001675,0.027968,0.171557
656,W,0.001041,0.002298,0.017438,0.457129
657,W,0.017163,0.005433,0.015338,0.486781
658,W,0.087809,0.001009,0.015955,0.534543
659,W,0.051146,0.001175,0.015858,0.590887
660,W,0.027005,0.001361,0.008865,0.343662
661,W,0.057146,0.001032,0.007895,0.597666
662,W,0.152872,0.007056,0.015533,0.461128
663,W,0.038002,0.002115,0.016594,0.542928
664,W,0.031601,0.000344,0.007519,0.497523
665,W,0.014080,0.001833,0.018604,0.385618
666,W,0.008655,0.000092,0.047070,0.499993
667,W,0.046705,0.002330,0.011698,0.225094
668,W,0.021213,0.003855,0.046916,0.655067
669,W,0.010699,0.001022,0.005846,0.437987
670,W,0.060696,0.001263,0.002565,0.636666
671,W,0.125561,0.000715,0.015156,0.637790
672,W,0.011242,0.001734,0.013221,0.181658
673,W,0.033060,0.000080,0.009950,1.115120
674,W,0.022319,0.002722,0.019868,0.754321
675,W,0.020355,0.001205,0.013225,0.424820
676,W,0.036962,0.000577,0.009212,0.356941
677,W,0.024985,0.000497,0.016376,0.370618
678,W,0.006186,0.000271,0.076387,0.378522
679,W,0.033346,0.000995,0.013796,0.589473
680,W,0.002728,0.003032,0.044870,0.246243
681,W,0.015151,0.000657,0.049918,0.356438
682,W,0.005637,0.001375,0.008330,0.278654
683,W,0.012983,0.002251,0.022536,0.848223
684,W,0.039330,0.001891,0.030662,0.189015
685,W,0.004119,0.003244,0.015589,0.295970
686,W,0.040067,0.001877,0.017061,0.204876
687,W,0.013087,0.000577,0.016503,0.412567
688,W,0.005988,0.000792,0.023861,0.203002
689,W,0.006164,0.002922,0.031808,0.893685
690,W,0.004165,0.000374,0.033788,0.217034
691,W,0.008243,0.001780,0.017181,0.608997
692,W,0.009342,0.001396,0.048280,0.332962
693,W,0.008593,0.000504,0.010550,0.060336
694,W,0.002856,0.000664,0.025297,0.315570
695,W,0.018013,0.000042,0.010366,0.269012
696,W,0.017483,0.002201,0.026478,0.630136
697,W,0.017855,0.000613,0.019614,0.099053
698,W,0.009994,0.000136,0.002522,0.682516
699,W,0.002129,0.000507,0.010959,0.319903
700,W,0.009751,0.001701,0.030130,0.569529
701,W,0.020481,0.000488,0.050399,0.461622
702,W,0.298949,0.000582,0.046075,0.560963
703,W,0.023731,0.000585,0.006012,1.222434
704,W,0.038394,0.000739,0.007505,0.760114
705,W,0.006749,0.001584,0.008606,0.803182
706,W,0.014153,0.001365,0.019200,0.602561
707,W,0.015244,0.002392,0.010898,0.984508
708,W,0.270613,0.002838,0.010320,0.892501
709,W,0.003628,0.002309,0.009544,0.856595
710,W,0.042458,0.002297,0.020786,0.570558
711,W,0.004213,0.002604,0.011040,1.100092
712,W,0.019004,0.000982,0.007456,0.769471
713,W,0.004488,0.002049,0.014975,0.521860
714,W,0.123285,0.002471,0.030770,0.532454
715,W,0.067567,0.002772,0.014398,0.806080
716,W,0.055403,0.002532,0.065816,0.538571
717,W,0.043004,0.000267,0.005149,0.470380
718,W,0.016132,0.000184,0.035263,0.404449
719,W,0.005548,0.002272,0.014735,0.979447
720,W,0.033436,0.001016,0.009342,0.376608
721,W,0.020490,0.001950,0.049120,0.167423
722,W,0.022615,0.003496,0.007008,0.829831
723,W,0.011187,0.003066,0.015224,0.967051
724,W,0.051017,0.001180,0.024698,0.821778
725,W,0.010112,0.001458,0.019942,0.500764
726,W,0.010121,0.000398,0.015838,0.488484
727,W,0.014696,0.000404,0.084474,0.378243
728,W,0.022310,0.000871,0.004714,0.903522
729,W,0.049898,0.005219,0.019856,0.630795
730,W,0.103581,0.002013,0.011363,0.734143
731,W,0.026162,0.001739,0.047590,0.101625
732,W,0.072093,0.002299,0.009650,1.069414
733,W,0.055325,0.001447,0.016451,0.629796
734,W,0.015178,0.001391,0.044171,0.577332
735,W,0.086143,0.000672,0.005225,0.751216
736,W,0.006029,0.000760,0.019070,0.299655
737,W,0.003066,0.003108,0.008377,0.903059
738,W,0.077746,0.002255,0.010790,0.602555
739,W,0.062886,0.000319,0.002443,0.351569
740,W,0.086852,0.000843,0.015680,1.073325
741,W,0.019713,0.000370,0.016719,0.433557
742,W,0.095974,0.003884,0.036507,0.659219
743,W,0.030967,0.003681,0.019827,0.496060
744,W,0.033247,0.003231,0.015882,0.802854
745,W,0.080219,0.001537,0.014752,0.887845
746,W,0.049735,0.000831,0.026452,0.364952
747,W,0.037922,0.000886,0.013549,0.543257
748,W,0.043024,0.002693,0.015948,0.769185
749,W,0.154588,0.000425,0.017866,0.325446
750,W,0.047015,0.000532,0.005205,0.867017
751,W,0.028842,0.000395,0.003071,0.257777
752,W,0.037303,0.001989,0.037844,0.244725
753,W,0.016745,0.002020,0.009782,0.222665
754,W,0.010557,0.000413,0.032631,0.268164
755,W,0.038743,0.000688,0.012584,0.083905
756,W,0.049707,0.003937,0.027698,0.191336
757,N1,0.004912,0.001310,0.007833,0.099566
758,N1,0.009140,0.001100,0.006048,0.431975
759,N1,0.008718,0.000668,0.012567,0.256729
760,N1,0.007239,0.002024,0.032804,0.162392
761,N1,0.014041,0.003086,0.026607,0.297239
762,N1,0.002457,0.003437,0.047027,0.415295
763,N1,0.013190,0.001382,0.006177,0.272563
764,N1,0.009351,0.000326,0.011028,0.297844
765,N1,0.002464,0.001352,0.018116,0.073369
766,N1,0.003383,0.000617,0.011891,0.013310
767,N1,0.003641,0.001545,0.041550,0.119370
768,N1,0.004969,0.000095,0.019261,0.336121
769,N1,0.011378,0.000555,0.035672,0.079507
770,N1,0.001693,0.000596,0.018681,0.070628
771,N1,0.004164,0.001487,0.040829,0.218475
772,N1,0.003146,0.000660,0.016075,0.186211
773,N1,0.006280,0.001098,0.013889,0.049968
774,N1,0.002139,0.000554,0.019901,0.094193
775,N1,0.003672,0.001237,0.010462,0.070412
776,N1,0.009724,0.000729,0.016742,0.230153
777,N1,0.004957,0.001663,0.038206,0.186804
778,N1,0.006876,0.003485,0.010172,0.257740
779,N1,0.012037,0.001345,0.016224,0.108478
780,N1,0.015015,0.000988,0.029423,0.025813
781,N1,0.007347,0.003500,0.036897,0.146268
782,N1,0.021505,0.000557,0.035057,0.062741
783,N1,0.007929,0.002420,0.024260,0.345014
784,N1,0.002806,0.001851,0.005580,0.056978
785,N1,0.036608,0.000383,0.066749,0.194282
786,N1,0.017983,0.020264,0.054088,0.012083
787,N1,0.062068,0.019480,0.040905,0.008811
788,N1,0.006522,0.012866,0.017297,0.112933
789,N1,0.044975,0.003509,0.059298,0.141954
790,N2,0.023218,0.002188,0.051543,0.131058
791,N2,0.003301,0.003937,0.024881,0.230837
792,N2,0.102616,0.005061,0.067281,0.011083
793,N2,0.005679,0.017399,0.071826,0.127439
794,N2,0.035074,0.004743,0.014314,0.255171
795,N2,0.024441,0.007563,0.013739,0.179812
796,N2,0.007557,0.002618,0.026184,0.041072
797,N2,0.002160,0.005991,0.046167,0.092592
798,N2,0.018654,0.055750,0.091221,0.107802
799,N2,0.006435,0.004665,0.027499,0.252288
800,N2,0.025178,0.018737,0.065269,0.249953
801,N2,0.001804,0.007935,0.065987,0.259191
802,N2,0.006018,0.008255,0.038934,0.222000
803,N2,0.006919,0.026086,0.104280,0.056784
804,N2,0.004935,0.009922,0.121912,0.098085
805,N2,0.002258,0.012232,0.110291,0.511611
806,N2,0.013982,0.001355,0.046882,0.158396
807,N2,0.026538,0.017364,0.106370,0.308612
808,N3,0.008596,0.022084,0.164379,0.074547
809,N2,0.009008,0.014361,0.052696,0.156061
810,N3,0.008474,0.007552,0.055347,0.109036
811,N3,0.004293,0.016336,0.035750,0.362695
812,N3,0.001799,0.011381,0.129948,0.134424
813,N3,0.010169,0.002970,0.131017,0.256510
814,N3,0.006925,0.021135,0.123406,0.208784
815,N3,0.006723,0.006994,0.101943,0.045229
816,N3,0.003146,0.016620,0.105758,0.104807
817,N2,0.001497,0.028542,0.052364,0.040768
818,N3,0.001017,0.002141,0.030836,0.154409
819,N3,0.004777,0.031797,0.131917,0.349140
820,N3,0.004741,0.011158,0.132511,0.048254
821,N3,0.026348,0.031633,0.135120,0.138395
822,N3,0.001171,0.015790,0.149605,0.064553
823,N3,0.059770,0.014811,0.085167,0.155766
824,N3,0.025034,0.000996,0.035295,0.079375
825,N3,0.001470,0.035873,0.150092,0.126059
826,N3,0.001289,0.018185,0.086055,0.073959
827,N3,0.005492,0.002723,0.051581,0.237588
828,N3,0.005345,0.002706,0.050121,0.335703
829,N3,0.006880,0.019968,0.090031,0.108183
830,N3,0.001155,0.025804,0.169481,0.265094
831,N3,0.000647,0.008624,0.177910,0.062448
832,N3,0.002317,0.003834,0.039338,0.071296
833,N3,0.004050,0.015196,0.058439,0.000000
834,N3,0.000867,0.009022,0.119155,0.226485
835,N3,0.006391,0.025926,0.043326,0.052887
836,N3,0.007810,0.030617,0.098161,0.043204
837,N3,0.020506,0.008856,0.127662,0.361827
838,N3,0.001248,0.001931,0.110959,0.053071
839,N3,0.004835,0.021947,0.110564,0.000000
840,N3,0.006299,0.003753,0.065570,0.001098
841,N3,0.004745,0.003683,0.060236,0.025850
842,N1,0.026759,0.000311,0.037735,0.111857
843,N1,0.007765,0.000690,0.013968,0.159227
844,N1,0.009953,0.000838,0.011571,0.413857
845,N1,0.020055,0.001365,0.019907,0.120464
846,N1,0.005693,0.014102,0.025301,0.039917
847,N1,0.017128,0.018720,0.078289,0.031477
848,N1,0.011709,0.000597,0.033897,0.000941
849,N1,0.003169,0.001982,0.008587,0.089543
850,N1,0.029817,0.014185,0.045778,0.130839
851,N1,0.006340,0.043017,0.076149,0.000000
852,N1,0.010144,0.015185,0.044376,0.142038
853,N1,0.030752,0.030915,0.063708,0.151779
854,N1,0.031680,0.002655,0.014201,0.070035
855,N2,0.010657,0.042849,0.056333,0.033406
856,N1,0.016314,0.003408,0.041044,0.088046
857,N1,0.013563,0.001342,0.049970,0.062420
858,N1,0.166799,0.002733,0.013979,0.047752
859,N2,0.002031,0.029377,0.077875,0.035293
860,N2,0.016162,0.007971,0.030022,0.034723
861,N2,0.003143,0.019504,0.084251,0.338641
862,N2,0.019934,0.001492,0.016318,0.093815
863,N2,0.007601,0.011412,0.028198,0.042471
864,N2,0.018969,0.002951,0.019106,0.033857
865,N2,0.010394,0.000483,0.010767,0.087676
866,N2,0.004483,0.019138,0.195512,0.227285
867,N2,0.131349,0.045301,0.137350,0.209075
868,N2,0.004851,0.006501,0.038187,0.000000
869,N2,0.013452,0.014839,0.054152,0.161571
870,N2,0.028111,0.002355,0.013713,0.032912
871,N2,0.016293,0.015836,0.026622,0.026356
872,N2,0.009345,0.008300,0.083903,0.309761
873,N2,0.009509,0.018345,0.026821,0.050928
874,N2,0.093813,0.032595,0.088853,0.222669
875,N1,0.042751,0.003179,0.050578,0.165544
876,N1,0.006737,0.039937,0.080705,0.020754
877,N2,0.047631,0.030316,0.091250,0.190692
878,N2,0.003881,0.014267,0.055250,0.148338
879,N2,0.001655,0.014365,0.045112,0.145378
880,N2,0.005793,0.004601,0.016589,0.202460
881,N2,0.064193,0.003193,0.044805,0.076596
882,N2,0.042897,0.004440,0.018059,0.097736
883,N1,0.003806,0.003771,0.094962,0.113864
884,N1,0.007097,0.028671,0.057111,0.118032
885,N2,0.079889,0.014809,0.047428,0.234065
886,N2,0.012971,0.015693,0.043471,0.096291
887,N2,0.004807,0.005204,0.060609,0.188069
888,N2,0.149810,0.005151,0.064059,0.262703
889,N1,0.002885,0.001575,0.019849,0.000000
890,N2,0.002637,0.044724,0.092546,0.072208
891,N2,0.014478,0.048421,0.082837,0.536890
892,N2,0.005247,0.007313,0.080957,0.049333
893,N2,0.000799,0.006305,0.025608,0.114359
894,N2,0.015054,0.005213,0.032236,0.047825
895,N2,0.034653,0.005990,0.021643,0.158260
896,N2,0.050881,0.068619,0.085542,0.058140
897,N2,0.009900,0.005828,0.044934,0.011425
898,N1,0.009329,0.001844,0.027471,0.025505
899,N1,0.010083,0.003534,0.016904,0.000000
900,N2,0.063984,0.029665,0.088737,0.254372
901,N1,0.054239,0.002318,0.019433,0.085046
902,N2,0.008570,0.015075,0.049387,0.005604
903,N2,0.005125,0.002807,0.014951,0.048808
904,N2,0.019709,0.005561,0.023633,0.184431
905,N2,0.008990,0.002791,0.023760,0.120155
906,N2,0.030803,0.011194,0.091508,0.011492
907,N1,0.031501,0.016577,0.026962,0.089050
908,N2,0.012481,0.032878,0.051560,0.135572
909,N2,0.016336,0.015493,0.033163,0.011564
910,N2,0.001757,0.003300,0.021055,0.124829
911,N2,0.002657,0.027535,0.029379,0.067417
912,N2,0.007874,0.002282,0.020711,0.000000
913,N2,0.004243,0.013563,0.065182,0.197775
914,N2,0.012196,0.005461,0.019538,0.270865
915,N3,0.001307,0.057196,0.092878,0.218332
916,N3,0.000480,0.015491,0.064855,0.193138
917,N2,0.008258,0.002545,0.071140,0.081945
918,N2,0.005134,0.021367,0.089866,0.105885
919,N3,0.000483,0.015131,0.053729,0.109082
920,N1,0.025358,0.002072,0.041959,0.063038
921,N1,0.071389,0.000028,0.037356,0.097216
922,N1,0.013053,0.002989,0.011710,0.268126
923,N1,0.008845,0.016841,0.082356,0.197203
924,N1,0.064107,0.001872,0.008494,0.050809
925,N1,0.018462,0.000226,0.008486,0.252264
926,N1,0.013363,0.001778,0.032717,0.059813
927,N1,0.011407,0.002440,0.018398,0.028402
928,N1,0.023670,0.003588,0.048467,0.024379
929,N2,0.028003,0.001064,0.034083,0.130262
930,N2,0.014269,0.001741,0.037859,0.003617
931,N2,0.003921,0.007015,0.045359,0.033387
932,N2,0.035564,0.011198,0.062713,0.135065
933,N2,0.008179,0.018810,0.062351,0.194040
934,N2,0.002384,0.004928,0.073880,0.094225
935,N2,0.007126,0.008554,0.043340,0.000000
936,N2,0.007455,0.001988,0.030787,0.000000
937,N2,0.003927,0.014489,0.043053,0.038727
938,N2,0.002950,0.018887,0.060510,0.042592
939,N2,0.035950,0.008454,0.064372,0.228663
940,N3,0.001464,0.023005,0.149394,0.158965
941,N3,0.027994,0.038621,0.188917,0.144281
942,N3,0.007643,0.018360,0.057438,0.087047
943,N3,0.003923,0.025128,0.163085,0.475718
944,N2,0.002818,0.004340,0.067496,0.000000
945,N2,0.033990,0.026819,0.051858,0.081456
946,N3,0.009790,0.004849,0.100667,0.267740
947,N3,0.002649,0.003939,0.066564,0.108971
948,N3,0.002500,0.008703,0.113351,0.000000
949,N3,0.005249,0.009847,0.117722,0.202812
950,N3,0.002035,0.007648,0.088863,0.175330
951,N3,0.002718,0.018027,0.136943,0.017299
952,N3,0.001068,0.002608,0.023263,0.207166
953,N3,0.002819,0.017004,0.059811,0.233629
954,N3,0.007336,0.011187,0.095317,0.285532
955,N3,0.007260,0.002622,0.023911,0.176885
956,N3,0.001001,0.004079,0.090042,0.037050
957,N3,0.005258,0.007972,0.074517,0.125955
958,N3,0.001378,0.017628,0.266580,0.134227
959,N3,0.002601,0.085318,0.209045,0.000000
960,N3,0.002687,0.006013,0.176951,0.054775
961,N1,0.012437,0.003681,0.042066,0.313793
962,N1,0.001821,0.000586,0.033919,0.000000
963,N1,0.002311,0.005421,0.049984,0.077142
964,N1,0.005594,0.001909,0.044561,0.010577
965,N2,0.012871,0.006397,0.061907,0.385391
966,N2,0.016786,0.005282,0.052519,0.009445
967,N2,0.004657,0.004476,0.022696,0.046003
968,N2,0.005260,0.098532,0.128825,0.102567
969,N2,0.004846,0.006796,0.048611,0.106928
970,N2,0.005452,0.047632,0.112043,0.000000
971,N2,0.007302,0.036060,0.106252,0.184088
972,N2,0.049139,0.009341,0.063260,0.115687
973,N3,0.005184,0.054888,0.111454,0.050334
974,N2,0.040347,0.023711,0.101547,0.029867
975,N3,0.009173,0.007483,0.131966,0.087493
976,N3,0.002416,0.019169,0.120231,0.032381
977,N3,0.013694,0.007456,0.120465,0.178731
978,N2,0.022129,0.033133,0.077122,0.000000
979,N3,0.033301,0.022821,0.090218,0.021016
980,N3,0.000783,0.002119,0.031465,0.077866
981,N3,0.005367,0.022638,0.140933,0.090907
982,N3,0.003987,0.000592,0.009972,0.264795
983,N3,0.000924,0.018651,0.059062,0.003903
984,N3,0.010019,0.002196,0.029790,0.043215
985,N3,0.001625,0.009228,0.098990,0.083770
986,N3,0.003443,0.003304,0.070025,0.119586
987,N3,0.000374,0.013867,0.031410,0.051151
988,N3,0.000408,0.005139,0.053883,0.122189
989,N3,0.002495,0.000761,0.035111,0.117810
990,N3,0.004730,0.001158,0.028308,0.132480
991,N3,0.000762,0.003229,0.060253,0.110919
992,N3,0.001514,0.004784,0.082675,0.136254
993,N3,0.007491,0.012107,0.237499,0.142744
994,N3,0.001122,0.001581,0.031456,0.157160
995,N2,0.002085,0.007806,0.055730,0.062970
996,N3,0.007988,0.006796,0.072054,0.168551
997,N3,0.013886,0.006262,0.101958,0.186602
998,N2,0.006221,0.047074,0.114731,0.195280
999,N2,0.012685,0.000926,0.006628,0.076852
1000,N2,0.009545,0.005705,0.037221,0.113264
1001,N2,0.005290,0.003893,0.061125,0.055730
1002,N2,0.026325,0.005330,0.015619,0.035738
1003,N3,0.007209,0.010088,0.121580,0.245289
1004,N2,0.007265,0.002693,0.035834,0.000000
1005,N2,0.040009,0.021737,0.118632,0.071448
1006,N2,0.002253,0.019298,0.066412,0.181853
1007,N2,0.008760,0.016088,0.065788,0.386284
1008,N2,0.026036,0.000838,0.014431,0.023302
1009,N2,0.001997,0.004425,0.053173,0.154313
1010,N2,0.010777,0.003363,0.060205,0.088698
1011,N1,0.061091,0.001468,0.020920,0.244488
1012,N1,0.003921,0.001157,0.105473,0.272205
1013,N1,0.004142,0.001674,0.027845,0.094747
1014,N1,0.014065,0.015030,0.050744,0.094969
1015,N2,0.033063,0.014618,0.046730,0.312521
1016,N1,0.006944,0.000145,0.014585,0.041370
1017,N1,0.021442,0.005048,0.041791,0.116778
1018,N2,0.055669,0.003293,0.036262,0.201548
1019,R,0.007666,0.002059,0.010077,0.073079
1020,R,0.025631,0.001290,0.011450,0.051844
1021,R,0.020082,0.026140,0.033523,0.103541
1022,R,0.010312,0.003973,0.077395,0.019194
1023,R,0.015735,0.014236,0.034359,0.224778
1024,R,0.131199,0.003233,0.016240,0.210652
1025,R,0.004284,0.000355,0.019874,0.102761
1026,R,0.005194,0.000925,0.026435,0.206569
1027,R,0.023923,0.000086,0.017637,0.167849
1028,R,0.050056,0.001758,0.016049,0.155273
1029,R,0.022513,0.000324,0.007991,0.185671
1030,R,0.003225,0.003429,0.017038,0.046745
1031,R,0.008024,0.002593,0.021425,0.000678
1032,R,0.016947,0.002923,0.019207,0.015953
1033,N1,0.006134,0.002555,0.014121,0.064298
1034,R,0.015701,0.002777,0.016113,0.045974
1035,R,0.003747,0.002804,0.015663,0.021000
1036,R,0.002557,0.001127,0.004359,0.371131
1037,R,0.021830,0.002849,0.033816,0.256537
1038,R,0.005476,0.003546,0.017241,0.114570
1039,R,0.011108,0.005869,0.020231,0.020022
1040,R,0.065086,0.003115,0.024497,0.092418
1041,R,0.033426,0.003844,0.035807,0.020400
1042,R,0.001661,0.001293,0.003302,0.020710
1043,R,0.007331,0.004692,0.028920,0.000000
1044,R,0.002705,0.000591,0.013514,0.051139
1045,R,0.079162,0.002498,0.003778,0.598490
1046,R,0.003976,0.003328,0.009716,0.171381
1047,R,0.011279,0.005214,0.013279,0.004408
1048,R,0.005252,0.013463,0.024109,0.259642
1049,R,0.018174,0.002460,0.014064,0.097416
1050,N1,0.011086,0.002674,0.028203,0.074272
1051,N1,0.005126,0.013630,0.017744,0.038199
1052,N1,0.002433,0.002447,0.020932,0.023788
1053,N1,0.012148,0.002068,0.012577,0.114887
1054,N1,0.016200,0.006109,0.016973,0.123191
1055,N1,0.009706,0.005917,0.070598,0.286563
1056,N2,0.041371,0.002433,0.031246,0.090475
1057,N2,0.085793,0.025981,0.075209,0.441936
1058,R,0.027293,0.001753,0.022817,0.254471
1059,R,0.003308,0.002227,0.046167,0.090842
1060,R,0.004400,0.002542,0.028787,0.280193
1061,R,0.010113,0.026627,0.040787,0.272967
1062,R,0.065113,0.001958,0.037545,0.110831
1063,R,0.005811,0.053295,0.088144,0.359348
1064,R,0.003495,0.002282,0.035824,0.042156
1065,R,0.003583,0.002378,0.024876,0.126461
1066,R,0.044824,0.002859,0.013367,0.019787
1067,R,0.009491,0.026189,0.052661,0.257246
1068,R,0.004821,0.000964,0.008556,0.581291
1069,R,0.027439,0.000359,0.009119,0.020950
1070,R,0.013944,0.001681,0.008648,0.034008
1071,R,0.102218,0.001946,0.018691,0.056992
1072,R,0.010297,0.007041,0.018168,0.211473
1073,R,0.006988,0.001299,0.034660,0.095856
1074,R,0.012921,0.000267,0.047450,0.000000
1075,R,0.006975,0.001544,0.016080,0.222823
1076,R,0.002037,0.000931,0.009391,0.000000
1077,R,0.012388,0.004115,0.023308,0.118153
1078,R,0.010175,0.004381,0.007459,0.072325
1079,R,0.002553,0.002937,0.046205,0.127417
1080,R,0.020893,0.000404,0.020588,0.045919
1081,R,0.024331,0.001936,0.009331,0.000000
1082,R,0.004959,0.002033,0.019688,0.026543
1083,R,0.018634,0.003114,0.019867,0.026398
1084,R,0.011025,0.003344,0.019299,0.077770
1085,R,0.006768,0.001976,0.035358,0.131235
1086,R,0.036107,0.039369,0.048667,0.087907
1087,R,0.010540,0.003530,0.028183,0.160235
1088,R,0.064453,0.004792,0.023582,0.081193
1089,R,0.009811,0.026963,0.030104,0.147257
1090,R,0.067989,0.001795,0.007968,0.059389
1091,R,0.032339,0.006792,0.026294,0.140637
1092,R,0.137005,0.031736,0.056223,0.093396
1093,R,0.016937,0.001313,0.007142,0.182462
1094,R,0.055757,0.008247,0.040219,0.321252
1095,R,0.028897,0.000723,0.023535,0.010049
1096,R,0.003005,0.003276,0.011230,0.118080
1097,R,0.011264,0.003170,0.013189,0.012297
1098,R,0.007266,0.006627,0.022491,0.170441
1099,R,0.019582,0.004780,0.063735,0.197394
1100,R,0.010143,0.044610,0.060332,0.271776
1101,N1,0.068582,0.004750,0.016740,0.108607
1102,N1,0.014576,0.001342,0.014885,0.120278
1103,N1,0.013028,0.005443,0.034844,0.099181
1104,N1,0.124752,0.003212,0.023160,0.334169
1105,N1,0.014484,0.005470,0.051442,0.192927
1106,N1,0.037052,0.010114,0.060460,0.000000
1107,N2,0.010778,0.006855,0.036224,0.026370
1108,N2,0.035804,0.010361,0.024225,0.355187
1109,N2,0.033704,0.030198,0.039570,0.023007
1110,N2,0.059405,0.008446,0.103602,0.019194
1111,N2,0.029397,0.003759,0.029544,0.120545
1112,N2,0.020941,0.003114,0.053258,0.185091
1113,N2,0.005719,0.005001,0.031999,0.000000
1114,N2,0.004323,0.020289,0.053919,0.221233
1115,N2,0.030560,0.004506,0.037873,0.205628
1116,N1,0.003955,0.010027,0.038599,0.000000
1117,N1,0.013193,0.003213,0.011788,0.041588
1118,N2,0.007475,0.010265,0.020522,0.053875
1119,N2,0.002033,0.004625,0.018011,0.018442
1120,N2,0.005948,0.012459,0.063466,0.042287
1121,N2,0.015824,0.004238,0.018971,0.470396
1122,N2,0.006394,0.012118,0.069935,0.067333
1123,N2,0.001997,0.002765,0.011756,0.218001
1124,N2,0.020567,0.031888,0.076941,0.092874
1125,N2,0.021294,0.042365,0.097292,0.156708
1126,N2,0.009839,0.005833,0.082310,0.344151
1127,N2,0.004434,0.007351,0.038497,0.038837
1128,N1,0.031600,0.031053,0.069163,0.107010
1129,N1,0.003100,0.005337,0.047131,0.014904
1130,N1,0.008324,0.017645,0.035984,0.027608
1131,N2,0.020373,0.025917,0.039553,0.197331
1132,N2,0.051110,0.010413,0.089031,0.048771
1133,N2,0.005204,0.009485,0.082731,0.072075
1134,N2,0.011019,0.008800,0.063233,0.075793
1135,N2,0.008857,0.010298,0.030176,0.050333
1136,N3,0.044859,0.026725,0.040956,0.302475
1137,N2,0.010135,0.018969,0.030674,0.146995
1138,N2,0.025714,0.015772,0.027477,0.206294
1139,N3,0.038163,0.031380,0.048962,0.057586
1140,N2,0.001732,0.004851,0.103298,0.093142
1141,N3,0.014619,0.008904,0.130385,0.010807
1142,N3,0.007891,0.010707,0.158490,0.070902
1143,N2,0.005117,0.029459,0.063122,0.142237
1144,N2,0.007505,0.016600,0.047781,0.128026
1145,N2,0.002309,0.017706,0.090558,0.379010
1146,N2,0.008026,0.008971,0.123564,0.015065
1147,N3,0.012221,0.020483,0.117070,0.467965
1148,N3,0.022480,0.003448,0.017360,0.148004
1149,N1,0.005877,0.001785,0.034457,0.270761
1150,N2,0.041436,0.013112,0.058669,0.083141
1151,N2,0.058677,0.007944,0.052872,0.064874
1152,N2,0.005588,0.018354,0.078149,0.077881
1153,N2,0.005392,0.007876,0.064691,0.171329
1154,N2,0.004571,0.002913,0.022321,0.189585
1155,N2,0.013358,0.015078,0.071705,0.197743
1156,N2,0.013546,0.018699,0.075664,0.022626
1157,N3,0.008881,0.000527,0.039284,0.126082
1158,N3,0.001600,0.018464,0.103349,0.089452
1159,N3,0.001340,0.006000,0.104123,0.017385
1160,N2,0.001619,0.038371,0.148088,0.024141
1161,N3,0.031119,0.003074,0.053583,0.187248
1162,N2,0.011546,0.039701,0.079382,0.218160
1163,N3,0.005172,0.011011,0.187462,0.167724
1164,N3,0.008654,0.016483,0.085408,0.029761
1165,N3,0.002044,0.027716,0.040359,0.429736
1166,N2,0.004978,0.002297,0.023831,0.217545
1167,N3,0.007488,0.014040,0.045946,0.184834
1168,N3,0.022114,0.004840,0.056161,0.254031
1169,N3,0.003855,0.022409,0.164154,0.205407
1170,N3,0.003040,0.009927,0.148312,0.229764
1171,N3,0.001613,0.005395,0.058275,0.188372
1172,N3,0.001458,0.014612,0.030536,0.191652
1173,N3,0.005272,0.020318,0.076021,0.096419
1174,N3,0.014181,0.002639,0.067608,0.163690
1175,N3,0.002256,0.016925,0.051975,0.206730
1176,N3,0.003689,0.004447,0.103007,0.572933
1177,N3,0.002703,0.016077,0.039085,0.043923
1178,N3,0.000282,0.013908,0.028622,0.475085
1179,N3,0.001030,0.000717,0.010785,0.119836
1180,N3,0.003137,0.017132,0.069073,0.014811
1181,N3,0.001225,0.005651,0.116955,0.142366
1182,N3,0.000822,0.004995,0.081928,0.147166
1183,N3,0.000375,0.028859,0.085040,0.091965
1184,N3,0.014917,0.013280,0.039582,0.335741
1185,N3,0.014147,0.016604,0.035871,0.059716
1186,N3,0.011987,0.032193,0.100164,0.365216
1187,N3,0.001813,0.000226,0.030931,0.092971
1188,N3,0.000208,0.013730,0.046295,0.111581
1189,N3,0.000937,0.030001,0.093678,0.075975
1190,N3,0.000918,0.016707,0.073433,0.327445
1191,N3,0.017595,0.002046,0.027477,0.213607
1192,N1,0.003809,0.053822,0.102020,0.048798
1193,N1,0.047902,0.002822,0.014727,0.361457
1194,N1,0.042662,0.001310,0.068153,0.007996
1195,N1,0.090636,0.000066,0.012711,0.054184
1196,N1,0.033109,0.006859,0.082401,0.108993
1197,N1,0.025233,0.014362,0.067863,0.029503
1198,N1,0.009623,0.002848,0.032836,0.000000
1199,N1,0.021001,0.020281,0.133351,0.000000
1200,N1,0.005721,0.000897,0.008431,0.121890
1201,N1,0.004986,0.003828,0.011727,0.139949
1202,N2,0.011396,0.042891,0.073127,0.024386
1203,N2,0.035328,0.002031,0.019485,0.442496
1204,N2,0.012576,0.006937,0.060714,0.036942
1205,N2,0.015210,0.015577,0.045627,0.043315
1206,N2,0.005456,0.003520,0.036535,0.199303
1207,N2,0.098995,0.029485,0.049532,0.142416
1208,N2,0.003643,0.006192,0.066411,0.137634
1209,N2,0.011262,0.030234,0.052039,0.000000
1210,N2,0.014658,0.014741,0.021428,0.019106
1211,N2,0.007110,0.016456,0.053428,0.030945
1212,N2,0.003171,0.002640,0.040119,0.029926
1213,N2,0.009132,0.006964,0.053638,0.622964
1214,N2,0.008031,0.002791,0.025364,0.115062
1215,N2,0.001996,0.010145,0.080345,0.086550
1216,N2,0.032381,0.016304,0.132343,0.055147
1217,N2,0.007958,0.033527,0.082230,0.142287
1218,N2,0.002514,0.031915,0.103174,0.079720
1219,N2,0.006956,0.004165,0.088533,0.058847
1220,N2,0.003547,0.008519,0.075228,0.025483
1221,N2,0.004969,0.028159,0.073651,0.009828
1222,N2,0.000807,0.016615,0.073845,0.077444
1223,N2,0.004850,0.017004,0.060930,0.196611
1224,N2,0.013945,0.014837,0.037526,0.402952
1225,N3,0.010023,0.005254,0.054149,0.035303
1226,N2,0.005371,0.030913,0.069579,0.294069
1227,N2,0.017130,0.005257,0.034678,0.130759
1228,N1,0.094564,0.000808,0.007951,0.177137
1229,N2,0.009388,0.030930,0.117132,0.109174
1230,N2,0.003581,0.003410,0.042475,0.363684
1231,N2,0.056631,0.011381,0.073667,0.268540
1232,N2,0.001904,0.003573,0.072110,0.031576
1233,N1,0.054390,0.006288,0.053587,0.112661
1234,N1,0.038377,0.001361,0.047770,0.000000
1235,N2,0.003532,0.026741,0.066945,0.024483
1236,N2,0.028690,0.020750,0.074331,0.000000
1237,N2,0.006184,0.006771,0.054453,0.022945
1238,N2,0.021518,0.002529,0.020120,0.133707
1239,N2,0.010130,0.004253,0.057819,0.054610
1240,N2,0.007967,0.003564,0.059807,0.135918
1241,R,0.007930,0.001278,0.026587,0.000000
1242,R,0.007256,0.003187,0.005693,0.236533
1243,R,0.015886,0.007505,0.023228,0.337327
1244,R,0.002049,0.005900,0.015096,0.014363
1245,R,0.018305,0.001689,0.014134,0.025047
1246,R,0.006350,0.001387,0.022274,0.126477
1247,R,0.020071,0.000816,0.009910,0.055173
1248,R,0.016495,0.003008,0.046101,0.134919
1249,R,0.005441,0.004136,0.017130,0.046293
1250,R,0.007792,0.001813,0.013908,0.299954
1251,R,0.030820,0.013889,0.044686,0.212319
1252,R,0.003072,0.001124,0.003127,0.254012
1253,R,0.002744,0.001676,0.017791,0.087659
1254,R,0.007674,0.001395,0.003955,0.250505
1256,N1,0.003624,0.014290,0.027516,0.054971
1257,N1,0.011918,0.000956,0.019222,0.000000
1258,N1,0.005133,0.001408,0.020836,0.012804
1259,N2,0.018157,0.006164,0.086302,0.119646
1260,N1,0.022687,0.016189,0.083455,0.129645
1261,N1,0.005450,0.002075,0.054993,0.133386
1262,N2,0.010374,0.006666,0.018270,0.011811
1263,N2,0.022680,0.005537,0.016111,0.099596
1264,R,0.002980,0.046422,0.062875,0.065985
1265,R,0.034469,0.017959,0.037739,0.137970
1266,R,0.029896,0.002516,0.012106,0.108632
1267,R,0.007277,0.007402,0.033715,0.275261
1268,R,0.004134,0.004939,0.022157,0.228115
1269,R,0.002066,0.001176,0.025364,0.139521
1270,R,0.055139,0.005858,0.015088,0.309587
1271,R,0.004452,0.000103,0.014774,0.553274
1272,R,0.010029,0.000711,0.005297,0.005926
1273,R,0.002705,0.000329,0.013505,0.071991
1274,R,0.055601,0.001580,0.022590,0.158593
1275,R,0.003545,0.000967,0.014861,0.111598
1276,R,0.019725,0.002785,0.008642,0.001705
1277,R,0.005300,0.000519,0.029607,0.207574
1278,R,0.010601,0.042623,0.052262,0.011661
1279,R,0.035908,0.000477,0.028032,0.508666
1280,R,0.007163,0.003282,0.015054,0.121090
1281,R,0.019631,0.006159,0.022286,0.239166
1282,R,0.052673,0.001621,0.043394,0.217511
1283,R,0.015788,0.000787,0.016678,0.000000
1284,R,0.026576,0.003467,0.017121,0.087850
1285,R,0.024872,0.013432,0.022822,0.128152
1286,R,0.004166,0.001238,0.037201,0.260952
1287,R,0.028741,0.002994,0.006324,0.116071
1288,R,0.002165,0.000580,0.003423,0.033455
1289,R,0.025485,0.000726,0.023360,0.149189
1290,R,0.003279,0.003082,0.010710,0.520970
1291,R,0.008865,0.001272,0.018307,0.000000
1292,R,0.002132,0.057582,0.070082,0.000000
1293,R,0.008873,0.001179,0.020160,0.000000
1294,N1,0.026659,0.002351,0.027741,0.191047
1295,N1,0.018139,0.000543,0.009739,0.099906
1296,N1,0.019739,0.001171,0.003401,0.426696
1297,N1,0.004768,0.004254,0.047117,0.177127
1298,N2,0.014102,0.006315,0.020700,0.070276
1299,N2,0.028740,0.002525,0.022434,0.053877
1300,N2,0.057099,0.001630,0.018455,0.054888
1301,N2,0.015818,0.014741,0.040518,0.138337
1302,N2,0.004498,0.015619,0.026048,0.185961
1303,N2,0.015043,0.003138,0.021169,0.085715
1304,N2,0.022267,0.005232,0.033912,0.168829
1305,N2,0.002277,0.000785,0.039611,0.000000
1306,N2,0.019601,0.014505,0.045808,0.283392
1307,N2,0.056507,0.051025,0.110846,0.065584
1308,N2,0.004256,0.032736,0.080451,0.104525
1309,N1,0.018191,0.002150,0.016872,0.104010
1310,N1,0.009056,0.027960,0.062468,0.011372
1311,N2,0.012418,0.001797,0.010539,0.045895
1312,N2,0.019664,0.010518,0.038974,0.084113
1313,N2,0.005111,0.016320,0.058398,0.148412
1314,N1,0.020243,0.001155,0.018832,0.190842
1315,N1,0.005607,0.005034,0.033270,0.022074
1316,N1,0.004758,0.004354,0.016958,0.123317
1317,N2,0.012524,0.004029,0.022752,0.059684
1318,N2,0.008731,0.004792,0.031295,0.061146
1319,N2,0.002963,0.007224,0.036016,0.208804
1320,N2,0.015581,0.008740,0.058639,0.059023
1321,N2,0.016877,0.006704,0.027761,0.026280
1322,N1,0.005764,0.002059,0.045024,0.010382
1323,N2,0.018844,0.007792,0.079928,0.008105
1324,N2,0.008365,0.005047,0.017444,0.136008
1325,N2,0.032788,0.039868,0.088762,0.084363
1326,N1,0.030837,0.005550,0.019723,0.031338
1327,N1,0.016885,0.000613,0.023052,0.149470
1328,N2,0.026739,0.019375,0.035588,0.296821
1329,N2,0.013640,0.031699,0.116743,0.185220
1330,N2,0.015312,0.002101,0.014571,0.029356
1331,N2,0.006469,0.055118,0.094852,0.070747
1332,N2,0.001967,0.013020,0.016818,0.005311
1333,N2,0.024660,0.011859,0.111236,0.021039
1334,N2,0.007315,0.009350,0.016131,0.071301
1335,N2,0.021926,0.025186,0.076110,0.035285
1336,N2,0.015887,0.000737,0.013838,0.028262
1337,N2,0.021236,0.002728,0.013362,0.229143
1338,N2,0.017936,0.002097,0.034044,0.031517
1339,N2,0.015736,0.003934,0.020587,0.120959
1340,N2,0.023880,0.010295,0.023150,0.067101
1341,N2,0.008661,0.003426,0.134354,0.011205
1342,N2,0.035934,0.005652,0.014615,0.136929
1343,N2,0.006192,0.005557,0.022500,0.111513
1344,N2,0.015414,0.018700,0.038525,0.076147
1345,N2,0.011971,0.004175,0.016205,0.068653
1346,N2,0.014437,0.014337,0.054378,0.198435
1347,N2,0.012965,0.008505,0.043478,0.061744
1348,N2,0.070475,0.002440,0.020806,0.010667
1349,N1,0.027699,0.007240,0.108785,0.033246
1350,N1,0.008992,0.002203,0.017448,0.118622
1351,N2,0.009450,0.007793,0.115799,0.000000
1352,N2,0.018137,0.004160,0.027800,0.227001
1353,N2,0.028765,0.007659,0.019411,0.081030
1354,N2,0.025625,0.023015,0.067574,0.052064
1355,N2,0.024007,0.004506,0.030615,0.060416
1356,N2,0.015135,0.007372,0.023317,0.056582
1357,N2,0.002469,0.013752,0.047081,0.645257
1358,N2,0.008822,0.028170,0.033984,0.221756
1359,N2,0.004542,0.022422,0.073901,0.105298
1360,N1,0.009255,0.003116,0.056971,0.286540
1361,N2,0.057173,0.007093,0.135186,0.061025
1362,N2,0.037973,0.005297,0.029616,0.387274
1363,N2,0.037618,0.001584,0.029046,0.074071
1364,N2,0.016467,0.015644,0.055085,0.125280
1365,N1,0.022873,0.043585,0.102088,0.000000
1366,N1,0.038241,0.004558,0.047185,0.319898
1367,N2,0.046134,0.026804,0.078407,0.089223
1368,N2,0.012209,0.010198,0.031046,0.527991
1369,N2,0.009914,0.000606,0.018413,0.047157
1370,N2,0.006878,0.009891,0.026826,0.081057
1371,N2,0.019691,0.009650,0.023688,0.261848
1372,N2,0.030851,0.003739,0.033939,0.000000
1373,N2,0.013143,0.003544,0.013311,0.126253
1374,N2,0.002542,0.033390,0.066909,0.184831
1375,N2,0.023991,0.006750,0.057777,0.151746
1376,N2,0.017667,0.006055,0.022374,0.174966
1377,N2,0.007509,0.056456,0.062317,0.034603
1378,N2,0.016906,0.047039,0.087234,0.169938
1379,N2,0.015339,0.019643,0.062281,0.105893
1380,N2,0.002319,0.008893,0.041410,0.130913
1381,N2,0.002832,0.019399,0.064506,0.015309
1382,W,0.032288,0.001650,0.026611,0.587541
1383,N1,0.009758,0.001634,0.020262,0.682806
1384,N1,0.013745,0.005302,0.035287,0.066454
1385,N2,0.010048,0.016897,0.052057,0.075570
1386,N1,0.013788,0.057408,0.078207,0.000000
1387,N2,0.026224,0.048610,0.071496,0.144932
1388,N2,0.014595,0.008103,0.040500,0.000929
1389,N2,0.031693,0.005619,0.035854,0.000000
1390,N2,0.090987,0.006038,0.036452,0.033128
1391,N2,0.010919,0.012447,0.044194,0.088437
1392,N2,0.020705,0.016463,0.046311,0.132412
1393,N2,0.011565,0.005885,0.021670,0.250326
1394,N2,0.006624,0.014179,0.055541,0.011563
1395,N2,0.003714,0.018397,0.072340,0.069275
1396,N2,0.002390,0.012774,0.086179,0.191572
1397,N2,0.022788,0.005108,0.024412,0.037791
1398,N2,0.018753,0.010391,0.032412,0.179970
1399,N2,0.036636,0.008388,0.021801,0.096700
1400,N3,0.023822,0.042242,0.120543,0.019244
1401,N2,0.004107,0.017411,0.033993,0.113867
1402,N2,0.002358,0.019044,0.042584,0.141746
1403,N2,0.020786,0.009101,0.090143,0.004594
1404,N1,0.015909,0.000474,0.038112,0.141883
1405,N2,0.037401,0.003387,0.043853,0.063442
1406,N2,0.012041,0.019240,0.114240,0.000000
1407,N2,0.008785,0.003856,0.025613,0.044498
1408,N2,0.014308,0.007624,0.076513,0.255932
1409,N2,0.022869,0.004238,0.032354,0.010682
1410,N3,0.000369,0.005255,0.121310,0.000000
1411,N2,0.031570,0.007305,0.039354,0.157341
1412,N2,0.028534,0.027418,0.086752,0.000000
1413,N2,0.011039,0.007350,0.039154,0.110110
1414,N2,0.008252,0.021766,0.098106,0.000000
1415,N2,0.119872,0.003539,0.018881,0.580514
1416,N2,0.012868,0.010249,0.046608,0.125349
1417,N2,0.090705,0.005821,0.022796,0.253755
1418,N2,0.015680,0.013547,0.050657,0.077788
1419,N2,0.004029,0.010161,0.083198,0.123149
1420,N2,0.023964,0.007950,0.040066,0.082401
1421,N2,0.012565,0.032530,0.123528,0.112199
1422,N2,0.063397,0.014872,0.075938,0.188781
1423,N2,0.037240,0.005940,0.049517,0.305076
1424,N2,0.001730,0.007843,0.079007,0.169545
1425,N2,0.040818,0.001830,0.050974,0.141880
1426,N1,0.068939,0.004359,0.046041,0.114213
1427,N1,0.024470,0.001015,0.034535,0.107628
1428,N2,0.008257,0.006170,0.039191,0.185850
1429,N2,0.024941,0.005569,0.036916,0.206960
1430,N2,0.027269,0.042262,0.069690,0.095794
1431,R,0.013383,0.007333,0.014503,0.284140
1432,R,0.019963,0.004588,0.024215,0.082512
1433,R,0.001302,0.002211,0.097903,0.014395
1434,N1,0.037467,0.006908,0.018918,0.043298
1435,R,0.021855,0.003998,0.040870,0.048794
1436,R,0.020970,0.004930,0.014848,0.065686
1437,R,0.004734,0.001439,0.027350,0.198484
1438,R,0.007394,0.000990,0.006913,0.236926
1439,R,0.052219,0.003082,0.008648,0.130637
1440,R,0.030875,0.018684,0.033914,0.123710
1441,R,0.008642,0.000763,0.021616,0.029054
1442,R,0.124016,0.005040,0.075197,0.247505
1443,R,0.014101,0.009180,0.063041,0.265297
1444,R,0.005171,0.003526,0.012354,0.109112
1445,R,0.009582,0.002256,0.028635,0.230520
1446,R,0.021760,0.003236,0.012260,0.149743
1447,R,0.050287,0.002794,0.041921,0.177200
1448,N1,0.013950,0.000289,0.011929,0.102816
1449,N1,0.008457,0.002104,0.022724,0.318093
1450,N1,0.008927,0.007462,0.011178,0.085865
1451,N1,0.009521,0.004647,0.019590,0.039170
1452,N1,0.031208,0.001236,0.012661,0.250921
1453,N1,0.034271,0.000653,0.014566,0.015853
1454,W,0.004179,0.001565,0.007648,0.046631
1455,N1,0.011969,0.001241,0.032570,0.026508
1456,N1,0.004149,0.002722,0.022291,0.072143
1457,N1,0.031975,0.002417,0.013257,0.089874
1458,N1,0.006669,0.007754,0.017515,0.028497
1459,N1,0.005624,0.014920,0.020230,0.104352
1460,N1,0.038091,0.028113,0.034691,0.079432
1461,N1,0.024189,0.005274,0.030340,0.008307
1462,N2,0.010073,0.004702,0.021659,0.056973
1463,N2,0.013688,0.013369,0.030342,0.085090
1464,N2,0.122230,0.021590,0.075657,0.114528
1465,N2,0.063599,0.001030,0.033226,0.410131
1466,N2,0.031355,0.030265,0.053785,0.127704
1467,N2,0.020279,0.008340,0.060956,0.273675
1468,N2,0.026006,0.006520,0.053411,0.354297
1469,N2,0.062865,0.002874,0.029233,0.116318
1470,N2,0.012304,0.005026,0.015907,0.231439
1471,N2,0.048302,0.002615,0.020734,0.183764
1472,N2,0.059822,0.006536,0.023682,0.014238
1473,N2,0.040595,0.027020,0.048890,0.211315
1474,N2,0.006399,0.005783,0.040243,0.128640
1475,N2,0.018368,0.004830,0.030093,0.364888
1476,N1,0.039389,0.002047,0.029376,0.034832
1477,N1,0.027381,0.002875,0.012855,0.113636
1478,N1,0.031470,0.003182,0.040600,0.317059
1479,N2,0.006038,0.005227,0.073286,0.115413
1480,N2,0.005453,0.015945,0.087503,0.000000
1481,N2,0.004590,0.005780,0.018737,0.094295
1482,N2,0.016242,0.010460,0.025426,0.044553
1483,N2,0.021826,0.008964,0.046139,0.106229
1484,N2,0.041872,0.015696,0.090958,0.045842
1485,N2,0.018784,0.006516,0.043647,0.159318
1486,N2,0.072752,0.018530,0.038062,0.493793
1487,N2,0.098951,0.015838,0.100557,0.154489
1488,N2,0.012708,0.004362,0.062761,0.071724
1489,N2,0.008374,0.004440,0.022773,0.199185
1490,N2,0.057760,0.027091,0.040132,0.092524
1491,N2,0.053869,0.007526,0.049805,0.140666
1492,N2,0.027300,0.007214,0.039059,0.006387
1493,N2,0.025157,0.005023,0.026116,0.128027
1494,N2,0.032764,0.009698,0.044646,0.064525
1495,N2,0.014886,0.005757,0.023533,0.000000
1496,N2,0.020317,0.005572,0.055840,0.158875
1497,N1,0.003855,0.001511,0.034292,0.093778
1498,N1,0.006740,0.002614,0.013008,0.049973
1499,N1,0.004017,0.001638,0.013366,0.019526
1500,N2,0.008818,0.005517,0.014836,0.037356
1501,N2,0.050344,0.000372,0.014048,0.101149
1502,N1,0.040326,0.002002,0.017564,0.117995
1503,N2,0.011424,0.000523,0.018025,0.163356
1504,N2,0.002578,0.007942,0.057567,0.243088
1505,N2,0.058170,0.008401,0.040729,0.000000
1506,N2,0.044954,0.003569,0.024083,0.019044
1507,N2,0.042302,0.043720,0.060955,0.152420
1508,N2,0.094687,0.003612,0.023729,0.018146
1509,N2,0.001249,0.065437,0.111848,0.083640
1510,N2,0.010182,0.004445,0.016633,0.071955
1511,N2,0.015262,0.008364,0.033383,0.113202
1512,N2,0.018363,0.013875,0.031500,0.082924
1513,N1,0.019365,0.003814,0.023845,0.211709
1514,N1,0.001595,0.000593,0.033914,0.008088
1515,N1,0.028750,0.003587,0.018943,0.088290
1516,N2,0.006038,0.026707,0.052648,0.210943
1517,N2,0.098155,0.006527,0.024021,0.105283
1518,N2,0.021639,0.003385,0.020238,0.033441
1519,N2,0.025346,0.021642,0.054282,0.104532
1520,N2,0.009169,0.004909,0.023534,0.030358
1521,N2,0.012603,0.002544,0.057994,0.030763
1522,N2,0.025332,0.011307,0.022942,0.082118
1523,N1,0.024684,0.000719,0.019582,0.153302
1524,N1,0.043155,0.055406,0.095738,0.039623
1525,N2,0.029640,0.030502,0.072014,0.038285
1526,N2,0.052699,0.005550,0.032614,0.061649
1527,N2,0.004076,0.011342,0.102164,0.101680
1528,N2,0.008545,0.002732,0.050125,0.121127
1529,N2,0.004092,0.005586,0.031775,0.041740
1530,N2,0.002599,0.007094,0.020402,0.032826
1531,N2,0.013670,0.006655,0.046174,0.115541
1532,N2,0.009037,0.007716,0.030183,0.000000
1533,N1,0.013686,0.004574,0.050319,0.011381
1534,N2,0.050453,0.027825,0.052698,0.070480
1535,N2,0.009163,0.000169,0.013252,0.274228
1536,N2,0.006438,0.006214,0.012625,0.068422
1537,N2,0.008819,0.009938,0.024495,0.183268
1538,N2,0.057087,0.003537,0.038829,0.147975
1539,N2,0.034715,0.003563,0.015981,0.129983
1540,N2,0.008491,0.018080,0.041550,0.341277
1541,N2,0.008610,0.013629,0.023974,0.152186
1542,N2,0.012837,0.005792,0.018795,0.011747
1543,N2,0.005538,0.005327,0.046568,0.427218
1544,N2,0.024774,0.006660,0.031223,0.038644
1545,N2,0.011757,0.010619,0.033080,0.052262
1546,N2,0.010754,0.048248,0.102200,0.203425
1547,N2,0.002257,0.007938,0.052614,0.111589
1548,N2,0.002257,0.001353,0.024502,0.188384
1549,N2,0.004303,0.020527,0.068230,0.358397
1550,N2,0.026067,0.004636,0.014141,0.028693
1551,N2,0.052171,0.004894,0.047895,0.050154
1552,N3,0.034577,0.043960,0.189252,0.288277
1553,N2,0.013993,0.021045,0.072948,0.189019
1554,N2,0.006136,0.016119,0.059686,0.075963
1555,N2,0.023073,0.011726,0.155467,0.000000
1556,N1,0.020410,0.000932,0.008924,0.344309
1557,N1,0.010955,0.025907,0.040885,0.249932
1558,N2,0.038628,0.003090,0.022242,0.040663
1559,N2,0.002884,0.001799,0.015285,0.082827
1560,N2,0.007190,0.003413,0.026443,0.017573
1561,N2,0.006006,0.005377,0.088684,0.114144
1562,N2,0.009361,0.013315,0.081492,0.000000
1563,N2,0.006367,0.007165,0.038554,0.114838
1564,N2,0.030800,0.000700,0.026313,0.110147
1565,N2,0.044221,0.005205,0.023146,0.000491
1566,N2,0.004161,0.003838,0.055573,0.445492
1567,N2,0.032523,0.008143,0.030963,0.268839
1568,N2,0.002785,0.003682,0.045244,0.176341
1569,N2,0.014075,0.001284,0.026238,0.080823
1570,N2,0.008073,0.006575,0.019041,0.244718
1571,N2,0.001181,0.043949,0.057271,0.042629
1572,N2,0.006214,0.016613,0.034932,0.084523
1573,N2,0.017441,0.003619,0.114102,0.011163
1574,N2,0.012116,0.002511,0.035011,0.186240
1575,N2,0.008773,0.057596,0.079202,0.225923
1576,N1,0.033232,0.002593,0.036024,0.024307
1577,N1,0.038701,0.004685,0.022136,0.017976
1578,N1,0.010675,0.003360,0.013946,0.102689
1579,N2,0.060426,0.005380,0.099208,0.051799
1580,N2,0.054712,0.003196,0.018516,0.117344
1581,N2,0.016956,0.006836,0.026423,0.021034
1582,N2,0.008502,0.005300,0.037666,0.146444
1583,R,0.043812,0.000243,0.005308,0.000000
1584,R,0.017221,0.054076,0.059862,0.015377
1585,R,0.003194,0.001571,0.027137,0.155814
1586,R,0.003507,0.003731,0.031816,0.051880
1587,R,0.006105,0.003094,0.066215,0.000000
1588,R,0.005452,0.000816,0.007650,0.233982
1589,R,0.040005,0.006564,0.013585,0.115327
1590,N1,0.039885,0.000275,0.012704,0.540006
1591,N1,0.001402,0.002064,0.007977,0.110184
1592,N1,0.007170,0.001512,0.011308,0.408547
1593,R,0.014643,0.005541,0.022661,0.063633
1594,R,0.007457,0.018075,0.053929,0.061999
1595,R,0.011141,0.039769,0.046049,0.077585
1596,R,0.005072,0.001730,0.030129,0.278280
1597,R,0.008427,0.008755,0.030885,0.062417
1598,R,0.027558,0.000758,0.022394,0.069920
1599,R,0.082376,0.004456,0.015198,0.000000
1600,R,0.021778,0.067144,0.079960,0.068617
1601,R,0.038701,0.002706,0.024662,0.261135
1602,R,0.020512,0.003370,0.012345,0.065028
1603,R,0.008003,0.002512,0.036224,0.096413
1604,R,0.004378,0.028209,0.038612,0.052286
1605,R,0.006563,0.001741,0.042236,0.274284
1606,R,0.001585,0.000849,0.037980,0.084488
1607,R,0.003091,0.002098,0.006123,0.049042
1608,R,0.004113,0.041874,0.048925,0.031093
1609,R,0.040164,0.001275,0.015404,0.459853
1610,R,0.023434,0.005439,0.020321,0.089349
1611,R,0.036923,0.026408,0.039551,0.581780
1612,R,0.000620,0.000291,0.020030,0.000951
1613,R,0.013478,0.002868,0.040105,0.000000
1614,R,0.053780,0.001261,0.025069,0.221332
1615,R,0.009073,0.000746,0.023147,0.220979
1616,R,0.006909,0.042856,0.084732,0.113549
1617,R,0.002565,0.002490,0.039097,0.160859
1618,N1,0.027209,0.000825,0.026086,0.009186
1619,N1,0.015020,0.000610,0.006483,0.000000
1620,R,0.059621,0.001915,0.023523,0.430491
1621,N1,0.008954,0.001529,0.033405,0.098217
1622,N1,0.012139,0.000428,0.026689,0.034415
1623,N1,0.003310,0.004099,0.006379,0.016087
1624,N1,0.008130,0.007436,0.020033,0.157157
1625,R,0.020832,0.002635,0.006842,0.128031
1626,R,0.014173,0.003785,0.030491,0.116209
1627,R,0.005375,0.057046,0.075678,0.082091
1628,R,0.016101,0.001877,0.029389,0.117761
1629,R,0.003628,0.013661,0.060737,0.118165
1630,R,0.008264,0.005802,0.022342,0.065990
1631,R,0.057630,0.005237,0.036856,0.246628
1632,R,0.001412,0.000160,0.022233,0.100677
1633,R,0.002263,0.003863,0.010634,0.223604
1634,R,0.047221,0.014031,0.028498,0.015418
1635,R,0.023604,0.001167,0.007020,0.286265
1636,R,0.000734,0.027470,0.040571,0.286004
1637,R,0.017810,0.003104,0.023103,0.000000
1638,W,0.021654,0.000364,0.032928,0.065054
1639,N1,0.009829,0.004683,0.013442,0.490068
1640,N1,0.006112,0.005798,0.016838,0.025158
1641,N1,0.009299,0.000164,0.009880,0.093880
1642,N1,0.004963,0.000386,0.029107,0.069812
1643,N1,0.034716,0.001749,0.012436,0.170178
1644,W,0.004329,0.001698,0.051082,0.090196
1645,W,0.012066,0.013761,0.038348,0.079684
1646,N1,0.030447,0.002593,0.015527,0.000000
1647,W,0.008176,0.000523,0.004759,0.052335
1648,W,0.021988,0.000661,0.028257,0.103863
1649,W,0.026896,0.000200,0.015015,1.193551
1650,W,0.002032,0.001236,0.019143,0.676273
1651,W,0.000981,0.001406,0.014463,0.379323
1652,W,0.015460,0.000213,0.025907,0.422384
1653,W,0.015277,0.001394,0.010133,0.810205
1654,W,0.072328,0.000912,0.010163,0.403140
1655,W,0.010783,0.003853,0.013452,0.474230
1656,W,0.129162,0.002127,0.022615,0.162294
1657,W,0.178936,0.000928,0.007382,0.444939
1658,W,0.004390,0.000402,0.015083,0.570377
1659,W,0.083813,0.001608,0.012011,0.684600
1660,W,0.035226,0.002770,0.012955,1.487336
1661,W,0.002107,0.001308,0.022824,0.711984
1662,W,0.023528,0.000350,0.042360,1.462112
1663,W,0.054397,0.003025,0.009624,0.157501
1664,W,0.023091,0.000393,0.029713,0.430411
1665,W,0.005299,0.002318,0.037070,0.515887
1666,W,0.121749,0.000676,0.004304,0.432029
1667,W,0.013393,0.000385,0.043001,0.450286
1668,W,0.001611,0.000265,0.017846,0.471601
1669,W,0.015613,0.000874,0.006457,0.073954
1670,W,0.054562,0.001854,0.004826,0.485863
1671,W,0.004170,0.003492,0.047770,0.353642
1672,W,0.048653,0.001138,0.007741,0.902708
1673,W,0.092179,0.001894,0.048305,0.717861
1674,W,0.004851,0.001149,0.013084,0.363800
1675,W,0.143268,0.003023,0.014624,0.411030
1676,W,0.059979,0.000554,0.023726,0.554804
1677,W,0.012709,0.002344,0.111435,0.407075
1678,W,0.002079,0.001877,0.006562,0.789976
1679,W,0.037570,0.001050,0.019833,0.788148
1680,W,0.049762,0.001041,0.006239,0.787260
1681,W,0.081783,0.000944,0.006093,0.577542
1682,W,0.011235,0.000107,0.016586,0.334270
1683,W,0.005454,0.004227,0.036943,0.190468
1684,W,0.022744,0.004448,0.023339,0.651344
1685,W,0.062045,0.000154,0.031103,0.623588
1686,W,0.008851,0.000596,0.015519,0.817655
1687,W,0.021365,0.001011,0.011784,1.055518
1688,W,0.012835,0.002627,0.013821,0.514776
1689,W,0.006390,0.001258,0.020425,0.396117
1690,W,0.036607,0.000778,0.019367,0.791724
1691,W,0.112963,0.002310,0.011225,0.293364
1692,W,0.024753,0.000221,0.030540,1.145575
1693,W,0.008888,0.001604,0.022872,0.550668
1694,W,0.024027,0.000227,0.011769,0.493304
1695,W,0.003932,0.000386,0.012761,0.791449
1696,W,0.007431,0.001548,0.010572,0.358950
1697,W,0.008598,0.000566,0.043807,0.171996
1698,W,0.032197,0.001478,0.013966,0.338266
1699,W,0.076337,0.000836,0.021635,0.448846
1700,W,0.001003,0.001380,0.174502,0.227071
1701,W,0.009270,0.001612,0.035901,0.512474
1702,W,0.040384,0.000823,0.008615,0.751324
1703,W,0.008973,0.002083,0.025115,0.596172
1704,W,0.004746,0.004055,0.027312,0.841045
1705,W,0.009830,0.001578,0.005457,1.041908
1706,W,0.044457,0.001239,0.018775,0.702698
1707,W,0.003437,0.001579,0.015914,1.553904
1708,W,0.025337,0.001908,0.017352,0.757302
1709,W,0.018209,0.000075,0.006596,0.523908
1710,W,0.011373,0.001283,0.033275,0.454882
1711,W,0.051453,0.002405,0.032638,0.623136
1712,W,0.010767,0.000208,0.012689,0.965328
1713,W,0.015383,0.000739,0.031815,0.982266
1714,W,0.007543,0.000118,0.012841,0.235763
1715,W,0.009321,0.003058,0.008817,0.277676
1716,W,0.022560,0.001607,0.017262,0.168450
1717,W,0.053760,0.001427,0.024546,0.615493
1718,W,0.003890,0.002831,0.044517,0.264378
1719,W,0.003456,0.002327,0.021106,0.447600
1720,W,0.001444,0.000429,0.036220,0.252050
1721,W,0.001769,0.000354,0.023428,0.120747
1722,W,0.016378,0.000437,0.008781,0.672128
1723,W,0.011257,0.002227,0.033179,0.355717
1724,W,0.014458,0.001042,0.046795,0.362382
1725,W,0.005185,0.002326,0.071477,0.326535
1726,W,0.004155,0.003409,0.033068,0.464106
1727,W,0.008046,0.004261,0.054656,0.264066
1728,W,0.003765,0.003644,0.089350,0.705174
1729,W,0.007236,0.001069,0.037540,0.360590
1730,W,0.008732,0.001147,0.027526,0.736247
1731,W,0.018277,0.000070,0.025168,1.273210
1732,W,0.012057,0.002591,0.049967,0.526733
1733,W,0.005661,0.001047,0.051422,0.804411
1734,W,0.024481,0.002391,0.032197,0.504251
1735,W,0.005244,0.000095,0.025677,1.008380
1736,W,0.062075,0.001574,0.010123,0.675093
1737,W,0.012599,0.003008,0.015699,0.465804
1738,W,0.021928,0.000472,0.013306,0.985265
1739,W,0.004930,0.001766,0.020614,0.754037
1740,W,0.054116,0.002276,0.018218,0.715210
1741,W,0.012532,0.000503,0.013713,0.517782
1742,W,0.019065,0.000065,0.022886,0.872255
1743,W,0.040177,0.000692,0.020243,0.593958
1744,W,0.068221,0.000847,0.016751,0.754565
1745,W,0.071717,0.001840,0.010083,0.730114
1746,W,0.012237,0.000540,0.057427,0.362744
1747,W,0.002899,0.002641,0.009637,0.150250
1748,W,0.016494,0.002932,0.068058,0.343543
1749,W,0.005480,0.001827,0.077790,0.530837
1750,W,0.001382,0.001271,0.008850,0.444817
1751,W,0.001430,0.002159,0.012389,0.266923
1752,W,0.009104,0.005091,0.013872,0.831821
1753,W,0.008523,0.001009,0.019583,1.003148
1754,W,0.017307,0.000069,0.035211,0.584513
1755,W,0.009625,0.000201,0.004608,0.470760
1756,W,0.013544,0.000513,0.008327,1.680516
1757,W,0.009052,0.000066,0.051603,0.837204
1758,W,0.105726,0.001204,0.015299,0.781779
1759,W,0.010213,0.001557,0.008280,1.144225
1760,W,0.021408,0.000166,0.012651,0.658402
1761,W,0.033143,0.004715,0.007169,0.569935
1762,W,0.007189,0.000631,0.002821,0.792087
1763,W,0.025678,0.002749,0.007694,0.724814
1764,W,0.006715,0.000945,0.046232,0.484216
1765,W,0.013452,0.000210,0.003330,1.044585
1766,W,0.089397,0.002150,0.035966,0.488322
1767,W,0.009487,0.000690,0.009429,0.688807
1768,W,0.013354,0.000824,0.007592,0.643474
1769,W,0.103923,0.001697,0.025140,0.570723
1770,W,0.029685,0.001257,0.021346,0.538082
1771,W,0.005871,0.000158,0.052200,0.722876
1772,W,0.007173,0.004233,0.024316,0.648187
1773,W,0.025728,0.001226,0.008758,1.029716
1774,W,0.134161,0.002129,0.038159,0.570905
1775,W,0.018025,0.001280,0.026597,0.431095
1776,W,0.016087,0.000298,0.006581,0.921803
1777,W,0.010963,0.000854,0.023413,0.581545
1778,W,0.005068,0.001474,0.018742,0.489356
1779,W,0.053833,0.001800,0.004101,0.837776
1780,W,0.012342,0.000442,0.006558,0.940396
1781,W,0.004671,0.001523,0.036572,0.777073
1782,W,0.026028,0.000878,0.008492,1.150707
1783,W,0.031306,0.001405,0.011682,0.993774
1784,W,0.024280,0.000293,0.014085,0.724205
1785,W,0.002855,0.002929,0.021271,0.890176
1786,W,0.027565,0.002268,0.025237,0.329401
1787,W,0.043594,0.001485,0.105044,0.291830
1788,W,0.002473,0.000276,0.022166,0.400357
1789,W,0.040928,0.001074,0.021885,0.238550
1790,W,0.076322,0.001673,0.117189,0.409622
1791,W,0.000678,0.001159,0.028789,0.487183
1792,W,0.000753,0.000366,0.006809,0.498479
1793,W,0.033155,0.000481,0.042887,0.180838
1794,W,0.017334,0.000453,0.026952,0.164813
1795,W,0.025499,0.000676,0.040420,0.275898
1796,W,0.002884,0.000604,0.023853,0.969918
1797,W,0.007998,0.000955,0.036525,0.308474
1798,W,0.002489,0.001484,0.008029,0.386674
1799,W,0.004393,0.000248,0.018541,0.457644
1800,W,0.006749,0.000256,0.021573,0.426388
1801,W,0.036951,0.000708,0.015068,0.313409
1802,W,0.008058,0.000981,0.033412,0.538258
1803,W,0.010217,0.004362,0.065217,0.328772
1804,W,0.022582,0.000318,0.038893,0.659230
1805,W,0.021338,0.000527,0.016610,0.266499
1806,W,0.011794,0.001439,0.041443,0.413167
1807,W,0.000658,0.004612,0.053692,0.482325
1808,W,0.050981,0.000181,0.011498,0.553369
1809,W,0.005451,0.003965,0.013787,1.015167
1810,W,0.024974,0.000728,0.019143,0.446394
1811,W,0.014652,0.001700,0.014787,0.549212
1812,W,0.013945,0.000273,0.016722,0.265930
1813,W,0.073909,0.001255,0.009674,0.211619
1814,W,0.001114,0.002958,0.042904,0.681995
1815,W,0.011035,0.000042,0.017612,0.455637
1816,W,0.060966,0.000480,0.053818,0.299699
1817,W,0.002121,0.001336,0.023844,0.471013
1818,W,0.028191,0.001775,0.009990,0.324456
1819,W,0.015460,0.004026,0.042701,0.318912
1820,W,0.010794,0.000732,0.006842,0.083471
1821,W,0.000700,0.000403,0.035641,0.325990
1822,W,0.012083,0.000186,0.003500,0.265305
1823,W,0.015451,0.004705,0.062344,0.702253
1824,W,0.005993,0.000735,0.032581,0.278095
1825,W,0.005269,0.000909,0.030239,0.322186
1826,W,0.002679,0.000891,0.027457,0.431284
1827,W,0.004790,0.001797,0.043038,0.323501
1828,W,0.003830,0.002040,0.035451,0.366146
1829,W,0.003804,0.003527,0.083759,0.070143
1830,W,0.000666,0.000639,0.087413,0.247492
1831,W,0.001518,0.000455,0.022600,0.391138
1832,W,0.004431,0.001271,0.013025,0.239701
1833,W,0.003005,0.001235,0.065094,0.328078
1834,W,0.006862,0.001779,0.017272,0.179553
1835,W,0.015506,0.000420,0.022844,0.275564
1836,W,0.000882,0.000095,0.044770,0.171712
1837,W,0.005309,0.003736,0.029507,0.592787
1838,W,0.005293,0.001130,0.009133,0.273854
1839,W,0.003837,0.004551,0.050896,0.224243
1840,W,0.054032,0.000564,0.031833,0.431808
1841,W,0.006461,0.067428,0.100398,0.301864
1842,W,0.003954,0.003094,0.019383,0.514682
1843,W,0.004931,0.002392,0.018911,0.104104
1844,W,0.015262,0.007236,0.021854,0.352661
1845,W,0.004154,0.003021,0.102734,0.223053
1846,W,0.007109,0.000248,0.039316,0.427059
1847,W,0.026098,0.001303,0.013475,0.288006
1848,W,0.006650,0.000261,0.028484,0.516036
1849,W,0.006674,0.001687,0.025591,0.045161
1850,W,0.034813,0.000974,0.023665,0.272055
1851,W,0.009714,0.000638,0.060169,0.365330
1852,W,0.001300,0.000662,0.065561,0.009963
1853,W,0.004788,0.001501,0.064325,0.151151
1854,W,0.004998,0.000976,0.018016,0.122593
1855,W,0.069438,0.003915,0.127073,0.467862
1856,W,0.001614,0.001310,0.079982,0.382048
1857,W,0.001356,0.002085,0.009627,0.407601
1858,W,0.026237,0.002605,0.018340,0.353436
1859,W,0.002405,0.001573,0.044541,0.592471
1860,W,0.005255,0.000221,0.028639,0.198505
1861,W,0.003862,0.001492,0.071781,0.316944
1862,W,0.005210,0.001038,0.043995,0.191240
1863,W,0.009443,0.001666,0.039702,0.221658
1864,W,0.043306,0.001181,0.008768,0.081079
1865,W,0.009513,0.001049,0.012377,0.318392
1866,W,0.004368,0.000785,0.041935,0.399381
1867,W,0.007170,0.000498,0.046111,0.479440
1868,W,0.002452,0.004252,0.011141,0.461392
1869,W,0.009497,0.005104,0.024568,0.825618
1870,W,0.003143,0.000803,0.030292,0.248262
1871,W,0.028172,0.000113,0.009511,0.114778
1872,W,0.010902,0.000761,0.040351,0.127274
1873,W,0.008791,0.001035,0.047478,0.319863
1874,W,0.000533,0.002624,0.033699,0.828434
1875,W,0.050446,0.000469,0.030458,0.635005
1876,W,0.023340,0.001599,0.023612,0.518607
1877,W,0.007472,0.000480,0.029697,0.309806
1878,W,0.006129,0.000469,0.037647,0.521277
1879,W,0.032248,0.002312,0.027397,0.523241
1880,W,0.016033,0.000663,0.021596,0.336306
1881,W,0.064062,0.002293,0.043640,0.817072
1882,W,0.094417,0.000764,0.021944,0.614761
1883,W,0.003088,0.007809,0.047578,0.520303
1884,W,0.002274,0.000926,0.019349,0.348211
1885,W,0.002274,0.001139,0.016930,0.459262
1886,W,0.099583,0.000576,0.016920,0.955631
1887,W,0.009405,0.000728,0.052719,0.508219
1888,W,0.021806,0.004669,0.096387,0.328146
1889,W,0.004153,0.000667,0.032671,0.114195
1890,W,0.004241,0.000205,0.022272,0.769584
1891,W,0.006097,0.006273,0.022854,1.034533
1892,W,0.039006,0.002416,0.005231,0.422872
1893,W,0.055285,0.000803,0.001772,0.666227
1894,W,0.021650,0.001424,0.080242,0.664935
1895,W,0.010492,0.001442,0.035760,0.688261
1896,W,0.016689,0.003751,0.009726,0.583991
1897,W,0.003765,0.000642,0.038918,0.330174
1898,W,0.013189,0.001090,0.035746,0.806116
1899,W,0.006983,0.002853,0.021158,0.320964
1900,W,0.001956,0.005019,0.058259,0.424334
1901,W,0.320123,0.001622,0.018900,0.621317
1902,W,0.060573,0.007991,0.023794,0.953917
1903,W,0.028220,0.001476,0.013244,0.858281
1904,W,0.004780,0.001534,0.067552,0.524030
1905,W,0.087550,0.001394,0.005097,0.335125
1906,W,0.003386,0.000810,0.004208,0.498045
1907,W,0.016914,0.000036,0.005679,0.146250
1908,W,0.002401,0.000338,0.012175,0.519112
1909,W,0.005001,0.001549,0.012839,0.583120
1910,W,0.014139,0.004433,0.023148,0.580618
1911,W,0.039017,0.002043,0.009699,0.528739
1912,W,0.029370,0.001007,0.019833,0.669714
1913,W,0.020569,0.002577,0.007283,0.655836
1914,W,0.003507,0.000569,0.009027,0.609142
1915,W,0.014666,0.002314,0.029991,0.170306
1916,W,0.002877,0.000158,0.018845,0.563497
1917,W,0.015875,0.000139,0.003733,0.325506
1918,W,0.028333,0.000367,0.014173,0.525011
1919,W,0.004293,0.000905,0.011092,0.735944
1920,W,0.003772,0.000539,0.027495,0.471016
1921,W,0.081357,0.003184,0.016130,0.682218
1922,W,0.014303,0.003172,0.023253,0.579951
1923,W,0.010059,0.000211,0.014893,0.703683
1924,W,0.001885,0.001494,0.013063,0.407298
1925,W,0.003298,0.001802,0.029138,0.664648
1926,W,0.014595,0.000848,0.009858,0.291133
1927,W,0.007915,0.002178,0.010727,0.848448
1928,W,0.028956,0.001104,0.015681,0.428024
1929,W,0.017660,0.000926,0.017517,0.514455
1930,W,0.034052,0.003397,0.008550,0.714339
1931,W,0.143195,0.000826,0.022808,1.326975
1932,W,0.076055,0.002778,0.006220,0.626129
1933,W,0.015379,0.003188,0.016396,0.420687
1934,W,0.002473,0.001557,0.012777,0.317847
1935,W,0.052179,0.001577,0.005158,0.500688
1936,W,0.012259,0.004152,0.014453,0.487611
1937,W,0.029683,0.001175,0.013136,0.607251
1938,W,0.006029,0.000270,0.011568,0.993416
1939,W,0.026526,0.001858,0.008797,0.425073
1940,W,0.016327,0.000380,0.005535,0.794893
1941,W,0.005022,0.005848,0.070350,0.420442
1942,W,0.033026,0.001335,0.025546,1.030742
1943,W,0.019288,0.000142,0.009454,1.171579
1944,W,0.062279,0.000890,0.017336,0.643134
1945,W,0.004486,0.001841,0.026769,0.696242
1946,W,0.003409,0.001528,0.016634,0.393070
1947,W,0.008732,0.000844,0.030022,0.984172
1948,W,0.010399,0.000296,0.013706,0.577974
1949,W,0.012453,0.000136,0.012887,0.426624
1950,W,0.016766,0.000283,0.039355,0.642894
1951,W,0.002859,0.001345,0.008597,0.620373
1952,W,0.015983,0.000186,0.015573,0.735701
1953,W,0.005350,0.002470,0.012482,0.339344
1954,W,0.003888,0.000586,0.020567,0.914615
1955,W,0.013164,0.000140,0.026708,0.738778
1956,W,0.007477,0.001928,0.009300,0.667168
1957,W,0.013011,0.001205,0.018801,0.715843
1958,W,0.051772,0.001342,0.007249,1.002821
1959,W,0.013692,0.002050,0.018879,0.901860
1960,W,0.007691,0.000690,0.008607,0.659307
1961,W,0.003103,0.001915,0.006541,0.900673
1962,W,0.029405,0.001605,0.008451,0.746941
1963,W,0.013625,0.000194,0.003953,1.568076
1964,W,0.005013,0.001423,0.025275,0.793812
1965,W,0.017689,0.002631,0.013675,0.437438
1966,W,0.003439,0.000574,0.003625,0.352542
1967,W,0.010702,0.001616,0.025697,0.658195
1968,W,0.029997,0.000560,0.018144,0.569212
1969,W,0.013893,0.001679,0.006493,0.730477
1970,W,0.010190,0.000709,0.005625,0.282900
1971,W,0.008246,0.003518,0.035458,1.152475
1972,W,0.001580,0.000535,0.008647,0.261471
1973,W,0.019436,0.000942,0.006280,0.671701
1974,W,0.026699,0.000302,0.015758,0.749196
1975,W,0.004822,0.000308,0.028851,0.585606
1976,W,0.009113,0.000809,0.007299,0.197060
1977,W,0.014308,0.001954,0.011646,0.631430
1978,W,0.003676,0.001419,0.020568,0.753292
1979,W,0.007657,0.000617,0.005898,0.708353
1980,W,0.012531,0.000970,0.020527,0.726179
1981,W,0.097743,0.005233,0.013283,1.531721
1982,W,0.012514,0.002174,0.011302,1.091090
1983,W,0.004268,0.001660,0.008196,0.569886
1984,W,0.013596,0.001205,0.038206,0.591964
1985,W,0.005678,0.002203,0.021884,0.211339
1986,W,0.012486,0.001008,0.032249,0.514706
1987,W,0.010551,0.003505,0.007765,0.707239
1988,W,0.024101,0.001924,0.013608,0.449818
1989,W,0.002443,0.001251,0.023985,1.152570
1990,W,0.015674,0.000297,0.029400,0.368740
1991,W,0.001762,0.000998,0.006557,0.439834
1992,W,0.016916,0.001584,0.027941,0.511627
1993,W,0.010534,0.001537,0.032774,0.088785
1994,W,0.006719,0.000937,0.022066,0.098471
1995,W,0.006801,0.000511,0.011345,0.506488
1996,W,0.005956,0.001632,0.024068,0.813516
1997,W,0.018287,0.006953,0.022112,0.371729
1998,W,0.008661,0.001199,0.003485,0.701726
1999,W,0.008202,0.001131,0.014445,0.470196
2000,W,0.010533,0.002139,0.047824,0.207816
2001,W,0.006475,0.001345,0.016901,0.522960
2002,W,0.002732,0.001028,0.008545,0.475908
2003,W,0.014256,0.000872,0.016428,0.338672
2004,W,0.003442,0.001415,0.009988,0.450979
2005,W,0.034188,0.002196,0.029679,0.688390
2006,W,0.008368,0.002279,0.009450,0.688699
2007,W,0.015378,0.000739,0.032281,0.388719
2008,W,0.025934,0.000925,0.011256,0.209519
2009,W,0.037832,0.002108,0.071754,0.576291
2010,W,0.010567,0.000921,0.034432,0.619329
2011,W,0.004604,0.002532,0.021146,0.883979
2012,W,0.070327,0.002072,0.015194,1.228496
2013,W,0.005118,0.001387,0.007405,0.564767
2014,W,0.011810,0.002253,0.023181,0.945006
2015,W,0.053380,0.000357,0.012334,0.864864
2016,W,0.006021,0.002659,0.029780,0.270782
2017,W,0.009652,0.001893,0.007269,0.503159
2018,W,0.017593,0.002222,0.027222,0.319470
2019,W,0.033640,0.000592,0.037811,0.489878
2020,W,0.040436,0.000018,0.005778,1.215337
2021,W,0.161492,0.000352,0.005751,1.416014
2022,W,0.065655,0.000919,0.008343,0.835506
2023,W,0.027924,0.000746,0.014627,0.348402
2024,W,0.007504,0.002299,0.047171,0.620399
2025,W,0.011509,0.000924,0.015422,0.707827
2026,W,0.007388,0.000465,0.020854,0.531212
2027,W,0.052168,0.001610,0.006125,0.760429
2028,W,0.018843,0.000559,0.020952,0.437795
2029,W,0.006797,0.000854,0.030345,0.344574
2030,W,0.010252,0.001067,0.040025,0.532649
2031,W,0.040618,0.002098,0.019779,0.335989
2032,W,0.007146,0.002369,0.012171,0.942270
2033,W,0.001565,0.004122,0.006633,0.726015
2034,W,0.029370,0.000199,0.013190,0.706459
2035,W,0.083202,0.000381,0.007428,0.883941
2036,W,0.074610,0.000850,0.014872,0.733892
2037,W,0.041809,0.002126,0.024518,0.681942
2038,W,0.013128,0.004525,0.014007,0.427681
2039,W,0.036648,0.001500,0.066187,0.548911
2040,W,0.010310,0.000913,0.021355,0.721892
2041,W,0.011377,0.003657,0.020111,0.250659
2042,W,0.044843,0.000344,0.014336,0.627535
2043,W,0.008718,0.004465,0.067951,0.674544
2044,W,0.051830,0.001987,0.049867,0.608183
2045,W,0.043897,0.000157,0.009252,0.582416
2046,W,0.008796,0.001936,0.014045,0.382537
2047,W,0.020703,0.003668,0.073337,0.404271
2048,W,0.007785,0.000931,0.005970,0.441659
2049,W,0.015906,0.001349,0.050442,0.822702
2050,W,0.011432,0.004118,0.013417,0.624175
2051,W,0.047248,0.000704,0.046714,0.675750
2052,W,0.015841,0.000739,0.002364,0.526085
2053,W,0.009788,0.000797,0.022727,0.459283
2054,W,0.004564,0.001518,0.037946,0.974612
2055,W,0.006828,0.001949,0.040854,0.758711
2056,W,0.013946,0.001148,0.016123,0.407061
2057,W,0.028227,0.004383,0.026290,0.583316
2058,W,0.009682,0.001363,0.038347,0.502712
2059,W,0.016064,0.002615,0.011709,0.249021
2060,W,0.015055,0.000309,0.014732,0.505409
2061,W,0.023604,0.002505,0.017446,0.394637
2062,W,0.008275,0.003833,0.022079,0.973416
2063,W,0.005607,0.001375,0.015806,0.912514
2064,W,0.022603,0.001559,0.017622,0.533725
2065,W,0.020793,0.000485,0.006539,0.432672
2066,W,0.006628,0.003434,0.026684,0.788799
2067,W,0.004461,0.001484,0.006948,0.346839
2068,W,0.033118,0.001099,0.036222,0.791996
2069,W,0.003846,0.004199,0.009401,1.832847
2070,W,0.048436,0.001879,0.004998,0.866637
2071,W,0.005834,0.003913,0.008221,0.944884
2072,W,0.005733,0.001769,0.006480,0.729973
2073,W,0.005900,0.003423,0.013359,0.975214
2074,W,0.025671,0.000648,0.009878,0.715399
2075,W,0.009402,0.000418,0.010308,0.705675
2076,W,0.002172,0.000985,0.027274,0.731460
2077,W,0.005897,0.000429,0.023724,0.564857
2078,W,0.029842,0.001276,0.010320,0.891133
2079,W,0.024561,0.002437,0.006207,0.683918
2080,W,0.015628,0.009573,0.014463,0.822883
2081,W,0.011577,0.000505,0.024487,0.422881
2082,W,0.003805,0.000250,0.016657,0.719133
2083,W,0.021355,0.000468,0.007105,0.632168
2084,W,0.007792,0.002119,0.013208,0.360636
2085,W,0.003447,0.004571,0.017489,0.457581
2086,W,0.013146,0.001452,0.029998,0.831782
2087,W,0.015793,0.000795,0.015853,0.656507
2088,W,0.007009,0.002010,0.018647,0.635719
2089,W,0.031881,0.001245,0.005837,0.619372
2090,W,0.003191,0.000350,0.008959,0.378383
2091,W,0.008680,0.001274,0.024224,0.345678
2092,W,0.045700,0.000366,0.025981,0.450089
2093,W,0.035946,0.000554,0.002747,0.664690
2094,W,0.027226,0.001208,0.007167,0.808232
2095,W,0.043360,0.002761,0.014751,0.683055
2096,W,0.027799,0.000782,0.011253,0.765610
2097,W,0.041401,0.000844,0.031993,0.394865
2098,W,0.004810,0.055005,0.063149,0.449782
2099,W,0.004253,0.001242,0.013298,0.338864
2100,W,0.050146,0.002239,0.037675,0.353227
2101,W,0.004406,0.003718,0.044488,0.346503
2102,W,0.045101,0.001656,0.014594,0.944467
2103,W,0.058132,0.001415,0.014771,0.862802
2104,W,0.025170,0.000337,0.040025,0.474212
2105,W,0.013044,0.003485,0.025709,1.052137
2106,W,0.018364,0.001530,0.022950,0.275189
2107,W,0.007399,0.003653,0.017125,1.027222
2108,W,0.011389,0.002761,0.026589,0.838222
2109,W,0.184613,0.000977,0.026105,0.867301
2110,W,0.025582,0.001224,0.024737,0.256518
2111,W,0.029866,0.000645,0.052499,0.070460
2112,W,0.019866,0.000661,0.017346,0.152720
2113,W,0.001903,0.000072,0.016106,0.126730
2114,W,0.001376,0.001545,0.026420,0.298523
2115,W,0.003960,0.002288,0.025550,0.117115
2116,W,0.010985,0.002617,0.034768,0.313650
2117,W,0.041115,0.000716,0.029538,0.032728
2118,W,0.002648,0.000916,0.005099,0.213767
2119,W,0.007941,0.002240,0.025238,0.555684
2120,W,0.022821,0.000290,0.025761,0.286473
2121,W,0.019539,0.003783,0.024279,0.141258
2122,W,0.052916,0.001059,0.011667,0.756660
2123,W,0.010468,0.001184,0.019587,0.417149
2124,W,0.012912,0.002606,0.008440,1.089861
2125,W,0.009924,0.000316,0.069860,0.732869
2126,W,0.006704,0.002787,0.043114,0.571568
2127,W,0.007004,0.002168,0.013608,0.099723
2128,W,0.012846,0.002710,0.060537,0.427186
2129,W,0.002954,0.000270,0.030542,0.525403
2130,W,0.001298,0.000036,0.020923,0.326392
2131,W,0.015336,0.001973,0.016144,0.288690
2132,W,0.006380,0.000777,0.023841,0.289950
2133,W,0.000910,0.001417,0.033819,0.100546
2134,W,0.001209,0.004686,0.014669,0.515973
2135,W,0.022962,0.000150,0.052197,0.114163
2136,W,0.001412,0.002267,0.015102,0.298191
2137,W,0.003736,0.000631,0.048771,0.515540
2138,W,0.000629,0.000783,0.073440,0.057174
2139,W,0.017740,0.000732,0.009244,0.209118
2140,W,0.000293,0.000788,0.019540,0.473697
2141,W,0.000720,0.000325,0.014397,0.197098
2142,W,0.004953,0.000863,0.008544,0.088422
2143,W,0.007886,0.000344,0.017736,0.602204
2144,W,0.019095,0.000456,0.007897,0.555391
2145,W,0.006855,0.001121,0.024707,0.414727
2146,W,0.012155,0.000794,0.039351,0.345879
2147,W,0.026029,0.000057,0.019900,0.354328
2148,W,0.007519,0.001373,0.048509,0.903113
2149,W,0.013633,0.001289,0.026825,0.559097
2150,W,0.002114,0.000505,0.025864,0.818112
2151,W,0.009167,0.000811,0.025391,0.321721
2152,W,0.015160,0.001808,0.010031,0.863539
2153,W,0.008046,0.000804,0.011696,0.628436
2154,W,0.051942,0.001696,0.007937,0.930673
2155,W,0.037058,0.001684,0.023928,0.789846
2156,W,0.006071,0.000356,0.008912,0.508733
2157,W,0.004761,0.000362,0.028213,0.677561
2158,W,0.006032,0.001974,0.027982,0.247994
2159,W,0.042892,0.001506,0.008159,0.788332
2160,W,0.058610,0.000851,0.012804,0.545486
2161,W,0.020198,0.004591,0.012492,0.851171
2162,W,0.009212,0.000309,0.027516,0.447160
2163,W,0.036224,0.000555,0.004116,0.346723
2164,W,0.012327,0.001068,0.048660,0.740734
2165,W,0.037407,0.002964,0.019602,0.933511
2166,W,0.016606,0.000953,0.012346,1.126490
2167,W,0.001719,0.000694,0.011190,0.880944
2168,W,0.043720,0.000414,0.027493,0.479847
2169,W,0.002017,0.003718,0.009659,0.741492
2170,W,0.002134,0.000823,0.018329,0.268087
2171,W,0.010700,0.000317,0.010699,0.792648
2172,W,0.033760,0.000739,0.022332,0.487031
2173,W,0.004033,0.001073,0.024610,0.674090
2174,W,0.010828,0.002231,0.013315,0.399436
2175,W,0.016466,0.000608,0.011394,0.635012
2176,W,0.026279,0.000309,0.023800,0.263120
2177,W,0.006559,0.003993,0.008564,1.083715
2178,W,0.007515,0.000724,0.021424,0.187517
2179,W,0.026504,0.001825,0.016272,0.516482
2180,W,0.011957,0.001372,0.006352,0.791074
2181,W,0.003633,0.001863,0.039870,0.804683
2182,W,0.001673,0.000462,0.014531,0.584500
2183,W,0.005203,0.001387,0.009960,0.969541
2184,W,0.027462,0.000417,0.009526,0.543316
2185,W,0.037680,0.001167,0.022799,0.257728
2186,W,0.034276,0.001097,0.015123,0.475902
2187,W,0.009226,0.005034,0.009567,0.621143
2188,W,0.020702,0.000502,0.003343,0.655754
2189,W,0.032535,0.002962,0.007879,1.384572
2190,W,0.006827,0.000677,0.010385,1.042895
2191,W,0.037652,0.001596,0.045624,0.398116
2192,W,0.005676,0.004436,0.025290,0.898817
2193,W,0.002443,0.003295,0.026728,0.994457
2194,W,0.090883,0.000322,0.010087,0.876970
2195,W,0.003024,0.000147,0.002147,0.959865
2196,W,0.015522,0.001178,0.006932,0.320638
2197,W,0.003480,0.001887,0.008964,0.526837
2198,W,0.009540,0.003107,0.022738,0.450957
2199,W,0.003383,0.000394,0.029649,0.479330
2200,W,0.016401,0.001615,0.021971,1.029602
2201,W,0.045106,0.001521,0.005267,0.588318
2202,W,0.011587,0.000667,0.005953,1.052969
2203,W,0.023011,0.005288,0.039315,1.077641
2204,W,0.024246,0.000458,0.008579,0.592944
2205,W,0.014571,0.000420,0.018308,0.378570
2206,W,0.001174,0.001698,0.051625,1.148157
2207,W,0.008715,0.000239,0.044017,1.310071
2208,W,0.075833,0.000630,0.032953,0.304669
2209,W,0.006248,0.001844,0.028469,0.872640
2210,W,0.012584,0.000528,0.086887,0.611140
2211,W,0.015723,0.003664,0.012707,0.995489
2212,W,0.051053,0.001050,0.007513,0.503917
2213,W,0.028245,0.000786,0.004428,1.745343
2214,W,0.022491,0.000326,0.018464,0.611276
2215,W,0.008823,0.002118,0.005732,0.556772
2216,W,0.043429,0.001952,0.006526,0.461221
2217,W,0.022765,0.001340,0.017866,0.629046
2218,W,0.009562,0.000421,0.003149,1.141841
2219,W,0.016859,0.003175,0.032444,0.778503
2220,W,0.036943,0.000603,0.006544,0.593269
2221,W,0.001719,0.001044,0.031992,0.927178
2222,W,0.010790,0.000922,0.029257,0.445055
2223,W,0.001500,0.000462,0.014261,0.585520
2224,W,0.006106,0.001238,0.013068,0.767244
2225,W,0.035875,0.001075,0.009424,0.651604
2226,W,0.005817,0.000606,0.014268,0.562485
2227,W,0.003557,0.000382,0.007761,0.518570
2228,W,0.003443,0.000958,0.036465,0.528862
2229,W,0.008899,0.001706,0.015266,0.602783
2230,W,0.010516,0.003283,0.044581,1.052797
2231,W,0.042687,0.000728,0.003088,0.381191
2232,W,0.018235,0.001284,0.119460,0.229188
2233,W,0.002486,0.000500,0.030101,0.189948
2234,W,0.010144,0.003157,0.011113,0.786676
2235,W,0.003231,0.001731,0.037285,0.367104
2236,W,0.013643,0.001086,0.031386,0.499012
2237,W,0.025262,0.000332,0.007994,0.878318
2238,W,0.004616,0.001497,0.033941,0.848449
2239,W,0.004681,0.001253,0.036339,0.432474
2240,W,0.002221,0.000823,0.035900,1.080835
2241,W,0.088968,0.001358,0.021719,0.958955
2242,W,0.003808,0.001682,0.023192,0.459398
2243,W,0.017881,0.001855,0.008127,0.533434
2244,W,0.014780,0.001204,0.015054,0.686505
2245,W,0.044067,0.000187,0.009803,0.711521
2246,W,0.025659,0.003087,0.019841,0.705329
2247,W,0.009179,0.000526,0.040020,0.926539
2248,W,0.040784,0.000176,0.004259,0.663731
2249,W,0.006808,0.001085,0.020156,0.549182
2250,W,0.015088,0.001504,0.018845,0.557513
2251,W,0.028365,0.000285,0.008683,0.845645
2252,W,0.010987,0.000054,0.017792,0.696204
2253,W,0.003521,0.002113,0.018010,0.633865
2254,W,0.012680,0.001864,0.005770,0.938153
2255,W,0.061341,0.001699,0.037329,0.674631
2256,W,0.015651,0.000268,0.006943,1.014817
2257,W,0.002260,0.001895,0.015021,0.574387
2258,W,0.009680,0.000597,0.041378,0.384689
2259,W,0.021657,0.003336,0.043229,0.762701
2260,W,0.014944,0.001894,0.006196,0.857990
2261,W,0.077176,0.000366,0.023606,0.973349
2262,W,0.005191,0.000721,0.014489,0.777531
2263,W,0.004664,0.000377,0.015259,0.780366
2264,W,0.011310,0.002555,0.006322,0.705672
2265,W,0.004026,0.000242,0.003820,0.689886
2266,W,0.003799,0.000265,0.011236,0.675429
2267,W,0.008293,0.000652,0.006242,0.911085
2268,W,0.010905,0.000091,0.008889,0.880103
2269,W,0.010215,0.003939,0.011985,0.929541
2270,W,0.010011,0.000908,0.017263,0.465008
2271,W,0.011417,0.000056,0.004594,1.001460
2272,W,0.019293,0.002837,0.023033,0.429211
2273,W,0.013096,0.001657,0.025472,0.526309
2274,W,0.008578,0.001976,0.053221,0.564623
2275,W,0.042469,0.000651,0.037604,0.838828
2276,W,0.016503,0.000319,0.003305,0.370043
2277,W,0.005323,0.003413,0.012898,0.734417
2278,W,0.030187,0.002817,0.016270,0.980830
2279,W,0.007604,0.000044,0.012948,0.316281
2280,W,0.002668,0.001096,0.019820,0.136914
2281,W,0.050320,0.001755,0.012589,0.810313
2282,W,0.062456,0.001037,0.007350,1.057016
2283,W,0.069326,0.000064,0.013548,1.043095
2284,W,0.094143,0.001802,0.009540,0.401097
2285,W,0.060333,0.000768,0.010216,1.085850
2286,W,0.011295,0.000849,0.010608,0.815942
2287,W,0.005884,0.000327,0.033332,0.909694
2288,W,0.016021,0.000674,0.008484,1.108815
2289,W,0.082959,0.006440,0.009431,0.756821
2290,W,0.004672,0.002892,0.014986,0.391467
2291,W,0.008314,0.000040,0.012915,0.709260
2292,W,0.035781,0.001454,0.007592,0.764244
2293,W,0.012424,0.004397,0.014978,0.700724
2294,W,0.010199,0.001512,0.014604,0.700493
2295,W,0.076758,0.003340,0.021011,0.715768
2296,W,0.018529,0.000663,0.015547,0.586613
2297,W,0.010524,0.000121,0.009002,0.735971
2298,W,0.017945,0.000755,0.044565,0.614842
2299,W,0.008792,0.001804,0.036411,0.664564
2300,W,0.016581,0.003650,0.069779,0.578576
2301,W,0.025489,0.002107,0.010070,0.768690
2302,W,0.018953,0.001895,0.011880,0.669826
2303,W,0.017787,0.002877,0.014132,0.860185
2304,W,0.055299,0.001025,0.020138,0.953279
2305,W,0.002942,0.000414,0.006639,1.035708
2306,W,0.011311,0.001408,0.011046,0.811948
2307,W,0.021137,0.001783,0.014651,0.469938
2308,W,0.028448,0.000537,0.012328,0.346054
2309,W,0.016910,0.003667,0.034178,0.833734
2310,W,0.025466,0.000456,0.039041,1.052136
2311,W,0.003724,0.001571,0.023133,0.554893
2312,W,0.042706,0.000880,0.027757,0.575532
2313,W,0.017691,0.003280,0.020505,0.985068
2314,W,0.012635,0.001375,0.013066,0.860645
2315,W,0.003614,0.000928,0.007743,0.762040
2316,W,0.002839,0.000190,0.011577,0.880186
2317,W,0.016868,0.001038,0.009372,0.400313
2318,W,0.027429,0.000196,0.043675,1.134044
2319,W,0.005490,0.004655,0.018106,0.583468
2320,W,0.073393,0.002033,0.028447,0.644138
2321,W,0.005382,0.001262,0.019653,0.493607
2322,W,0.016562,0.000937,0.013222,0.544651
2323,W,0.008577,0.000876,0.011230,0.326599
2324,W,0.003401,0.001405,0.009484,0.861163
2325,W,0.005390,0.000439,0.010324,0.773991
2326,W,0.071127,0.000193,0.007579,0.914816
2327,W,0.046759,0.000167,0.003441,0.531748
2328,W,0.007551,0.000730,0.014896,0.629421
2329,W,0.006971,0.000723,0.022182,1.119796
2330,W,0.035099,0.000520,0.024692,0.620376
2331,W,0.016944,0.001309,0.029128,0.203769
2332,W,0.010947,0.003381,0.024751,0.591295
2333,W,0.013583,0.001966,0.007329,0.642909
2334,W,0.061739,0.001801,0.016065,0.786893
2335,W,0.025268,0.000624,0.017585,0.219833
2336,W,0.044894,0.001174,0.019208,0.436008
2337,W,0.036078,0.004410,0.011850,0.840496
2338,W,0.102618,0.004912,0.011646,0.407105
2339,W,0.004503,0.001092,0.011683,0.631290
2340,W,0.009751,0.001643,0.007022,0.574571
2341,W,0.042063,0.002377,0.043196,0.346834
2342,W,0.005924,0.001813,0.022385,0.362717
2343,W,0.020957,0.002359,0.052752,0.256052
2344,W,0.003358,0.000218,0.023634,0.626391
2345,W,0.016971,0.005836,0.023187,0.394221
2346,W,0.017908,0.000460,0.006936,0.706644
2347,W,0.020138,0.000920,0.021082,0.496981
2348,W,0.001412,0.001443,0.060628,0.644368
2349,W,0.020202,0.000864,0.013895,1.060227
2350,W,0.007628,0.001097,0.050770,0.252596
2351,W,0.004251,0.000491,0.082968,1.161261
2352,W,0.014851,0.001120,0.027688,0.453021
2353,W,0.009177,0.000956,0.024011,0.114307
2354,W,0.004388,0.001192,0.030600,0.564966
2355,W,0.014065,0.003087,0.016544,0.936994
2356,W,0.010438,0.001483,0.030614,0.305276
2357,W,0.007327,0.001778,0.017002,0.629894
2358,W,0.014376,0.001028,0.021299,0.824537
2359,W,0.026288,0.000875,0.009059,0.957343
2360,W,0.015221,0.000421,0.018258,0.354698
2361,W,0.001407,0.001905,0.022911,1.000813
2362,W,0.015494,0.001880,0.007835,0.202675
2363,W,0.006677,0.000527,0.022767,0.558431
2364,W,0.023954,0.000983,0.046024,0.552812
2365,W,0.013089,0.002585,0.012358,0.460092
2366,W,0.101019,0.001513,0.016739,0.202737
2367,W,0.015813,0.001355,0.009223,0.527438
2368,W,0.008012,0.000663,0.048398,0.548265
2369,W,0.030921,0.001044,0.028810,0.505881
2370,W,0.045560,0.004328,0.021154,0.329142
2371,W,0.002207,0.000963,0.022325,0.393781
2372,W,0.015059,0.003499,0.033466,0.281524
2373,W,0.018369,0.001762,0.013013,0.341832
2374,W,0.029449,0.001234,0.033993,0.462097
2375,W,0.016287,0.000828,0.020201,0.206329
2376,W,0.006796,0.006530,0.029128,0.382285
2377,W,0.002965,0.000648,0.026248,0.535613
2378,W,0.001979,0.000947,0.016116,0.322769
2379,W,0.003742,0.000598,0.016053,0.460838
2380,W,0.004331,0.001563,0.041896,0.646334
2381,W,0.002808,0.005598,0.033632,0.345125
2382,W,0.009472,0.004787,0.051134,0.554199
2383,W,0.021358,0.001623,0.034737,0.088678
2384,W,0.004991,0.000620,0.055910,0.685091
2385,W,0.032763,0.001512,0.021751,0.394076
2386,W,0.020684,0.000343,0.024987,0.199036
2387,W,0.005148,0.002876,0.063199,0.881799
2388,W,0.007450,0.000077,0.014169,0.545178
2389,W,0.004098,0.000454,0.046105,0.188977
2390,W,0.003590,0.003066,0.011396,0.321621
2391,W,0.000763,0.005734,0.038625,0.423067
2392,W,0.001227,0.000680,0.010222,0.242282
2393,W,0.017875,0.000743,0.006274,0.209392
2394,W,0.007511,0.000419,0.015816,0.200780
2395,W,0.012765,0.002110,0.056779,0.604798
2396,W,0.005423,0.000502,0.036546,0.468064
2397,W,0.063775,0.003445,0.121005,0.638380
2398,W,0.010146,0.004157,0.020836,0.573229
2399,W,0.022942,0.003244,0.076796,0.121482
2400,W,0.041239,0.001949,0.027964,0.515245
2401,W,0.008374,0.004164,0.111133,0.734497
2402,W,0.004041,0.001937,0.098322,0.469199
2403,W,0.013816,0.004111,0.071902,0.260599
2404,W,0.005422,0.002387,0.020886,0.779004
2405,W,0.014142,0.001705,0.035129,0.672734
2406,W,0.010477,0.000451,0.040081,0.756000
2407,W,0.006884,0.000099,0.065246,0.223348
2408,W,0.010520,0.001123,0.021043,0.731616
2409,W,0.009670,0.001110,0.049968,0.287985
2410,W,0.004464,0.001311,0.031859,0.253791
2411,W,0.002849,0.001622,0.030804,0.102310
2412,W,0.027827,0.003646,0.045360,0.316051
2413,W,0.021092,0.001201,0.028757,0.194266
2414,W,0.014076,0.001438,0.039712,0.172318
2415,W,0.006615,0.000656,0.012301,0.660800
2416,W,0.000865,0.000606,0.013099,0.174497
2417,W,0.011178,0.000658,0.081078,0.653548
2418,W,0.014134,0.001699,0.032468,0.354493
2419,W,0.030363,0.002585,0.020440,0.430432
2420,W,0.006599,0.002178,0.006706,0.609033
2421,W,0.004716,0.001645,0.017793,0.377660
2422,W,0.022024,0.000190,0.009405,0.135324
2423,W,0.003837,0.001380,0.025249,0.341449
2424,W,0.015430,0.000698,0.032402,0.067239
2425,W,0.011129,0.002563,0.062761,0.491897
2426,W,0.015545,0.003438,0.022246,0.375319
2427,W,0.014312,0.001593,0.032702,0.351568
2428,W,0.007103,0.000755,0.023280,0.166984
2429,W,0.028418,0.000548,0.036115,0.382808
2430,W,0.000944,0.002619,0.057438,0.382764
2431,W,0.025330,0.002855,0.032092,0.214549
2432,W,0.002231,0.005710,0.030226,0.515866
2433,W,0.006444,0.000453,0.012915,0.605307
2434,W,0.019411,0.000696,0.043568,0.368355
2435,W,0.004352,0.001718,0.027385,0.155759
2436,W,0.005498,0.001602,0.042569,0.446702
2437,W,0.010060,0.000355,0.054675,0.294760
2438,W,0.002286,0.002579,0.018525,0.178641
2439,W,0.002386,0.002288,0.064030,0.141540
2440,W,0.010224,0.000597,0.079253,0.040947
2441,W,0.030121,0.001489,0.015802,0.573659
2442,W,0.004014,0.000340,0.017586,0.339636
2443,W,0.005915,0.001646,0.035523,0.430076
2444,W,0.005663,0.001626,0.038485,0.306806
2445,W,0.014548,0.003741,0.053640,0.696102
2446,W,0.064417,0.001653,0.028338,0.474929
2447,W,0.016702,0.000702,0.009487,0.779903
2448,W,0.012331,0.003459,0.027932,0.874824
2449,W,0.007459,0.000365,0.017543,0.539488
2450,W,0.018371,0.003166,0.050118,0.633210
2451,W,0.004042,0.003656,0.064246,0.750718
2452,W,0.004824,0.000606,0.029665,0.815042
2453,W,0.034004,0.003648,0.012687,0.293514
2454,W,0.036832,0.001200,0.037399,0.515627
2455,W,0.016856,0.001851,0.101745,0.624703
2456,W,0.003423,0.002525,0.004906,0.704127
2457,W,0.005163,0.003250,0.017221,0.690581
2458,W,0.002668,0.000181,0.008744,1.120216
2459,W,0.002890,0.000548,0.013858,0.609783
2460,W,0.006167,0.002176,0.024348,0.900101
2461,W,0.006056,0.001944,0.009661,0.676630
2462,W,0.003555,0.001464,0.060400,0.631150
2463,W,0.011120,0.000212,0.063236,0.483309
2464,W,0.016577,0.001116,0.020515,0.476751
2465,W,0.029834,0.002439,0.031891,0.716186
2466,W,0.032696,0.004533,0.025541,1.181797
2467,W,0.010544,0.001057,0.012367,0.606932
2468,W,0.002329,0.000533,0.025926,0.503997
2469,W,0.003403,0.001167,0.036039,0.874102
2470,W,0.001728,0.000637,0.003811,0.480751
2471,W,0.030947,0.000389,0.043462,0.702376
2472,W,0.002693,0.001077,0.026157,0.620953
2473,W,0.020056,0.000232,0.015746,0.679498
2474,W,0.000928,0.002417,0.026017,1.466440
2475,W,0.024273,0.001586,0.007283,0.587919
2476,W,0.065596,0.002006,0.017794,0.781450
2477,W,0.005677,0.000425,0.007420,0.693958
2478,W,0.014495,0.001679,0.007776,1.218035
2479,W,0.002363,0.002169,0.010486,0.494050
2480,W,0.005190,0.001211,0.042077,0.825103
2481,W,0.013802,0.000186,0.031616,0.472908
2482,W,0.028723,0.002129,0.035962,0.302885
2483,W,0.007661,0.000562,0.013503,0.345252
2484,W,0.003224,0.001498,0.009230,0.639229
2485,W,0.005561,0.002588,0.006659,0.559471
2486,W,0.036805,0.000365,0.009775,1.085843
2487,W,0.025203,0.000374,0.007943,0.868349
2488,W,0.020358,0.000779,0.009372,0.547653
2489,W,0.012282,0.000547,0.012975,1.661058
2490,W,0.008340,0.001864,0.022696,0.393705
2491,W,0.004921,0.003438,0.008332,1.285171
2492,W,0.022005,0.006195,0.021567,0.698831
2493,W,0.012238,0.001020,0.018698,0.995786
2494,W,0.041917,0.001299,0.009698,0.323159
2495,W,0.004005,0.000298,0.013538,0.960971
2496,W,0.002997,0.000512,0.027742,1.438624
2497,W,0.011376,0.000373,0.015413,0.383098
2498,W,0.024067,0.004666,0.015030,0.811031
2499,W,0.004615,0.004683,0.013430,0.435698
2500,W,0.002223,0.002312,0.033177,0.702879
2501,W,0.005323,0.000317,0.019726,0.683121
2502,W,0.024150,0.001489,0.026244,1.386175
2503,W,0.003396,0.001062,0.006769,0.735948
2504,W,0.021180,0.000172,0.012943,0.453309
2505,W,0.002340,0.001959,0.024904,0.484558
2506,W,0.052850,0.000611,0.008805,1.132749
2507,W,0.035404,0.000902,0.011266,0.712629
2508,W,0.010778,0.001156,0.007954,0.941818
2509,W,0.004143,0.001321,0.022613,1.287277
2510,W,0.026231,0.001190,0.013200,0.462904
2511,W,0.045433,0.000688,0.018825,0.317741
2512,W,0.063423,0.004545,0.015382,0.895053
2513,W,0.007219,0.001468,0.008201,0.552505
2514,W,0.018628,0.000583,0.012099,0.439859
2515,W,0.014635,0.001419,0.037940,0.717887
2516,W,0.020267,0.000748,0.020258,0.476715
2517,W,0.004891,0.001720,0.003159,0.662150
2518,W,0.017541,0.000250,0.024406,0.535352
2519,W,0.010018,0.005409,0.010226,0.854082
2520,W,0.054169,0.000389,0.005361,1.040736
2521,W,0.004664,0.003432,0.011592,0.598724
2522,W,0.001942,0.002633,0.016002,0.945811
2523,W,0.003464,0.001645,0.017428,0.584856
2524,W,0.017012,0.000710,0.030277,0.581276
2525,W,0.012184,0.000398,0.053480,0.754845
2526,W,0.011157,0.001140,0.022170,0.509800
2527,W,0.020039,0.001535,0.034619,0.499435
2528,W,0.045526,0.000973,0.026675,0.506030
2529,W,0.063117,0.000491,0.052418,0.782866
2530,W,0.037912,0.000228,0.009110,0.613343
2531,W,0.005216,0.002679,0.017689,0.789981
2532,W,0.061179,0.002478,0.043246,0.186682
2533,W,0.007875,0.002151,0.029562,0.390212
2534,W,0.006275,0.000345,0.014544,0.775257
2535,W,0.080704,0.000698,0.002047,0.621764
2536,W,0.025623,0.000952,0.016204,0.593727
2537,W,0.008527,0.001776,0.021261,0.955899
2538,W,0.019545,0.001697,0.020035,0.759115
2539,W,0.014755,0.001161,0.025265,1.015614
2540,W,0.010887,0.000393,0.015502,0.522433
2541,W,0.066575,0.000780,0.014915,0.698127
2542,W,0.107376,0.000159,0.029261,1.148875
2543,W,0.053590,0.000361,0.006459,0.702858
2544,W,0.026496,0.000935,0.051177,0.793836
2545,W,0.002199,0.000282,0.009001,0.247005
2546,W,0.015573,0.000574,0.010826,0.901875
2547,W,0.016735,0.001044,0.024575,1.030725
2548,W,0.020794,0.003913,0.022007,0.702792
2549,W,0.009697,0.000915,0.017462,0.412311
2550,W,0.035092,0.001574,0.007957,1.180494
2551,W,0.018837,0.004869,0.044199,0.774780
2552,W,0.047034,0.004800,0.077160,1.126580
2553,W,0.010785,0.001918,0.016119,0.855064
2554,W,0.006355,0.000167,0.010124,0.577892
2555,W,0.027917,0.000425,0.047848,0.646035
2556,W,0.043062,0.002254,0.008271,0.571714
2557,W,0.018193,0.000816,0.019122,1.595499
2558,W,0.022052,0.000482,0.040981,0.729240
2559,W,0.011893,0.001524,0.018166,0.463774
2560,W,0.004228,0.000061,0.012846,0.728168
2561,W,0.004701,0.001407,0.039837,0.624112
2562,W,0.011224,0.001036,0.013270,0.736083
2563,W,0.005988,0.002556,0.025237,0.240832
2564,W,0.008002,0.000088,0.026714,0.313611
2565,W,0.006990,0.000648,0.013365,0.386602
2566,W,0.030811,0.000384,0.012192,0.904932
2567,W,0.009096,0.000977,0.023173,0.420961
2568,W,0.005709,0.002297,0.045286,0.477273
2569,W,0.035235,0.001418,0.021404,0.724205
2570,W,0.008021,0.002115,0.005682,0.693838
2571,W,0.004263,0.000184,0.022083,0.539884
2572,W,0.009631,0.000180,0.007224,1.043816
2573,W,0.021187,0.001320,0.020380,0.272901
2574,W,0.005918,0.002244,0.017713,0.746501
2575,W,0.002551,0.001453,0.015248,0.486254
2576,W,0.043252,0.001033,0.051382,0.742160
2577,W,0.028917,0.004976,0.045483,0.571230
2578,W,0.001210,0.002105,0.042363,1.260531
2579,W,0.001084,0.000290,0.009369,0.845247
2580,W,0.001164,0.001259,0.017320,0.506859
2581,W,0.003846,0.000581,0.051364,0.323209
2582,W,0.002005,0.000425,0.012642,0.889364
2583,W,0.010167,0.005067,0.010735,0.538208
2584,W,0.002159,0.006934,0.042613,0.680507
2585,W,0.014278,0.003534,0.038790,0.094093
2586,W,0.000572,0.003867,0.050152,0.495142
2587,W,0.009680,0.001055,0.020478,0.509726
2588,W,0.006419,0.000124,0.019597,0.249694
2589,W,0.009811,0.000596,0.006117,0.467478
2590,W,0.007789,0.003938,0.023191,0.879361
2591,W,0.026794,0.000723,0.024407,0.230900
2592,W,0.011639,0.000440,0.006496,0.581295
2593,W,0.024612,0.000423,0.016035,0.654446
2594,W,0.003162,0.001921,0.009795,0.668996
2595,W,0.004609,0.000370,0.009738,0.981162
2596,W,0.010052,0.000752,0.014748,0.398985
2597,W,0.011867,0.000972,0.003203,0.469685
2598,W,0.061152,0.002606,0.015917,0.997331
2599,W,0.034098,0.001001,0.012932,0.817905
2600,W,0.010925,0.001215,0.020311,0.485336
2601,W,0.018664,0.001585,0.023699,0.981046
2602,W,0.010066,0.000445,0.030917,1.209953
2603,W,0.043506,0.001970,0.008244,0.491967
2604,W,0.018840,0.000975,0.014396,0.765912
2605,W,0.005962,0.002548,0.022653,0.257865
2606,W,0.060782,0.001498,0.027349,0.227615
2607,W,0.040339,0.002323,0.032867,0.949528
2608,W,0.009202,0.003625,0.006702,1.405701
2609,W,0.025788,0.000318,0.031675,1.001182
2610,W,0.004610,0.005201,0.018659,0.700381
2611,W,0.024609,0.001049,0.047911,1.129247
2612,W,0.003205,0.000326,0.016795,0.252073
2613,W,0.001636,0.000272,0.005234,0.611749
2614,W,0.008579,0.001592,0.036282,0.377444
2615,W,0.006847,0.001330,0.019775,0.654790
2616,W,0.007252,0.000217,0.035135,0.253816
2617,W,0.011148,0.001947,0.012470,0.978742
2618,W,0.037699,0.000579,0.013426,0.747948
2619,W,0.013958,0.000569,0.003545,0.642905
2620,W,0.079616,0.000362,0.011567,0.647657
2621,W,0.066217,0.000654,0.016594,0.488871
2622,W,0.051371,0.003436,0.016841,0.575362
2623,W,0.011250,0.000008,0.011520,0.725697
2624,W,0.010125,0.000101,0.015042,0.337876
2625,W,0.015676,0.000872,0.040436,0.117196
2626,W,0.023208,0.000575,0.010314,0.796843
2627,W,0.032135,0.001182,0.062823,0.653530
2628,W,0.026962,0.000579,0.010371,0.863764
2629,W,0.005270,0.002354,0.008935,0.414619
2630,W,0.044120,0.000334,0.020165,0.853368
2631,W,0.032167,0.000743,0.009029,1.186334
2632,W,0.048769,0.000758,0.011549,0.853926
2633,W,0.033098,0.001388,0.020029,0.696393
2634,W,0.006589,0.001811,0.009683,0.245507
2635,W,0.016349,0.005508,0.049752,0.610114
2636,W,0.009722,0.001874,0.013546,0.405674
2637,W,0.042307,0.003095,0.033420,0.897855
2638,W,0.018906,0.000485,0.019594,0.552197
2639,W,0.022381,0.000543,0.030202,0.409096
2640,W,0.021420,0.001489,0.026201,0.652789
2641,W,0.009769,0.004757,0.028507,0.914826
2642,W,0.008314,0.000774,0.012827,0.545189
2643,W,0.005728,0.001295,0.011130,0.872192
2644,W,0.061332,0.001725,0.010097,0.155204
2645,W,0.004443,0.000140,0.019709,0.561967
2646,W,0.004082,0.000700,0.008508,0.816562
2647,W,0.005366,0.001923,0.041787,0.419703
2648,W,0.038627,0.001801,0.013867,0.394947
2649,W,0.004536,0.000973,0.006504,0.613142
2650,W,0.010496,0.000911,0.006943,0.639375
2651,W,0.005944,0.001106,0.013359,0.527386
2652,W,0.043451,0.001607,0.007669,1.077351
2653,W,0.005418,0.000989,0.013092,0.960449
2654,W,0.006618,0.002279,0.024358,0.391539
2655,W,0.035677,0.007059,0.030077,0.859869
2656,W,0.003404,0.005240,0.019120,0.500116
2657,W,0.012581,0.000446,0.011470,0.519218
2658,W,0.008443,0.001608,0.024320,0.403147
2659,W,0.002890,0.002455,0.016368,0.851811
2660,W,0.005517,0.000514,0.008249,0.221173
2661,W,0.015325,0.001525,0.013312,0.718383
2662,W,0.010847,0.001381,0.017532,0.894026
2663,W,0.003676,0.001356,0.014413,0.505436
2664,W,0.018694,0.001485,0.055417,0.456980
2665,W,0.023201,0.000844,0.014788,0.593570
2666,W,0.018869,0.001107,0.012228,0.557353
2667,W,0.001258,0.000716,0.024912,0.508454
2668,W,0.002371,0.000482,0.026203,0.150193
2669,W,0.019692,0.001102,0.008656,0.612464
2670,W,0.002150,0.000912,0.026371,0.516066
2671,W,0.015174,0.005413,0.054458,0.541611
2672,W,0.004137,0.001808,0.007297,0.387108
2673,W,0.005313,0.000787,0.009900,0.570841
2674,W,0.031647,0.000507,0.004880,0.471470
2675,W,0.018249,0.000443,0.024309,0.631207
2676,W,0.003933,0.000749,0.009554,0.409078
2677,W,0.015719,0.000333,0.022681,0.270564
2678,W,0.001204,0.002014,0.013659,0.772166
2679,W,0.003981,0.000462,0.006308,0.359765
2680,W,0.010796,0.003360,0.068424,0.285164
2681,W,0.020280,0.000768,0.013836,0.531253
2682,W,0.005786,0.004018,0.020220,0.599597
2683,W,0.001512,0.002077,0.019632,0.745074
2684,W,0.002767,0.001132,0.030167,0.531921
2685,W,0.006362,0.000547,0.020765,0.423532
2686,W,0.001659,0.000107,0.024077,0.714126
2687,W,0.005438,0.001432,0.018976,0.367980
2688,W,0.005365,0.000752,0.027865,1.201957
2689,W,0.005393,0.002279,0.051268,0.443846
2690,W,0.021397,0.000473,0.024657,0.564185
2691,W,0.009233,0.005784,0.008532,0.439141
2692,W,0.007528,0.001441,0.011193,0.667009
2693,W,0.014789,0.001320,0.011499,0.998123
2694,W,0.009248,0.000695,0.005318,1.126824
2695,W,0.026471,0.000275,0.002673,0.554884
2696,W,0.006292,0.003320,0.036437,1.119897
2697,W,0.032409,0.001259,0.006879,0.978309
2698,W,0.003749,0.001506,0.017620,0.582932
2699,W,0.010943,0.000611,0.005088,0.593199
2700,W,0.005143,0.001453,0.015524,0.179490
2701,W,0.003369,0.000300,0.025536,0.443819
2702,W,0.014998,0.002309,0.022519,0.272938
2703,W,0.004036,0.002599,0.017127,0.108592
2704,W,0.007090,0.000311,0.013942,0.771576
2705,W,0.007709,0.002287,0.004885,0.564006
2706,W,0.002998,0.000921,0.027976,0.846155
2707,W,0.004621,0.000800,0.012007,0.418397
2708,W,0.001255,0.001510,0.028953,0.736258
2709,W,0.005920,0.000911,0.005763,0.579189
2710,W,0.020796,0.001102,0.022962,0.739289
2711,W,0.020071,0.000122,0.013154,0.902219
2712,W,0.020056,0.001533,0.009518,0.944375
2713,W,0.035000,0.000697,0.016485,0.473723
2714,W,0.006864,0.001120,0.012289,0.579305
2715,W,0.035758,0.002070,0.008559,0.509368
2716,W,0.008144,0.003782,0.016978,0.431604
2717,W,0.021253,0.001487,0.023020,0.624202
2718,W,0.005458,0.001154,0.003569,0.450026
2719,W,0.017109,0.001283,0.023819,0.701601
2720,W,0.065038,0.002785,0.041983,1.007648
2721,W,0.020839,0.001146,0.074199,0.390666
2722,W,0.026446,0.001000,0.032791,0.911326
2723,W,0.001983,0.000458,0.006480,0.269478
2724,W,0.026455,0.000784,0.010763,0.757452
2725,W,0.000221,0.004163,0.055830,0.808891
2726,W,0.019559,0.000850,0.009053,0.741037
2727,W,0.023007,0.001158,0.008260,0.316782
2728,W,0.003412,0.000464,0.010794,0.309161
2729,W,0.018091,0.001785,0.026443,0.409160
2730,W,0.004933,0.002440,0.021041,0.317655
2731,W,0.041853,0.005974,0.016723,0.071553
2732,W,0.021581,0.000858,0.016366,0.285627
2733,W,0.008858,0.001445,0.004633,0.743048
2734,W,0.030293,0.002596,0.012308,0.630291
2735,W,0.004580,0.001871,0.029265,0.237233
2736,W,0.001477,0.004175,0.030200,0.330911
2737,W,0.046234,0.003366,0.018214,0.638685
2738,W,0.016235,0.000353,0.012374,0.128853
2739,W,0.014530,0.001654,0.027055,0.496512
2740,W,0.018128,0.001137,0.014094,0.177424
2741,W,0.004882,0.000498,0.044783,0.458448
2742,W,0.019122,0.002571,0.091517,0.234172
2743,W,0.010755,0.000998,0.066621,0.410027
2744,W,0.004047,0.002549,0.014748,0.276796
2745,W,0.031086,0.000646,0.039145,0.156095
2746,W,0.000910,0.000363,0.011621,0.096680
2747,W,0.029703,0.002701,0.015998,0.219518
2748,W,0.016461,0.001606,0.095369,0.141427
2749,W,0.006720,0.000889,0.030397,0.160007
2750,W,0.005066,0.001095,0.029802,0.314311
2751,W,0.020486,0.001409,0.007540,0.042653
2752,W,0.006806,0.001267,0.009517,0.064699
2753,W,0.001677,0.000267,0.029034,0.176290
2754,W,0.005076,0.002435,0.020022,0.445993
2755,W,0.001114,0.001677,0.024883,0.121249
