stage,sigma,tau
Wake,0.237669,0.114726
Wake,0.256230,0.249530
Wake,0.172769,0.118977
Wake,0.015741,0.169341
Wake,0.549813,0.216269
Wake,0.182481,0.179758
Wake,0.109460,0.196961
Wake,0.132067,0.062786
Wake,0.113010,0.207740
Wake,0.051420,0.183001
Wake,0.070761,0.086066
Wake,0.028327,0.153201
Wake,0.098125,0.080901
Wake,0.049068,0.211789
Wake,0.006314,0.142050
Wake,0.008417,0.139947
Wake,0.006650,0.162870
Wake,0.011738,0.142378
Wake,0.124258,0.124492
Wake,0.098117,0.244175
Wake,0.103930,0.098944
Wake,0.053317,0.194109
Wake,0.066903,0.200166
Wake,0.349242,0.354316
Wake,0.018313,0.146451
Wake,0.061640,0.112746
Wake,0.121525,0.124955
Wake,0.076726,0.280075
Wake,0.049052,0.193463
Wake,0.023522,0.119725
Wake,0.134876,0.124305
Wake,0.147179,0.305986
Wake,0.029973,0.142187
Wake,0.025462,0.184249
Wake,0.074131,0.213482
Wake,0.071056,0.113739
Wake,0.042245,0.184837
Wake,0.232912,0.096328
Wake,0.109977,0.297385
Wake,0.038797,0.185530
Wake,0.008387,0.129073
Wake,0.009361,0.122863
Wake,0.073051,0.085521
Wake,0.006012,0.178814
Wake,0.063119,0.138873
Wake,0.018688,0.219943
Wake,0.053631,0.239961
Wake,0.112963,0.248797
Wake,0.014897,0.116483
Wake,0.026294,0.123076
Wake,0.048484,0.201322
Wake,0.034119,0.118391
Wake,0.009410,0.179239
Wake,0.040079,0.167450
Wake,0.042029,0.248678
Wake,0.058519,0.150497
Wake,0.148812,0.189241
Wake,0.025211,0.339211
Wake,0.306623,0.386936
Wake,0.049963,0.130477
Wake,0.048814,0.226938
Wake,0.117810,0.124913
Wake,0.185100,0.306465
Wake,0.013012,0.146480
Wake,0.053535,0.104111
Wake,0.031733,0.190755
Wake,0.020523,0.139053
Wake,0.058601,0.138527
Wake,0.045327,0.139278
Wake,0.056833,0.190430
Wake,0.012019,0.123058
Wake,0.052431,0.130323
Wake,0.038908,0.121227
Wake,0.018976,0.188358
Wake,0.065599,0.118410
Wake,0.014648,0.220584
Wake,0.041413,0.202026
Wake,0.055485,0.131624
Wake,0.126851,0.141274
Wake,0.102487,0.319058
Wake,0.013024,0.195510
Wake,0.081584,0.214545
Wake,0.021895,0.112118
Wake,0.022230,0.153502
Wake,0.019745,0.128145
Wake,0.033480,0.173869
Wake,0.067800,0.093721
Wake,0.029800,0.195588
Wake,0.048505,0.171659
Wake,0.102339,0.097290
Wake,0.038087,0.226664
Wake,0.015055,0.173590
Wake,0.026928,0.130999
Wake,0.010026,0.166902
Wake,0.019974,0.183466
Wake,0.055226,0.163205
Wake,0.011736,0.111744
Wake,0.036364,0.141319
Wake,0.013409,0.178484
Wake,0.046702,0.180001
Wake,0.097331,0.078495
Wake,0.092768,0.190860
Wake,0.026643,0.099527
Wake,0.039247,0.160720
Wake,0.080198,0.108291
Wake,0.058870,0.164591
Wake,0.059475,0.078282
Wake,0.104214,0.066463
Wake,0.038981,0.184172
Wake,0.043932,0.107764
Wake,0.081129,0.194407
Wake,0.040267,0.140405
Wake,0.007929,0.104869
Wake,0.146738,0.098948
Wake,0.166585,0.167662
Wake,0.070445,0.149126
Wake,0.033408,0.202322
Wake,0.038962,0.159861
Wake,0.043674,0.092807
Wake,0.085762,0.121388
Wake,0.019858,0.168426
Wake,0.136114,0.251678
Wake,0.019950,0.117184
Wake,0.026857,0.132482
Wake,0.027570,0.187616
Wake,0.029655,0.171081
Wake,0.061985,0.093506
Wake,0.141361,0.212154
Wake,0.097519,0.073288
Wake,0.022089,0.136598
Wake,0.025847,0.095664
Wake,0.022785,0.113471
Wake,0.035216,0.137158
Wake,0.071816,0.209063
Wake,0.030533,0.140907
Wake,0.023596,0.147337
Wake,0.064193,0.085162
Wake,0.041364,0.162478
Wake,0.019710,0.135641
Wake,0.031639,0.200558
Wake,0.017997,0.126199
Wake,0.007634,0.155157
Wake,0.007512,0.153746
Wake,0.009153,0.135106
Wake,0.005408,0.160630
Wake,0.015395,0.145587
Wake,0.011254,0.159416
Wake,0.024374,0.173254
Wake,0.016792,0.151759
Wake,0.068806,0.179527
Wake,0.032396,0.136794
Wake,0.081672,0.136231
Wake,0.035544,0.221569
Wake,0.110674,0.296081
Wake,0.018335,0.170555
Wake,0.028070,0.189914
Wake,0.034619,0.131545
Wake,0.027420,0.175746
Wake,0.015519,0.213626
Wake,0.024748,0.199799
Wake,0.014091,0.163107
Wake,0.011313,0.195101
Wake,0.041917,0.208692
Wake,0.007936,0.174372
Wake,0.007091,0.160170
Wake,0.044095,0.157057
Wake,0.032074,0.212380
Wake,0.012729,0.223164
Wake,0.111126,0.251956
Wake,0.031139,0.145290
Wake,0.007486,0.184014
Wake,0.062769,0.159543
Wake,0.095919,0.279257
Wake,0.046797,0.163951
Wake,0.034198,0.118779
Wake,0.057357,0.208252
Wake,0.016019,0.154538
Wake,0.013536,0.140952
Wake,0.160532,0.100799
Wake,0.050500,0.259193
Wake,0.045096,0.284140
Wake,0.032735,0.203702
Wake,0.082180,0.247383
Wake,0.022349,0.150935
Wake,0.040796,0.206378
Wake,0.024141,0.162169
Wake,0.011528,0.143427
Wake,0.083032,0.105359
Wake,0.026511,0.205226
Wake,0.033796,0.181364
Wake,0.004400,0.127270
Wake,0.005290,0.135390
Wake,0.023733,0.129655
Wake,0.068438,0.192917
Wake,0.059609,0.118323
Wake,0.109951,0.073621
Wake,0.016988,0.163057
Wake,0.017214,0.185112
Wake,0.054018,0.204679
Wake,0.067138,0.162706
Wake,0.118634,0.063676
Wake,0.073118,0.178805
Wake,0.019932,0.148755
Wake,0.034079,0.158885
Wake,0.015544,0.220099
Wake,0.041914,0.246181
Wake,0.086127,0.199241
Wake,0.046376,0.127471
Wake,0.014513,0.194935
Wake,0.016177,0.187922
Wake,0.011699,0.180680
Wake,0.038625,0.138868
Wake,0.005817,0.168515
Wake,0.021096,0.172536
Wake,0.091691,0.149558
Wake,0.043907,0.290771
Wake,0.035264,0.230043
Wake,0.020142,0.172195
Wake,0.031485,0.128013
Wake,0.019586,0.180279
Wake,0.078955,0.197489
Wake,0.154651,0.246314
Wake,0.128568,0.108279
Wake,0.037661,0.239023
Wake,0.073005,0.228328
Wake,0.072146,0.111060
Wake,0.091767,0.238205
Wake,0.055820,0.110015
Wake,0.052459,0.167504
Wake,0.095823,0.273385
Wake,0.017910,0.163239
Wake,0.017393,0.196020
Wake,0.084251,0.132573
Wake,0.022105,0.237538
Wake,0.067140,0.222778
Wake,0.017227,0.173150
Wake,0.005675,0.145696
Wake,0.034980,0.125227
Wake,0.052320,0.192001
Wake,0.034343,0.158663
Wake,0.014971,0.146079
Wake,0.047608,0.116488
Wake,0.147570,0.207919
Wake,0.016974,0.072942
Wake,0.047769,0.092866
Wake,0.021002,0.167816
Wake,0.011829,0.126307
Wake,0.038707,0.094707
Wake,0.165454,0.126107
Wake,0.057943,0.180342
Wake,0.008215,0.103389
Wake,0.011089,0.118912
Wake,0.097625,0.086493
Wake,0.050945,0.115274
Wake,0.021794,0.148903
Wake,0.104084,0.189634
Wake,0.120882,0.094249
Wake,0.055338,0.202147
Wake,0.138568,0.088555
Wake,0.057275,0.224299
Wake,0.007239,0.185868
Wake,0.036010,0.191611
Wake,0.009908,0.129746
Wake,0.008499,0.149725
Wake,0.018527,0.155506
Wake,0.008425,0.112756
Wake,0.008544,0.142517
Wake,0.010615,0.130978
Wake,0.018851,0.137446
Wake,0.137189,0.120432
Wake,0.241249,0.316338
Wake,0.018002,0.122433
Wake,0.010098,0.142129
Wake,0.077334,0.121756
Wake,0.022734,0.219519
Wake,0.044083,0.190255
Wake,0.255007,0.089463
Wake,0.006973,0.269723
Wake,0.197047,0.300432
Wake,0.007148,0.124347
Wake,0.014125,0.144670
Wake,0.020775,0.130107
Wake,0.011314,0.093821
Wake,0.024854,0.117602
Wake,0.009193,0.096915
Wake,0.028769,0.117805
Wake,0.033713,0.108750
Wake,0.048093,0.157277
Wake,0.024444,0.139801
Wake,0.011297,0.116244
Wake,0.026683,0.143164
Wake,0.008287,0.162287
Wake,0.010887,0.132851
Wake,0.019297,0.153152
Wake,0.038818,0.152121
Wake,0.155063,0.256818
Wake,0.008335,0.110674
Wake,0.019395,0.109063
Wake,0.029481,0.143786
Wake,0.008009,0.186626
Wake,0.024851,0.191071
Wake,0.079579,0.247918
Wake,0.046608,0.139163
Wake,0.005173,0.111882
Wake,0.016718,0.133509
Wake,0.141576,0.097516
Wake,0.025536,0.231518
Wake,0.080980,0.231688
Wake,0.030933,0.124610
Wake,0.022275,0.172698
Wake,0.088956,0.138286
Wake,0.063457,0.233987
Wake,0.019294,0.153334
Wake,0.071261,0.172614
Wake,0.044418,0.161043
Wake,0.020914,0.228798
Wake,0.039600,0.202128
Wake,0.011211,0.129515
Wake,0.121357,0.126864
Wake,0.026858,0.265897
Wake,0.219442,0.160931
Wake,0.081832,0.394948
Wake,0.036083,0.283087
Wake,0.049823,0.284987
Wake,0.041025,0.198041
Wake,0.024927,0.247590
Wake,0.197309,0.291672
Wake,0.415459,0.073082
Wake,0.131762,0.323948
Wake,0.018397,0.211218
Wake,0.015844,0.175965
Wake,0.057455,0.154444
Wake,0.114652,0.213490
Wake,0.038036,0.131925
Wake,0.019924,0.187891
Wake,0.023083,0.135938
Wake,0.064334,0.214958
Wake,0.031770,0.152836
Wake,0.024836,0.174132
Wake,0.025278,0.185025
Wake,0.063466,0.154726
Wake,0.010731,0.173154
Wake,0.059564,0.212171
Wake,0.054376,0.123934
Wake,0.022715,0.202889
Wake,0.032564,0.144323
Wake,0.054684,0.204423
Wake,0.025014,0.167459
Wake,0.025455,0.164975
Wake,0.021225,0.212575
Wake,0.012250,0.207757
Wake,0.051342,0.187699
Wake,0.135064,0.198970
Wake,0.221574,0.374011
Wake,0.009782,0.181681
Wake,0.019684,0.170632
Wake,0.120091,0.184748
Wake,0.070434,0.220769
Wake,0.029642,0.229403
Wake,0.030136,0.176263
Wake,0.057734,0.125630
Wake,0.020364,0.202573
Wake,0.022024,0.170207
Wake,0.040920,0.107152
Wake,0.054728,0.146429
Wake,0.052200,0.260388
Wake,0.019663,0.186869
Wake,0.058145,0.143001
Wake,0.065589,0.184341
Wake,0.067162,0.229537
Wake,0.004459,0.145168
Wake,0.041492,0.139076
Wake,0.024777,0.223755
Wake,0.018267,0.187553
Wake,0.046376,0.137688
Wake,0.077632,0.231855
Wake,0.044284,0.118348
Wake,0.029820,0.168831
Wake,0.028566,0.227368
Wake,0.039998,0.189058
Wake,0.024088,0.127728
Wake,0.004594,0.159799
Wake,0.016244,0.145843
Wake,0.016753,0.181287
Wake,0.028755,0.177095
Wake,0.091976,0.106578
Wake,0.049583,0.170865
Wake,0.063168,0.082485
Wake,0.076582,0.139618
Wake,0.055968,0.253681
Wake,0.021547,0.157821
Wake,0.016793,0.192838
Wake,0.017547,0.166306
Wake,0.006784,0.157251
Wake,0.011767,0.144967
Wake,0.034342,0.103532
Wake,0.182602,0.106415
Wake,0.025345,0.249110
Wake,0.190007,0.307094
Wake,0.130538,0.103582
Wake,0.059886,0.242121
Wake,0.018336,0.171461
Wake,0.068221,0.244348
Wake,0.097049,0.148925
Wake,0.086415,0.266058
Wake,0.013533,0.160214
Wake,0.017046,0.183371
Wake,0.008417,0.161539
Wake,0.013483,0.139771
Wake,0.086880,0.130009
Wake,0.048303,0.252139
Wake,0.199877,0.153751
Wake,0.314599,0.396112
Wake,0.037441,0.154140
Wake,0.052525,0.129319
Wake,0.058653,0.146167
Wake,0.028442,0.183129
Wake,0.035669,0.256062
Wake,0.023057,0.194258
Wake,0.008724,0.211596
Wake,0.125605,0.283600
Wake,0.145382,0.125064
Wake,0.012134,0.202315
Wake,0.073955,0.212019
Wake,0.081887,0.141508
Wake,0.012619,0.166829
Wake,0.027622,0.150013
Wake,0.008763,0.192524
Wake,0.030440,0.159025
Wake,0.085736,0.227958
Wake,0.019739,0.146063
Wake,0.044739,0.151997
Wake,0.023880,0.094620
Wake,0.006621,0.135198
Wake,0.021585,0.126620
Wake,0.110334,0.146998
Wake,0.075614,0.267149
Wake,0.025374,0.207290
Wake,0.009164,0.167190
Wake,0.021447,0.159348
Wake,0.115537,0.147498
Wake,0.016080,0.153583
Wake,0.050554,0.152289
Wake,0.057707,0.226873
Wake,0.055305,0.194889
Wake,0.094729,0.235650
Wake,0.163581,0.392184
Wake,0.052308,0.234259
Wake,0.037997,0.280637
Wake,0.148837,0.187819
Wake,0.082657,0.260576
Wake,0.017830,0.203846
Wake,0.018089,0.177844
Wake,0.111317,0.138593
Wake,0.074325,0.253159
Wake,0.031972,0.134531
Wake,0.088518,0.205499
Wake,0.026669,0.164251
Wake,0.299927,0.072448
Wake,0.022051,0.251561
Wake,0.055188,0.232102
Wake,0.123707,0.285286
Wake,0.053895,0.142737
Wake,0.046613,0.204651
Wake,0.032199,0.141226
Wake,0.006519,0.193158
Wake,0.038616,0.172121
Wake,0.030258,0.255336
Wake,0.007720,0.188073
Wake,0.042005,0.230911
Wake,0.008676,0.157095
Wake,0.013279,0.135256
Wake,0.015016,0.142535
Wake,0.026755,0.185842
Wake,0.060286,0.180240
Wake,0.060332,0.116387
Wake,0.251522,0.301513
Wake,0.011512,0.125902
Wake,0.009680,0.113864
Wake,0.029374,0.102168
Wake,0.014391,0.136289
Wake,0.051041,0.170393
Wake,0.141528,0.182602
Wake,0.017158,0.156142
Wake,0.104723,0.195942
Wake,0.072192,0.108554
Wake,0.019969,0.123671
Wake,0.009774,0.157244
Wake,0.095608,0.229898
Wake,0.031183,0.139629
Wake,0.027265,0.187842
Wake,0.107525,0.098576
Wake,0.026339,0.231002
Wake,0.022506,0.204359
Wake,0.067301,0.259538
Wake,0.077747,0.222980
Wake,0.017574,0.122269
Wake,0.016981,0.140118
Wake,0.029850,0.160078
Wake,0.011110,0.186240
Wake,0.063639,0.207322
Wake,0.079744,0.130394
Wake,0.095442,0.239746
Wake,0.006716,0.147136
Wake,0.021967,0.161912
Wake,0.043694,0.130799
Wake,0.019813,0.177686
Wake,0.017429,0.142089
Wake,0.030482,0.142826
Wake,0.076516,0.225398
Wake,0.021048,0.118580
Wake,0.013056,0.155343
Wake,0.013719,0.147577
Wake,0.060685,0.145854
Wake,0.071427,0.164554
Wake,0.157264,0.279567
Wake,0.050828,0.126114
Wake,0.021424,0.118007
Wake,0.045373,0.164129
Wake,0.024938,0.124960
Wake,0.028911,0.097594
Wake,0.109801,0.088005
Wake,0.022797,0.177293
Wake,0.028199,0.116781
Wake,0.008985,0.151044
Wake,0.076287,0.144059
Wake,0.019406,0.181479
Wake,0.008313,0.163639
Wake,0.139355,0.172398
Wake,0.090570,0.289830
Wake,0.028080,0.180043
Wake,0.132864,0.180713
Wake,0.051755,0.155949
Wake,0.032209,0.165046
Wake,0.028314,0.098836
Wake,0.034334,0.163414
Wake,0.023413,0.100291
Wake,0.011453,0.127405
Wake,0.026353,0.130828
Wake,0.031744,0.169838
Wake,0.120559,0.212712
Wake,0.048125,0.074367
Wake,0.040568,0.109310
Wake,0.009727,0.181872
Wake,0.045595,0.175244
Wake,0.039714,0.092156
Wake,0.073489,0.178187
Wake,0.044958,0.168094
Wake,0.037318,0.117370
Wake,0.009679,0.150856
Wake,0.013927,0.184266
Wake,0.015159,0.130185
Wake,0.038197,0.194058
Wake,0.011529,0.126041
Wake,0.020138,0.155076
Wake,0.068051,0.091677
Wake,0.016216,0.182483
Wake,0.018077,0.129769
Wake,0.042591,0.189051
Wake,0.052269,0.100628
Wake,0.047589,0.159676
Wake,0.045809,0.092747
Wake,0.020574,0.152357
Wake,0.003177,0.104707
Wake,0.011060,0.116906
Wake,0.023529,0.119866
Wake,0.028550,0.100173
Wake,0.031585,0.120366
Wake,0.028528,0.172771
Wake,0.005842,0.114114
Wake,0.008933,0.131094
Wake,0.013511,0.100415
Wake,0.007500,0.131653
Wake,0.023058,0.129124
Wake,0.020691,0.139236
Wake,0.041543,0.157412
Wake,0.011698,0.087889
Wake,0.011225,0.112033
Wake,0.008089,0.127417
Wake,0.004827,0.142529
Wake,0.015101,0.118932
Wake,0.009082,0.140631
Wake,0.035069,0.116058
Wake,0.039975,0.207996
Wake,0.004378,0.140343
Wake,0.013315,0.116273
Wake,0.008949,0.159244
Wake,0.011808,0.150541
Wake,0.011755,0.135959
Wake,0.008459,0.103302
Wake,0.031449,0.101085
Wake,0.008032,0.146646
Wake,0.053323,0.206151
Wake,0.055942,0.101729
Wake,0.008976,0.177776
Wake,0.011734,0.182554
Wake,0.014587,0.156854
Wake,0.028897,0.170145
Wake,0.005722,0.123543
Wake,0.006464,0.141695
Wake,0.033678,0.106792
Wake,0.011834,0.167477
Wake,0.031422,0.156013
Wake,0.012811,0.124879
Wake,0.037410,0.170816
Wake,0.019169,0.103092
Wake,0.028710,0.120464
Wake,0.016963,0.172053
Wake,0.109418,0.100453
Wake,0.101353,0.240536
Wake,0.075026,0.236583
Wake,0.023435,0.229598
Wake,0.045366,0.246699
Wake,0.056182,0.211258
Wake,0.068097,0.105890
Wake,0.028360,0.184112
Wake,0.005430,0.147848
Wake,0.006355,0.149586
Wake,0.044256,0.127000
Wake,0.184465,0.213856
Wake,0.104706,0.205081
Wake,0.025936,0.114376
Wake,0.034923,0.159168
Wake,0.036987,0.160321
Wake,0.021790,0.134362
Wake,0.010769,0.157115
Wake,0.081022,0.109144
Wake,0.054494,0.179193
Wake,0.050558,0.182988
Wake,0.076003,0.154029
Wake,0.125433,0.068158
Wake,0.017797,0.172952
Wake,0.021874,0.147247
Wake,0.174718,0.086428
Wake,0.045927,0.247746
Wake,0.076484,0.167908
Wake,0.038730,0.159585
Wake,0.054713,0.081319
Wake,0.010393,0.155091
Wake,0.033785,0.175620
Wake,0.020746,0.108927
Wake,0.026307,0.108949
Wake,0.057426,0.175147
Wake,0.065026,0.146810
Wake,0.019465,0.250369
Wake,0.132399,0.242757
Wake,0.049649,0.100075
Wake,0.037013,0.142881
Wake,0.007497,0.206442
Wake,0.009973,0.192151
Wake,0.034414,0.219834
Wake,0.049804,0.148389
Wake,0.023133,0.225918
Wake,0.025546,0.199129
Wake,0.027965,0.236966
Wake,0.013127,0.189451
Wake,0.021872,0.189031
Wake,0.016103,0.154939
Wake,0.039687,0.166370
Wake,0.038618,0.241170
Wake,0.072397,0.171444
Wake,0.173402,0.280950
Wake,0.039216,0.153013
Wake,0.064677,0.140339
Wake,0.044783,0.201297
Wake,0.007234,0.126478
Wake,0.030771,0.111938
Wake,0.037175,0.144882
Wake,0.043514,0.100332
Wake,0.030419,0.161820
Wake,0.012242,0.148821
Wake,0.020485,0.150371
Wake,0.084203,0.131518
Wake,0.207302,0.144362
Wake,0.119489,0.230303
Wake,0.010546,0.104443
Wake,0.013077,0.138014
Wake,0.011178,0.095084
Wake,0.008088,0.118287
Wake,0.027891,0.152600
Wake,0.009298,0.098810
Wake,0.008808,0.125901
Wake,0.020781,0.111020
Wake,0.078343,0.120209
Wake,0.074870,0.252608
Wake,0.006263,0.154050
Wake,0.024462,0.165825
Wake,0.055539,0.150948
Wake,0.137922,0.136761
Wake,0.071615,0.240381
Wake,0.101389,0.139359
Wake,0.141705,0.279146
Wake,0.027143,0.162852
Wake,0.025945,0.108533
Wake,0.095571,0.116875
Wake,0.137800,0.264354
Wake,0.038999,0.151855
Wake,0.016477,0.149543
Wake,0.005407,0.125459
Wake,0.094028,0.096482
Wake,0.044439,0.226078
Wake,0.035725,0.187734
Wake,0.020125,0.120911
Wake,0.027451,0.143905
Wake,0.012287,0.181718
Wake,0.038099,0.150526
Wake,0.008661,0.196337
Wake,0.030384,0.216338
Wake,0.036543,0.199568
Wake,0.078957,0.257282
Wake,0.053411,0.183285
Wake,0.036096,0.131388
Wake,0.099986,0.160852
Wake,0.028997,0.192799
Wake,0.031352,0.142178
Wake,0.072668,0.247336
Wake,0.008202,0.146199
Wake,0.018707,0.182433
Wake,0.031510,0.172700
Wake,0.022440,0.127201
Wake,0.045086,0.165971
Wake,0.098361,0.064770
Wake,0.014855,0.143740
Wake,0.010183,0.173623
Wake,0.035211,0.211223
Wake,0.085331,0.120985
Wake,0.020958,0.232381
Wake,0.006005,0.182124
Wake,0.017507,0.160448
Wake,0.045630,0.240056
Wake,0.023873,0.147785
Wake,0.004126,0.172548
Wake,0.044112,0.211935
Wake,0.008135,0.131165
Wake,0.052990,0.179669
Wake,0.009368,0.099096
Wake,0.106541,0.172898
Wake,0.011875,0.069776
Wake,0.194347,0.054434
Wake,0.043750,0.178511
Wake,0.188619,0.136994
Wake,0.051383,0.241734
Wake,0.008925,0.171664
Wake,0.020315,0.161054
Wake,0.134154,0.084643
Wake,0.014362,0.178519
Wake,0.076727,0.238980
Wake,0.039863,0.137724
Wake,0.066289,0.179245
Wake,0.016834,0.114948
Wake,0.003563,0.134564
Wake,0.010660,0.138389
Wake,0.035070,0.124340
Wake,0.014023,0.156858
Wake,0.089025,0.138274
Wake,0.072119,0.229597
Wake,0.019516,0.143140
Wake,0.021956,0.183983
Wake,0.048841,0.146716
Wake,0.006925,0.113530
Wake,0.006828,0.123479
Wake,0.017476,0.155882
Wake,0.059347,0.162667
Wake,0.038553,0.074791
Wake,0.034730,0.106002
Wake,0.054505,0.189526
Wake,0.061716,0.140668
Wake,0.002677,0.101456
Wake,0.056615,0.084576
Wake,0.011700,0.137444
Wake,0.016132,0.175981
Wake,0.039619,0.169099
Wake,0.043094,0.103660
Wake,0.023031,0.158771
Wake,0.019729,0.149845
Wake,0.032340,0.164583
Wake,0.008452,0.101792
Wake,0.019963,0.137943
Wake,0.111686,0.076334
Wake,0.083017,0.210805
Wake,0.022592,0.136154
Wake,0.126754,0.060990
Wake,0.020833,0.158376
Wake,0.147798,0.252001
Wake,0.118827,0.078484
Wake,0.037405,0.209062
Wake,0.026343,0.126737
Wake,0.086854,0.185674
Wake,0.027696,0.145183
Wake,0.075795,0.086884
Wake,0.014687,0.173404
Wake,0.062319,0.181943
Wake,0.045060,0.080006
Wake,0.060918,0.134481
Wake,0.066303,0.195779
Wake,0.072511,0.150182
Wake,0.121545,0.055370
Wake,0.024688,0.127213
Wake,0.007455,0.114873
Wake,0.016033,0.140396
Wake,0.004119,0.120954
Wake,0.008239,0.121374
Wake,0.025737,0.140693
Wake,0.004532,0.090037
Wake,0.019628,0.088302
Wake,0.113975,0.087831
Wake,0.028654,0.218788
Wake,0.007914,0.167883
Wake,0.045141,0.163573
Wake,0.022795,0.153118
Wake,0.028249,0.127003
Wake,0.056376,0.088996
Wake,0.028637,0.171830
Wake,0.009308,0.124777
Wake,0.040611,0.116662
Wake,0.004952,0.143073
Wake,0.031816,0.165820
Wake,0.049437,0.087057
Wake,0.050320,0.116421
Wake,0.111061,0.243785
Wake,0.042780,0.147391
Wake,0.149212,0.237642
Wake,0.037517,0.090336
Wake,0.203162,0.059115
Wake,0.045837,0.201162
Wake,0.019856,0.120635
Wake,0.013543,0.181942
Wake,0.016535,0.145636
Wake,0.051560,0.133459
Wake,0.031236,0.179505
Wake,0.021458,0.151864
Wake,0.134709,0.266712
Wake,0.153743,0.091148
Wake,0.109802,0.245954
Wake,0.058247,0.103632
Wake,0.112013,0.237219
Wake,0.009985,0.121779
Wake,0.011975,0.133671
Wake,0.022269,0.128707
Wake,0.008066,0.143004
Wake,0.056640,0.129602
Wake,0.052422,0.247354
Wake,0.040253,0.174434
Wake,0.026924,0.114268
Wake,0.138871,0.228412
Wake,0.075077,0.091787
Wake,0.076338,0.166176
Wake,0.015610,0.140947
Wake,0.104833,0.085568
Wake,0.016016,0.170227
Wake,0.013508,0.218478
Wake,0.018483,0.199060
Wake,0.028711,0.140743
Wake,0.010846,0.184141
Wake,0.042140,0.210470
Wake,0.022112,0.124959
Wake,0.076854,0.186730
Wake,0.054152,0.070441
Wake,0.024450,0.141572
Wake,0.036527,0.142061
Wake,0.061696,0.103140
Wake,0.093316,0.141203
Wake,0.018253,0.129769
Wake,0.100190,0.185439
Wake,0.094376,0.069514
Wake,0.011299,0.154004
Wake,0.040603,0.166155
Wake,0.067120,0.182862
Wake,0.105293,0.079358
Wake,0.025998,0.186009
Wake,0.010332,0.128770
Wake,0.004203,0.134737
Wake,0.004691,0.143954
Wake,0.012311,0.150299
Wake,0.025105,0.143740
Wake,0.106907,0.073679
Wake,0.029042,0.190551
Wake,0.025458,0.141519
Wake,0.057595,0.110533
Wake,0.019837,0.140500
Wake,0.021063,0.172314
Wake,0.015959,0.121135
Wake,0.090321,0.093344
Wake,0.070337,0.194997
Wake,0.012801,0.139081
Wake,0.024699,0.120268
Wake,0.006962,0.126246
Wake,0.009762,0.107237
Wake,0.012918,0.124256
Wake,0.025874,0.143194
Wake,0.010280,0.098673
Wake,0.021211,0.113066
Wake,0.025753,0.131538
Wake,0.049454,0.082414
Wake,0.018163,0.105056
Wake,0.028342,0.103090
Wake,0.023675,0.062769
Wake,0.015400,0.064989
Wake,0.024596,0.090875
Wake,0.012969,0.120650
Wake,0.087431,0.080540
Wake,0.057895,0.184260
Wake,0.028195,0.097641
Wake,0.015610,0.122633
Wake,0.015534,0.145927
Wake,0.003594,0.124916
Wake,0.052238,0.085712
Wake,0.012336,0.145278
Wake,0.052128,0.198961
Wake,0.043430,0.152591
Wake,0.024488,0.098747
Wake,0.023314,0.085805
Wake,0.066607,0.097445
Wake,0.076599,0.172455
Wake,0.053745,0.103032
Wake,0.015995,0.108306
Wake,0.013618,0.139368
Wake,0.022779,0.095399
Wake,0.046746,0.158041
Wake,0.006077,0.090593
Wake,0.018289,0.096752
Wake,0.008323,0.091730
Wake,0.014613,0.093178
Wake,0.050079,0.077161
Wake,0.021790,0.126392
Wake,0.108317,0.202760
Wake,0.242220,0.054813
Wake,0.079087,0.243202
Wake,0.035934,0.157200
Wake,0.031676,0.081582
Wake,0.006169,0.119693
Wake,0.031543,0.156883
Wake,0.012705,0.097998
Wake,0.019341,0.102705
Wake,0.005949,0.143491
Wake,0.043267,0.113390
Wake,0.071149,0.224990
Wake,0.016936,0.119787
Wake,0.017001,0.160972
Wake,0.003128,0.135500
Wake,0.016433,0.128066
Wake,0.007249,0.145272
Wake,0.030091,0.138400
Wake,0.022248,0.209935
Wake,0.030593,0.184440
Wake,0.030191,0.178998
Wake,0.111394,0.221212
Wake,0.034570,0.116426
Wake,0.084186,0.158369
Wake,0.015967,0.250846
Wake,0.131125,0.315405
Wake,0.041631,0.152382
Wake,0.019063,0.212876
Wake,0.022863,0.216936
Wake,0.041206,0.195317
Wake,0.024185,0.139973
Wake,0.005022,0.098113
Wake,0.010981,0.103567
Wake,0.013957,0.100878
Wake,0.013323,0.122712
Wake,0.010962,0.103663
Wake,0.015178,0.111940
Wake,0.012498,0.099716
Wake,0.033946,0.080662
Wake,0.010988,0.100158
Wake,0.003193,0.105513
Wake,0.004851,0.105974
Wake,0.035895,0.132233
Wake,0.010253,0.072690
Wake,0.006245,0.090175
Wake,0.096475,0.057229
Wake,0.036656,0.148847
Wake,0.051456,0.132610
Wake,0.036171,0.168651
Wake,0.006464,0.126956
Wake,0.013118,0.142997
Wake,0.032511,0.097679
Wake,0.012923,0.151760
Wake,0.042145,0.151844
Wake,0.009104,0.141820
Wake,0.005953,0.174047
Wake,0.021164,0.151781
Wake,0.019281,0.166474
Wake,0.129980,0.249115
Wake,0.097286,0.092032
Wake,0.047114,0.204771
Wake,0.007484,0.154500
Wake,0.081639,0.205834
Wake,0.015452,0.123377
Wake,0.007160,0.154409
Wake,0.053216,0.162338
Wake,0.053892,0.221731
Wake,0.026205,0.126063
Wake,0.018050,0.188596
Wake,0.013176,0.150838
Wake,0.021866,0.127165
Wake,0.084428,0.123012
Wake,0.010032,0.191833
Wake,0.062007,0.216948
Wake,0.072888,0.212635
Wake,0.084701,0.097293
Wake,0.016687,0.122415
Wake,0.089407,0.178523
Wake,0.068485,0.196356
Wake,0.032570,0.120172
Wake,0.058407,0.126194
Wake,0.014509,0.169919
Wake,0.031517,0.147600
Wake,0.025799,0.122306
Wake,0.166450,0.196142
Wake,1.134057,0.041977
Wake,0.132119,0.395130
Wake,0.178721,0.190277
Wake,0.157507,0.278418
Wake,0.133831,0.522230
Wake,0.205395,0.291129
Wake,0.068951,0.461935
Wake,0.023761,0.408897
Wake,0.010319,0.434850
Wake,0.019883,0.445452
Wake,0.048748,0.127830
Wake,0.042937,0.153323
Wake,0.033874,0.092637
Wake,0.018378,0.147864
Wake,0.149788,0.154997
Wake,1.365666,0.036699
Wake,0.153529,0.174447
Wake,0.074120,0.344765
Wake,0.080611,0.144202
Wake,0.124830,0.229617
Wake,0.097769,0.164345
Wake,0.022194,0.144644
Wake,0.012854,0.110785
Wake,0.013743,0.142941
Wake,0.006671,0.116042
Wake,0.832885,0.059379
Wake,0.395589,0.088474
Wake,0.873246,0.471271
Wake,0.011146,0.132580
Wake,0.140283,0.199801
Wake,0.078078,0.092352
Wake,0.087825,0.053946
Wake,0.273453,0.109367
Wake,0.456347,0.123646
Wake,0.046715,0.190144
Wake,0.102161,0.133143
Wake,0.057106,0.197874
Wake,0.004904,0.145731
Wake,0.066396,0.184303
Wake,0.666502,0.348703
Wake,1.041551,0.243901
Wake,0.259898,0.089994
Wake,0.031504,0.192459
Wake,0.158675,0.247623
Wake,0.070639,0.143501
Wake,0.348398,0.054235
Wake,0.338680,0.242361
Wake,0.133516,0.069298
Wake,0.042729,0.146586
Wake,2.268916,0.061612
Wake,0.353580,0.196179
Wake,0.015079,0.100593
Wake,0.105184,0.078740
Wake,0.058891,0.097565
Wake,0.016968,0.120838
Wake,0.264647,0.075274
Wake,0.018456,0.146379
Wake,0.218734,0.229640
Wake,1.227799,0.068482
Wake,0.160706,0.163284
Wake,0.440170,0.477336
Wake,0.666716,0.323079
Wake,0.065532,0.112552
Wake,0.013066,0.097699
Wake,0.009555,0.110589
Wake,1.874474,0.140444
Wake,0.042714,0.266067
Wake,1.248589,0.074193
Wake,0.028077,0.112019
Wake,0.006601,0.112580
Wake,0.258143,0.160137
Wake,0.021644,0.091716
Wake,0.732341,0.297702
Wake,0.204248,0.072544
Wake,0.010563,0.089266
Wake,0.395916,0.082535
Wake,1.500001,0.521613
Wake,0.671323,0.115152
Wake,0.099255,0.080247
Wake,0.068008,0.189495
Wake,0.618213,0.305874
Wake,0.030624,0.080328
Wake,0.091446,0.146395
Wake,0.014964,0.069262
Wake,0.126098,0.058182
Wake,0.052200,0.160581
Wake,0.027365,0.148524
Wake,0.035927,0.099012
Wake,0.018179,0.118503
Wake,0.017080,0.127765
Wake,0.030179,0.143383
Wake,0.026954,0.117557
Wake,0.030187,0.082609
Wake,0.222441,0.081900
Wake,0.209439,0.169225
Wake,0.190296,0.134676
Wake,0.144554,0.197175
Wake,0.006731,0.118138
Wake,0.090292,0.138684
Wake,0.200827,0.174924
Wake,0.095722,0.030795
Wake,0.046836,0.116262
Wake,0.037544,0.072520
Wake,0.138916,0.112697
Wake,0.081928,0.233825
Wake,0.167678,0.126856
Wake,0.031513,0.288353
Wake,0.194534,0.265467
Wake,0.006135,0.137234
Wake,0.277847,0.095576
Wake,0.083809,0.318094
Wake,0.039182,0.185975
Wake,0.090627,0.245489
Wake,0.089938,0.137739
Wake,0.019505,0.211945
Wake,0.111426,0.186323
Wake,0.045995,0.131041
Wake,0.016523,0.166973
Wake,0.030139,0.161970
Wake,0.008126,0.127520
Wake,0.145259,0.095266
Wake,0.115917,0.254844
Wake,0.053802,0.112358
Wake,0.072185,0.152249
Wake,0.104723,0.198271
Wake,0.063074,0.262563
Wake,0.012266,0.185520
Wake,0.011981,0.178419
Wake,0.040386,0.220967
Wake,0.006665,0.158970
Wake,0.032947,0.159885
Wake,0.020836,0.178471
Wake,0.122298,0.104326
Wake,0.046670,0.225884
Wake,0.046176,0.192470
Wake,0.006053,0.141731
Wake,0.033107,0.142225
Wake,0.023937,0.154482
Wake,0.013329,0.188038
Wake,0.042562,0.199173
Wake,0.009724,0.160667
Wake,0.052581,0.137273
Wake,0.053475,0.143022
Wake,0.182802,0.142983
Wake,0.042321,0.334322
Wake,0.128251,0.290029
Wake,0.019726,0.149752
Wake,0.071548,0.209347
Wake,0.048251,0.099210
Wake,0.007016,0.157521
Wake,0.028076,0.168218
Wake,0.026908,0.122812
Wake,0.049235,0.171472
Wake,0.023378,0.133118
Wake,0.090829,0.123700
Wake,0.043609,0.157037
Wake,0.037597,0.135030
Wake,0.186005,0.054131
Wake,0.055819,0.205694
Wake,0.009426,0.125101
Wake,0.043569,0.115274
Wake,0.004871,0.177776
Wake,0.057539,0.210022
Wake,0.070030,0.096766
Wake,0.039673,0.190725
Wake,0.177174,0.223683
Wake,0.012101,0.094114
Wake,0.019668,0.096435
Wake,0.007296,0.129902
Wake,0.214947,0.077142
Wake,0.189599,0.275785
Wake,0.019609,0.119811
Wake,0.014140,0.155888
Wake,0.009563,0.145076
Wake,0.007449,0.156034
Wake,0.115015,0.111854
Wake,0.120902,0.249001
Wake,0.032956,0.152530
Wake,0.078251,0.115272
Wake,0.018045,0.172974
Wake,0.062784,0.229496
Wake,0.013974,0.161666
Wake,0.014677,0.136655
Wake,0.047295,0.158778
Wake,0.036161,0.146149
Wake,0.071196,0.092217
Wake,0.048213,0.183519
Wake,0.012521,0.126036
Wake,0.030000,0.112674
Wake,0.015589,0.159772
Wake,0.046045,0.115653
Wake,0.028254,0.192038
Wake,0.017179,0.147870
Wake,0.014252,0.133748
Wake,0.068562,0.102541
Wake,0.055430,0.204203
Wake,0.074157,0.135706
Wake,0.026536,0.196283
Wake,0.071048,0.159679
Wake,0.171184,0.286092
Wake,0.040734,0.128704
Wake,0.055115,0.181988
Wake,0.125778,0.113571
Wake,0.154431,0.255803
Wake,0.068175,0.109900
Wake,0.023785,0.171990
Wake,0.010846,0.172292
Wake,0.013656,0.191978
Wake,0.054166,0.221635
Wake,0.033844,0.138784
Wake,0.029984,0.188981
Wake,0.017498,0.117485
Wake,0.006410,0.161969
Wake,0.159241,0.101428
Wake,0.078548,0.258939
Wake,0.048670,0.182639
Wake,0.028174,0.096007
Wake,0.049537,0.140369
Wake,0.042844,0.173125
Wake,0.093252,0.212503
Wake,0.049290,0.138671
Wake,0.034437,0.207763
Wake,0.028118,0.132239
Wake,0.021707,0.160243
Wake,0.212495,0.234360
Wake,0.126611,0.050402
Wake,0.098281,0.188354
Wake,0.090843,0.063741
Wake,0.025706,0.169813
Wake,0.015623,0.112594
Wake,0.012964,0.142919
Wake,0.015062,0.171301
Wake,0.030291,0.140258
Wake,0.044140,0.207235
Wake,0.044698,0.122661
Wake,0.043493,0.175499
Wake,0.016692,0.126692
Wake,0.285227,0.071916
Wake,0.083073,0.250771
Wake,0.030535,0.169831
Wake,0.030853,0.157016
Wake,0.034612,0.105134
Wake,0.027317,0.182857
Wake,0.035007,0.110625
Wake,0.013575,0.162190
Wake,0.029838,0.178654
Wake,0.007687,0.122478
Wake,0.016862,0.133043
Wake,0.099117,0.135224
Wake,0.116115,0.297879
Wake,0.084948,0.138272
Wake,0.247389,0.303788
Wake,0.015394,0.103945
Wake,0.150449,0.091311
Wake,0.085990,0.254341
Wake,0.009352,0.151517
Wake,0.071200,0.126267
Wake,0.065646,0.206950
Wake,0.072990,0.137874
Wake,0.119960,0.252166
Wake,0.167854,0.128239
Wake,0.082759,0.255696
Wake,0.031239,0.149572
Wake,0.028451,0.178496
Wake,0.017942,0.149647
Wake,0.035153,0.114872
Wake,0.023090,0.176886
Wake,0.044478,0.115957
Wake,0.060774,0.159392
Wake,0.021672,0.215820
Wake,0.015784,0.210349
Wake,0.006579,0.181784
Wake,0.029082,0.162241
Wake,0.111337,0.254993
Wake,0.084955,0.120278
Wake,0.060049,0.189334
Wake,0.184463,0.309259
Wake,0.032607,0.131736
Wake,0.008376,0.150667
Wake,0.019502,0.152614
Wake,0.031202,0.204986
Wake,0.066377,0.144565
Wake,0.011631,0.190838
Wake,0.059607,0.232036
Wake,0.048383,0.136688
Wake,0.018177,0.152756
Wake,0.061078,0.232152
Wake,0.038892,0.131430
Wake,0.039609,0.198739
Wake,0.014300,0.226295
Wake,0.084080,0.180090
Wake,0.124834,0.317442
Wake,0.029506,0.170234
Wake,0.035747,0.227012
Wake,0.437462,0.123846
Wake,0.299231,0.476824
Wake,0.055639,0.217717
Wake,0.051109,0.208067
Wake,0.036897,0.275367
Wake,0.069903,0.242468
Wake,0.314111,0.102877
Wake,0.026819,0.332579
Wake,0.046103,0.301004
Wake,0.070978,0.250525
Wake,0.014184,0.151794
Wake,0.057749,0.158977
Wake,0.015418,0.246800
Wake,0.107098,0.279984
Wake,0.044164,0.157716
Wake,0.046257,0.247219
Wake,0.028449,0.171370
Wake,0.067114,0.171882
Wake,0.015327,0.211174
Wake,0.058607,0.280088
Wake,0.026301,0.218987
Wake,0.057685,0.254123
Wake,0.082891,0.276076
Wake,0.005392,0.166292
Wake,0.193915,0.115478
Wake,0.249095,0.329785
Wake,0.087309,0.113612
Wake,0.039593,0.216611
Wake,0.002970,0.168283
Wake,0.031563,0.159171
Wake,0.027129,0.244120
Wake,0.074456,0.208297
Wake,0.045600,0.111921
Wake,0.037107,0.153794
Wake,0.027430,0.219566
Wake,0.041780,0.183072
Wake,0.028428,0.198699
Wake,0.023326,0.204236
Wake,0.045506,0.204921
Wake,0.051119,0.235308
Wake,0.069349,0.337340
Wake,0.038409,0.254010
Wake,0.015853,0.181628
Wake,0.012538,0.205294
Wake,0.016652,0.176920
Wake,0.033746,0.186221
Wake,0.014641,0.231777
Wake,0.101874,0.240939
Wake,0.018002,0.235231
Wake,0.011601,0.210629
Wake,0.010590,0.220449
Wake,0.008479,0.196942
Wake,0.013431,0.194764
Wake,0.018987,0.155816
Wake,0.025124,0.186412
Wake,0.051191,0.214191
Wake,0.076709,0.261459
Wake,0.063370,0.148411
Wake,0.094385,0.258802
Wake,0.038121,0.219219
Wake,0.095346,0.294019
Wake,0.013910,0.163880
Wake,0.018455,0.188998
Wake,0.041099,0.167763
Wake,0.048404,0.228505
Wake,0.047389,0.156895
Wake,0.047220,0.220037
Wake,0.041601,0.126804
Wake,0.035110,0.210640
Wake,0.029382,0.151703
Wake,0.021201,0.179724
Wake,0.007961,0.191893
Wake,0.017313,0.173611
Wake,0.176515,0.117625
Wake,0.116247,0.229640
Wake,0.052023,0.201900
Wake,0.008113,0.116153
Wake,0.076810,0.115848
Wake,0.019105,0.207025
Wake,0.060025,0.257589
Wake,0.057653,0.156063
Wake,0.044666,0.257797
Wake,0.019403,0.189383
Wake,0.057847,0.169951
Wake,0.026143,0.225268
Wake,0.026049,0.186140
Wake,0.092190,0.267630
Wake,0.032052,0.151613
Wake,0.038600,0.192277
Wake,0.017923,0.198484
Wake,0.019240,0.201572
Wake,0.058106,0.207004
Wake,0.015387,0.128413
Wake,0.007584,0.161092
Wake,0.150584,0.127875
Wake,0.028013,0.280355
Wake,0.059802,0.208031
Wake,0.021202,0.292086
Wake,0.021452,0.282263
Wake,0.129305,0.264874
Wake,0.070260,0.167634
Wake,0.010692,0.185504
Wake,0.060932,0.192078
Wake,0.052946,0.114280
Wake,0.044481,0.183148
Wake,0.037343,0.220450
Wake,0.081215,0.308381
Wake,0.008451,0.187319
Wake,0.015223,0.192092
Wake,0.009330,0.224472
Wake,0.024010,0.219657
Wake,0.166557,0.300813
Wake,0.098568,0.119741
Wake,0.024482,0.207770
Wake,0.118327,0.208033
Wake,0.041319,0.349714
Wake,0.081968,0.353319
Wake,0.022846,0.231277
Wake,0.167193,0.278643
Wake,0.076172,0.110904
Wake,0.019607,0.188468
Wake,0.005853,0.235551
Wake,0.138882,0.213569
Wake,0.150936,0.254941
Wake,0.020208,0.180240
Wake,0.053322,0.116412
Wake,0.008242,0.193697
Wake,0.014303,0.197016
Wake,0.067903,0.152975
Wake,0.072905,0.227576
Wake,0.204704,0.338601
Wake,0.051936,0.135338
Wake,0.034855,0.207429
Wake,0.023801,0.212138
Wake,0.034234,0.208453
Wake,0.075539,0.130610
Wake,0.045774,0.232546
Wake,0.072802,0.196062
Wake,0.069243,0.265353
Wake,0.562480,0.425123
Wake,0.156882,0.097651
Wake,0.020596,0.197266
Wake,0.020947,0.224600
Wake,0.121116,0.282773
Wake,0.042346,0.129275
Wake,0.006865,0.199511
Wake,0.026824,0.202531
Wake,0.069955,0.171251
Wake,0.108321,0.282735
Wake,0.075213,0.151995
Wake,0.012042,0.201736
Wake,0.018011,0.172040
Wake,0.023507,0.207638
Wake,0.032304,0.203560
Wake,0.020548,0.216895
Wake,0.014235,0.156936
Wake,0.009317,0.188023
Wake,0.011948,0.161015
Wake,0.018791,0.152840
Wake,0.020190,0.199006
Wake,0.015393,0.158659
Wake,0.038814,0.169328
Wake,0.049593,0.230935
Wake,0.024136,0.175217
Wake,0.044462,0.212471
Wake,0.087809,0.279472
Wake,0.028629,0.207744
Wake,0.066454,0.240438
Wake,0.017634,0.170068
Wake,0.026501,0.126121
Wake,0.038636,0.198448
Wake,0.012346,0.147458
Wake,0.021064,0.115379
Wake,0.019835,0.145569
Wake,0.020972,0.125212
Wake,0.036652,0.190122
Wake,0.019176,0.132736
Wake,0.019453,0.153731
Wake,0.017043,0.141339
Wake,0.011794,0.193104
Wake,0.020924,0.176837
Wake,0.020416,0.173909
Wake,0.019055,0.160549
Wake,0.009097,0.196337
Wake,0.010526,0.158796
Wake,0.085851,0.169224
Wake,0.010324,0.235832
Wake,0.034906,0.223158
Wake,0.104320,0.144676
Wake,0.327483,0.299816
Wake,0.067952,0.094872
Wake,0.101060,0.182789
Wake,0.031073,0.113185
Wake,0.091540,0.137862
Wake,0.313700,0.187005
Wake,0.034356,0.190914
Wake,0.043325,0.269571
Wake,0.041058,0.230089
Wake,0.126040,0.153131
Wake,0.053866,0.270744
Wake,0.065006,0.165814
Wake,0.160215,0.294166
Wake,0.085685,0.141574
Wake,0.124765,0.226163
Wake,0.030225,0.116208
Wake,0.011474,0.175901
Wake,0.060870,0.139769
Wake,0.090010,0.185005
Wake,0.018841,0.202179
Wake,0.104874,0.284561
Wake,0.045904,0.148000
Wake,0.019311,0.217412
Wake,0.033874,0.237015
Wake,0.014059,0.179838
Wake,0.029353,0.180818
Wake,0.024811,0.223205
Wake,0.078281,0.268730
Wake,0.028240,0.150033
Wake,0.046199,0.211521
Wake,0.096727,0.118978
Wake,0.016603,0.222853
Wake,0.026026,0.254742
Wake,0.020063,0.208056
Wake,0.025995,0.231321
Wake,0.059520,0.196766
Wake,0.028300,0.190458
Wake,0.011341,0.167498
Wake,0.016692,0.174199
Wake,0.083504,0.131805
Wake,0.090903,0.274789
Wake,0.007722,0.164100
Wake,0.030425,0.153157
Wake,0.007092,0.167126
Wake,0.018359,0.150255
Wake,0.023327,0.189655
Wake,0.024761,0.178006
Wake,0.030097,0.115409
Wake,0.043806,0.152759
Wake,0.041736,0.234141
Wake,0.109700,0.137409
Wake,0.233358,0.317262
Wake,0.130306,0.099544
Wake,0.038695,0.237768
Wake,0.024280,0.177563
Wake,0.016568,0.141599
Wake,0.017655,0.147991
Wake,0.026701,0.153902
Wake,0.039533,0.196002
Wake,0.033387,0.161813
Wake,0.031868,0.095432
Wake,0.006887,0.140804
Wake,0.044838,0.141940
Wake,0.047625,0.216360
Wake,0.120070,0.118403
Wake,0.052019,0.255064
Wake,0.017534,0.221122
Wake,0.035258,0.220752
Wake,0.046966,0.159614
Wake,0.022417,0.133823
Wake,0.112819,0.129382
Wake,0.122501,0.130194
Wake,0.096988,0.217181
Wake,0.040079,0.140875
Wake,0.007243,0.090446
Wake,0.113801,0.073902
Wake,0.158197,0.196615
Wake,0.086437,0.146336
Wake,0.038190,0.118097
Wake,0.135459,0.136445
Wake,0.034167,0.247642
Wake,0.051385,0.238839
Wake,0.027190,0.196398
Wake,0.102600,0.135940
Wake,0.047465,0.202261
Wake,0.136591,0.307244
Wake,0.025995,0.178910
Wake,0.038232,0.137957
Wake,0.037626,0.115695
Wake,0.036655,0.136123
Wake,0.065566,0.123376
Wake,0.050701,0.225112
Wake,0.022534,0.145015
Wake,0.034980,0.167644
Wake,0.111572,0.100067
Wake,0.040742,0.200303
Wake,0.071161,0.126358
Wake,0.019510,0.191713
Wake,0.025000,0.232745
Wake,0.083788,0.219684
Wake,0.051247,0.141676
Wake,0.043974,0.191849
Wake,0.020101,0.155475
Wake,0.092218,0.118040
Wake,0.094852,0.260493
Wake,0.005038,0.138461
Wake,0.013820,0.146900
Wake,0.016132,0.140964
Wake,0.004848,0.128425
Wake,0.009769,0.141949
Wake,0.032086,0.165984
Wake,0.032165,0.181287
Wake,0.010325,0.143139
Wake,0.006869,0.147211
Wake,0.019127,0.139964
Wake,0.014515,0.164884
Wake,0.027339,0.197849
Wake,0.046578,0.128891
Wake,0.018696,0.193201
Wake,0.026667,0.168563
Wake,0.076263,0.249207
Wake,0.024385,0.134680
Wake,0.056940,0.142642
Wake,0.009262,0.236792
Wake,0.076469,0.256584
Wake,0.055248,0.147882
Wake,0.079861,0.220679
Wake,0.034208,0.113634
Wake,0.019238,0.180072
Wake,0.014410,0.126224
Wake,0.027479,0.155184
Wake,0.031136,0.183372
Wake,0.012009,0.167528
Wake,0.057896,0.123727
Wake,0.012027,0.201304
Wake,0.077844,0.196263
Wake,0.111957,0.250422
Wake,0.038991,0.167162
Wake,0.023563,0.219008
Wake,0.046805,0.189655
Wake,0.029199,0.196466
Wake,0.028343,0.160307
Wake,0.031873,0.177892
Wake,0.009364,0.135400
Wake,0.045461,0.125155
Wake,0.008999,0.191182
Wake,0.018429,0.193775
Wake,0.020070,0.139980
Wake,0.036010,0.194488
Wake,0.026867,0.149308
Wake,0.089297,0.106390
Wake,0.027106,0.212470
Wake,0.019704,0.158661
Wake,0.025387,0.158597
Wake,0.065298,0.229252
Wake,0.007806,0.141976
Wake,0.028945,0.138225
Wake,0.036793,0.082812
Wake,0.008771,0.143392
Wake,0.074108,0.095783
Wake,0.095162,0.222829
Wake,0.006043,0.117914
Wake,0.006199,0.111717
Wake,0.009502,0.112983
Wake,0.059715,0.110090
Wake,0.047632,0.204703
Wake,0.024094,0.121992
Wake,0.048191,0.162306
Wake,0.003060,0.130486
Wake,0.063539,0.168796
Wake,0.021727,0.098648
Wake,0.096758,0.098434
Wake,0.090028,0.231245
Wake,0.031900,0.114322
Wake,0.014675,0.179182
Wake,0.103659,0.157501
Wake,0.124973,0.206597
Wake,0.042857,0.219471
Wake,0.027925,0.168228
Wake,0.049307,0.110446
Wake,0.021559,0.181567
Wake,0.128776,0.224750
Wake,0.169913,0.070204
Wake,0.038249,0.185853
Wake,0.068750,0.148324
Wake,0.006940,0.238724
Wake,0.064021,0.225763
Wake,0.006476,0.181759
Wake,0.067337,0.160887
Wake,0.021444,0.224396
Wake,0.032279,0.164300
Wake,0.026216,0.225238
Wake,0.007481,0.175337
Wake,0.006378,0.157384
Wake,0.068355,0.133302
Wake,0.068463,0.252186
Wake,0.101149,0.155891
Wake,0.056003,0.254761
Wake,0.036273,0.199867
Wake,0.014709,0.149977
Wake,0.020053,0.146613
Wake,0.023910,0.201608
Wake,0.023648,0.167292
Wake,0.014551,0.107837
Wake,0.034936,0.115404
Wake,0.021466,0.189749
Wake,0.005241,0.156486
Wake,0.054735,0.125563
Wake,0.105289,0.230382
Wake,0.020784,0.109154
Wake,0.043863,0.150587
Wake,0.024918,0.082460
Wake,0.004162,0.127004
Wake,0.041148,0.107473
Wake,0.008986,0.167617
Wake,0.019218,0.159014
Wake,0.032989,0.127430
Wake,0.018642,0.171728
Wake,0.026114,0.137897
Wake,0.032633,0.210165
Wake,0.117493,0.128125
Wake,0.107772,0.222241
Wake,0.014706,0.127631
Wake,0.015279,0.159245
Wake,0.011532,0.168715
Wake,0.022187,0.161870
Wake,0.036377,0.109245
Wake,0.064367,0.183361
Wake,0.198396,0.074156
Wake,0.052452,0.250776
Wake,0.036492,0.156271
Wake,0.021510,0.213995
Wake,0.019571,0.205649
Wake,0.043660,0.205412
Wake,0.018705,0.189014
Wake,0.007211,0.163960
Wake,0.022892,0.136835
Wake,0.062619,0.153782
Wake,0.047080,0.247602
Wake,0.030634,0.156493
Wake,0.120129,0.256504
Wake,0.038315,0.146171
Wake,0.118219,0.064224
Wake,0.009982,0.171472
Wake,0.016743,0.139974
Wake,0.028068,0.176782
Wake,0.029153,0.166927
Wake,0.066995,0.103292
Wake,0.011051,0.176848
Wake,0.009701,0.152414
Wake,0.021717,0.156978
Wake,0.014409,0.125536
Wake,0.025103,0.094548
Wake,0.028375,0.158951
Wake,0.085419,0.091943
Wake,0.023066,0.183926
Wake,0.039050,0.184300
Wake,0.047126,0.244353
Wake,0.024861,0.179086
Wake,0.032756,0.118017
Wake,0.009497,0.174494
Wake,0.079225,0.191711
Wake,0.011159,0.101503
Wake,0.006505,0.129681
Wake,0.026592,0.126963
Wake,0.197748,0.050355
Wake,0.081696,0.207051
Wake,0.036339,0.095801
Wake,0.061942,0.125228
Wake,0.094113,0.256540
Wake,0.055095,0.122724
Wake,0.083055,0.233606
Wake,0.010313,0.135667
Wake,0.173742,0.078228
Wake,0.018392,0.224228
Wake,0.056504,0.214511
Wake,0.010119,0.202481
Wake,0.010776,0.199937
Wake,0.017969,0.209001
Wake,0.052625,0.161503
Wake,0.097993,0.237368
Wake,0.015353,0.163519
Wake,0.056717,0.133761
Wake,0.011260,0.188641
Wake,0.013383,0.170103
Wake,0.014031,0.162148
Wake,0.047416,0.219117
Wake,0.009338,0.158192
Wake,0.046475,0.140405
Wake,0.006788,0.215082
Wake,0.027215,0.244720
Wake,0.093903,0.179916
Wake,0.011538,0.183701
Wake,0.011940,0.166949
Wake,0.019836,0.181868
Wake,0.018667,0.184778
Wake,0.024775,0.142698
Wake,0.137115,0.151816
Wake,0.044183,0.290813
Wake,0.014302,0.207115
Wake,0.044068,0.228484
Wake,0.074379,0.145083
Wake,0.059494,0.276211
Wake,0.047400,0.173774
Wake,0.008372,0.182736
Wake,0.015984,0.188258
Wake,0.017490,0.174660
Wake,0.009208,0.166938
Wake,0.051986,0.161142
Wake,0.080820,0.199270
Wake,0.010320,0.114639
Wake,0.036084,0.128404
Wake,0.011266,0.177254
Wake,0.083241,0.244547
Wake,0.049058,0.118571
Wake,0.022069,0.195483
Wake,0.008102,0.154996
Wake,0.035516,0.178949
Wake,0.043466,0.099680
Wake,0.008119,0.154376
Wake,0.014527,0.152018
Wake,0.017939,0.170121
Wake,0.018036,0.220535
Wake,0.051934,0.205109
Wake,0.046591,0.226674
Wake,0.036141,0.162658
Wake,0.030599,0.102481
Wake,0.013525,0.147040
Wake,0.016245,0.183636
Wake,0.006533,0.163913
Wake,0.015745,0.176626
Wake,0.106850,0.129866
Wake,0.034910,0.232627
Wake,0.038059,0.212962
Wake,0.033603,0.164692
Wake,0.024530,0.194745
Wake,0.019674,0.159350
Wake,0.035502,0.165618
Wake,0.039480,0.171883
Wake,0.036220,0.165341
Wake,0.106083,0.238252
Wake,0.018547,0.158579
Wake,0.028055,0.151975
Wake,0.029473,0.161587
Wake,0.034298,0.176345
Wake,0.098067,0.237950
Wake,0.032993,0.159374
Wake,0.059771,0.237058
Wake,0.072577,0.134016
Wake,0.069398,0.235389
Wake,0.135713,0.121124
Wake,0.106728,0.297546
Wake,0.013092,0.174593
Wake,0.051271,0.137606
Wake,0.018019,0.219763
Wake,0.021086,0.202624
Wake,0.076169,0.145180
Wake,0.020850,0.236967
Wake,0.059623,0.305748
Wake,0.042495,0.226598
Wake,0.014049,0.154283
Wake,0.063299,0.153476
Wake,0.036881,0.242465
Wake,0.074492,0.218467
Wake,0.012208,0.121668
Wake,0.007901,0.149498
Wake,0.069216,0.148390
Wake,0.041424,0.184228
Wake,0.025302,0.248089
Wake,0.264166,0.316732
Wake,0.010659,0.116270
Wake,0.128263,0.074526
Wake,0.037891,0.209126
Wake,0.030103,0.162615
Wake,0.072926,0.093903
Wake,0.044009,0.187196
Wake,0.024041,0.188261
Wake,0.007180,0.151266
Wake,0.250487,0.097985
Wake,0.116255,0.256572
Wake,0.059078,0.377972
Wake,0.031060,0.292439
Wake,0.037402,0.262468
Wake,0.016199,0.191661
Wake,0.035503,0.209644
Wake,0.011425,0.145575
Wake,0.025464,0.186343
Wake,0.032528,0.139837
Wake,0.049612,0.198927
Wake,0.014384,0.158688
Wake,0.040063,0.139327
Wake,0.061654,0.212107
Wake,0.057971,0.146373
Wake,0.019336,0.208736
Wake,0.038196,0.203175
Wake,0.007071,0.136874
Wake,0.009654,0.132784
Wake,0.059362,0.171674
Wake,0.024589,0.084089
Wake,0.007793,0.133309
Wake,0.093200,0.080654
Wake,0.016152,0.181779
Wake,0.029292,0.163274
Wake,0.045240,0.125244
Wake,0.004485,0.195594
Wake,0.018517,0.191311
Wake,0.048470,0.200515
Wake,0.005620,0.156761
Wake,0.022352,0.155868
Wake,0.023044,0.182863
Wake,0.019132,0.151396
Wake,0.095317,0.184665
Wake,0.062099,0.152509
Wake,0.037056,0.245697
Wake,0.051408,0.168367
Wake,0.083295,0.257146
Wake,0.025952,0.192887
Wake,0.049634,0.121708
Wake,0.011624,0.164328
Wake,0.027622,0.207722
Wake,0.108569,0.221998
Wake,0.054944,0.120164
Wake,0.023063,0.158864
Wake,0.065860,0.219088
Wake,0.065641,0.195265
Wake,0.027094,0.097016
Wake,0.011889,0.149542
Wake,0.012614,0.131538
Wake,0.075345,0.098017
Wake,0.076850,0.184617
Wake,0.038732,0.165421
Wake,0.049901,0.168710
Wake,0.097057,0.189386
Wake,0.017392,0.085493
Wake,0.005226,0.117570
Wake,0.019038,0.126060
Wake,0.106814,0.065765
Wake,0.015734,0.158718
Wake,0.008197,0.180751
Wake,0.004348,0.161513
Wake,0.009792,0.183296
Wake,0.006849,0.158094
Wake,0.010646,0.174075
Wake,0.015002,0.173504
Wake,0.095009,0.216558
Wake,0.010824,0.103904
Wake,0.023615,0.098923
Wake,0.038679,0.121687
Wake,0.056013,0.198792
Wake,0.021821,0.150422
Wake,0.038144,0.114948
Wake,0.015352,0.151671
Wake,0.018983,0.188463
Wake,0.098897,0.204183
Wake,0.014908,0.085836
Wake,0.054360,0.094533
Wake,0.060972,0.205825
Wake,0.113108,0.086781
Wake,0.013828,0.194754
Wake,0.017905,0.168977
Wake,0.041203,0.159558
Wake,0.032272,0.261659
Wake,0.070754,0.218940
Wake,0.006184,0.135492
Wake,0.012512,0.155729
Wake,0.002575,0.158502
Wake,0.038877,0.192292
Wake,0.009114,0.135545
Wake,0.249469,0.092388
Wake,0.091004,0.296268
Wake,0.028174,0.222571
Wake,0.011933,0.175368
Wake,0.083194,0.119518
Wake,0.076790,0.257208
Wake,0.007304,0.154744
Wake,0.028005,0.160221
Wake,0.113067,0.082936
Wake,0.044120,0.167958
Wake,0.149947,0.207941
Wake,0.139198,0.259882
Wake,0.012550,0.137487
Wake,0.044954,0.111564
Wake,0.047067,0.186868
Wake,0.030878,0.128535
Wake,0.151412,0.086878
Wake,0.021013,0.233774
Wake,0.022230,0.195401
Wake,0.050463,0.240619
Wake,0.050128,0.139917
Wake,0.150786,0.247281
Wake,0.245816,0.067081
Wake,0.125380,0.207436
Wake,0.282885,0.121267
Wake,0.243807,0.255320
Wake,0.013169,0.161319
Wake,0.065202,0.194047
Wake,0.142672,0.099787
Wake,0.074227,0.252312
Wake,0.008707,0.158537
Wake,0.101565,0.126840
Wake,0.019901,0.233109
Wake,0.078261,0.293220
Wake,0.031195,0.207187
Wake,0.029011,0.214944
Wake,0.049681,0.222180
Wake,0.139426,0.190101
Wake,0.045552,0.321820
Wake,0.014859,0.243553
Wake,0.040545,0.257502
Wake,0.042424,0.168089
Wake,0.030966,0.254094
Wake,0.030052,0.179800
Wake,0.031494,0.196597
Wake,0.024719,0.271510
Wake,0.087489,0.196557
Wake,0.156852,0.370596
Wake,0.034206,0.188198
Wake,0.036962,0.220806
Wake,0.022767,0.291031
Wake,0.049981,0.254972
Wake,0.054701,0.246633
Wake,0.025167,0.144510
Wake,0.024039,0.192968
Wake,0.015783,0.186423
Wake,0.021937,0.141631
Wake,0.019502,0.188557
Wake,0.027452,0.140063
Wake,0.020766,0.206079
Wake,0.016299,0.193780
Wake,0.016691,0.158709
Wake,0.023037,0.182615
Wake,0.051761,0.133171
Wake,0.015876,0.174318
Wake,0.006041,0.168735
Wake,0.016765,0.188889
Wake,0.019783,0.141446
Wake,0.101957,0.136451
Wake,0.104833,0.308871
Wake,0.087463,0.231154
Wake,0.122911,0.095657
Wake,0.025987,0.232125
Wake,0.024433,0.191396
Wake,0.216360,0.125054
Wake,0.261653,0.371753
Wake,0.198171,0.120708
Wake,0.218631,0.349940
Wake,0.258419,0.101235
Wake,0.018889,0.289452
Wake,0.149564,0.313572
Wake,0.077302,0.126448
Wake,0.040387,0.235092
Wake,0.047012,0.207390
Wake,0.072482,0.131642
Wake,0.076650,0.234756
Wake,0.034289,0.218250
Wake,0.028722,0.216530
Wake,0.092815,0.302087
Wake,0.022759,0.179088
Wake,0.036305,0.179749
Wake,0.076075,0.294894
Wake,0.213437,0.121644
Wake,0.037235,0.328464
Wake,0.075291,0.297965
Wake,0.055457,0.190005
Wake,0.076287,0.217813
Wake,0.040466,0.184195
Wake,0.024374,0.230069
Wake,0.045608,0.224674
Wake,0.008246,0.248584
Wake,0.023756,0.216704
Wake,0.045554,0.207698
Wake,0.098827,0.236627
Wake,0.022432,0.220310
Wake,0.006091,0.161720
Wake,0.041260,0.139989
Wake,0.143619,0.251908
Wake,0.184293,0.084522
Wake,0.078785,0.271281
Wake,0.005903,0.173504
Wake,0.033736,0.140383
Wake,0.036303,0.184681
Wake,0.004406,0.124708
Wake,0.062562,0.107655
Wake,0.087304,0.129433
Wake,0.165964,0.297476
Wake,0.169802,0.098800
Wake,0.058436,0.260359
Wake,0.032730,0.214368
Wake,0.039880,0.155674
Wake,0.062696,0.209021
Wake,0.155217,0.186035
Wake,0.050655,0.273322
Wake,0.021343,0.217228
Wake,0.049659,0.152887
Wake,0.046115,0.202839
Wake,0.192334,0.322960
Wake,0.083163,0.123556
Wake,0.026445,0.204612
Wake,0.237530,0.131150
Wake,0.251431,0.345504
Wake,0.066828,0.128733
Wake,0.063144,0.259085
Wake,0.092542,0.137223
Wake,0.015057,0.248278
Wake,0.134931,0.266032
Wake,0.027979,0.118371
Wake,0.065497,0.143193
Wake,0.058291,0.214108
Wake,0.133507,0.320496
Wake,0.014558,0.171755
Wake,0.014330,0.159793
Wake,0.077893,0.121838
Wake,0.031285,0.218531
Wake,0.032534,0.187071
Wake,0.015524,0.174180
Wake,0.011554,0.195050
Wake,0.010916,0.204873
Wake,0.030306,0.196368
Wake,0.017411,0.255505
Wake,0.031531,0.252362
Wake,0.082523,0.276904
Wake,0.019369,0.189855
Wake,0.058340,0.138962
Wake,0.009969,0.217335
Wake,0.018613,0.197704
Wake,0.026453,0.205632
Wake,0.176475,0.306489
Wake,0.005630,0.137969
Wake,0.017086,0.137856
Wake,0.034896,0.197354
Wake,0.019307,0.174048
Wake,0.005902,0.136912
Wake,0.022199,0.118756
Wake,0.016932,0.155227
Wake,0.064272,0.201354
Wake,0.168104,0.105997
Wake,0.063797,0.258076
Wake,0.010794,0.171061
Wake,0.035369,0.171890
Wake,0.084481,0.089307
Wake,0.010720,0.171825
Wake,0.047799,0.169198
Wake,0.020082,0.160813
Wake,0.097292,0.113762
Wake,0.023771,0.221994
Wake,0.015759,0.179940
Wake,0.040649,0.217786
Wake,0.020257,0.187535
Wake,0.026101,0.208450
Wake,0.180965,0.323546
Wake,0.033171,0.133156
Wake,0.066326,0.205174
Wake,0.017967,0.134702
Wake,0.005191,0.143766
Wake,0.066374,0.128328
Wake,0.027222,0.201073
Wake,0.032653,0.242918
Wake,0.007855,0.183666
Wake,0.019112,0.198027
Wake,0.020390,0.166960
Wake,0.063227,0.153210
Wake,0.059650,0.254542
Wake,0.023284,0.180230
Wake,0.078309,0.122129
Wake,0.025666,0.228602
Wake,0.018521,0.188481
Wake,0.020705,0.145225
Wake,0.037270,0.203456
Wake,0.015161,0.143842
Wake,0.040922,0.155062
Wake,0.060352,0.199308
Wake,0.097235,0.221300
Wake,0.114302,0.368310
Wake,0.163424,0.309019
Wake,0.013616,0.147098
Wake,0.011899,0.187431
Wake,0.090964,0.143671
Wake,0.043395,0.185132
Wake,0.021179,0.175808
Wake,0.088160,0.159791
Wake,0.192610,0.299308
Wake,0.147682,0.095672
Wake,0.069327,0.250428
Wake,0.077198,0.139970
Wake,0.037999,0.207790
Wake,0.030061,0.254465
Wake,0.421223,0.390591
Wake,0.020351,0.113064
Wake,0.469080,0.071326
Wake,0.047476,0.323065
Wake,0.101841,0.322983
Wake,0.144063,0.151797
Wake,0.304453,0.369605
Wake,0.297373,0.097096
Wake,0.024344,0.277415
Wake,0.205319,0.391533
Wake,0.061043,0.224807
Wake,0.003779,0.132690
Wake,0.035238,0.114029
Wake,0.197782,0.136763
Wake,0.105798,0.325537
Wake,0.073377,0.250197
Wake,0.050456,0.138668
Wake,0.136658,0.184151
Wake,0.162203,0.247900
Wake,0.030897,0.150460
Wake,0.018728,0.182062
Wake,0.017996,0.182643
Wake,0.090265,0.113795
Wake,0.042865,0.247302
Wake,0.031170,0.190140
Wake,0.012442,0.220324
Wake,0.065607,0.242057
Wake,0.047575,0.136574
Wake,0.031329,0.168105
Wake,0.201783,0.091284
Wake,0.046979,0.247935
Wake,0.062327,0.178443
Wake,0.026374,0.247635
Wake,0.029937,0.286032
Wake,0.193705,0.375465
Wake,0.028858,0.173053
Wake,0.272646,0.175926
Wake,0.235763,0.456675
Wake,0.116960,0.244633
Wake,0.023079,0.188930
Wake,0.022972,0.179137
Wake,0.048064,0.235440
Wake,0.016830,0.146521
Wake,0.068130,0.143190
Wake,0.059624,0.262054
Wake,0.010001,0.171779
Wake,0.014784,0.185212
Wake,0.017015,0.181742
Wake,0.075054,0.171247
Wake,0.043558,0.188569
Wake,0.051849,0.279434
Wake,0.013374,0.197809
Wake,0.007683,0.193987
Wake,0.074228,0.250118
Wake,0.043453,0.125766
Wake,0.017535,0.200277
Wake,0.017011,0.196186
Wake,0.028643,0.196838
Wake,0.028035,0.135329
Wake,0.022378,0.187711
Wake,0.025214,0.187356
Wake,0.047616,0.182958
Wake,0.013150,0.203135
Wake,0.025083,0.189390
Wake,0.048168,0.254168
Wake,0.035349,0.210566
Wake,0.116526,0.149080
Wake,0.097159,0.273735
Wake,0.034312,0.147535
Wake,0.020560,0.204280
Wake,0.036016,0.224421
Wake,0.041292,0.147876
Wake,0.042362,0.231455
Wake,0.089690,0.132773
Wake,0.096578,0.280584
Wake,0.071960,0.134167
Wake,0.055222,0.232825
Wake,0.173507,0.300672
Wake,0.100119,0.123599
Wake,0.157524,0.190112
Wake,0.079641,0.395016
Wake,0.107373,0.214694
Wake,0.069976,0.382922
Wake,0.222300,0.385282
Wake,0.015946,0.173767
Wake,0.019990,0.164038
Wake,0.012243,0.191139
Wake,0.045603,0.207514
Wake,0.038149,0.275142
Wake,0.042267,0.210434
Wake,0.333767,0.129434
Wake,0.030648,0.316874
Wake,0.245141,0.393643
Wake,0.011198,0.183704
Wake,0.146708,0.143938
Wake,0.082536,0.258345
Wake,0.350329,0.393387
Wake,0.012035,0.202256
Wake,0.139056,0.280562
Wake,0.110390,0.138240
Wake,0.263249,0.330744
Wake,0.619656,0.072209
Wake,0.506246,0.417863
Wake,0.029346,0.124711
Wake,0.041833,0.185690
Wake,0.032547,0.207060
Wake,0.023930,0.155536
Wake,0.015623,0.166896
Wake,0.015290,0.207590
Wake,0.036311,0.188399
Wake,0.005879,0.156669
Wake,0.112510,0.102669
Wake,0.064063,0.258755
Wake,0.018704,0.205899
Wake,0.032963,0.201173
Wake,0.033494,0.205079
Wake,0.014173,0.190411
Wake,0.042512,0.156410
Wake,0.014240,0.211243
Wake,0.030765,0.203427
Wake,0.124106,0.134865
Wake,0.061307,0.284226
Wake,0.041097,0.219710
Wake,0.012230,0.177627
Wake,0.031616,0.207448
Wake,0.009498,0.160935
Wake,0.067960,0.129899
Wake,0.056863,0.249085
Wake,0.023575,0.144660
Wake,0.019222,0.192001
Wake,0.020459,0.226822
Wake,0.057609,0.183731
Wake,0.046537,0.247201
Wake,0.021183,0.195060
Wake,0.096965,0.167947
Wake,0.025507,0.290364
Wake,0.172317,0.309038
Wake,0.045768,0.199278
Wake,0.015872,0.154333
Wake,0.204977,0.086055
Wake,0.045324,0.260501
Wake,0.018411,0.191430
Wake,0.018769,0.198415
Wake,0.061877,0.176600
Wake,0.079631,0.104661
Wake,0.051612,0.210564
Wake,0.013476,0.155189
Wake,0.010562,0.122053
Wake,0.091486,0.130260
Wake,0.025850,0.208947
Wake,0.033774,0.221063
Wake,0.020744,0.235530
Wake,0.108654,0.291507
Wake,0.024890,0.177880
Wake,0.230298,0.089957
Wake,0.121450,0.278740
Wake,0.078133,0.225750
Wake,0.116778,0.152451
Wake,0.114904,0.316741
Wake,0.020282,0.196354
Wake,0.023260,0.164697
Wake,0.074904,0.172854
Wake,0.098122,0.303206
Wake,0.035264,0.198581
Wake,0.198395,0.120832
Wake,0.022353,0.247048
Wake,0.047506,0.297640
Wake,0.042536,0.219965
Wake,0.019840,0.167817
Wake,0.027328,0.179499
Wake,0.134429,0.248465
Wake,0.049984,0.099594
Wake,0.067999,0.142815
Wake,0.086285,0.246041
Wake,0.025193,0.133238
Wake,0.007391,0.179483
Wake,0.021125,0.179441
Wake,0.045841,0.115163
Wake,0.025320,0.169589
Wake,0.042801,0.214465
Wake,0.018708,0.239755
Wake,0.024237,0.204031
Wake,0.062790,0.204250
Wake,0.067749,0.318387
Wake,0.038316,0.210083
Wake,0.033484,0.245428
Wake,0.050406,0.327023
Wake,0.019209,0.223123
Wake,0.014210,0.269724
Wake,0.061107,0.272901
Wake,0.048597,0.209066
Wake,0.067984,0.181433
Wake,0.077972,0.261285
Wake,0.073135,0.134185
Wake,0.015133,0.231578
Wake,0.013663,0.221999
Wake,0.027981,0.195563
Wake,0.038449,0.231752
Wake,0.029977,0.257720
Wake,0.028262,0.242745
Wake,0.026229,0.219050
Wake,0.055242,0.233035
Wake,0.019105,0.168205
Wake,0.018642,0.181050
Wake,0.020631,0.175309
Wake,0.018968,0.207741
Wake,0.054784,0.268233
Wake,0.016822,0.203992
Wake,0.058668,0.167729
Wake,0.096296,0.203400
Wake,0.037298,0.328475
Wake,0.268542,0.376985
Wake,0.090923,0.129373
Wake,0.067625,0.227604
Wake,0.025369,0.286541
Wake,0.023992,0.316541
Wake,0.016994,0.350671
Wake,0.054269,0.342006
Wake,0.054409,0.293381
Wake,0.015154,0.210925
Wake,0.014631,0.177159
Wake,0.008665,0.185511
Wake,0.015194,0.191694
Wake,0.052943,0.164456
Wake,0.028362,0.188916
Wake,0.043197,0.201814
Wake,0.032479,0.278981
Wake,0.018957,0.227215
Wake,0.015368,0.191961
Wake,0.019236,0.213564
Wake,0.013919,0.197758
Wake,0.025833,0.177585
Wake,0.029805,0.195062
Wake,0.034592,0.247070
Wake,0.070282,0.173726
Wake,0.045212,0.277508
Wake,0.022658,0.213514
Wake,0.023044,0.183720
Wake,0.075324,0.177679
Wake,0.072496,0.229716
Wake,0.070405,0.133044
Wake,0.034913,0.213557
Wake,0.027721,0.160866
Wake,0.028409,0.172328
Wake,0.009662,0.191246
Wake,0.078047,0.255100
Wake,0.047784,0.133366
Wake,0.028689,0.216744
Wake,0.019374,0.165258
Wake,0.008024,0.157712
Wake,0.048370,0.159064
Wake,0.063901,0.245378
Wake,0.029724,0.149967
Wake,0.014224,0.191379
Wake,0.071043,0.214976
Wake,0.043150,0.160830
Wake,0.059768,0.106677
Wake,0.011657,0.189611
Wake,0.039968,0.152678
Wake,0.019925,0.220218
Wake,0.027615,0.186319
Wake,0.057189,0.266154
Wake,0.039140,0.165420
Wake,0.017367,0.225383
Wake,0.014129,0.192453
Wake,0.018575,0.227282
Wake,0.032619,0.196695
Wake,0.148607,0.181602
Wake,0.208903,0.393660
Wake,0.074097,0.168108
Wake,0.021529,0.255261
Wake,0.063791,0.275122
Wake,0.151668,0.425241
Wake,0.076296,0.271585
Wake,0.078437,0.239162
Wake,0.053883,0.113789
Wake,0.070344,0.169584
Wake,0.030740,0.194008
Wake,0.025985,0.149410
Wake,0.019538,0.160078
Wake,0.021823,0.177850
Wake,0.051015,0.192575
Wake,0.031255,0.211063
Wake,0.142996,0.146001
Wake,0.058651,0.278121
Wake,0.144248,0.190357
Wake,0.047551,0.120119
Wake,0.041588,0.169852
Wake,0.147858,0.235071
Wake,0.123610,0.170623
Wake,0.195003,0.359922
Wake,0.115224,0.163515
Wake,0.336498,0.207796
Wake,0.044704,0.243959
Wake,0.023095,0.190917
Wake,0.077978,0.157907
Wake,0.072796,0.281941
Wake,0.050725,0.158375
Wake,0.040220,0.248537
Wake,0.094392,0.142178
Wake,0.089967,0.310078
Wake,0.015416,0.196110
Wake,0.037199,0.188992
Wake,0.020811,0.232119
Wake,0.018219,0.179146
Wake,0.035450,0.199811
Wake,0.062119,0.251708
Wake,0.083673,0.166081
Wake,0.019647,0.174201
Wake,0.035855,0.160615
Wake,0.209870,0.137915
Wake,0.154833,0.380087
Wake,0.063443,0.232820
Wake,0.012797,0.190008
Wake,0.063464,0.160944
Wake,0.034908,0.247687
Wake,0.102392,0.186341
Wake,0.173727,0.306032
Wake,0.055127,0.142962
Wake,0.075252,0.262791
Wake,0.098303,0.155818
Wake,0.263808,0.117842
Wake,0.093191,0.275449
Wake,0.282921,0.127887
Wake,0.030099,0.296071
Wake,0.154343,0.345068
Wake,0.016518,0.197436
Wake,0.011023,0.210258
Wake,0.025759,0.205900
Wake,0.032455,0.219046
Wake,0.074896,0.147459
Wake,0.075544,0.281919
Wake,0.024213,0.192431
Wake,0.033508,0.151158
Wake,0.018754,0.182633
Wake,0.011961,0.217402
Wake,0.072443,0.183813
Wake,0.028760,0.283765
Wake,0.016783,0.257187
Wake,0.018350,0.255397
Wake,0.096701,0.309485
Wake,0.144797,0.143220
Wake,0.037930,0.288986
Wake,0.069497,0.246328
Wake,0.046432,0.270168
Wake,0.072571,0.340074
Wake,0.010496,0.239347
Wake,0.023286,0.248319
Wake,0.063793,0.210827
Wake,0.045336,0.260504
Wake,0.043926,0.172835
Wake,0.047380,0.257856
Wake,0.036543,0.164479
Wake,0.026270,0.229677
Wake,0.053832,0.247922
Wake,0.065783,0.178881
Wake,0.081187,0.283829
Wake,0.008294,0.182259
Wake,0.034658,0.184996
Wake,0.073008,0.200222
Wake,0.147741,0.370783
Wake,0.034799,0.187006
Wake,0.011833,0.242280
Wake,0.108556,0.306493
Wake,0.044072,0.152110
Wake,0.019457,0.221783
Wake,0.024829,0.214572
Wake,0.017262,0.161623
Wake,0.106764,0.156689
Wake,0.020327,0.285574
Wake,0.065998,0.257346
Wake,0.057505,0.208552
Wake,0.104007,0.129176
Wake,0.025425,0.237574
Wake,0.230802,0.160406
Wake,0.077995,0.376358
Wake,0.382398,0.404252
Wake,0.104820,0.114552
Wake,0.023595,0.211812
Wake,0.063340,0.263497
Wake,0.012425,0.178810
Wake,0.045529,0.196932
Wake,0.043956,0.263187
Wake,0.229790,0.173093
Wake,0.076642,0.339228
Wake,0.073040,0.304456
Wake,0.170681,0.161287
Wake,0.139786,0.374882
Wake,0.175853,0.164540
Wake,0.231362,0.375640
Wake,0.117844,0.257169
Wake,0.060477,0.176013
Wake,0.069529,0.251812
Wake,0.022692,0.245650
Wake,0.071632,0.226097
Wake,0.182984,0.145107
Wake,0.100490,0.336181
Wake,0.007775,0.201677
Wake,0.016453,0.206334
Wake,0.025518,0.212098
Wake,0.013729,0.249185
Wake,0.048354,0.305423
Wake,0.015671,0.235367
Wake,0.014944,0.268738
Wake,0.022471,0.251894
Wake,0.054904,0.195734
Wake,0.022196,0.263015
Wake,0.063530,0.329353
Wake,0.041781,0.227521
Wake,0.134893,0.242567
Wake,0.053427,0.271247
Wake,0.012259,0.197992
Wake,0.030701,0.220933
Wake,0.041710,0.252575
Wake,0.252499,0.192359
Wake,0.030103,0.406622
Wake,0.062941,0.386935
Wake,0.051532,0.291466
Wake,0.030152,0.240389
Wake,0.086926,0.224964
Wake,0.034061,0.209171
Wake,0.017100,0.191063
Wake,0.045376,0.218186
Wake,0.035833,0.256049
Wake,0.028037,0.249019
Wake,0.072339,0.198993
Wake,0.023924,0.220695
Wake,0.036946,0.290541
Wake,0.059285,0.212761
Wake,0.051477,0.167465
Wake,0.061884,0.266864
Wake,0.119906,0.224147
Wake,0.361405,0.404462
Wake,0.109110,0.262437
Wake,0.050447,0.149133
Wake,0.079076,0.167787
Wake,0.038126,0.309287
Wake,0.026716,0.236667
Wake,0.022340,0.242141
Wake,0.022663,0.193643
Wake,0.072140,0.216671
Wake,0.097447,0.263967
Wake,0.018994,0.154760
Wake,0.029647,0.138124
Wake,0.028547,0.201712
Wake,0.008196,0.142981
Wake,0.021109,0.149885
Wake,0.131688,0.102863
Wake,0.100365,0.205059
Wake,0.091037,0.260794
Wake,0.010619,0.173289
Wake,0.098143,0.127639
Wake,0.067444,0.209546
Wake,0.140405,0.362600
Wake,0.030576,0.182455
Wake,0.051641,0.263670
Wake,0.148257,0.188467
Wake,0.143272,0.408769
Wake,0.036112,0.223476
Wake,0.168307,0.320432
Wake,0.200503,0.134956
Wake,0.154661,0.335804
Wake,0.032631,0.152138
Wake,0.045125,0.190132
Wake,0.059876,0.275560
Wake,0.014852,0.192670
Wake,0.020849,0.233743
Wake,0.099283,0.179698
Wake,0.054692,0.289580
Wake,0.073104,0.280513
Wake,0.034015,0.161249
Wake,0.009314,0.210674
Wake,0.100383,0.193141
Wake,0.077855,0.301691
Wake,0.039001,0.247858
Wake,0.122768,0.167892
Wake,0.107305,0.334791
Wake,0.008259,0.200521
Wake,0.032189,0.181390
Wake,0.033162,0.273111
Wake,0.078831,0.178262
Wake,0.077319,0.303643
Wake,0.022367,0.207457
Wake,0.012949,0.226000
Wake,0.544061,0.131748
Wake,0.061481,0.411688
Wake,0.162121,0.448410
Wake,0.108992,0.335420
Wake,0.036666,0.218553
Wake,0.075299,0.141006
Wake,0.018970,0.225719
Wake,0.025171,0.187028
Wake,0.009626,0.221454
Wake,0.011280,0.229126
Wake,0.010756,0.220755
Wake,0.048207,0.210680
Wake,0.048578,0.199198
Wake,0.017512,0.196377
Wake,0.010365,0.177919
Wake,0.063428,0.208424
Wake,0.004974,0.131601
Wake,0.102770,0.087198
Wake,0.049798,0.190188
Wake,0.060127,0.103422
Wake,0.050789,0.176749
Wake,0.057814,0.189731
Wake,0.008996,0.161251
Wake,0.048294,0.195669
Wake,0.128509,0.134957
Wake,0.116277,0.301704
Wake,0.012111,0.180233
Wake,0.034223,0.139778
Wake,0.029535,0.209644
Wake,0.065259,0.132871
Wake,0.051493,0.171586
Wake,0.025048,0.245568
Wake,0.022289,0.180985
Wake,0.029781,0.198963
Wake,0.132655,0.170313
Wake,0.068427,0.280073
Wake,0.161861,0.141287
Wake,0.086057,0.335121
Wake,0.014432,0.205405
Wake,0.028613,0.204785
Wake,0.032206,0.269824
Wake,0.026672,0.251498
Wake,0.057386,0.257019
Wake,0.058150,0.258524
Wake,0.060516,0.334902
Wake,0.134326,0.212647
Wake,0.240412,0.365877
Wake,0.039355,0.210970
Wake,0.009354,0.262354
Wake,0.033390,0.263948
Wake,0.015770,0.296752
Wake,0.050441,0.233577
Wake,0.027112,0.318914
Wake,0.038203,0.325558
Wake,0.021773,0.255323
Wake,0.021851,0.288062
Wake,0.096902,0.289764
Wake,0.043995,0.190659
Wake,0.116950,0.184398
Wake,0.025021,0.327475
Wake,0.038591,0.329715
Wake,0.033911,0.294638
Wake,0.022864,0.260307
Wake,0.015185,0.257046
Wake,0.021267,0.220861
Wake,0.077692,0.196690
Wake,0.102946,0.341630
Wake,0.008016,0.207961
Wake,0.020176,0.196852
Wake,0.040092,0.247113
Wake,0.041959,0.155069
Wake,0.015162,0.232901
Wake,0.022302,0.191412
Wake,0.026855,0.235097
Wake,0.066529,0.266695
Wake,0.092641,0.132619
Wake,0.208088,0.200871
Wake,0.272861,0.437767
Wake,0.111873,0.165143
Wake,0.178593,0.327458
Wake,0.092280,0.132036
Wake,0.100135,0.262996
Wake,0.017795,0.143615
Wake,0.052982,0.188072
Wake,0.234473,0.072755
Wake,0.028505,0.206689
Wake,0.087676,0.256796
Wake,0.026481,0.170527
Wake,0.170652,0.098633
Wake,0.083743,0.219369
Wake,0.010793,0.169798
Wake,0.015388,0.142463
Wake,0.009423,0.167614
Wake,0.005770,0.147624
Wake,0.034032,0.180270
Wake,0.037162,0.104689
Wake,0.013918,0.163846
Wake,0.145502,0.137779
Wake,0.111198,0.247494
Wake,0.060993,0.188685
Wake,0.133084,0.080336
Wake,0.018710,0.169054
Wake,0.024244,0.216935
Wake,0.136031,0.150455
Wake,0.016672,0.244834
Wake,0.083576,0.186475
Wake,0.156167,0.319417
Wake,0.098474,0.191183
Wake,0.102036,0.301459
Wake,0.022845,0.161844
Wake,0.012114,0.161753
Wake,0.016289,0.171812
Wake,0.063130,0.239555
Wake,0.068922,0.169486
Wake,0.018713,0.269626
Wake,0.022270,0.245434
Wake,0.176593,0.308742
Wake,0.169479,0.098006
Wake,0.038970,0.260708
Wake,0.008485,0.199770
Wake,0.016501,0.183271
Wake,0.118597,0.274064
Wake,0.133353,0.097385
Wake,0.013738,0.228833
Wake,0.019330,0.220698
Wake,0.013286,0.239117
Wake,0.030707,0.260263
Wake,0.023916,0.211642
Wake,0.132252,0.335644
Wake,0.071586,0.161765
Wake,0.010806,0.259220
Wake,0.058515,0.217495
Wake,0.016151,0.288339
Wake,0.017322,0.307384
Wake,0.158743,0.353711
Wake,0.033665,0.193153
Wake,0.061974,0.224178
Wake,0.215348,0.239690
Wake,0.215344,0.318846
Wake,0.006949,0.182514
Wake,0.023238,0.203091
Wake,0.110637,0.139459
Wake,0.260193,0.332403
Wake,0.173098,0.094526
Wake,0.115835,0.290654
Wake,0.116187,0.183562
Wake,0.081769,0.198326
Wake,0.024466,0.193911
Wake,0.043698,0.248683
Wake,0.049375,0.148894
Wake,0.031543,0.242647
Wake,0.074362,0.154941
Wake,0.098684,0.225307
Wake,0.158304,0.380305
Wake,0.066020,0.260298
Wake,0.134362,0.132506
Wake,0.062927,0.220002
Wake,0.030494,0.304156
Wake,0.053008,0.271277
Wake,0.062024,0.163850
Wake,0.147839,0.311066
Wake,0.166721,0.113528
Wake,0.112053,0.285804
Wake,0.039027,0.184889
Wake,0.058666,0.252306
Wake,0.011040,0.172698
Wake,0.089277,0.132530
Wake,0.051159,0.162035
Wake,0.149783,0.297778
Wake,0.019973,0.157419
Wake,0.096919,0.114759
Wake,0.032350,0.227492
Wake,0.077581,0.246314
Wake,0.153785,0.264083
Wake,1.406570,0.058507
Wake,0.098110,0.390093
Wake,0.121309,0.347428
Wake,0.051700,0.418760
Wake,0.090622,0.440903
Wake,0.034851,0.402435
Wake,0.080802,0.328279
Wake,0.057359,0.312258
Wake,0.027515,0.407105
Wake,0.037246,0.404224
Wake,0.311129,0.520411
Wake,0.231624,0.201864
Wake,0.082757,0.354684
Wake,0.173116,0.504138
Wake,0.111877,0.266344
Wake,0.022446,0.103126
Wake,0.023634,0.075804
Wake,0.255114,0.138994
Wake,1.833401,0.021276
Wake,2.271406,0.574090
Wake,0.116340,0.174807
Wake,0.043279,0.107586
Wake,0.048123,0.037956
Wake,0.026322,0.061035
Wake,0.064348,0.129080
Wake,0.035234,0.088096
Wake,0.056319,0.153313
Wake,0.042673,0.068632
Wake,0.029147,0.127215
Wake,0.016436,0.152882
Wake,0.030549,0.135886
Wake,0.131155,0.151583
Wake,0.092486,0.312978
Wake,0.007344,0.192933
Wake,0.012031,0.178601
Wake,0.033467,0.185943
Wake,0.009835,0.145021
Wake,0.086582,0.197303
Wake,0.005184,0.102114
Wake,0.065712,0.080007
Wake,0.053831,0.133080
Wake,0.022872,0.220042
Wake,0.023268,0.166996
Wake,0.057275,0.221642
Wake,0.076139,0.152273
Wake,0.081963,0.162554
Wake,0.187777,0.280412
Wake,0.026776,0.113199
Wake,0.013710,0.141912
Wake,0.009020,0.153188
Wake,0.030061,0.154550
Wake,0.020602,0.117040
Wake,0.055705,0.170890
Wake,0.011501,0.115596
Wake,0.011482,0.125234
Wake,0.076066,0.082675
Wake,0.097017,0.180748
Wake,0.029408,0.102581
Wake,0.034668,0.136132
Wake,0.056740,0.088444
Wake,0.007759,0.118362
Wake,0.066042,0.101657
Wake,0.051223,0.178720
Wake,0.014460,0.126369
Wake,0.024882,0.135795
Wake,0.089868,0.136633
Wake,0.106321,0.254872
Wake,0.035473,0.134245
Wake,0.059423,0.228370
Wake,0.077973,0.169625
Wake,0.036610,0.161222
Wake,0.042343,0.112232
Wake,0.007306,0.173084
Wake,0.054601,0.213455
Wake,0.031334,0.111140
Wake,0.012947,0.178538
Wake,0.029799,0.151180
Wake,0.067895,0.106258
Wake,0.083870,0.211023
Wake,0.025526,0.113724
Wake,0.033861,0.135855
Wake,0.018797,0.158377
Wake,0.002592,0.113027
Wake,0.013698,0.119796
Wake,0.095492,0.098020
Wake,0.076549,0.213531
Wake,0.110540,0.107181
Wake,0.036729,0.228415
Wake,0.162004,0.219060
Wake,0.009842,0.114606
Wake,0.010520,0.087440
Wake,0.000892,0.103639
Wake,0.010154,0.117108
Wake,0.006608,0.080063
Wake,0.006831,0.081442
Wake,0.039301,0.134727
Wake,0.033772,0.058069
Wake,0.005748,0.103473
Wake,0.005575,0.117746
Wake,0.005953,0.098692
Wake,0.026228,0.104408
Wake,0.021869,0.130118
Wake,0.004262,0.083460
Wake,0.002820,0.095030
Wake,0.014976,0.082137
Wake,0.011749,0.100838
Wake,0.008391,0.115197
Wake,0.008450,0.110887
Wake,0.011021,0.121791
Wake,0.013524,0.086702
Wake,0.009001,0.106850
Wake,0.005811,0.085643
Wake,0.024417,0.072500
Wake,0.011835,0.124667
Wake,0.002251,0.092567
Wake,0.002216,0.106256
Wake,0.032946,0.092461
Wake,0.044238,0.144913
Wake,0.007415,0.123188
Wake,0.004576,0.122764
Wake,0.065968,0.123342
Wake,0.042248,0.185651
Wake,0.048278,0.119965
Wake,0.037853,0.095650
Wake,0.035344,0.168185
Wake,0.017651,0.121821
Wake,0.013696,0.099897
Wake,0.017473,0.113173
Wake,0.058216,0.078387
Wake,0.018873,0.157208
Wake,0.039353,0.136575
Wake,0.057256,0.208176
Wake,0.010378,0.135238
Wake,0.012706,0.142998
Wake,0.040148,0.133680
Wake,0.041943,0.153215
Wake,0.024093,0.110218
Wake,0.013627,0.148184
Wake,0.009928,0.125226
Wake,0.010236,0.153656
Wake,0.014383,0.119358
Wake,0.011738,0.149499
Wake,0.020598,0.169339
Wake,0.056499,0.155918
Wake,0.005391,0.100327
Wake,0.181908,0.069044
Wake,0.093233,0.225441
Wake,0.053396,0.096268
Wake,0.047898,0.191899
Wake,0.035648,0.099200
Wake,0.023857,0.171947
Wake,0.039289,0.101397
Wake,0.067511,0.195963
Wake,0.006103,0.113366
Wake,0.001110,0.097787
Wake,0.064847,0.077620
Wake,0.048774,0.183448
Wake,0.036122,0.099977
Wake,0.021372,0.136139
Wake,0.025630,0.103105
Wake,0.022581,0.159943
Wake,0.009721,0.127016
Wake,0.031895,0.095504
Wake,0.041710,0.139493
Wake,0.055206,0.117279
Wake,0.007169,0.135764
Wake,0.015129,0.123962
Wake,0.010522,0.138553
Wake,0.048690,0.145372
Wake,0.026166,0.096585
Wake,0.057091,0.158180
Wake,0.018116,0.164983
Wake,0.104571,0.225785
Wake,0.027971,0.105917
Wake,0.081915,0.148380
Wake,0.014228,0.227141
Wake,0.118231,0.246775
Wake,0.045154,0.123231
Wake,0.016781,0.176667
Wake,0.012701,0.145177
Wake,0.017394,0.157801
Wake,0.023236,0.174375
Wake,0.011224,0.129814
Wake,0.021064,0.154150
Wake,0.085739,0.209466
Wake,0.010409,0.118599
Wake,0.016396,0.123786
Wake,0.032989,0.134915
Wake,0.014564,0.127602
Wake,0.032222,0.180717
Wake,0.011744,0.161152
Wake,0.016085,0.199717
Wake,0.089839,0.140163
Wake,0.147347,0.285206
Wake,0.097658,0.113594
Wake,0.025366,0.238006
Wake,0.028459,0.206152
Wake,0.065415,0.185227
Wake,0.081129,0.083182
Wake,0.008337,0.170975
Wake,0.082198,0.173145
Wake,0.047098,0.267950
Wake,0.400939,0.395185
Wake,0.008932,0.136832
Wake,0.016570,0.150596
Wake,0.040334,0.133018
Wake,0.060733,0.123361
Wake,0.030082,0.189546
Wake,0.044959,0.142159
Wake,0.024593,0.191447
Wake,0.012700,0.244182
Wake,0.010862,0.259754
Wake,0.019617,0.262962
Wake,0.013218,0.248743
Wake,0.363042,0.318332
Wake,0.006630,0.086556
Wake,0.011573,0.094073
Wake,0.018328,0.099207
Wake,0.078374,0.123853
Wake,0.043888,0.176852
Wake,0.056494,0.207374
Wake,0.016220,0.145083
Wake,0.175502,0.134619
Wake,0.018160,0.184954
Wake,0.015962,0.169314
Wake,0.016769,0.178673
Wake,0.024243,0.187095
Wake,0.006975,0.145823
Wake,0.113859,0.117154
Wake,0.114601,0.278167
Wake,0.013191,0.141754
Wake,0.008996,0.166676
Wake,0.046138,0.194827
Wake,0.023231,0.156255
Wake,0.087336,0.158560
Wake,0.073942,0.273080
Wake,0.020069,0.173949
Wake,0.132363,0.161350
Wake,0.045841,0.135741
Wake,0.021954,0.164592
Wake,0.074394,0.119915
Wake,0.018170,0.135333
Wake,0.018821,0.152315
Wake,0.018082,0.140154
Wake,0.253408,0.124464
Wake,0.082510,0.279960
Wake,0.015471,0.171054
Wake,0.071503,0.207966
Wake,0.062487,0.288767
Wake,0.119882,0.163222
Wake,0.128798,0.296784
Wake,0.007529,0.181131
Wake,0.010990,0.162114
Wake,0.008585,0.189634
Wake,0.049847,0.180445
Wake,0.032468,0.159564
Wake,0.016355,0.101927
Wake,0.003366,0.125137
Wake,0.019185,0.110494
Wake,0.003009,0.117615
Wake,0.031253,0.124559
Wake,0.019286,0.140004
Wake,0.048622,0.178073
Wake,0.044323,0.128593
Wake,0.002625,0.095494
Wake,0.011015,0.112964
Wake,0.008078,0.082713
Wake,0.030094,0.107088
Wake,0.025302,0.106060
Wake,0.002602,0.129832
Wake,0.091483,0.144117
Wake,0.102256,0.145168
Wake,0.063333,0.227618
Wake,0.014301,0.167496
Wake,0.008461,0.150934
Wake,0.044522,0.155888
Wake,0.027047,0.091735
Wake,0.023740,0.116912
Wake,0.011635,0.097376
Wake,0.041896,0.112760
Wake,0.057737,0.202404
Wake,0.064541,0.114712
Wake,0.066264,0.200453
Wake,0.026673,0.115785
Wake,0.070306,0.181442
Wake,0.179675,0.068204
Wake,0.011965,0.197402
Wake,0.052759,0.228533
Wake,0.061963,0.285871
Wake,0.136072,0.187638
Wake,0.100754,0.157012
Wake,0.015564,0.070271
Wake,0.009835,0.090214
Wake,0.009881,0.116833
Wake,0.008656,0.080138
Wake,0.006373,0.095177
Wake,0.037070,0.096496
Wake,0.009461,0.129110
Wake,0.023302,0.113333
Wake,0.053195,0.084535
Wake,0.082153,0.137316
Wake,0.046565,0.053578
Wake,0.112245,0.154150
Wake,0.077742,0.046553
Wake,0.009701,0.090968
Wake,0.033310,0.140017
Wake,0.007365,0.089948
Wake,0.002203,0.074428
Wake,0.018490,0.068893
Wake,0.001321,0.105596
Wake,0.093453,0.151500
Wake,0.029968,0.044833
Wake,0.006378,0.078266
Wake,0.004721,0.097365
Wake,0.006174,0.094387
Wake,0.016602,0.064635
Wake,0.007010,0.091521
Wake,0.036931,0.080266
Wake,0.030840,0.108070
Wake,0.081201,0.127732
Wake,0.030108,0.111825
Wake,0.014807,0.092917
Wake,0.075641,0.061186
Wake,0.088293,0.154374
Wake,0.048577,0.115886
Wake,0.042577,0.061310
Wake,0.010969,0.100262
Wake,0.003778,0.105364
Wake,0.039991,0.081652
Wake,0.083479,0.158033
Wake,0.082475,0.107512
Wake,0.048075,0.224236
Wake,0.014231,0.175688
Wake,0.146058,0.169593
Wake,0.044927,0.297015
Wake,0.373627,0.377629
Wake,0.152273,0.150660
Wake,0.044726,0.256393
Wake,0.107407,0.264192
Wake,0.185198,0.424715
Wake,0.011735,0.229527
Wake,0.028698,0.267006
Wake,0.037747,0.221932
Wake,0.039783,0.238671
Wake,0.022860,0.230817
Wake,0.036352,0.276565
Wake,0.073955,0.219023
Wake,0.046361,0.284015
Wake,0.038808,0.332272
Wake,0.030561,0.414386
Wake,0.075353,0.448535
Wake,0.081762,0.385317
Wake,0.316386,0.207712
Wake,0.025367,0.477747
Wake,0.067991,0.470306
Wake,0.027869,0.385926
Wake,0.026037,0.330847
Wake,0.020049,0.330111
Wake,0.067173,0.287824
Wake,0.293147,0.457893
Wake,0.035727,0.223111
Wake,0.035235,0.234836
Wake,0.119403,0.291833
Wake,0.135520,0.167987
Wake,0.102961,0.258741
Wake,0.039069,0.408865
Wake,0.308052,0.256536
Wake,0.337609,0.605108
Wake,0.094805,0.355071
Wake,0.330772,0.181829
Wake,0.109969,0.472248
Wake,0.057519,0.350091
Wake,0.242576,0.324013
Wake,0.006111,0.140860
Wake,0.011407,0.157958
Wake,0.042875,0.166531
Wake,0.042423,0.179022
Wake,0.052698,0.251991
Wake,0.186192,0.128506
Wake,0.150032,0.343582
Wake,0.012799,0.174359
Wake,0.017218,0.193424
Wake,0.006546,0.232991
Wake,0.018330,0.244239
Wake,0.023890,0.227384
Wake,0.014353,0.198251
Wake,0.072595,0.186809
Wake,0.081619,0.314350
Wake,0.035692,0.192548
Wake,0.042194,0.240977
Wake,0.211289,0.369734
Wake,0.068729,0.172581
Wake,0.060496,0.161303
Wake,0.012760,0.100608
Wake,0.028289,0.079113
Wake,0.134817,0.144090
Wake,0.092433,0.063833
Wake,0.004481,0.142340
Wake,0.298548,0.169519
Wake,0.024009,0.073215
Wake,0.032764,0.061392
Wake,0.020875,0.117119
Wake,0.004482,0.078644
Wake,0.094158,0.067300
Wake,0.048410,0.132441
Wake,0.192558,0.177362
Wake,0.013033,0.090536
Wake,0.021678,0.089707
Wake,0.042181,0.121517
Wake,0.032507,0.051316
Wake,0.015075,0.086948
Wake,0.041669,0.114690
Wake,0.071799,0.056799
Wake,0.021226,0.124063
Wake,0.021422,0.078978
Wake,0.020291,0.108771
Wake,0.029956,0.117336
Wake,0.008138,0.112696
Wake,0.038287,0.112081
Wake,0.010217,0.090585
Wake,0.057675,0.053707
Wake,0.008648,0.120332
Wake,0.053559,0.094623
Wake,0.091422,0.138844
Wake,0.099470,0.210357
Wake,0.147664,0.358242
Wake,0.102815,0.215763
Wake,0.011423,0.118076
Wake,0.007641,0.124620
Wake,0.010246,0.123043
Wake,0.016436,0.119550
Wake,0.053112,0.117440
Wake,1.089255,0.044732
Wake,1.147118,0.554852
Wake,0.076771,0.079884
Wake,0.065273,0.161500
Wake,0.120722,0.244837
Wake,0.059997,0.139134
Wake,0.885974,0.106000
Wake,1.284571,0.656685
Wake,0.028376,0.141792
Wake,0.570537,0.069957
Wake,0.101936,0.387855
Wake,0.023573,0.248231
Wake,0.023324,0.222689
Wake,0.028762,0.245440
Wake,0.121558,0.173777
Wake,0.376285,0.362076
Wake,0.020486,0.127764
Wake,0.160489,0.107709
Wake,0.271835,0.190821
Wake,0.671526,0.070996
Wake,1.008196,0.329001
Wake,0.996394,0.421750
Wake,0.332465,0.223671
Wake,0.054091,0.088814
Wake,0.067086,0.084298
Wake,0.452326,0.131267
Wake,0.171070,0.313040
Wake,0.141892,0.515311
Wake,0.354935,0.424103
Wake,0.146521,0.158898
Wake,0.052820,0.280031
Wake,0.034497,0.304825
Wake,0.010362,0.271125
Wake,0.087410,0.240411
Wake,0.226183,0.330903
Wake,0.025238,0.153704
Wake,0.043154,0.165165
Wake,0.029717,0.170962
Wake,0.023459,0.123411
Wake,0.143339,0.117956
Wake,0.112050,0.290615
Wake,0.026215,0.165026
Wake,0.043205,0.159826
Wake,0.033797,0.089462
Wake,0.014470,0.133597
Wake,0.017769,0.156384
Wake,0.153332,0.117123
Wake,0.076560,0.227889
Wake,0.619091,0.441984
Wake,0.015995,0.110043
Wake,0.010199,0.135259
Wake,0.162647,0.095117
Wake,0.038231,0.257570
Wake,0.244516,0.233330
Wake,0.100159,0.059298
Wake,0.030067,0.169552
Wake,0.011396,0.109585
Wake,0.023007,0.132555
Wake,0.006955,0.092591
Wake,0.006316,0.101898
Wake,0.081227,0.083555
Wake,0.134614,0.211509
Wake,0.077443,0.080338
Wake,0.050063,0.153985
Wake,0.016597,0.088207
Wake,0.025599,0.126948
Wake,0.043852,0.071867
Wake,0.042289,0.111788
Wake,0.075982,0.202692
Wake,0.047103,0.092874
Wake,0.042673,0.152774
Wake,0.078784,0.219906
Wake,0.090598,0.144876
Wake,0.138331,0.051914
Wake,0.075457,0.168809
Wake,0.028451,0.093964
Wake,0.047009,0.044194
Wake,0.044282,0.112367
Wake,0.068461,0.041860
Wake,0.027468,0.110059
Wake,0.016850,0.099098
Wake,0.003750,0.072226
Wake,0.057627,0.050313
Wake,0.066690,0.133577
Wake,0.007825,0.067545
Wake,0.037441,0.039325
Wake,0.006378,0.084345
Wake,0.003333,0.069149
Wake,0.009549,0.070581
Wake,0.004833,0.065289
Wake,0.018567,0.044526
Wake,0.007841,0.069463
Wake,0.006556,0.090229
Wake,0.011583,0.084180
Wake,0.028718,0.105341
Wake,0.002031,0.073686
Wake,0.024360,0.062056
Wake,0.026020,0.095976
Wake,0.041202,0.124936
Wake,0.003765,0.067304
Wake,0.014392,0.069560
Wake,0.045489,0.082772
Wake,0.123461,0.175591
Wake,0.036690,0.053476
Wake,0.035187,0.119252
Wake,0.110648,0.048576
Wake,0.027050,0.134614
Wake,0.109575,0.154347
Wake,0.064770,0.163613
Wake,0.029698,0.095075
Wake,0.014471,0.133312
Wake,0.008723,0.093710
Wake,0.030799,0.133225
Wake,0.002888,0.084741
Wake,0.019852,0.091181
Wake,0.007203,0.055294
Wake,0.004243,0.074198
Wake,0.076135,0.046195
Wake,0.056469,0.139398
Wake,0.016415,0.065721
Wake,0.012920,0.085419
Wake,0.009467,0.093166
Wake,0.062598,0.105173
Wake,0.044664,0.164938
Wake,0.011745,0.204517
Wake,0.112237,0.251686
Wake,0.114852,0.106108
Wake,0.068479,0.234868
Wake,0.042649,0.196177
Wake,0.066503,0.253419
Wake,0.065329,0.307774
Wake,0.032143,0.391780
Wake,0.156600,0.311810
Wake,0.141587,0.443956
Wake,0.057436,0.337959
Wake,0.030459,0.376818
Wake,0.148249,0.359684
Wake,0.095151,0.571736
Wake,0.359382,0.533551
Wake,0.108090,0.246642
Wake,0.200498,0.297946
Wake,0.518163,0.593270
Wake,0.051199,0.238840
Wake,0.033881,0.324246
Wake,0.021767,0.306877
Wake,0.015073,0.285412
Wake,0.173015,0.331065
Wake,0.090440,0.147347
Wake,0.028990,0.261112
Wake,0.032940,0.242628
Wake,0.203916,0.174990
Wake,0.145270,0.282913
Wake,0.462188,0.512244
Wake,0.066761,0.267051
Wake,0.148673,0.162640
Wake,0.049793,0.260655
Wake,0.281406,0.268285
Wake,0.267233,0.577735
Wake,0.050266,0.309786
Wake,0.067071,0.426203
Wake,0.042262,0.325747
Wake,0.245426,0.301216
Wake,1.474391,0.654340
Wake,0.031131,0.127537
Wake,0.108527,0.204667
Wake,0.024633,0.089021
Wake,0.018886,0.139046
Wake,0.015957,0.153932
Wake,0.070661,0.135969
Wake,0.039555,0.195501
Wake,0.014602,0.155714
Wake,0.034133,0.144598
Wake,0.180402,0.069709
Wake,0.083391,0.222025
Wake,0.155308,0.114403
Wake,0.108125,0.270210
Wake,0.074973,0.169168
Wake,0.049542,0.082302
Wake,0.052733,0.110834
Wake,0.142458,0.225868
Wake,0.141538,0.064957
Wake,0.105229,0.215146
Wake,0.044009,0.090280
Wake,0.090816,0.177464
Wake,0.364059,0.068373
Wake,0.202391,0.178454
Wake,0.291838,0.297325
Wake,0.378415,0.616404
Wake,0.838284,0.163749
Wake,1.336342,0.775697
Wake,0.120108,0.273839
Wake,0.134398,0.141908
Wake,0.027333,0.259348
Wake,0.031558,0.215175
Wake,0.099996,0.276699
Wake,0.046141,0.145175
Wake,0.089413,0.248111
Wake,0.047891,0.149925
Wake,0.028481,0.185932
Wake,0.022562,0.142303
Wake,0.015340,0.178242
Wake,0.075225,0.189837
Wake,0.018574,0.121999
Wake,0.033340,0.118599
Wake,0.038811,0.183565
Wake,0.116196,0.099685
Wake,0.039096,0.231910
Wake,0.015876,0.171686
Wake,0.089780,0.124581
Wake,0.020680,0.223418
Wake,0.005845,0.187193
Wake,0.074673,0.210546
Wake,0.070312,0.098325
Wake,0.060982,0.206423
Wake,0.137458,0.098607
Wake,0.123291,0.218691
Wake,0.209007,0.079328
Wake,0.064600,0.203678
Wake,0.070112,0.285692
Wake,0.040034,0.187842
Wake,0.318103,0.274018
Wake,0.032225,0.074224
Wake,0.068762,0.099809
Wake,0.072808,0.199554
Wake,0.066929,0.139417
Wake,0.130926,0.046079
Wake,0.023214,0.155964
N1,0.433019,0.167991
N1,0.074891,0.112381
N1,0.098944,0.104450
N1,0.369361,0.336376
N1,0.177351,0.083742
N1,0.445569,0.298587
N1,0.026738,0.118742
N1,0.024189,0.154061
N1,0.086050,0.197539
N1,0.113786,0.141421
N1,0.089475,0.193771
N1,0.096793,0.130315
N1,0.209820,0.166012
N1,0.092475,0.134842
N1,0.028609,0.092599
N1,0.141030,0.153497
N1,0.466086,0.248465
N1,0.028950,0.092165
N1,0.200859,0.118881
N1,0.199939,0.101136
N1,0.011519,0.108970
N1,0.284072,0.185698
N1,0.014272,0.140389
N1,0.027637,0.157591
N1,0.124536,0.084555
N1,0.088090,0.209961
N1,0.063888,0.171258
N1,0.081157,0.197633
N1,0.045522,0.147234
N1,0.161248,0.179399
N1,0.409711,0.156140
N1,0.052239,0.144081
N1,0.146829,0.099041
N1,0.027303,0.144239
N2,0.018375,0.081584
N2,0.012049,0.064904
N2,0.048385,0.110635
N2,0.024428,0.108545
N2,0.009024,0.094275
N2,0.063423,0.061426
N2,0.071248,0.165577
N2,0.098485,0.077699
N2,0.026122,0.145576
N2,0.025044,0.102882
N2,0.166940,0.179173
N2,0.053178,0.078181
N2,0.102031,0.145066
N2,0.089220,0.060345
N2,0.021636,0.133319
N2,0.058875,0.093374
N2,0.178082,0.218451
N2,0.200108,0.042952
N2,0.024281,0.129228
N2,0.173633,0.055382
N2,0.067960,0.182012
N2,0.044527,0.100632
N2,0.055705,0.090063
N2,0.044581,0.121495
N2,0.195870,0.095034
N2,0.403536,0.293243
N2,0.079817,0.091702
N2,0.135099,0.200820
N2,0.005860,0.105761
N2,0.018543,0.098550
N2,0.011467,0.112977
N2,0.012690,0.126517
N2,0.036796,0.174332
N2,0.088356,0.084074
N2,0.145730,0.119666
N2,0.039436,0.146625
N2,0.013830,0.112626
N2,0.126759,0.084549
N2,0.090826,0.167813
N2,0.026275,0.155630
N2,0.009993,0.111086
N2,0.004076,0.133318
N2,0.027866,0.141561
N2,0.077543,0.077336
N2,0.034202,0.180413
N2,0.007196,0.110986
N2,0.125070,0.103105
N2,0.103132,0.205362
N2,0.003843,0.129324
N2,0.003261,0.122974
N2,0.010970,0.103414
N2,0.033992,0.140621
N2,0.015817,0.113396
N2,0.006252,0.082955
N2,0.005775,0.086543
N2,0.008439,0.115424
N2,0.008913,0.088929
N2,0.006279,0.082524
N2,0.025382,0.097265
N2,0.015655,0.132576
N2,0.017152,0.082237
N2,0.077270,0.152911
N2,0.095650,0.054991
N2,0.059702,0.145726
N2,0.027555,0.116075
N2,0.062303,0.086787
N2,0.050323,0.165240
N2,0.049231,0.129056
N2,0.064007,0.053471
N2,0.052849,0.069219
N2,0.049174,0.132832
N2,0.067507,0.083600
N2,0.116224,0.098024
N2,0.073559,0.216872
N2,0.013491,0.121891
N2,0.020644,0.099735
N2,0.064923,0.097364
N2,0.200550,0.184659
N2,0.103859,0.143031
N2,0.068029,0.067390
N2,0.027052,0.145736
N2,0.026697,0.107818
N2,0.009895,0.114918
N2,0.006468,0.115290
N2,0.043944,0.140708
N2,0.017622,0.083213
N2,0.036465,0.091187
N2,0.032824,0.166288
N2,0.002241,0.110386
N2,0.124887,0.170972
N2,0.085832,0.065836
N2,0.012497,0.100487
N2,0.074760,0.074092
N2,0.070193,0.181886
N2,0.005231,0.094276
N2,0.025658,0.116080
N2,0.072454,0.174537
N2,0.050130,0.090474
N2,0.002543,0.088858
N2,0.005116,0.081017
N2,0.073693,0.126206
N2,0.064117,0.106540
N2,0.012416,0.092569
N2,0.008636,0.074428
N2,0.119995,0.054886
N2,0.025707,0.156918
N2,0.095101,0.133247
N2,0.038693,0.143472
N2,0.020569,0.141987
N2,0.005606,0.112875
N2,0.026895,0.144047
N2,0.015814,0.104326
N2,0.004632,0.111718
N2,0.061065,0.151864
N2,0.227977,0.037761
N2,0.055843,0.190480
N2,0.012659,0.128148
N2,0.019298,0.130994
N2,0.056975,0.076746
N2,0.027878,0.153054
N2,0.038250,0.111725
N2,0.029525,0.105216
N2,0.025680,0.166961
N2,0.005376,0.118120
N2,0.034753,0.161028
N2,0.042338,0.087224
N2,0.030472,0.161381
N2,0.025973,0.133123
N2,0.016497,0.090318
N2,0.022469,0.111425
N2,0.071700,0.080091
N2,0.023516,0.135123
N2,0.005377,0.128153
N2,0.008133,0.109026
N2,0.033858,0.135826
N2,0.087404,0.162400
N2,0.040316,0.084614
N2,0.071355,0.154377
N2,0.025398,0.126217
N2,0.040659,0.111433
N2,0.059396,0.162134
N2,0.054005,0.122411
N2,0.026549,0.121730
N2,0.059323,0.097941
N2,0.023408,0.144656
N2,0.039989,0.141530
N2,0.077166,0.167767
N2,0.057442,0.089123
N2,0.052878,0.122338
N2,0.283350,0.248853
N2,0.114890,0.173646
N2,0.063320,0.088802
N2,0.015115,0.127959
N2,0.065691,0.180179
N2,0.102415,0.064142
N2,0.070103,0.203796
N2,0.019873,0.107786
N2,0.003082,0.125933
N2,0.033327,0.097729
N2,0.022938,0.154017
N2,0.055836,0.147125
N2,0.093624,0.085160
N2,0.058638,0.129884
N2,0.069774,0.164719
N2,0.072305,0.160814
N2,0.030819,0.168175
N2,0.015903,0.106704
N2,0.040570,0.103584
N2,0.057693,0.199949
N2,0.005870,0.121605
N2,0.016789,0.125666
N2,0.175640,0.051076
N2,0.069029,0.208137
N2,0.018865,0.117822
N2,0.023048,0.129984
N2,0.090987,0.161670
N2,0.059002,0.143122
N2,0.046926,0.072943
N2,0.063773,0.159175
N2,0.033466,0.073876
N2,0.083021,0.088124
N2,0.006735,0.145061
N2,0.044805,0.106733
N2,0.032971,0.190622
N2,0.037379,0.117458
N2,0.039592,0.169711
N2,0.010107,0.114889
N2,0.014114,0.140439
N2,0.052253,0.155462
N2,0.045717,0.071625
N2,0.027404,0.106549
N2,0.048499,0.175282
N2,0.009190,0.107115
N2,0.007856,0.127655
N2,0.026588,0.132879
N2,0.007208,0.097895
N2,0.030831,0.104626
N2,0.049077,0.159906
N2,0.015875,0.092135
N2,0.076597,0.086280
N2,0.086869,0.201371
N2,0.024530,0.107128
N2,0.004267,0.139094
N2,0.113892,0.085109
N2,0.027024,0.087987
N2,0.012463,0.080511
N2,0.133867,0.118411
N2,0.080452,0.078417
N2,0.020490,0.135403
N2,0.014008,0.107308
N2,0.022364,0.108692
N2,0.007291,0.121477
N2,0.010686,0.111834
N2,0.051731,0.144518
N2,0.131273,0.064313
N2,0.023933,0.128254
N2,0.010057,0.124750
N2,0.040297,0.119088
N2,0.047803,0.137872
N2,0.019529,0.063711
N2,0.186885,0.190665
N2,0.194153,0.038170
N2,0.028555,0.160202
N2,0.059073,0.141597
N2,0.040742,0.062515
N2,0.021423,0.108036
N2,0.032477,0.124672
N2,0.024537,0.113160
N2,0.045383,0.065888
N2,0.066578,0.093574
N2,0.033151,0.174130
N2,0.012257,0.111528
N2,0.011546,0.116667
N2,0.087530,0.174848
N2,0.360702,0.035659
N2,0.183900,0.258014
N2,0.049042,0.079454
N2,0.081574,0.171879
N2,0.068741,0.079203
N2,0.077729,0.191333
N2,0.075819,0.075529
N2,0.029276,0.113248
N2,0.150045,0.229068
N2,0.107881,0.159931
N2,0.243446,0.028464
N2,0.062856,0.130360
N2,0.087225,0.158862
N2,0.016995,0.186302
N2,0.059431,0.160787
N2,0.025248,0.137104
N2,0.205328,0.218612
N2,0.196480,0.046858
N2,0.089719,0.094572
N2,0.041617,0.186861
N2,0.003541,0.119182
N2,0.007374,0.117016
N2,0.043550,0.104724
N2,0.042550,0.104921
N2,0.031075,0.160411
N2,0.049162,0.149623
N2,0.023037,0.109252
N2,0.075473,0.057290
N2,0.082613,0.109427
N2,0.012954,0.157401
N2,0.014771,0.139369
N2,0.081837,0.088955
N2,0.035789,0.180628
N3,0.024475,0.135850
N3,0.017564,0.116240
N3,0.014078,0.086354
N3,0.012944,0.101864
N3,0.028456,0.130365
N3,0.028958,0.068563
N3,0.007618,0.115381
N3,0.024355,0.129435
N3,0.011597,0.077057
N3,0.022926,0.117843
N3,0.013037,0.087583
N3,0.002831,0.077921
N3,0.038882,0.053752
N3,0.020534,0.117975
N3,0.005075,0.078562
N3,0.010681,0.085404
N3,0.016382,0.060124
N3,0.038962,0.105899
N3,0.003838,0.060470
N3,0.012365,0.113798
N3,0.054776,0.134831
N3,0.002473,0.075579
N3,0.003573,0.077066
N3,0.007062,0.074438
N3,0.007385,0.094686
N3,0.012791,0.103658
N3,0.000620,0.077966
N3,0.028714,0.095755
N3,0.015569,0.125426
N3,0.033852,0.084181
N3,0.020776,0.133214
N3,0.018121,0.110819
N3,0.028124,0.072412
N3,0.011115,0.116181
N3,0.003515,0.102235
N3,0.004654,0.093644
N3,0.003891,0.091489
N3,0.052469,0.113565
N3,0.008590,0.050566
N3,0.029290,0.057726
N3,0.009897,0.093049
N3,0.005220,0.098715
N3,0.004172,0.111156
N3,0.002147,0.103017
N3,0.003116,0.101246
N3,0.019234,0.105338
N3,0.003870,0.066801
N3,0.008325,0.090923
N3,0.016252,0.062846
N3,0.025430,0.098394
N3,0.019202,0.057287
N3,0.011090,0.082243
N3,0.023472,0.086048
N3,0.040409,0.038381
N3,0.036475,0.096225
N3,0.013377,0.050662
N3,0.017147,0.074959
N3,0.009623,0.048423
N3,0.014884,0.057336
N3,0.024187,0.090038
N3,0.003901,0.054025
N3,0.005040,0.064733
N3,0.001644,0.056990
N3,0.004599,0.051912
N3,0.004104,0.060266
N3,0.012911,0.080894
N3,0.015329,0.050457
N3,0.004430,0.074191
N3,0.001183,0.065702
N3,0.001792,0.070924
N3,0.011576,0.084504
N3,0.002361,0.056847
N3,0.000721,0.064373
N3,0.007882,0.067745
N3,0.011146,0.064811
N3,0.005025,0.041135
N3,0.005760,0.054434
N3,0.005365,0.040602
N3,0.027388,0.040396
N3,0.025960,0.090555
N3,0.012231,0.045497
N3,0.002411,0.072127
N3,0.044728,0.048568
N3,0.032037,0.111830
N3,0.002393,0.064603
N3,0.002347,0.067834
N3,0.005399,0.055994
N3,0.003252,0.064885
N3,0.003997,0.061344
N3,0.007192,0.076810
N3,0.003952,0.063775
N3,0.009803,0.073258
N3,0.002330,0.051366
N3,0.003026,0.053342
N3,0.001191,0.060654
N3,0.003742,0.066071
N3,0.003405,0.060117
N3,0.001667,0.046162
N3,0.010679,0.057506
N3,0.029435,0.033937
N3,0.001826,0.069184
N3,0.004561,0.070623
N3,0.003785,0.059523
N3,0.015455,0.075886
N3,0.012838,0.040925
N3,0.001707,0.065668
N3,0.001698,0.063109
N3,0.061937,0.056726
N3,0.020598,0.087298
N3,0.022402,0.100944
N3,0.011487,0.089158
N3,0.002345,0.115253
N3,0.011996,0.118541
N3,0.011477,0.095021
N3,0.111988,0.068545
N3,0.032383,0.152679
N3,0.010487,0.114401
N3,0.006537,0.092790
N3,0.004725,0.095367
N3,0.039439,0.117475
N3,0.025810,0.059393
N3,0.012528,0.099523
N3,0.177291,0.097063
N3,0.015682,0.117271
N3,0.005546,0.089530
N3,0.017652,0.113796
N3,0.021561,0.091897
N3,0.033156,0.047376
N3,0.004060,0.091264
N3,0.002753,0.081025
N3,0.004522,0.085097
N3,0.003611,0.087940
N3,0.003071,0.084755
N3,0.028312,0.103932
N3,0.000508,0.061326
N3,0.001707,0.062788
N3,0.008815,0.069136
N3,0.018118,0.079489
N3,0.006086,0.069313
N3,0.005224,0.052871
N3,0.016147,0.058951
N3,0.017077,0.078252
N3,0.010908,0.107594
N3,0.006541,0.090638
N3,0.003574,0.071746
N3,0.024351,0.085235
N3,0.008884,0.053115
N3,0.037560,0.044215
N3,0.001641,0.090739
N3,0.024494,0.098971
N3,0.008907,0.058328
N3,0.018785,0.076502
N3,0.003849,0.046971
N3,0.092683,0.043206
N3,0.001813,0.092398
N3,0.049261,0.079292
N3,0.011642,0.143543
N3,0.009319,0.123049
N3,0.003356,0.111442
N3,0.037356,0.119524
N3,0.028234,0.060218
N3,0.008588,0.108825
N3,0.062880,0.097458
N3,0.004979,0.071707
N3,0.001830,0.081150
N3,0.029911,0.073815
N3,0.048609,0.088497
N3,0.091521,0.178703
N3,0.012605,0.073916
N3,0.026080,0.114691
N3,0.001233,0.071278
N3,0.002346,0.071538
N3,0.003446,0.078044
N3,0.013014,0.100155
N3,0.009702,0.071899
N3,0.015656,0.055961
N3,0.213923,0.084414
N3,0.189886,0.151042
N3,0.037992,0.118961
N3,0.005171,0.099229
N3,0.017795,0.085491
N3,0.003583,0.097193
N3,0.107444,0.120523
N3,0.009457,0.076008
N3,0.002946,0.118280
N3,0.002136,0.112437
N3,0.002998,0.111565
N3,0.006532,0.123271
N3,0.026530,0.088517
N3,0.024303,0.112027
N3,0.026077,0.162094
N3,0.010451,0.112190
N3,0.008396,0.107406
N3,0.007286,0.089561
N3,0.015458,0.098186
N3,0.028904,0.109414
N3,0.002979,0.086986
N3,0.009300,0.091951
N3,0.011504,0.111717
N3,0.000899,0.085798
N3,0.004474,0.080975
N3,0.009917,0.100764
N3,0.056463,0.060402
N3,0.066705,0.146178
N3,0.006431,0.066007
N3,0.011633,0.074740
N3,0.081983,0.133748
N3,0.044803,0.043711
N3,0.016603,0.073604
N3,0.006404,0.103177
N3,0.015360,0.104542
N3,0.019892,0.064177
N3,0.052762,0.122761
N3,0.006032,0.062192
N3,0.003942,0.079246
N3,0.001021,0.069940
N3,0.061431,0.050115
N3,0.045961,0.134247
N3,0.007845,0.076842
N3,0.006793,0.070763
N3,0.002696,0.081647
N3,0.008209,0.078330
N3,0.007470,0.070105
N3,0.004215,0.085790
N3,0.009177,0.092236
N3,0.002819,0.072194
N3,0.033373,0.055407
N3,0.056087,0.123293
N3,0.006953,0.054164
N3,0.007202,0.066199
N3,0.034379,0.102292
N3,0.018531,0.050682
N3,0.006139,0.072648
N3,0.021050,0.076589
N3,0.006004,0.113161
N3,0.024680,0.121593
N3,0.021600,0.130172
N3,0.005132,0.094229
N3,0.019186,0.121155
N3,0.006851,0.090828
N3,0.014740,0.095446
N3,0.004734,0.061058
N3,0.010472,0.082221
N3,0.012754,0.072520
N3,0.026811,0.048210
N3,0.015133,0.098972
N3,0.001558,0.068225
N3,0.002401,0.068725
N3,0.014206,0.051718
N3,0.007076,0.074952
N3,0.019508,0.099561
N3,0.005631,0.060486
N3,0.007045,0.068012
N3,0.002600,0.088880
N3,0.010531,0.088682
N3,0.006978,0.094817
N3,0.009653,0.086044
N3,0.004901,0.070996
N3,0.004069,0.057769
N3,0.009329,0.062885
N3,0.012396,0.091864
N3,0.009617,0.061606
N3,0.003486,0.077295
N3,0.013132,0.101181
N3,0.003599,0.071697
N3,0.005435,0.076841
N3,0.004823,0.060838
N3,0.336270,0.065915
N3,0.215866,0.171816
N3,0.343567,0.082585
N3,0.062277,0.078585
N3,0.023405,0.141314
N3,0.009397,0.126764
N3,0.005833,0.131839
N3,0.038944,0.092719
N3,0.067104,0.181191
N3,0.013817,0.087250
N3,0.015894,0.125805
N3,0.037352,0.076127
N3,0.014504,0.120309
N3,0.023011,0.124843
N3,0.018323,0.130415
N3,0.008826,0.088760
N3,0.011763,0.110239
N3,0.006012,0.088058
N3,0.008687,0.063783
N3,0.002136,0.089321
N3,0.000721,0.083646
N3,0.012698,0.091376
N3,0.001281,0.069629
N3,0.035885,0.051192
N3,0.041857,0.118522
N3,0.026252,0.051310
N3,0.007760,0.083149
N3,0.018150,0.109614
N3,0.015486,0.073138
N3,0.005120,0.092673
N3,0.029628,0.101710
N3,0.002786,0.059720
N3,0.008914,0.055104
N3,0.027629,0.085378
N3,0.002632,0.048816
N3,0.007626,0.054016
N3,0.003857,0.073767
N3,0.003192,0.061368
N3,0.002844,0.060231
N3,0.007491,0.050822
N3,0.002185,0.069866
N3,0.010575,0.071066
N3,0.001353,0.046370
N3,0.423394,0.038595
N3,0.285812,0.201391
N3,0.053831,0.063435
N3,0.032563,0.101282
N3,0.007252,0.139874
N3,0.028610,0.162447
N3,0.030296,0.099786
N3,0.025412,0.168813
N3,0.006524,0.125403
N3,0.012823,0.125673
N3,0.043244,0.158995
N3,0.055685,0.074117
N3,0.013685,0.144732
N3,0.004818,0.133289
N3,0.065525,0.150260
N3,0.014846,0.071720
N3,0.045046,0.063660
N3,0.004122,0.113036
N3,0.016397,0.112143
N3,0.035827,0.171392
N3,0.007129,0.112790
N3,0.016502,0.092454
N3,0.028916,0.092161
N3,0.044295,0.163843
N3,0.017913,0.100708
N3,0.010642,0.119920
N3,0.051976,0.118759
N3,0.049495,0.045123
N3,0.011089,0.097196
N3,0.016154,0.098172
N3,0.022650,0.071329
N3,0.183767,0.106259
N3,0.018421,0.145824
REM,0.052837,0.078974
REM,0.055458,0.170246
REM,0.045761,0.076754
REM,0.055233,0.180690
REM,0.108070,0.083558
REM,0.402965,0.205326
REM,0.273492,0.140199
REM,0.057030,0.113374
REM,0.028102,0.142910
REM,0.066892,0.177668
REM,0.038905,0.116513
REM,0.018290,0.100481
REM,0.007729,0.130679
REM,0.010653,0.121807
REM,0.075336,0.137989
REM,0.059241,0.101132
REM,0.070670,0.135611
REM,0.070592,0.208678
REM,0.140276,0.223973
REM,0.106355,0.074291
REM,0.177008,0.206130
REM,0.040318,0.108044
REM,0.035637,0.102344
REM,0.035382,0.119429
REM,0.070045,0.180357
REM,0.076661,0.133248
REM,0.063247,0.176598
REM,0.095149,0.071119
REM,0.046898,0.117457
REM,0.074823,0.085262
REM,0.040638,0.175427
REM,0.028375,0.118344
REM,0.046248,0.113038
REM,0.034180,0.126873
REM,0.076952,0.132536
REM,0.100145,0.088083
REM,0.273749,0.268542
REM,0.101862,0.056831
REM,0.073221,0.189209
REM,0.005420,0.112294
REM,0.166596,0.058561
REM,0.047636,0.181369
REM,0.093441,0.130562
REM,0.263833,0.257933
REM,0.052420,0.086874
REM,0.054148,0.096975
REM,0.010814,0.146018
REM,0.094218,0.222632
REM,0.081288,0.081621
REM,0.164160,0.227999
REM,0.077731,0.087286
REM,0.022680,0.158980
REM,0.014045,0.153807
REM,0.011662,0.136164
REM,0.133026,0.080777
REM,0.162693,0.255204
REM,0.038830,0.134180
REM,0.020415,0.127940
REM,0.048043,0.153883
REM,0.099954,0.202038
REM,0.071316,0.087398
REM,0.057889,0.135031
REM,0.320233,0.225065
REM,0.054368,0.149210
REM,0.023393,0.128640
REM,0.099590,0.213245
REM,0.015865,0.117047
REM,0.048691,0.151928
REM,0.068193,0.095134
REM,0.026546,0.163644
REM,0.036126,0.140803
REM,0.014961,0.171976
REM,0.031532,0.145605
REM,0.110093,0.215445
REM,0.066968,0.118284
REM,0.014563,0.152912
REM,0.147189,0.219946
REM,0.026917,0.087006
REM,0.012985,0.117264
REM,0.005926,0.153042
REM,0.008587,0.136348
REM,0.014151,0.142511
REM,0.031594,0.179039
REM,0.033075,0.116858
REM,0.028311,0.149334
REM,0.016688,0.154862
REM,0.044901,0.182293
REM,0.013593,0.139457
REM,0.012642,0.115347
REM,0.092979,0.093116
REM,0.020459,0.161538
REM,0.028003,0.223726
REM,0.092226,0.221910
REM,0.021482,0.103107
REM,0.021252,0.132137
REM,0.125409,0.113353
REM,0.201030,0.293917
REM,0.175006,0.178774
REM,0.136463,0.197152
REM,0.010303,0.194673
REM,0.038657,0.206463
REM,0.097118,0.110705
REM,0.061040,0.226458
REM,0.101036,0.120713
REM,0.100812,0.239889
REM,0.250749,0.258173
REM,0.230265,0.042647
REM,0.012095,0.157930
REM,0.028865,0.176949
REM,0.071637,0.212973
REM,0.133490,0.152205
REM,0.266252,0.245481
REM,0.241460,0.050042
REM,0.041867,0.200066
REM,0.031182,0.155438
REM,0.043933,0.105739
REM,0.086430,0.150374
REM,0.219076,0.131278
REM,1.032258,0.414464
REM,0.182591,0.183182
REM,0.118331,0.081191
REM,0.293050,0.096604
REM,0.040927,0.187333
REM,0.114053,0.199303
REM,0.248692,0.053314
REM,0.220414,0.230060
REM,0.043004,0.130565
REM,0.159853,0.080462
REM,0.185567,0.270605
REM,0.120830,0.074192
REM,0.069717,0.175114
REM,0.036580,0.165423
REM,0.059869,0.165563
REM,0.573338,0.065841
REM,0.490223,0.310732
REM,0.154698,0.151524
REM,0.369216,0.283361
REM,0.211954,0.041619
REM,0.055063,0.100085
REM,0.020636,0.156444
REM,0.015679,0.139946
REM,0.150178,0.087646
REM,0.084400,0.161869
REM,0.174107,0.266182
REM,0.118091,0.140732
REM,0.265909,0.190675
REM,0.012491,0.152431
REM,0.102355,0.117288
REM,0.099822,0.144269
REM,0.038264,0.160479
REM,0.020282,0.149993
REM,0.070597,0.177465
REM,0.056162,0.138204
REM,0.079392,0.098150
REM,0.209213,0.269179
REM,0.093112,0.076360
REM,0.154089,0.208326
REM,0.067911,0.110734
