# ell  D_l_CLASS[muK2]  D_l_mlx[muK2]  residual_pct
     2  1.025544e+03  2.291898e+03  +0.0000
     3  9.707621e+02  4.604504e+03  +0.0000
     4  9.188057e+02  6.043756e+03  +0.0000
     5  8.798002e+02  6.752332e+03  +0.0000
     6  8.529453e+02  6.872911e+03  +0.0000
     7  8.357804e+02  6.548170e+03  +0.0000
     8  8.256582e+02  5.920786e+03  +0.0000
     9  8.208464e+02  5.133438e+03  +0.0000
    10  8.199420e+02  4.328804e+03  +0.0000
    11  8.220604e+02  3.649560e+03  +0.0000
    12  8.267913e+02  3.238386e+03  +0.0000
    13  8.332369e+02  3.192926e+03  +0.0000
    14  8.408156e+02  3.430696e+03  +0.0000
    15  8.497255e+02  3.824180e+03  +0.0000
    16  8.600199e+02  4.245861e+03  +0.0000
    17  8.707355e+02  4.568224e+03  +0.0000
    18  8.822169e+02  4.693816e+03  +0.0000
    19  8.945783e+02  4.645447e+03  +0.0000
    20  9.073059e+02  4.475994e+03  +0.0000
    21  9.205066e+02  4.238330e+03  +0.0000
    22  9.342382e+02  3.985331e+03  +0.0000
    23  9.484104e+02  3.760277e+03  +0.0000
    24  9.627608e+02  3.568065e+03  +0.0000
    25  9.774385e+02  3.403999e+03  +0.0000
    26  9.925817e+02  3.263380e+03  +0.0000
    27  1.008096e+03  3.141511e+03  +0.0000
    28  1.023755e+03  3.035088e+03  +0.0000
    29  1.039613e+03  2.946386e+03  +0.0000
    30  1.055731e+03  2.879069e+03  +0.0000
    31  1.072094e+03  2.835635e+03  +164.4950
    32  1.088717e+03  2.813900e+03  +158.4603
    33  1.105560e+03  2.810512e+03  +154.2161
    34  1.122540e+03  2.822116e+03  +151.4046
    35  1.139708e+03  2.845359e+03  +149.6569
    36  1.157124e+03  2.876887e+03  +148.6239
    37  1.174809e+03  2.913347e+03  +147.9847
    38  1.192765e+03  2.951386e+03  +147.4407
    39  1.210951e+03  2.987650e+03  +146.7192
    40  1.229275e+03  3.018786e+03  +145.5746
    41  1.247630e+03  3.042095e+03  +143.8300
    42  1.266059e+03  3.057505e+03  +141.4978
    43  1.284639e+03  3.065598e+03  +138.6351
    44  1.303428e+03  3.066957e+03  +135.2993
    45  1.322471e+03  3.062164e+03  +131.5487
    46  1.341777e+03  3.051802e+03  +127.4447
    47  1.361333e+03  3.036453e+03  +123.0500
    48  1.381098e+03  3.016700e+03  +118.4277
    49  1.401005e+03  2.993125e+03  +113.6413
    50  1.420989e+03  2.966312e+03  +108.7498
    51  1.441072e+03  2.936830e+03  +103.7948
    52  1.461299e+03  2.905208e+03  +98.8100
    53  1.481707e+03  2.871962e+03  +93.8279
    54  1.502329e+03  2.837607e+03  +88.8806
    55  1.523186e+03  2.802659e+03  +83.9998
    56  1.544291e+03  2.767636e+03  +79.2172
    57  1.565646e+03  2.733051e+03  +74.5638
    58  1.587242e+03  2.699423e+03  +70.0700
    59  1.609060e+03  2.667266e+03  +65.7655
    60  1.631068e+03  2.637098e+03  +61.6792
    61  1.653236e+03  2.609568e+03  +57.8460
    62  1.675575e+03  2.585867e+03  +54.3272
    63  1.698102e+03  2.567322e+03  +51.1877
    64  1.720833e+03  2.555257e+03  +48.4895
    65  1.743779e+03  2.551000e+03  +46.2915
    66  1.766944e+03  2.555875e+03  +44.6495
    67  1.790330e+03  2.571208e+03  +43.6164
    68  1.813936e+03  2.598325e+03  +43.2424
    69  1.837771e+03  2.638551e+03  +43.5734
    70  1.861847e+03  2.693213e+03  +44.6528
    71  1.886168e+03  2.762836e+03  +46.4788
    72  1.910737e+03  2.844745e+03  +48.8821
    73  1.935555e+03  2.935467e+03  +51.6602
    74  1.960614e+03  3.031525e+03  +54.6212
    75  1.985906e+03  3.129446e+03  +57.5828
    76  2.011420e+03  3.225754e+03  +60.3720
    77  2.037162e+03  3.316976e+03  +62.8234
    78  2.063137e+03  3.399637e+03  +64.7800
    79  2.089351e+03  3.470262e+03  +66.0928
    80  2.115805e+03  3.525376e+03  +66.6210
    81  2.142499e+03  3.562479e+03  +66.2768
    82  2.169430e+03  3.582968e+03  +65.1571
    83  2.196591e+03  3.589214e+03  +63.3993
    84  2.223977e+03  3.583589e+03  +61.1343
    85  2.251590e+03  3.568464e+03  +58.4864
    86  2.279437e+03  3.546210e+03  +55.5739
    87  2.307520e+03  3.519199e+03  +52.5100
    88  2.335842e+03  3.489801e+03  +49.4023
    89  2.364401e+03  3.460388e+03  +46.3537
    90  2.393196e+03  3.433331e+03  +43.4622
    91  2.422224e+03  3.410521e+03  +40.8013
    92  2.451478e+03  3.391928e+03  +38.3626
    93  2.480953e+03  3.377038e+03  +36.1186
    94  2.510650e+03  3.365341e+03  +34.0426
    95  2.540570e+03  3.356324e+03  +32.1091
    96  2.570714e+03  3.349477e+03  +30.2936
    97  2.601081e+03  3.344287e+03  +28.5730
    98  2.631670e+03  3.340243e+03  +26.9249
    99  2.662476e+03  3.336833e+03  +25.3282
   100  2.693494e+03  3.333546e+03  +23.7629
   101  2.724719e+03  3.329961e+03  +22.2130
   102  2.756143e+03  3.326025e+03  +20.6768
   103  2.787756e+03  3.321777e+03  +19.1559
   104  2.819549e+03  3.317255e+03  +17.6520
   105  2.851520e+03  3.312497e+03  +16.1660
   106  2.883669e+03  3.307542e+03  +14.6991
   107  2.915992e+03  3.302429e+03  +13.2523
   108  2.948488e+03  3.297195e+03  +11.8266
   109  2.981153e+03  3.291896e+03  +10.4236
   110  3.013983e+03  3.286647e+03  +9.0466
   111  3.046972e+03  3.281582e+03  +7.6998
   112  3.080114e+03  3.276834e+03  +6.3868
   113  3.113402e+03  3.272534e+03  +5.1112
   114  3.146826e+03  3.268817e+03  +3.8766
   115  3.180378e+03  3.265815e+03  +2.6864
   116  3.214049e+03  3.263661e+03  +1.5436
   117  3.247833e+03  3.262491e+03  +0.4513
   118  3.281726e+03  3.262461e+03  -0.5870
   119  3.315723e+03  3.263729e+03  -1.5681
   120  3.349820e+03  3.266454e+03  -2.4887
   121  3.384009e+03  3.270795e+03  -3.3455
   122  3.418284e+03  3.276911e+03  -4.1358
   123  3.452637e+03  3.284961e+03  -4.8565
   124  3.487061e+03  3.295104e+03  -5.5048
   125  3.521545e+03  3.307379e+03  -6.0816
   126  3.556081e+03  3.321351e+03  -6.6008
   127  3.590656e+03  3.336464e+03  -7.0793
   128  3.625261e+03  3.352165e+03  -7.5332
   129  3.659884e+03  3.367897e+03  -7.9780
   130  3.694518e+03  3.383106e+03  -8.4290
   131  3.729157e+03  3.397238e+03  -8.9006
   132  3.763793e+03  3.409737e+03  -9.4069
   133  3.798421e+03  3.420127e+03  -9.9592
   134  3.833033e+03  3.428252e+03  -10.5603
   135  3.867619e+03  3.434035e+03  -11.2106
   136  3.902174e+03  3.437396e+03  -11.9107
   137  3.936686e+03  3.438259e+03  -12.6611
   138  3.971146e+03  3.436546e+03  -13.4621
   139  4.005546e+03  3.432179e+03  -14.3143
   140  4.039873e+03  3.425081e+03  -15.2181
   141  4.074118e+03  3.415343e+03  -16.1697
   142  4.108268e+03  3.403732e+03  -17.1492
   143  4.142311e+03  3.391183e+03  -18.1331
   144  4.176235e+03  3.378633e+03  -19.0986
   145  4.210033e+03  3.367018e+03  -20.0240
   146  4.243696e+03  3.357273e+03  -20.8880
   147  4.277217e+03  3.350334e+03  -21.6702
   148  4.310586e+03  3.347137e+03  -22.3508
   149  4.343797e+03  3.348461e+03  -22.9140
   150  4.376840e+03  3.354451e+03  -23.3591
   151  4.409705e+03  3.365098e+03  -23.6888
   152  4.442384e+03  3.380391e+03  -23.9059
   153  4.474866e+03  3.400318e+03  -24.0130
   154  4.507142e+03  3.424868e+03  -24.0124
   155  4.539201e+03  3.454032e+03  -23.9066
   156  4.571033e+03  3.487798e+03  -23.6978
   157  4.602627e+03  3.525936e+03  -23.3930
   158  4.633970e+03  3.567346e+03  -23.0175
   159  4.665052e+03  3.610705e+03  -22.6010
   160  4.695860e+03  3.654695e+03  -22.1720
   161  4.726383e+03  3.697995e+03  -21.7585
   162  4.756613e+03  3.739283e+03  -21.3877
   163  4.786540e+03  3.777240e+03  -21.0862
   164  4.816158e+03  3.810546e+03  -20.8800
   165  4.845459e+03  3.838099e+03  -20.7898
   166  4.874433e+03  3.859676e+03  -20.8179
   167  4.903074e+03  3.875277e+03  -20.9623
   168  4.931372e+03  3.884896e+03  -21.2208
   169  4.959319e+03  3.888531e+03  -21.5914
   170  4.986906e+03  3.886180e+03  -22.0723
   171  5.014124e+03  3.877840e+03  -22.6617
   172  5.040965e+03  3.863507e+03  -23.3578
   173  5.067419e+03  3.843436e+03  -24.1540
   174  5.093477e+03  3.818913e+03  -25.0235
   175  5.119129e+03  3.791479e+03  -25.9351
   176  5.144367e+03  3.762677e+03  -26.8583
   177  5.169179e+03  3.734050e+03  -27.7632
   178  5.193557e+03  3.707139e+03  -28.6204
   179  5.217490e+03  3.683488e+03  -29.4012
   180  5.240969e+03  3.664638e+03  -30.0771
   181  5.263987e+03  3.651883e+03  -30.6251
   182  5.286537e+03  3.645521e+03  -31.0414
   183  5.308613e+03  3.645599e+03  -31.3267
   184  5.330209e+03  3.652166e+03  -31.4817
   185  5.351318e+03  3.665271e+03  -31.5071
   186  5.371934e+03  3.684961e+03  -31.4035
   187  5.392051e+03  3.711285e+03  -31.1712
   188  5.411662e+03  3.744290e+03  -30.8107
   189  5.430762e+03  3.783750e+03  -30.3274
   190  5.449344e+03  3.828335e+03  -29.7469
   191  5.467401e+03  3.876436e+03  -29.0991
   192  5.484928e+03  3.926449e+03  -28.4138
   193  5.501918e+03  3.976766e+03  -27.7204
   194  5.518365e+03  4.025782e+03  -27.0475
   195  5.534263e+03  4.071890e+03  -26.4240
   196  5.549606e+03  4.113484e+03  -25.8779
   197  5.564387e+03  4.149200e+03  -25.4329
   198  5.578601e+03  4.178647e+03  -25.0951
   199  5.592241e+03  4.201679e+03  -24.8659
   200  5.605302e+03  4.218149e+03  -24.7472
   201  5.617778e+03  4.227908e+03  -24.7406
   202  5.629664e+03  4.230809e+03  -24.8479
   203  5.640958e+03  4.226705e+03  -25.0712
   204  5.651657e+03  4.215448e+03  -25.4122
   205  5.661757e+03  4.197158e+03  -25.8683
   206  5.671256e+03  4.173018e+03  -26.4181
   207  5.680150e+03  4.144478e+03  -27.0358
   208  5.688438e+03  4.112988e+03  -27.6957
   209  5.696117e+03  4.079997e+03  -28.3723
   210  5.703185e+03  4.046957e+03  -29.0404
   211  5.709639e+03  4.015317e+03  -29.6748
   212  5.715477e+03  3.986526e+03  -30.2503
   213  5.720698e+03  3.961821e+03  -30.7458
   214  5.725299e+03  3.941585e+03  -31.1549
   215  5.729279e+03  3.925987e+03  -31.4750
   216  5.732636e+03  3.915195e+03  -31.7034
   217  5.735370e+03  3.909378e+03  -31.8374
   218  5.737479e+03  3.908706e+03  -31.8742
   219  5.738961e+03  3.913346e+03  -31.8109
   220  5.739817e+03  3.923469e+03  -31.6447
   221  5.740045e+03  3.939034e+03  -31.3762
   222  5.739644e+03  3.959172e+03  -31.0206
   223  5.738615e+03  3.982804e+03  -30.5964
   224  5.736957e+03  4.008851e+03  -30.1223
   225  5.734671e+03  4.036236e+03  -29.6169
   226  5.731757e+03  4.063880e+03  -29.0989
   227  5.728217e+03  4.090703e+03  -28.5868
   228  5.724053e+03  4.115629e+03  -28.0994
   229  5.719266e+03  4.137684e+03  -27.6536
   230  5.713857e+03  4.156321e+03  -27.2589
   231  5.707829e+03  4.171095e+03  -26.9233
   232  5.701184e+03  4.181566e+03  -26.6544
   233  5.693924e+03  4.187290e+03  -26.4604
   234  5.686051e+03  4.187824e+03  -26.3492
   235  5.677570e+03  4.182727e+03  -26.3289
   236  5.668481e+03  4.171556e+03  -26.4079
   237  5.658790e+03  4.154236e+03  -26.5879
   238  5.648499e+03  4.132165e+03  -26.8449
   239  5.637612e+03  4.107108e+03  -27.1481
   240  5.626133e+03  4.080832e+03  -27.4665
   241  5.614066e+03  4.055101e+03  -27.7689
   242  5.601414e+03  4.031682e+03  -28.0239
   243  5.588184e+03  4.012339e+03  -28.1996
   244  5.574379e+03  3.998839e+03  -28.2640
   245  5.560005e+03  3.992338e+03  -28.1954
   246  5.545067e+03  3.991554e+03  -28.0161
   247  5.529570e+03  3.994595e+03  -27.7594
   248  5.513519e+03  3.999571e+03  -27.4588
   249  5.496922e+03  4.004591e+03  -27.1485
   250  5.479784e+03  4.007762e+03  -26.8628
   251  5.462110e+03  4.007558e+03  -26.6298
   252  5.443905e+03  4.003908e+03  -26.4515
   253  5.425177e+03  3.997104e+03  -26.3231
   254  5.405929e+03  3.987438e+03  -26.2395
   255  5.386168e+03  3.975202e+03  -26.1961
   256  5.365902e+03  3.960690e+03  -26.1878
   257  5.345135e+03  3.944193e+03  -26.2097
   258  5.323875e+03  3.926004e+03  -26.2566
   259  5.302128e+03  3.906416e+03  -26.3236
   260  5.279903e+03  3.885721e+03  -26.4054
   261  5.257205e+03  3.864211e+03  -26.4969
   262  5.234043e+03  3.842179e+03  -26.5925
   263  5.210425e+03  3.819917e+03  -26.6870
   264  5.186358e+03  3.797718e+03  -26.7749
   265  5.161851e+03  3.775874e+03  -26.8504
   266  5.136912e+03  3.754617e+03  -26.9091
   267  5.111550e+03  3.733938e+03  -26.9510
   268  5.085773e+03  3.713767e+03  -26.9773
   269  5.059592e+03  3.694035e+03  -26.9895
   270  5.033015e+03  3.674672e+03  -26.9886
   271  5.006051e+03  3.655608e+03  -26.9762
   272  4.978712e+03  3.636773e+03  -26.9535
   273  4.951006e+03  3.618098e+03  -26.9220
   274  4.922944e+03  3.599514e+03  -26.8829
   275  4.894537e+03  3.580949e+03  -26.8378
   276  4.865796e+03  3.562335e+03  -26.7882
   277  4.836731e+03  3.543603e+03  -26.7356
   278  4.807354e+03  3.524682e+03  -26.6815
   279  4.777676e+03  3.505502e+03  -26.6275
   280  4.747705e+03  3.485994e+03  -26.5752
   281  4.717450e+03  3.466102e+03  -26.5259
   282  4.686919e+03  3.445823e+03  -26.4800
   283  4.656121e+03  3.425167e+03  -26.4373
   284  4.625065e+03  3.404145e+03  -26.3979
   285  4.593759e+03  3.382768e+03  -26.3617
   286  4.562213e+03  3.361045e+03  -26.3286
   287  4.530435e+03  3.338988e+03  -26.2987
   288  4.498436e+03  3.316607e+03  -26.2720
   289  4.466223e+03  3.293913e+03  -26.2484
   290  4.433808e+03  3.270915e+03  -26.2279
   291  4.401200e+03  3.247625e+03  -26.2105
   292  4.368409e+03  3.224053e+03  -26.1962
   293  4.335444e+03  3.200210e+03  -26.1850
   294  4.302317e+03  3.176107e+03  -26.1768
   295  4.269038e+03  3.151752e+03  -26.1718
   296  4.235616e+03  3.127162e+03  -26.1698
   297  4.202063e+03  3.102366e+03  -26.1704
   298  4.168390e+03  3.077396e+03  -26.1730
   299  4.134608e+03  3.052287e+03  -26.1771
   300  4.100727e+03  3.027071e+03  -26.1821
   301  4.066760e+03  3.001782e+03  -26.1874
   302  4.032717e+03  2.976453e+03  -26.1924
   303  3.998611e+03  2.951117e+03  -26.1964
   304  3.964453e+03  2.925808e+03  -26.1989
   305  3.930255e+03  2.900559e+03  -26.1992
   306  3.896029e+03  2.875404e+03  -26.1965
   307  3.861788e+03  2.850375e+03  -26.1903
   308  3.827543e+03  2.825506e+03  -26.1796
   309  3.793308e+03  2.800831e+03  -26.1639
   310  3.759096e+03  2.776382e+03  -26.1423
   311  3.724919e+03  2.752185e+03  -26.1142
   312  3.690789e+03  2.728235e+03  -26.0799
   313  3.656716e+03  2.704521e+03  -26.0396
   314  3.622707e+03  2.681029e+03  -25.9938
   315  3.588770e+03  2.657747e+03  -25.9427
   316  3.554914e+03  2.634662e+03  -25.8868
   317  3.521146e+03  2.611762e+03  -25.8264
   318  3.487475e+03  2.589035e+03  -25.7619
   319  3.453909e+03  2.566468e+03  -25.6938
   320  3.420457e+03  2.544049e+03  -25.6225
   321  3.387125e+03  2.521764e+03  -25.5485
   322  3.353923e+03  2.499602e+03  -25.4723
   323  3.320859e+03  2.477550e+03  -25.3943
   324  3.287940e+03  2.455596e+03  -25.3151
   325  3.255176e+03  2.433727e+03  -25.2352
   326  3.222575e+03  2.411924e+03  -25.1554
   327  3.190145e+03  2.390145e+03  -25.0772
   328  3.157895e+03  2.368340e+03  -25.0026
   329  3.125832e+03  2.346460e+03  -24.9333
   330  3.093966e+03  2.324457e+03  -24.8713
   331  3.062305e+03  2.302279e+03  -24.8187
   332  3.030856e+03  2.279880e+03  -24.7777
   333  2.999630e+03  2.257209e+03  -24.7504
   334  2.968634e+03  2.234217e+03  -24.7392
   335  2.937877e+03  2.210855e+03  -24.7465
   336  2.907367e+03  2.187074e+03  -24.7748
   337  2.877113e+03  2.162825e+03  -24.8266
   338  2.847124e+03  2.138058e+03  -24.9046
   339  2.817408e+03  2.112725e+03  -25.0118
   340  2.787974e+03  2.086775e+03  -25.1508
   341  2.758831e+03  2.060177e+03  -25.3243
   342  2.729986e+03  2.032956e+03  -25.5324
   343  2.701450e+03  2.005158e+03  -25.7748
   344  2.673230e+03  1.976825e+03  -26.0511
   345  2.645335e+03  1.948001e+03  -26.3609
   346  2.617775e+03  1.918729e+03  -26.7038
   347  2.590557e+03  1.889054e+03  -27.0793
   348  2.563691e+03  1.859018e+03  -27.4867
   349  2.537185e+03  1.828665e+03  -27.9255
   350  2.511043e+03  1.798038e+03  -28.3948
   351  2.485270e+03  1.767181e+03  -28.8938
   352  2.459870e+03  1.736138e+03  -29.4216
   353  2.434846e+03  1.704951e+03  -29.9771
   354  2.410204e+03  1.673665e+03  -30.5592
   355  2.385945e+03  1.642323e+03  -31.1668
   356  2.362075e+03  1.610975e+03  -31.7983
   357  2.338596e+03  1.579700e+03  -32.4509
   358  2.315513e+03  1.548584e+03  -33.1213
   359  2.292828e+03  1.517712e+03  -33.8061
   360  2.270545e+03  1.487170e+03  -34.5017
   361  2.248667e+03  1.457043e+03  -35.2042
   362  2.227198e+03  1.427417e+03  -35.9097
   363  2.206139e+03  1.398378e+03  -36.6143
   364  2.185494e+03  1.370010e+03  -37.3135
   365  2.165266e+03  1.342401e+03  -38.0030
   366  2.145457e+03  1.315635e+03  -38.6781
   367  2.126070e+03  1.289798e+03  -39.3342
   368  2.107107e+03  1.264975e+03  -39.9663
   369  2.088571e+03  1.241253e+03  -40.5693
   370  2.070464e+03  1.218716e+03  -41.1380
   371  2.052787e+03  1.197432e+03  -41.6680
   372  2.035544e+03  1.177393e+03  -42.1583
   373  2.018735e+03  1.158572e+03  -42.6090
   374  2.002362e+03  1.140942e+03  -43.0202
   375  1.986428e+03  1.124478e+03  -43.3920
   376  1.970933e+03  1.109152e+03  -43.7245
   377  1.955879e+03  1.094938e+03  -44.0181
   378  1.941267e+03  1.081809e+03  -44.2730
   379  1.927098e+03  1.069739e+03  -44.4896
   380  1.913373e+03  1.058701e+03  -44.6684
   381  1.900094e+03  1.048669e+03  -44.8096
   382  1.887260e+03  1.039615e+03  -44.9140
   383  1.874873e+03  1.031515e+03  -44.9822
   384  1.862933e+03  1.024340e+03  -45.0147
   385  1.851439e+03  1.018064e+03  -45.0123
   386  1.840394e+03  1.012651e+03  -44.9764
   387  1.829796e+03  1.008023e+03  -44.9106
   388  1.819645e+03  1.004095e+03  -44.8192
   389  1.809941e+03  1.000778e+03  -44.7066
   390  1.800682e+03  9.979854e+02  -44.5774
   391  1.791867e+03  9.956307e+02  -44.4361
   392  1.783495e+03  9.936266e+02  -44.2877
   393  1.775564e+03  9.918861e+02  -44.1368
   394  1.768072e+03  9.903222e+02  -43.9886
   395  1.761017e+03  9.888479e+02  -43.8479
   396  1.754398e+03  9.873762e+02  -43.7199
   397  1.748212e+03  9.858200e+02  -43.6098
   398  1.742456e+03  9.840923e+02  -43.5227
   399  1.737129e+03  9.821062e+02  -43.4638
   400  1.732227e+03  9.797746e+02  -43.4384
   401  1.727747e+03  9.770262e+02  -43.4509
   402  1.723687e+03  9.738525e+02  -43.5018
   403  1.720042e+03  9.702608e+02  -43.5909
   404  1.716811e+03  9.662582e+02  -43.7178
   405  1.713988e+03  9.618521e+02  -43.8822
   406  1.711571e+03  9.570496e+02  -44.0836
   407  1.709555e+03  9.518581e+02  -44.3213
   408  1.707937e+03  9.462846e+02  -44.5949
   409  1.706711e+03  9.403364e+02  -44.9036
   410  1.705874e+03  9.340209e+02  -45.2468
   411  1.705420e+03  9.273451e+02  -45.6237
   412  1.705346e+03  9.203164e+02  -46.0334
   413  1.705645e+03  9.129419e+02  -46.4753
   414  1.706313e+03  9.052289e+02  -46.9483
   415  1.707344e+03  8.971846e+02  -47.4515
   416  1.708734e+03  8.888256e+02  -47.9834
   417  1.710474e+03  8.802058e+02  -48.5403
   418  1.712561e+03  8.713883e+02  -49.1178
   419  1.714988e+03  8.624363e+02  -49.7118
   420  1.717748e+03  8.534130e+02  -50.3179
   421  1.720835e+03  8.443817e+02  -50.9319
   422  1.724242e+03  8.354054e+02  -51.5494
   423  1.727963e+03  8.265475e+02  -52.1664
   424  1.731989e+03  8.178710e+02  -52.7785
   425  1.736314e+03  8.094391e+02  -53.3818
   426  1.740930e+03  8.013152e+02  -53.9720
   427  1.745831e+03  7.935623e+02  -54.5453
   428  1.751010e+03  7.862436e+02  -55.0977
   429  1.756464e+03  7.794224e+02  -55.6255
   430  1.762188e+03  7.731618e+02  -56.1249
   431  1.768177e+03  7.675143e+02  -56.5929
   432  1.774427e+03  7.624890e+02  -57.0290
   433  1.780932e+03  7.580846e+02  -57.4333
   434  1.787687e+03  7.542995e+02  -57.8058
   435  1.794686e+03  7.511321e+02  -58.1469
   436  1.801926e+03  7.485811e+02  -58.4566
   437  1.809399e+03  7.466449e+02  -58.7352
   438  1.817100e+03  7.453219e+02  -58.9829
   439  1.825023e+03  7.446107e+02  -59.1999
   440  1.833162e+03  7.445099e+02  -59.3866
   441  1.841511e+03  7.450178e+02  -59.5431
   442  1.850064e+03  7.461329e+02  -59.6699
   443  1.858814e+03  7.478539e+02  -59.7671
   444  1.867754e+03  7.501791e+02  -59.8352
   445  1.876877e+03  7.531070e+02  -59.8745
   446  1.886178e+03  7.566302e+02  -59.8855
   447  1.895648e+03  7.607167e+02  -59.8704
   448  1.905280e+03  7.653286e+02  -59.8312
   449  1.915067e+03  7.704280e+02  -59.7702
   450  1.925001e+03  7.759769e+02  -59.6895
   451  1.935075e+03  7.819376e+02  -59.5914
   452  1.945281e+03  7.882720e+02  -59.4777
   453  1.955611e+03  7.949422e+02  -59.3507
   454  1.966055e+03  8.019103e+02  -59.2122
   455  1.976607e+03  8.091384e+02  -59.0643
   456  1.987258e+03  8.165886e+02  -58.9088
   457  1.997998e+03  8.242229e+02  -58.7476
   458  2.008819e+03  8.320034e+02  -58.5825
   459  2.019712e+03  8.398923e+02  -58.4152
   460  2.030668e+03  8.478516e+02  -58.2477
   461  2.041678e+03  8.558516e+02  -58.0810
   462  2.052731e+03  8.638961e+02  -57.9148
   463  2.063819e+03  8.719972e+02  -57.7484
   464  2.074931e+03  8.801668e+02  -57.5809
   465  2.086057e+03  8.884169e+02  -57.4117
   466  2.097188e+03  8.967597e+02  -57.2399
   467  2.108320e+03  9.052070e+02  -57.0650
   468  2.119447e+03  9.137710e+02  -56.8863
   469  2.130566e+03  9.224636e+02  -56.7034
   470  2.141672e+03  9.312968e+02  -56.5154
   471  2.152761e+03  9.402828e+02  -56.3220
   472  2.163829e+03  9.494335e+02  -56.1225
   473  2.174871e+03  9.587608e+02  -55.9164
   474  2.185882e+03  9.682770e+02  -55.7031
   475  2.196858e+03  9.779939e+02  -55.4822
   476  2.207795e+03  9.879157e+02  -55.2533
   477  2.218686e+03  9.980149e+02  -55.0178
   478  2.229528e+03  1.008256e+03  -54.7772
   479  2.240316e+03  1.018604e+03  -54.5330
   480  2.251044e+03  1.029023e+03  -54.2869
   481  2.261708e+03  1.039477e+03  -54.0402
   482  2.272303e+03  1.049932e+03  -53.7944
   483  2.282822e+03  1.060352e+03  -53.5508
   484  2.293262e+03  1.070701e+03  -53.3110
   485  2.303616e+03  1.080945e+03  -53.0762
   486  2.313880e+03  1.091047e+03  -52.8477
   487  2.324047e+03  1.100972e+03  -52.6269
   488  2.334113e+03  1.110686e+03  -52.4151
   489  2.344071e+03  1.120151e+03  -52.2134
   490  2.353916e+03  1.129334e+03  -52.0232
   491  2.363642e+03  1.138222e+03  -51.8445
   492  2.373243e+03  1.146902e+03  -51.6737
   493  2.382714e+03  1.155480e+03  -51.5057
   494  2.392049e+03  1.164068e+03  -51.3360
   495  2.401240e+03  1.172773e+03  -51.1597
   496  2.410283e+03  1.181704e+03  -50.9724
   497  2.419170e+03  1.190971e+03  -50.7694
   498  2.427897e+03  1.200683e+03  -50.5464
   499  2.436455e+03  1.210949e+03  -50.2987
   500  2.444840e+03  1.221877e+03  -50.0222
   501  2.453043e+03  1.233526e+03  -49.7144
   502  2.461060e+03  1.245752e+03  -49.3815
   503  2.468882e+03  1.258357e+03  -49.0313
   504  2.476504e+03  1.271148e+03  -48.6717
   505  2.483919e+03  1.283928e+03  -48.3104
   506  2.491125e+03  1.296502e+03  -47.9552
   507  2.498122e+03  1.308673e+03  -47.6137
   508  2.504908e+03  1.320248e+03  -47.2936
   509  2.511482e+03  1.331029e+03  -47.0023
   510  2.517844e+03  1.340822e+03  -46.7472
   511  2.523992e+03  1.349430e+03  -46.5359
   512  2.529925e+03  1.356659e+03  -46.3755
   513  2.535642e+03  1.362391e+03  -46.2704
   514  2.541143e+03  1.366824e+03  -46.2122
   515  2.546426e+03  1.370235e+03  -46.1899
   516  2.551490e+03  1.372901e+03  -46.1922
   517  2.556335e+03  1.375098e+03  -46.2082
   518  2.560960e+03  1.377103e+03  -46.2271
   519  2.565363e+03  1.379193e+03  -46.2379
   520  2.569545e+03  1.381644e+03  -46.2300
   521  2.573503e+03  1.384734e+03  -46.1927
   522  2.577238e+03  1.388737e+03  -46.1153
   523  2.580748e+03  1.393933e+03  -45.9873
   524  2.584032e+03  1.400596e+03  -45.7980
   525  2.587090e+03  1.408920e+03  -45.5404
   526  2.589922e+03  1.418759e+03  -45.2200
   527  2.592525e+03  1.429886e+03  -44.8458
   528  2.594900e+03  1.442071e+03  -44.4267
   529  2.597046e+03  1.455085e+03  -43.9715
   530  2.598962e+03  1.468699e+03  -43.4890
   531  2.600647e+03  1.482686e+03  -42.9878
   532  2.602101e+03  1.496815e+03  -42.4767
   533  2.603323e+03  1.510858e+03  -41.9643
   534  2.604312e+03  1.524586e+03  -41.4592
   535  2.605068e+03  1.537770e+03  -40.9701
   536  2.605590e+03  1.550182e+03  -40.5056
   537  2.605878e+03  1.561616e+03  -40.0733
   538  2.605931e+03  1.571967e+03  -39.6773
   539  2.605748e+03  1.581152e+03  -39.3206
   540  2.605329e+03  1.589088e+03  -39.0062
   541  2.604673e+03  1.595694e+03  -38.7373
   542  2.603780e+03  1.600886e+03  -38.5168
   543  2.602649e+03  1.604584e+03  -38.3481
   544  2.601281e+03  1.606704e+03  -38.2341
   545  2.599677e+03  1.607164e+03  -38.1783
   546  2.597839e+03  1.605881e+03  -38.1840
   547  2.595770e+03  1.602775e+03  -38.2544
   548  2.593473e+03  1.597761e+03  -38.3930
   549  2.590950e+03  1.590852e+03  -38.5997
   550  2.588204e+03  1.582433e+03  -38.8598
   551  2.585238e+03  1.572984e+03  -39.1552
   552  2.582053e+03  1.562982e+03  -39.4675
   553  2.578654e+03  1.552908e+03  -39.7784
   554  2.575042e+03  1.543240e+03  -40.0693
   555  2.571222e+03  1.534458e+03  -40.3218
   556  2.567195e+03  1.527040e+03  -40.5172
   557  2.562965e+03  1.521466e+03  -40.6365
   558  2.558536e+03  1.518216e+03  -40.6608
   559  2.553909e+03  1.517767e+03  -40.5708
   560  2.549089e+03  1.520599e+03  -40.3474
   561  2.544079e+03  1.527009e+03  -39.9779
   562  2.538882e+03  1.536564e+03  -39.4787
   563  2.533502e+03  1.548648e+03  -38.8732
   564  2.527942e+03  1.562647e+03  -38.1850
   565  2.522206e+03  1.577946e+03  -37.4379
   566  2.516297e+03  1.593929e+03  -36.6558
   567  2.510219e+03  1.609980e+03  -35.8630
   568  2.503976e+03  1.625486e+03  -35.0838
   569  2.497572e+03  1.639829e+03  -34.3431
   570  2.491011e+03  1.652397e+03  -33.6656
   571  2.484296e+03  1.662572e+03  -33.0767
   572  2.477431e+03  1.669740e+03  -32.6020
   573  2.470422e+03  1.673438e+03  -32.2610
   574  2.463271e+03  1.673811e+03  -32.0492
   575  2.455983e+03  1.671158e+03  -31.9557
   576  2.448563e+03  1.665776e+03  -31.9693
   577  2.441015e+03  1.657962e+03  -32.0790
   578  2.433343e+03  1.648015e+03  -32.2736
   579  2.425552e+03  1.636233e+03  -32.5418
   580  2.417646e+03  1.622913e+03  -32.8722
   581  2.409631e+03  1.608353e+03  -33.2531
   582  2.401510e+03  1.592851e+03  -33.6729
   583  2.393288e+03  1.576705e+03  -34.1197
   584  2.384970e+03  1.560212e+03  -34.5815
   585  2.376559e+03  1.543667e+03  -35.0461
   586  2.368059e+03  1.527353e+03  -35.5019
   587  2.359474e+03  1.511549e+03  -35.9371
   588  2.350808e+03  1.496533e+03  -36.3397
   589  2.342066e+03  1.482584e+03  -36.6976
   590  2.333250e+03  1.469983e+03  -36.9985
   591  2.324366e+03  1.459008e+03  -37.2298
   592  2.315418e+03  1.449939e+03  -37.3790
   593  2.306410e+03  1.443054e+03  -37.4329
   594  2.297346e+03  1.438632e+03  -37.3785
   595  2.288231e+03  1.436953e+03  -37.2025
   596  2.279070e+03  1.438296e+03  -36.8911
   597  2.269866e+03  1.442661e+03  -36.4429
   598  2.260625e+03  1.448926e+03  -35.9060
   599  2.251350e+03  1.455692e+03  -35.3414
   600  2.242048e+03  1.461558e+03  -34.8115
   601  2.232722e+03  1.465383e+03  -34.3679
   602  2.223377e+03  1.467057e+03  -34.0167
   603  2.214019e+03  1.466729e+03  -33.7527
   604  2.204652e+03  1.464547e+03  -33.5702
   605  2.195282e+03  1.460659e+03  -33.4637
   606  2.185913e+03  1.455214e+03  -33.4276
   607  2.176550e+03  1.448361e+03  -33.4561
   608  2.167199e+03  1.440248e+03  -33.5433
   609  2.157865e+03  1.431024e+03  -33.6834
   610  2.148554e+03  1.420837e+03  -33.8701
   611  2.139270e+03  1.409835e+03  -34.0974
   612  2.130019e+03  1.398168e+03  -34.3589
   613  2.120807e+03  1.385984e+03  -34.6483
   614  2.111639e+03  1.373430e+03  -34.9590
   615  2.102522e+03  1.360657e+03  -35.2845
   616  2.093459e+03  1.347812e+03  -35.6180
   617  2.084459e+03  1.335044e+03  -35.9525
   618  2.075525e+03  1.322501e+03  -36.2811
   619  2.066665e+03  1.310332e+03  -36.5968
   620  2.057883e+03  1.298686e+03  -36.8922
   621  2.049187e+03  1.287676e+03  -37.1616
   622  2.040581e+03  1.277282e+03  -37.4060
   623  2.032069e+03  1.267448e+03  -37.6277
   624  2.023654e+03  1.258119e+03  -37.8293
   625  2.015337e+03  1.249240e+03  -38.0133
   626  2.007122e+03  1.240755e+03  -38.1824
   627  1.999011e+03  1.232609e+03  -38.3390
   628  1.991006e+03  1.224747e+03  -38.4860
   629  1.983112e+03  1.217113e+03  -38.6261
   630  1.975329e+03  1.209651e+03  -38.7620
   631  1.967661e+03  1.202308e+03  -38.8966
   632  1.960110e+03  1.195026e+03  -39.0327
   633  1.952680e+03  1.187752e+03  -39.1733
   634  1.945373e+03  1.180429e+03  -39.3212
   635  1.938191e+03  1.173002e+03  -39.4796
   636  1.931139e+03  1.165416e+03  -39.6513
   637  1.924217e+03  1.157616e+03  -39.8396
   638  1.917430e+03  1.149546e+03  -40.0476
   639  1.910780e+03  1.141151e+03  -40.2783
   640  1.904270e+03  1.132375e+03  -40.5349
   641  1.897903e+03  1.123179e+03  -40.8200
   642  1.891681e+03  1.113585e+03  -41.1325
   643  1.885608e+03  1.103631e+03  -41.4708
   644  1.879687e+03  1.093355e+03  -41.8332
   645  1.873921e+03  1.082794e+03  -42.2177
   646  1.868312e+03  1.071986e+03  -42.6228
   647  1.862864e+03  1.060969e+03  -43.0464
   648  1.857580e+03  1.049780e+03  -43.4867
   649  1.852462e+03  1.038459e+03  -43.9417
   650  1.847515e+03  1.027041e+03  -44.4096
   651  1.842740e+03  1.015566e+03  -44.8883
   652  1.838141e+03  1.004070e+03  -45.3758
   653  1.833722e+03  9.925926e+02  -45.8701
   654  1.829485e+03  9.811702e+02  -46.3690
   655  1.825433e+03  9.698410e+02  -46.8706
   656  1.821571e+03  9.586429e+02  -47.3727
   657  1.817900e+03  9.476135e+02  -47.8732
   658  1.814424e+03  9.367908e+02  -48.3698
   659  1.811147e+03  9.262124e+02  -48.8605
   660  1.808072e+03  9.159163e+02  -49.3429
   661  1.805202e+03  9.059308e+02  -49.8155
   662  1.802536e+03  8.962478e+02  -50.2785
   663  1.800074e+03  8.868499e+02  -50.7326
   664  1.797816e+03  8.777196e+02  -51.1786
   665  1.795763e+03  8.688393e+02  -51.6172
   666  1.793912e+03  8.601918e+02  -52.0494
   667  1.792264e+03  8.517594e+02  -52.4758
   668  1.790818e+03  8.435247e+02  -52.8972
   669  1.789574e+03  8.354703e+02  -53.3146
   670  1.788532e+03  8.275787e+02  -53.7286
   671  1.787690e+03  8.198325e+02  -54.1401
   672  1.787048e+03  8.122142e+02  -54.5499
   673  1.786605e+03  8.047063e+02  -54.9589
   674  1.786362e+03  7.972914e+02  -55.3679
   675  1.786317e+03  7.899520e+02  -55.7776
   676  1.786469e+03  7.826707e+02  -56.1890
   677  1.786819e+03  7.754299e+02  -56.6028
   678  1.787364e+03  7.682123e+02  -57.0198
   679  1.788105e+03  7.610004e+02  -57.4410
   680  1.789041e+03  7.537766e+02  -57.8670
   681  1.790171e+03  7.465289e+02  -58.2985
   682  1.791494e+03  7.392660e+02  -58.7347
   683  1.793009e+03  7.320018e+02  -59.1747
   684  1.794715e+03  7.247505e+02  -59.6175
   685  1.796612e+03  7.175261e+02  -60.0623
   686  1.798698e+03  7.103426e+02  -60.5080
   687  1.800973e+03  7.032140e+02  -60.9537
   688  1.803436e+03  6.961544e+02  -61.3984
   689  1.806086e+03  6.891778e+02  -61.8414
   690  1.808921e+03  6.822982e+02  -62.2815
   691  1.811940e+03  6.755296e+02  -62.7179
   692  1.815143e+03  6.688861e+02  -63.1497
   693  1.818529e+03  6.623817e+02  -63.5760
   694  1.822096e+03  6.560305e+02  -63.9958
   695  1.825843e+03  6.498464e+02  -64.4084
   696  1.829769e+03  6.438435e+02  -64.8128
   697  1.833872e+03  6.380358e+02  -65.2083
   698  1.838152e+03  6.324374e+02  -65.5939
   699  1.842608e+03  6.270623e+02  -65.9688
   700  1.847237e+03  6.219244e+02  -66.3322
   701  1.852037e+03  6.170366e+02  -66.6834
   702  1.857005e+03  6.124060e+02  -67.0218
   703  1.862139e+03  6.080386e+02  -67.3473
   704  1.867435e+03  6.039403e+02  -67.6594
   705  1.872890e+03  6.001170e+02  -67.9577
   706  1.878501e+03  5.965746e+02  -68.2420
   707  1.884265e+03  5.933190e+02  -68.5119
   708  1.890179e+03  5.903562e+02  -68.7672
   709  1.896240e+03  5.876921e+02  -69.0075
   710  1.902444e+03  5.853325e+02  -69.2326
   711  1.908787e+03  5.832835e+02  -69.4422
   712  1.915268e+03  5.815509e+02  -69.6361
   713  1.921882e+03  5.801406e+02  -69.8139
   714  1.928625e+03  5.790586e+02  -69.9756
   715  1.935495e+03  5.783107e+02  -70.1208
   716  1.942487e+03  5.779030e+02  -70.2493
   717  1.949599e+03  5.778412e+02  -70.3610
   718  1.956826e+03  5.781314e+02  -70.4557
   719  1.964165e+03  5.787794e+02  -70.5331
   720  1.971612e+03  5.797911e+02  -70.5930
   721  1.979163e+03  5.811638e+02  -70.6359
   722  1.986815e+03  5.828597e+02  -70.6636
   723  1.994563e+03  5.848321e+02  -70.6787
   724  2.002403e+03  5.870347e+02  -70.6835
   725  2.010332e+03  5.894209e+02  -70.6804
   726  2.018346e+03  5.919442e+02  -70.6718
   727  2.026440e+03  5.945581e+02  -70.6600
   728  2.034611e+03  5.972160e+02  -70.6472
   729  2.042853e+03  5.998714e+02  -70.6356
   730  2.051164e+03  6.024779e+02  -70.6275
   731  2.059538e+03  6.049888e+02  -70.6250
   732  2.067971e+03  6.073578e+02  -70.6303
   733  2.076459e+03  6.095382e+02  -70.6453
   734  2.084998e+03  6.114835e+02  -70.6722
   735  2.093583e+03  6.131473e+02  -70.7130
   736  2.102209e+03  6.144830e+02  -70.7697
   737  2.110872e+03  6.154441e+02  -70.8441
   738  2.119567e+03  6.159841e+02  -70.9382
   739  2.128290e+03  6.160565e+02  -71.0539
   740  2.137037e+03  6.156147e+02  -71.1931
   741  2.145804e+03  6.146352e+02  -71.3564
   742  2.154589e+03  6.131868e+02  -71.5404
   743  2.163387e+03  6.113610e+02  -71.7406
   744  2.172195e+03  6.092497e+02  -71.9523
   745  2.181009e+03  6.069443e+02  -72.1714
   746  2.189826e+03  6.045367e+02  -72.3934
   747  2.198641e+03  6.021185e+02  -72.6141
   748  2.207452e+03  5.997814e+02  -72.8292
   749  2.216254e+03  5.976170e+02  -73.0348
   750  2.225044e+03  5.957171e+02  -73.2267
   751  2.233818e+03  5.941733e+02  -73.4010
   752  2.242571e+03  5.930773e+02  -73.5537
   753  2.251300e+03  5.925207e+02  -73.6809
   754  2.260001e+03  5.925953e+02  -73.7790
   755  2.268669e+03  5.933927e+02  -73.8440
   756  2.277302e+03  5.950047e+02  -73.8724
   757  2.285894e+03  5.975228e+02  -73.8604
   758  2.294441e+03  6.010388e+02  -73.8046
   759  2.302940e+03  6.056443e+02  -73.7013
   760  2.311386e+03  6.114311e+02  -73.5470
   761  2.319775e+03  6.184545e+02  -73.3399
   762  2.328103e+03  6.266254e+02  -73.0843
   763  2.336364e+03  6.358180e+02  -72.7860
   764  2.344556e+03  6.459070e+02  -72.4508
   765  2.352672e+03  6.567668e+02  -72.0842
   766  2.360710e+03  6.682718e+02  -71.6919
   767  2.368664e+03  6.802965e+02  -71.2793
   768  2.376530e+03  6.927155e+02  -70.8518
   769  2.384304e+03  7.054031e+02  -70.4147
   770  2.391979e+03  7.182338e+02  -69.9732
   771  2.399553e+03  7.310822e+02  -69.5326
   772  2.407020e+03  7.438227e+02  -69.0978
   773  2.414376e+03  7.563296e+02  -68.6739
   774  2.421615e+03  7.684777e+02  -68.2659
   775  2.428734e+03  7.801412e+02  -67.8787
   776  2.435726e+03  7.911947e+02  -67.5171
   777  2.442587e+03  8.015126e+02  -67.1859
   778  2.449313e+03  8.109694e+02  -66.8899
   779  2.455901e+03  8.194396e+02  -66.6339
   780  2.462349e+03  8.267976e+02  -66.4224
   781  2.468656e+03  8.329573e+02  -66.2587
   782  2.474819e+03  8.379891e+02  -66.1394
   783  2.480837e+03  8.420033e+02  -66.0597
   784  2.486707e+03  8.451095e+02  -66.0149
   785  2.492428e+03  8.474179e+02  -66.0003
   786  2.497997e+03  8.490384e+02  -66.0112
   787  2.503413e+03  8.500809e+02  -66.0431
   788  2.508674e+03  8.506554e+02  -66.0914
   789  2.513777e+03  8.508718e+02  -66.1517
   790  2.518721e+03  8.508401e+02  -66.2194
   791  2.523504e+03  8.506702e+02  -66.2901
   792  2.528123e+03  8.504721e+02  -66.3595
   793  2.532577e+03  8.503557e+02  -66.4233
   794  2.536864e+03  8.504310e+02  -66.4771
   795  2.540980e+03  8.508080e+02  -66.5165
   796  2.544925e+03  8.515965e+02  -66.5375
   797  2.548697e+03  8.529065e+02  -66.5356
   798  2.552292e+03  8.548480e+02  -66.5067
   799  2.555710e+03  8.575310e+02  -66.4465
   800  2.558947e+03  8.610653e+02  -66.3508
   801  2.562002e+03  8.655292e+02  -66.2167
   802  2.564873e+03  8.708736e+02  -66.0461
   803  2.567557e+03  8.770177e+02  -65.8423
   804  2.570053e+03  8.838807e+02  -65.6085
   805  2.572358e+03  8.913818e+02  -65.3477
   806  2.574469e+03  8.994401e+02  -65.0631
   807  2.576385e+03  9.079749e+02  -64.7578
   808  2.578104e+03  9.169053e+02  -64.4349
   809  2.579623e+03  9.261505e+02  -64.0975
   810  2.580940e+03  9.356297e+02  -63.7485
   811  2.582053e+03  9.452620e+02  -63.3911
   812  2.582960e+03  9.549668e+02  -63.0282
   813  2.583657e+03  9.646631e+02  -62.6629
   814  2.584144e+03  9.742701e+02  -62.2982
   815  2.584417e+03  9.837070e+02  -61.9370
   816  2.584475e+03  9.928930e+02  -61.5824
   817  2.584315e+03  1.001747e+03  -61.2374
   818  2.583938e+03  1.010189e+03  -60.9051
   819  2.583345e+03  1.018138e+03  -60.5884
   820  2.582535e+03  1.025512e+03  -60.2905
   821  2.581511e+03  1.032251e+03  -60.0137
   822  2.580272e+03  1.038376e+03  -59.7571
   823  2.578820e+03  1.043924e+03  -59.5193
   824  2.577155e+03  1.048938e+03  -59.2986
   825  2.575278e+03  1.053456e+03  -59.0935
   826  2.573190e+03  1.057517e+03  -58.9025
   827  2.570892e+03  1.061163e+03  -58.7239
   828  2.568384e+03  1.064433e+03  -58.5563
   829  2.565668e+03  1.067366e+03  -58.3981
   830  2.562745e+03  1.070002e+03  -58.2478
   831  2.559615e+03  1.072382e+03  -58.1038
   832  2.556279e+03  1.074545e+03  -57.9645
   833  2.552739e+03  1.076530e+03  -57.8284
   834  2.548995e+03  1.078378e+03  -57.6940
   835  2.545049e+03  1.080129e+03  -57.5596
   836  2.540901e+03  1.081822e+03  -57.4237
   837  2.536552e+03  1.083498e+03  -57.2846
   838  2.532004e+03  1.085195e+03  -57.1409
   839  2.527257e+03  1.086954e+03  -56.9908
   840  2.522313e+03  1.088814e+03  -56.8327
   841  2.517173e+03  1.090805e+03  -56.6655
   842  2.511837e+03  1.092910e+03  -56.4896
   843  2.506308e+03  1.095102e+03  -56.3062
   844  2.500586e+03  1.097353e+03  -56.1162
   845  2.494673e+03  1.099636e+03  -55.9206
   846  2.488569e+03  1.101925e+03  -55.7205
   847  2.482276e+03  1.104191e+03  -55.5170
   848  2.475796e+03  1.106407e+03  -55.3110
   849  2.469129e+03  1.108547e+03  -55.1037
   850  2.462276e+03  1.110582e+03  -54.8961
   851  2.455240e+03  1.112491e+03  -54.6891
   852  2.448021e+03  1.114267e+03  -54.4830
   853  2.440621e+03  1.115910e+03  -54.2776
   854  2.433041e+03  1.117420e+03  -54.0731
   855  2.425283e+03  1.118795e+03  -53.8695
   856  2.417348e+03  1.120035e+03  -53.6668
   857  2.409239e+03  1.121140e+03  -53.4650
   858  2.400958e+03  1.122108e+03  -53.2642
   859  2.392508e+03  1.122939e+03  -53.0644
   860  2.383892e+03  1.123631e+03  -52.8657
   861  2.375113e+03  1.124186e+03  -52.6681
   862  2.366173e+03  1.124601e+03  -52.4718
   863  2.357077e+03  1.124875e+03  -52.2767
   864  2.347825e+03  1.125009e+03  -52.0829
   865  2.338422e+03  1.125002e+03  -51.8905
   866  2.328870e+03  1.124852e+03  -51.6997
   867  2.319173e+03  1.124560e+03  -51.5103
   868  2.309333e+03  1.124124e+03  -51.3226
   869  2.299354e+03  1.123543e+03  -51.1366
   870  2.289238e+03  1.122818e+03  -50.9523
   871  2.278989e+03  1.121946e+03  -50.7700
   872  2.268610e+03  1.120928e+03  -50.5896
   873  2.258105e+03  1.119763e+03  -50.4114
   874  2.247476e+03  1.118450e+03  -50.2353
   875  2.236726e+03  1.116989e+03  -50.0614
   876  2.225860e+03  1.115378e+03  -49.8900
   877  2.214880e+03  1.113617e+03  -49.7211
   878  2.203789e+03  1.111705e+03  -49.5548
   879  2.192592e+03  1.109642e+03  -49.3913
   880  2.181292e+03  1.107427e+03  -49.2307
   881  2.169892e+03  1.105059e+03  -49.0731
   882  2.158395e+03  1.102540e+03  -48.9185
   883  2.146806e+03  1.099872e+03  -48.7671
   884  2.135128e+03  1.097056e+03  -48.6187
   885  2.123364e+03  1.094096e+03  -48.4735
   886  2.111518e+03  1.090991e+03  -48.3314
   887  2.099594e+03  1.087746e+03  -48.1926
   888  2.087596e+03  1.084360e+03  -48.0570
   889  2.075527e+03  1.080837e+03  -47.9247
   890  2.063391e+03  1.077178e+03  -47.7957
   891  2.051192e+03  1.073385e+03  -47.6702
   892  2.038934e+03  1.069460e+03  -47.5481
   893  2.026620e+03  1.065404e+03  -47.4295
   894  2.014256e+03  1.061220e+03  -47.3145
   895  2.001844e+03  1.056910e+03  -47.2032
   896  1.989387e+03  1.052475e+03  -47.0955
   897  1.976890e+03  1.047918e+03  -46.9916
   898  1.964354e+03  1.043240e+03  -46.8915
   899  1.951783e+03  1.038443e+03  -46.7952
   900  1.939180e+03  1.033529e+03  -46.7028
   901  1.926548e+03  1.028499e+03  -46.6144
   902  1.913891e+03  1.023357e+03  -46.5300
   903  1.901211e+03  1.018103e+03  -46.4498
   904  1.888512e+03  1.012740e+03  -46.3737
   905  1.875797e+03  1.007269e+03  -46.3018
   906  1.863070e+03  1.001693e+03  -46.2343
   907  1.850333e+03  9.960131e+02  -46.1711
   908  1.837590e+03  9.902312e+02  -46.1125
   909  1.824844e+03  9.843493e+02  -46.0584
   910  1.812099e+03  9.783693e+02  -46.0091
   911  1.799359e+03  9.722940e+02  -45.9644
   912  1.786626e+03  9.661294e+02  -45.9244
   913  1.773904e+03  9.598825e+02  -45.8887
   914  1.761197e+03  9.535601e+02  -45.8573
   915  1.748507e+03  9.471693e+02  -45.8298
   916  1.735840e+03  9.407168e+02  -45.8063
   917  1.723198e+03  9.342097e+02  -45.7863
   918  1.710585e+03  9.276549e+02  -45.7697
   919  1.698005e+03  9.210593e+02  -45.7564
   920  1.685460e+03  9.144298e+02  -45.7460
   921  1.672956e+03  9.077733e+02  -45.7384
   922  1.660496e+03  9.010968e+02  -45.7333
   923  1.648083e+03  8.944071e+02  -45.7305
   924  1.635721e+03  8.877112e+02  -45.7297
   925  1.623415e+03  8.810161e+02  -45.7307
   926  1.611168e+03  8.743286e+02  -45.7332
   927  1.598983e+03  8.676557e+02  -45.7370
   928  1.586865e+03  8.610043e+02  -45.7418
   929  1.574818e+03  8.543812e+02  -45.7473
   930  1.562846e+03  8.477936e+02  -45.7532
   931  1.550952e+03  8.412481e+02  -45.7592
   932  1.539141e+03  8.347519e+02  -45.7651
   933  1.527417e+03  8.283117e+02  -45.7704
   934  1.515784e+03  8.219346e+02  -45.7749
   935  1.504242e+03  8.156274e+02  -45.7782
   936  1.492796e+03  8.093971e+02  -45.7798
   937  1.481445e+03  8.032505e+02  -45.7792
   938  1.470191e+03  7.971947e+02  -45.7761
   939  1.459037e+03  7.912365e+02  -45.7700
   940  1.447984e+03  7.853829e+02  -45.7603
   941  1.437034e+03  7.796381e+02  -45.7467
   942  1.426188e+03  7.739963e+02  -45.7297
   943  1.415448e+03  7.684487e+02  -45.7099
   944  1.404816e+03  7.629868e+02  -45.6878
   945  1.394294e+03  7.576019e+02  -45.6641
   946  1.383883e+03  7.522856e+02  -45.6395
   947  1.373585e+03  7.470291e+02  -45.6147
   948  1.363403e+03  7.418239e+02  -45.5903
   949  1.353337e+03  7.366614e+02  -45.5670
   950  1.343389e+03  7.315330e+02  -45.5457
   951  1.333562e+03  7.264301e+02  -45.5271
   952  1.323857e+03  7.213440e+02  -45.5119
   953  1.314276e+03  7.162662e+02  -45.5011
   954  1.304821e+03  7.111882e+02  -45.4954
   955  1.295494e+03  7.061011e+02  -45.4956
   956  1.286296e+03  7.009966e+02  -45.5027
   957  1.277229e+03  6.958660e+02  -45.5175
   958  1.268295e+03  6.907007e+02  -45.5410
   959  1.259497e+03  6.854920e+02  -45.5742
   960  1.250836e+03  6.802314e+02  -45.6178
   961  1.242313e+03  6.749103e+02  -45.6731
   962  1.233932e+03  6.695201e+02  -45.7409
   963  1.225693e+03  6.640522e+02  -45.8223
   964  1.217598e+03  6.584980e+02  -45.9183
   965  1.209651e+03  6.528489e+02  -46.0300
   966  1.201851e+03  6.470963e+02  -46.1584
   967  1.194203e+03  6.412315e+02  -46.3046
   968  1.186706e+03  6.352461e+02  -46.4698
   969  1.179364e+03  6.291313e+02  -46.6550
   970  1.172179e+03  6.228787e+02  -46.8615
   971  1.165152e+03  6.164834e+02  -47.0899
   972  1.158285e+03  6.099567e+02  -47.3397
   973  1.151580e+03  6.033135e+02  -47.6099
   974  1.145037e+03  5.965689e+02  -47.8996
   975  1.138656e+03  5.897379e+02  -48.2075
   976  1.132435e+03  5.828355e+02  -48.5326
   977  1.126376e+03  5.758767e+02  -48.8735
   978  1.120477e+03  5.688766e+02  -49.2291
   979  1.114738e+03  5.618501e+02  -49.5980
   980  1.109158e+03  5.548123e+02  -49.9789
   981  1.103737e+03  5.477783e+02  -50.3706
   982  1.098474e+03  5.407630e+02  -50.7714
   983  1.093370e+03  5.337815e+02  -51.1801
   984  1.088422e+03  5.268488e+02  -51.5952
   985  1.083632e+03  5.199799e+02  -52.0151
   986  1.078999e+03  5.131898e+02  -52.4383
   987  1.074521e+03  5.064936e+02  -52.8633
   988  1.070198e+03  4.999063e+02  -53.2884
   989  1.066030e+03  4.934429e+02  -53.7121
   990  1.062017e+03  4.871184e+02  -54.1327
   991  1.058157e+03  4.809478e+02  -54.5485
   992  1.054450e+03  4.749463e+02  -54.9579
   993  1.050896e+03  4.691287e+02  -55.3592
   994  1.047494e+03  4.635102e+02  -55.7505
   995  1.044242e+03  4.581057e+02  -56.1303
   996  1.041142e+03  4.529303e+02  -56.4968
   997  1.038191e+03  4.479989e+02  -56.8481
   998  1.035390e+03  4.433267e+02  -57.1826
   999  1.032738e+03  4.389287e+02  -57.4985
  1000  1.030233e+03  4.348197e+02  -57.7940
  1001  1.027876e+03  4.310110e+02  -58.0678
  1002  1.025665e+03  4.274975e+02  -58.3200
  1003  1.023600e+03  4.242704e+02  -58.5512
  1004  1.021681e+03  4.213207e+02  -58.7620
  1005  1.019906e+03  4.186395e+02  -58.9531
  1006  1.018274e+03  4.162179e+02  -59.1252
  1007  1.016786e+03  4.140469e+02  -59.2789
  1008  1.015440e+03  4.121176e+02  -59.4149
  1009  1.014235e+03  4.104211e+02  -59.5339
  1010  1.013171e+03  4.089485e+02  -59.6368
  1011  1.012246e+03  4.076909e+02  -59.7241
  1012  1.011461e+03  4.066393e+02  -59.7968
  1013  1.010812e+03  4.057849e+02  -59.8556
  1014  1.010299e+03  4.051186e+02  -59.9011
  1015  1.009919e+03  4.046316e+02  -59.9343
  1016  1.009671e+03  4.043149e+02  -59.9558
  1017  1.009551e+03  4.041597e+02  -59.9664
  1018  1.009559e+03  4.041570e+02  -59.9670
  1019  1.009692e+03  4.042978e+02  -59.9583
  1020  1.009949e+03  4.045734e+02  -59.9412
  1021  1.010326e+03  4.049746e+02  -59.9164
  1022  1.010823e+03  4.054927e+02  -59.8849
  1023  1.011436e+03  4.061186e+02  -59.8473
  1024  1.012164e+03  4.068435e+02  -59.8046
  1025  1.013005e+03  4.076585e+02  -59.7575
  1026  1.013956e+03  4.085546e+02  -59.7069
  1027  1.015015e+03  4.095229e+02  -59.6535
  1028  1.016180e+03  4.105545e+02  -59.5983
  1029  1.017449e+03  4.116404e+02  -59.5419
  1030  1.018820e+03  4.127718e+02  -59.4853
  1031  1.020290e+03  4.139412e+02  -59.4290
  1032  1.021856e+03  4.151473e+02  -59.3732
  1033  1.023518e+03  4.163901e+02  -59.3177
  1034  1.025271e+03  4.176699e+02  -59.2625
  1035  1.027115e+03  4.189868e+02  -59.2074
  1036  1.029046e+03  4.203410e+02  -59.1524
  1037  1.031062e+03  4.217325e+02  -59.0973
  1038  1.033160e+03  4.231615e+02  -59.0420
  1039  1.035339e+03  4.246282e+02  -58.9866
  1040  1.037596e+03  4.261326e+02  -58.9308
  1041  1.039928e+03  4.276751e+02  -58.8745
  1042  1.042332e+03  4.292556e+02  -58.8178
  1043  1.044807e+03  4.308744e+02  -58.7604
  1044  1.047349e+03  4.325316e+02  -58.7023
  1045  1.049956e+03  4.342272e+02  -58.6433
  1046  1.052626e+03  4.359616e+02  -58.5834
  1047  1.055356e+03  4.377348e+02  -58.5225
  1048  1.058142e+03  4.395469e+02  -58.4605
  1049  1.060983e+03  4.413981e+02  -58.3973
  1050  1.063876e+03  4.432886e+02  -58.3327
  1051  1.066818e+03  4.452185e+02  -58.2667
  1052  1.069807e+03  4.471879e+02  -58.1992
  1053  1.072841e+03  4.491970e+02  -58.1301
  1054  1.075917e+03  4.512459e+02  -58.0594
  1055  1.079034e+03  4.533347e+02  -57.9870
  1056  1.082189e+03  4.554637e+02  -57.9128
  1057  1.085381e+03  4.576329e+02  -57.8366
  1058  1.088606e+03  4.598425e+02  -57.7586
  1059  1.091862e+03  4.620927e+02  -57.6785
  1060  1.095148e+03  4.643835e+02  -57.5963
  1061  1.098461e+03  4.667155e+02  -57.5119
  1062  1.101799e+03  4.690901e+02  -57.4251
  1063  1.105159e+03  4.715090e+02  -57.3356
  1064  1.108539e+03  4.739742e+02  -57.2433
  1065  1.111936e+03  4.764874e+02  -57.1480
  1066  1.115349e+03  4.790504e+02  -57.0493
  1067  1.118775e+03  4.816650e+02  -56.9471
  1068  1.122212e+03  4.843330e+02  -56.8412
  1069  1.125657e+03  4.870562e+02  -56.7314
  1070  1.129107e+03  4.898363e+02  -56.6174
  1071  1.132560e+03  4.926752e+02  -56.4990
  1072  1.136014e+03  4.955747e+02  -56.3760
  1073  1.139467e+03  4.985365e+02  -56.2483
  1074  1.142915e+03  5.015625e+02  -56.1155
  1075  1.146356e+03  5.046544e+02  -55.9775
  1076  1.149787e+03  5.078141e+02  -55.8341
  1077  1.153207e+03  5.110433e+02  -55.6850
  1078  1.156612e+03  5.143438e+02  -55.5301
  1079  1.160000e+03  5.177174e+02  -55.3692
  1080  1.163368e+03  5.211660e+02  -55.2020
  1081  1.166713e+03  5.246913e+02  -55.0283
  1082  1.170033e+03  5.282951e+02  -54.8479
  1083  1.173326e+03  5.319791e+02  -54.6606
  1084  1.176587e+03  5.357453e+02  -54.4662
  1085  1.179816e+03  5.395954e+02  -54.2644
  1086  1.183008e+03  5.435311e+02  -54.0552
  1087  1.186162e+03  5.475544e+02  -53.8381
  1088  1.189274e+03  5.516669e+02  -53.6131
  1089  1.192341e+03  5.558704e+02  -53.3799
  1090  1.195362e+03  5.601668e+02  -53.1383
  1091  1.198334e+03  5.645560e+02  -52.8883
  1092  1.201257e+03  5.690304e+02  -52.6304
  1093  1.204129e+03  5.735804e+02  -52.3655
  1094  1.206949e+03  5.781967e+02  -52.0944
  1095  1.209717e+03  5.828696e+02  -51.8177
  1096  1.212430e+03  5.875897e+02  -51.5362
  1097  1.215089e+03  5.923476e+02  -51.2507
  1098  1.217691e+03  5.971337e+02  -50.9618
  1099  1.220235e+03  6.019386e+02  -50.6703
  1100  1.222721e+03  6.067527e+02  -50.3769
  1101  1.225147e+03  6.115667e+02  -50.0822
  1102  1.227512e+03  6.163709e+02  -49.7870
  1103  1.229815e+03  6.211559e+02  -49.4919
  1104  1.232055e+03  6.259122e+02  -49.1977
  1105  1.234230e+03  6.306304e+02  -48.9049
  1106  1.236339e+03  6.353009e+02  -48.6143
  1107  1.238381e+03  6.399143e+02  -48.3265
  1108  1.240355e+03  6.444610e+02  -48.0422
  1109  1.242259e+03  6.489316e+02  -47.7620
  1110  1.244093e+03  6.533166e+02  -47.4865
  1111  1.245854e+03  6.576065e+02  -47.2164
  1112  1.247543e+03  6.617919e+02  -46.9524
  1113  1.249156e+03  6.658631e+02  -46.6950
  1114  1.250695e+03  6.698108e+02  -46.4449
  1115  1.252156e+03  6.736255e+02  -46.2027
  1116  1.253539e+03  6.772976e+02  -45.9692
  1117  1.254842e+03  6.808177e+02  -45.7447
  1118  1.256064e+03  6.841764e+02  -45.5302
  1119  1.257205e+03  6.873640e+02  -45.3260
  1120  1.258262e+03  6.903711e+02  -45.1329
  1121  1.259233e+03  6.931911e+02  -44.9513
  1122  1.260119e+03  6.958286e+02  -44.7807
  1123  1.260918e+03  6.982909e+02  -44.6204
  1124  1.261627e+03  7.005857e+02  -44.4697
  1125  1.262247e+03  7.027202e+02  -44.3278
  1126  1.262775e+03  7.047019e+02  -44.1942
  1127  1.263210e+03  7.065383e+02  -44.0680
  1128  1.263551e+03  7.082368e+02  -43.9487
  1129  1.263797e+03  7.098049e+02  -43.8355
  1130  1.263947e+03  7.112499e+02  -43.7279
  1131  1.264003e+03  7.125794e+02  -43.6252
  1132  1.263964e+03  7.138007e+02  -43.5268
  1133  1.263832e+03  7.149213e+02  -43.4322
  1134  1.263605e+03  7.159486e+02  -43.3408
  1135  1.263285e+03  7.168902e+02  -43.2519
  1136  1.262872e+03  7.177533e+02  -43.1650
  1137  1.262367e+03  7.185455e+02  -43.0795
  1138  1.261769e+03  7.192742e+02  -42.9948
  1139  1.261080e+03  7.199468e+02  -42.9103
  1140  1.260299e+03  7.205708e+02  -42.8254
  1141  1.259428e+03  7.211536e+02  -42.7396
  1142  1.258466e+03  7.217026e+02  -42.6522
  1143  1.257414e+03  7.222254e+02  -42.5626
  1144  1.256272e+03  7.227292e+02  -42.4703
  1145  1.255041e+03  7.232216e+02  -42.3747
  1146  1.253722e+03  7.237100e+02  -42.2751
  1147  1.252314e+03  7.242019e+02  -42.1709
  1148  1.250818e+03  7.247047e+02  -42.0615
  1149  1.249235e+03  7.252257e+02  -41.9464
  1150  1.247564e+03  7.257725e+02  -41.8248
  1151  1.245808e+03  7.263504e+02  -41.6964
  1152  1.243965e+03  7.269560e+02  -41.5614
  1153  1.242037e+03  7.275840e+02  -41.4201
  1154  1.240024e+03  7.282289e+02  -41.2730
  1155  1.237927e+03  7.288853e+02  -41.1205
  1156  1.235745e+03  7.295478e+02  -40.9629
  1157  1.233480e+03  7.302109e+02  -40.8008
  1158  1.231132e+03  7.308692e+02  -40.6344
  1159  1.228701e+03  7.315172e+02  -40.4642
  1160  1.226189e+03  7.321497e+02  -40.2906
  1161  1.223595e+03  7.327611e+02  -40.1141
  1162  1.220920e+03  7.333459e+02  -39.9349
  1163  1.218164e+03  7.338989e+02  -39.7537
  1164  1.215329e+03  7.344145e+02  -39.5707
  1165  1.212414e+03  7.348873e+02  -39.3865
  1166  1.209421e+03  7.353119e+02  -39.2013
  1167  1.206350e+03  7.356829e+02  -39.0158
  1168  1.203201e+03  7.359949e+02  -38.8303
  1169  1.199976e+03  7.362423e+02  -38.6452
  1170  1.196676e+03  7.364199e+02  -38.4612
  1171  1.193302e+03  7.365221e+02  -38.2787
  1172  1.189857e+03  7.365435e+02  -38.0981
  1173  1.186341e+03  7.364788e+02  -37.9201
  1174  1.182755e+03  7.363224e+02  -37.7452
  1175  1.179103e+03  7.360690e+02  -37.5738
  1176  1.175383e+03  7.357131e+02  -37.4065
  1177  1.171599e+03  7.352494e+02  -37.2440
  1178  1.167752e+03  7.346723e+02  -37.0866
  1179  1.163843e+03  7.339764e+02  -36.9351
  1180  1.159874e+03  7.331564e+02  -36.7900
  1181  1.155846e+03  7.322080e+02  -36.6518
  1182  1.151760e+03  7.311320e+02  -36.5205
  1183  1.147619e+03  7.299303e+02  -36.3961
  1184  1.143424e+03  7.286050e+02  -36.2787
  1185  1.139177e+03  7.271580e+02  -36.1681
  1186  1.134878e+03  7.255912e+02  -36.0644
  1187  1.130530e+03  7.239068e+02  -35.9675
  1188  1.126134e+03  7.221065e+02  -35.8774
  1189  1.121692e+03  7.201925e+02  -35.7941
  1190  1.117205e+03  7.181667e+02  -35.7176
  1191  1.112675e+03  7.160310e+02  -35.6478
  1192  1.108104e+03  7.137875e+02  -35.5848
  1193  1.103494e+03  7.114381e+02  -35.5286
  1194  1.098845e+03  7.089848e+02  -35.4791
  1195  1.094161e+03  7.064296e+02  -35.4364
  1196  1.089441e+03  7.037744e+02  -35.4004
  1197  1.084689e+03  7.010213e+02  -35.3712
  1198  1.079906e+03  6.981722e+02  -35.3488
  1199  1.075093e+03  6.952291e+02  -35.3331
  1200  1.070252e+03  6.921939e+02  -35.3242
  1201  1.065386e+03  6.890687e+02  -35.3221
  1202  1.060495e+03  6.858554e+02  -35.3269
  1203  1.055582e+03  6.825560e+02  -35.3384
  1204  1.050649e+03  6.791725e+02  -35.3568
  1205  1.045696e+03  6.757069e+02  -35.3821
  1206  1.040727e+03  6.721610e+02  -35.4143
  1207  1.035742e+03  6.685370e+02  -35.4533
  1208  1.030744e+03  6.648367e+02  -35.4993
  1209  1.025733e+03  6.610622e+02  -35.5522
  1210  1.020712e+03  6.572155e+02  -35.6121
  1211  1.015682e+03  6.532986e+02  -35.6788
  1212  1.010643e+03  6.493144e+02  -35.7524
  1213  1.005598e+03  6.452657e+02  -35.8327
  1214  1.000549e+03  6.411554e+02  -35.9196
  1215  9.954955e+02  6.369866e+02  -36.0131
  1216  9.904406e+02  6.327620e+02  -36.1131
  1217  9.853855e+02  6.284847e+02  -36.2194
  1218  9.803316e+02  6.241574e+02  -36.3320
  1219  9.752805e+02  6.197832e+02  -36.4508
  1220  9.702338e+02  6.153650e+02  -36.5756
  1221  9.651929e+02  6.109056e+02  -36.7064
  1222  9.601596e+02  6.064080e+02  -36.8430
  1223  9.551354e+02  6.018751e+02  -36.9854
  1224  9.501218e+02  5.973098e+02  -37.1333
  1225  9.451206e+02  5.927151e+02  -37.2868
  1226  9.401333e+02  5.880938e+02  -37.4457
  1227  9.351615e+02  5.834488e+02  -37.6098
  1228  9.302068e+02  5.787832e+02  -37.7791
  1229  9.252710e+02  5.740997e+02  -37.9534
  1230  9.203557e+02  5.694013e+02  -38.1325
  1231  9.154626e+02  5.646910e+02  -38.3163
  1232  9.105933e+02  5.599715e+02  -38.5048
  1233  9.057495e+02  5.552460e+02  -38.6976
  1234  9.009329e+02  5.505172e+02  -38.8948
  1235  8.961452e+02  5.457881e+02  -39.0960
  1236  8.913882e+02  5.410616e+02  -39.3012
  1237  8.866635e+02  5.363406e+02  -39.5102
  1238  8.819730e+02  5.316280e+02  -39.7229
  1239  8.773183e+02  5.269268e+02  -39.9389
  1240  8.727012e+02  5.222398e+02  -40.1582
  1241  8.681235e+02  5.175697e+02  -40.3806
  1242  8.635870e+02  5.129175e+02  -40.6062
  1243  8.590934e+02  5.082840e+02  -40.8348
  1244  8.546446e+02  5.036700e+02  -41.0667
  1245  8.502424e+02  4.990764e+02  -41.3019
  1246  8.458883e+02  4.945038e+02  -41.5403
  1247  8.415833e+02  4.899530e+02  -41.7820
  1248  8.373280e+02  4.854249e+02  -42.0269
  1249  8.331230e+02  4.809201e+02  -42.2750
  1250  8.289691e+02  4.764396e+02  -42.5263
  1251  8.248668e+02  4.719839e+02  -42.7806
  1252  8.208168e+02  4.675541e+02  -43.0380
  1253  8.168198e+02  4.631507e+02  -43.2983
  1254  8.128765e+02  4.587746e+02  -43.5616
  1255  8.089876e+02  4.544266e+02  -43.8277
  1256  8.051536e+02  4.501075e+02  -44.0967
  1257  8.013754e+02  4.458179e+02  -44.3684
  1258  7.976535e+02  4.415588e+02  -44.6428
  1259  7.939888e+02  4.373308e+02  -44.9198
  1260  7.903817e+02  4.331348e+02  -45.1993
  1261  7.868331e+02  4.289715e+02  -45.4813
  1262  7.833437e+02  4.248418e+02  -45.7656
  1263  7.799141e+02  4.207463e+02  -46.0522
  1264  7.765450e+02  4.166859e+02  -46.3410
  1265  7.732371e+02  4.126614e+02  -46.6320
  1266  7.699912e+02  4.086735e+02  -46.9249
  1267  7.668079e+02  4.047230e+02  -47.2198
  1268  7.636880e+02  4.008106e+02  -47.5164
  1269  7.606322e+02  3.969372e+02  -47.8148
  1270  7.576411e+02  3.931036e+02  -48.1148
  1271  7.547156e+02  3.893104e+02  -48.4163
  1272  7.518563e+02  3.855582e+02  -48.7192
  1273  7.490639e+02  3.818474e+02  -49.0234
  1274  7.463392e+02  3.781785e+02  -49.3289
  1275  7.436829e+02  3.745519e+02  -49.6355
  1276  7.410958e+02  3.709680e+02  -49.9433
  1277  7.385785e+02  3.674274e+02  -50.2521
  1278  7.361319e+02  3.639304e+02  -50.5618
  1279  7.337566e+02  3.604775e+02  -50.8723
  1280  7.314535e+02  3.570692e+02  -51.1836
  1281  7.292232e+02  3.537059e+02  -51.4955
  1282  7.270665e+02  3.503881e+02  -51.8080
  1283  7.249842e+02  3.471161e+02  -52.1209
  1284  7.229769e+02  3.438906e+02  -52.4341
  1285  7.210454e+02  3.407118e+02  -52.7475
  1286  7.191894e+02  3.375803e+02  -53.0610
  1287  7.174083e+02  3.344965e+02  -53.3743
  1288  7.157019e+02  3.314608e+02  -53.6873
  1289  7.140698e+02  3.284738e+02  -53.9998
  1290  7.125113e+02  3.255358e+02  -54.3115
  1291  7.110262e+02  3.226473e+02  -54.6223
  1292  7.096140e+02  3.198088e+02  -54.9320
  1293  7.082742e+02  3.170207e+02  -55.2404
  1294  7.070065e+02  3.142834e+02  -55.5473
  1295  7.058103e+02  3.115974e+02  -55.8525
  1296  7.046851e+02  3.089632e+02  -56.1558
  1297  7.036306e+02  3.063812e+02  -56.4571
  1298  7.026462e+02  3.038518e+02  -56.7561
  1299  7.017315e+02  3.013756e+02  -57.0526
  1300  7.008860e+02  2.989528e+02  -57.3464
  1301  7.001093e+02  2.965844e+02  -57.6374
  1302  6.994008e+02  2.942722e+02  -57.9251
  1303  6.987600e+02  2.920184e+02  -58.2091
  1304  6.981865e+02  2.898253e+02  -58.4888
  1305  6.976798e+02  2.876950e+02  -58.7640
  1306  6.972393e+02  2.856298e+02  -59.0342
  1307  6.968645e+02  2.836318e+02  -59.2989
  1308  6.965550e+02  2.817034e+02  -59.5576
  1309  6.963102e+02  2.798467e+02  -59.8101
  1310  6.961297e+02  2.780639e+02  -60.0557
  1311  6.960127e+02  2.763572e+02  -60.2942
  1312  6.959590e+02  2.747289e+02  -60.5251
  1313  6.959678e+02  2.731812e+02  -60.7480
  1314  6.960387e+02  2.717163e+02  -60.9625
  1315  6.961712e+02  2.703364e+02  -61.1681
  1316  6.963646e+02  2.690437e+02  -61.3645
  1317  6.966184e+02  2.678404e+02  -61.5513
  1318  6.969321e+02  2.667287e+02  -61.7282
  1319  6.973051e+02  2.657110e+02  -61.8946
  1320  6.977368e+02  2.647893e+02  -62.0503
  1321  6.982267e+02  2.639659e+02  -62.1948
  1322  6.987742e+02  2.632429e+02  -62.3279
  1323  6.993786e+02  2.626228e+02  -62.4491
  1324  7.000394e+02  2.621075e+02  -62.5582
  1325  7.007556e+02  2.616994e+02  -62.6547
  1326  7.015259e+02  2.614006e+02  -62.7383
  1327  7.023493e+02  2.612135e+02  -62.8086
  1328  7.032246e+02  2.611401e+02  -62.8653
  1329  7.041508e+02  2.611827e+02  -62.9081
  1330  7.051266e+02  2.613435e+02  -62.9367
  1331  7.061509e+02  2.616236e+02  -62.9508
  1332  7.072226e+02  2.620191e+02  -62.9510
  1333  7.083405e+02  2.625252e+02  -62.9380
  1334  7.095034e+02  2.631367e+02  -62.9125
  1335  7.107101e+02  2.638488e+02  -62.8753
  1336  7.119595e+02  2.646565e+02  -62.8270
  1337  7.132503e+02  2.655548e+02  -62.7683
  1338  7.145813e+02  2.665388e+02  -62.7000
  1339  7.159513e+02  2.676034e+02  -62.6227
  1340  7.173591e+02  2.687437e+02  -62.5371
  1341  7.188035e+02  2.699548e+02  -62.4439
  1342  7.202832e+02  2.712316e+02  -62.3438
  1343  7.217970e+02  2.725692e+02  -62.2374
  1344  7.233436e+02  2.739627e+02  -62.1255
  1345  7.249217e+02  2.754069e+02  -62.0087
  1346  7.265301e+02  2.768971e+02  -61.8877
  1347  7.281675e+02  2.784282e+02  -61.7632
  1348  7.298326e+02  2.799952e+02  -61.6357
  1349  7.315241e+02  2.815932e+02  -61.5060
  1350  7.332407e+02  2.832172e+02  -61.3746
  1351  7.349811e+02  2.848622e+02  -61.2422
  1352  7.367439e+02  2.865233e+02  -61.1095
  1353  7.385279e+02  2.881955e+02  -60.9770
  1354  7.403317e+02  2.898738e+02  -60.8454
  1355  7.421539e+02  2.915532e+02  -60.7153
  1356  7.439933e+02  2.932289e+02  -60.5872
  1357  7.458484e+02  2.948957e+02  -60.4617
  1358  7.477178e+02  2.965488e+02  -60.3395
  1359  7.496002e+02  2.981831e+02  -60.2210
  1360  7.514942e+02  2.997938e+02  -60.1070
  1361  7.533984e+02  3.013770e+02  -59.9977
  1362  7.553114e+02  3.029345e+02  -59.8928
  1363  7.572319e+02  3.044688e+02  -59.7919
  1364  7.591586e+02  3.059829e+02  -59.6945
  1365  7.610905e+02  3.074796e+02  -59.6001
  1366  7.630266e+02  3.089617e+02  -59.5084
  1367  7.649656e+02  3.104320e+02  -59.4188
  1368  7.669066e+02  3.118932e+02  -59.3310
  1369  7.688484e+02  3.133483e+02  -59.2445
  1370  7.707898e+02  3.148000e+02  -59.1588
  1371  7.727298e+02  3.162511e+02  -59.0735
  1372  7.746671e+02  3.177045e+02  -58.9883
  1373  7.766008e+02  3.191629e+02  -58.9026
  1374  7.785296e+02  3.206291e+02  -58.8161
  1375  7.804523e+02  3.221061e+02  -58.7283
  1376  7.823678e+02  3.235965e+02  -58.6388
  1377  7.842750e+02  3.251032e+02  -58.5473
  1378  7.861727e+02  3.266290e+02  -58.4533
  1379  7.880596e+02  3.281767e+02  -58.3564
  1380  7.899347e+02  3.297491e+02  -58.2562
  1381  7.917967e+02  3.313490e+02  -58.1523
  1382  7.936443e+02  3.329793e+02  -58.0443
  1383  7.954765e+02  3.346428e+02  -57.9318
  1384  7.972920e+02  3.363422e+02  -57.8144
  1385  7.990895e+02  3.380803e+02  -57.6918
  1386  8.008679e+02  3.398601e+02  -57.5635
  1387  8.026259e+02  3.416842e+02  -57.4292
  1388  8.043623e+02  3.435555e+02  -57.2885
  1389  8.060758e+02  3.454768e+02  -57.1409
  1390  8.077652e+02  3.474510e+02  -56.9861
  1391  8.094292e+02  3.494798e+02  -56.8239
  1392  8.110665e+02  3.515608e+02  -56.6545
  1393  8.126759e+02  3.536909e+02  -56.4782
  1394  8.142561e+02  3.558666e+02  -56.2955
  1395  8.158058e+02  3.580847e+02  -56.1066
  1396  8.173237e+02  3.603418e+02  -55.9120
  1397  8.188086e+02  3.626347e+02  -55.7119
  1398  8.202590e+02  3.649599e+02  -55.5067
  1399  8.216737e+02  3.673142e+02  -55.2968
  1400  8.230514e+02  3.696943e+02  -55.0825
  1401  8.243908e+02  3.720969e+02  -54.8640
  1402  8.256906e+02  3.745186e+02  -54.6418
  1403  8.269502e+02  3.769561e+02  -54.4161
  1404  8.281692e+02  3.794061e+02  -54.1874
  1405  8.293472e+02  3.818652e+02  -53.9559
  1406  8.304836e+02  3.843303e+02  -53.7221
  1407  8.315780e+02  3.867978e+02  -53.4863
  1408  8.326299e+02  3.892646e+02  -53.2488
  1409  8.336389e+02  3.917273e+02  -53.0100
  1410  8.346045e+02  3.941826e+02  -52.7701
  1411  8.355262e+02  3.966272e+02  -52.5297
  1412  8.364035e+02  3.990577e+02  -52.2889
  1413  8.372360e+02  4.014708e+02  -52.0481
  1414  8.380232e+02  4.038633e+02  -51.8076
  1415  8.387646e+02  4.062318e+02  -51.5678
  1416  8.394596e+02  4.085729e+02  -51.3291
  1417  8.401080e+02  4.108835e+02  -51.0916
  1418  8.407090e+02  4.131600e+02  -50.8558
  1419  8.412623e+02  4.153993e+02  -50.6219
  1420  8.417674e+02  4.175980e+02  -50.3903
  1421  8.422238e+02  4.197532e+02  -50.1613
  1422  8.426309e+02  4.218637e+02  -49.9349
  1423  8.429883e+02  4.239287e+02  -49.7112
  1424  8.432955e+02  4.259474e+02  -49.4901
  1425  8.435520e+02  4.279190e+02  -49.2718
  1426  8.437573e+02  4.298427e+02  -49.0561
  1427  8.439108e+02  4.317177e+02  -48.8432
  1428  8.440121e+02  4.335432e+02  -48.6331
  1429  8.440607e+02  4.353184e+02  -48.4257
  1430  8.440560e+02  4.370425e+02  -48.2212
  1431  8.439976e+02  4.387147e+02  -48.0194
  1432  8.438849e+02  4.403342e+02  -47.8206
  1433  8.437174e+02  4.419002e+02  -47.6246
  1434  8.434946e+02  4.434119e+02  -47.4316
  1435  8.432160e+02  4.448685e+02  -47.2415
  1436  8.428811e+02  4.462692e+02  -47.0543
  1437  8.424892e+02  4.476132e+02  -46.8702
  1438  8.420400e+02  4.488997e+02  -46.6890
  1439  8.415328e+02  4.501280e+02  -46.5109
  1440  8.409672e+02  4.512971e+02  -46.3359
  1441  8.403428e+02  4.524064e+02  -46.1641
  1442  8.396597e+02  4.534550e+02  -45.9954
  1443  8.389183e+02  4.544420e+02  -45.8300
  1444  8.381189e+02  4.553668e+02  -45.6680
  1445  8.372619e+02  4.562285e+02  -45.5095
  1446  8.363476e+02  4.570264e+02  -45.3545
  1447  8.353763e+02  4.577595e+02  -45.2032
  1448  8.343485e+02  4.584272e+02  -45.0557
  1449  8.332645e+02  4.590285e+02  -44.9120
  1450  8.321246e+02  4.595628e+02  -44.7724
  1451  8.309292e+02  4.600296e+02  -44.6367
  1452  8.296786e+02  4.604298e+02  -44.5050
  1453  8.283732e+02  4.607648e+02  -44.3771
  1454  8.270135e+02  4.610359e+02  -44.2529
  1455  8.255997e+02  4.612445e+02  -44.1322
  1456  8.241322e+02  4.613918e+02  -44.0148
  1457  8.226115e+02  4.614792e+02  -43.9007
  1458  8.210378e+02  4.615081e+02  -43.7897
  1459  8.194116e+02  4.614797e+02  -43.6816
  1460  8.177333e+02  4.613954e+02  -43.5763
  1461  8.160032e+02  4.612566e+02  -43.4737
  1462  8.142218e+02  4.610645e+02  -43.3736
  1463  8.123894e+02  4.608205e+02  -43.2759
  1464  8.105065e+02  4.605259e+02  -43.1805
  1465  8.085734e+02  4.601821e+02  -43.0872
  1466  8.065905e+02  4.597903e+02  -42.9958
  1467  8.045583e+02  4.593520e+02  -42.9063
  1468  8.024771e+02  4.588684e+02  -42.8185
  1469  8.003475e+02  4.583408e+02  -42.7323
  1470  7.981697e+02  4.577707e+02  -42.6474
  1471  7.959442e+02  4.571593e+02  -42.5639
  1472  7.936714e+02  4.565080e+02  -42.4815
  1473  7.913518e+02  4.558181e+02  -42.4001
  1474  7.889858e+02  4.550909e+02  -42.3195
  1475  7.865738e+02  4.543277e+02  -42.2397
  1476  7.841163e+02  4.535300e+02  -42.1604
  1477  7.816136e+02  4.526989e+02  -42.0815
  1478  7.790663e+02  4.518359e+02  -42.0029
  1479  7.764747e+02  4.509423e+02  -41.9244
  1480  7.738395e+02  4.500194e+02  -41.8459
  1481  7.711612e+02  4.490682e+02  -41.7673
  1482  7.684409e+02  4.480877e+02  -41.6887
  1483  7.656793e+02  4.470768e+02  -41.6104
  1484  7.628773e+02  4.460342e+02  -41.5326
  1485  7.600357e+02  4.449588e+02  -41.4555
  1486  7.571554e+02  4.438492e+02  -41.3794
  1487  7.542374e+02  4.427043e+02  -41.3044
  1488  7.512823e+02  4.415228e+02  -41.2308
  1489  7.482912e+02  4.403034e+02  -41.1588
  1490  7.452649e+02  4.390450e+02  -41.0887
  1491  7.422043e+02  4.377463e+02  -41.0208
  1492  7.391102e+02  4.364061e+02  -40.9552
  1493  7.359837e+02  4.350232e+02  -40.8923
  1494  7.328255e+02  4.335962e+02  -40.8323
  1495  7.296366e+02  4.321240e+02  -40.7755
  1496  7.264180e+02  4.306053e+02  -40.7221
  1497  7.231704e+02  4.290390e+02  -40.6725
  1498  7.198950e+02  4.274237e+02  -40.6269
  1499  7.165925e+02  4.257583e+02  -40.5857
  1500  7.132639e+02  4.240415e+02  -40.5491
  1501  7.099101e+02  4.222725e+02  -40.5175
  1502  7.065322e+02  4.204521e+02  -40.4907
  1503  7.031310e+02  4.185815e+02  -40.4689
  1504  6.997075e+02  4.166621e+02  -40.4520
  1505  6.962627e+02  4.146950e+02  -40.4399
  1506  6.927976e+02  4.126816e+02  -40.4326
  1507  6.893130e+02  4.106229e+02  -40.4301
  1508  6.858100e+02  4.085204e+02  -40.4324
  1509  6.822896e+02  4.063752e+02  -40.4395
  1510  6.787528e+02  4.041886e+02  -40.4513
  1511  6.752005e+02  4.019618e+02  -40.4678
  1512  6.716337e+02  3.996961e+02  -40.4890
  1513  6.680535e+02  3.973928e+02  -40.5148
  1514  6.644609e+02  3.950529e+02  -40.5453
  1515  6.608569e+02  3.926779e+02  -40.5805
  1516  6.572424e+02  3.902690e+02  -40.6202
  1517  6.536186e+02  3.878274e+02  -40.6646
  1518  6.499864e+02  3.853543e+02  -40.7135
  1519  6.463469e+02  3.828510e+02  -40.7670
  1520  6.427009e+02  3.803187e+02  -40.8249
  1521  6.390493e+02  3.777587e+02  -40.8874
  1522  6.353928e+02  3.751723e+02  -40.9543
  1523  6.317322e+02  3.725606e+02  -41.0256
  1524  6.280686e+02  3.699250e+02  -41.1012
  1525  6.244025e+02  3.672666e+02  -41.1811
  1526  6.207350e+02  3.645867e+02  -41.2653
  1527  6.170668e+02  3.618866e+02  -41.3537
  1528  6.133989e+02  3.591675e+02  -41.4463
  1529  6.097319e+02  3.564306e+02  -41.5431
  1530  6.060669e+02  3.536772e+02  -41.6439
  1531  6.024047e+02  3.509086e+02  -41.7487
  1532  5.987462e+02  3.481260e+02  -41.8575
  1533  5.950921e+02  3.453306e+02  -41.9702
  1534  5.914435e+02  3.425236e+02  -42.0868
  1535  5.878012e+02  3.397064e+02  -42.2073
  1536  5.841660e+02  3.368801e+02  -42.3314
  1537  5.805389e+02  3.340461e+02  -42.4593
  1538  5.769207e+02  3.312055e+02  -42.5908
  1539  5.733124e+02  3.283596e+02  -42.7259
  1540  5.697149e+02  3.255097e+02  -42.8645
  1541  5.661290e+02  3.226570e+02  -43.0065
  1542  5.625557e+02  3.198027e+02  -43.1518
  1543  5.589959e+02  3.169481e+02  -43.3005
  1544  5.554506e+02  3.140944e+02  -43.4523
  1545  5.519205e+02  3.112429e+02  -43.6073
  1546  5.484068e+02  3.083948e+02  -43.7653
  1547  5.449103e+02  3.055514e+02  -43.9263
  1548  5.414319e+02  3.027139e+02  -44.0901
  1549  5.379727e+02  2.998835e+02  -44.2567
  1550  5.345335e+02  2.970616e+02  -44.4260
  1551  5.311152e+02  2.942492e+02  -44.5979
  1552  5.277190e+02  2.914471e+02  -44.7723
  1553  5.243457e+02  2.886561e+02  -44.9493
  1554  5.209962e+02  2.858769e+02  -45.1288
  1555  5.176716e+02  2.831100e+02  -45.3109
  1556  5.143729e+02  2.803562e+02  -45.4955
  1557  5.111009e+02  2.776163e+02  -45.6827
  1558  5.078567e+02  2.748909e+02  -45.8724
  1559  5.046407e+02  2.721806e+02  -46.0645
  1560  5.014531e+02  2.694863e+02  -46.2589
  1561  4.982945e+02  2.668085e+02  -46.4557
  1562  4.951652e+02  2.641480e+02  -46.6546
  1563  4.920656e+02  2.615054e+02  -46.8556
  1564  4.889960e+02  2.588816e+02  -47.0585
  1565  4.859568e+02  2.562770e+02  -47.2634
  1566  4.829484e+02  2.536926e+02  -47.4700
  1567  4.799712e+02  2.511288e+02  -47.6784
  1568  4.770255e+02  2.485865e+02  -47.8882
  1569  4.741118e+02  2.460663e+02  -48.0995
  1570  4.712304e+02  2.435690e+02  -48.3121
  1571  4.683818e+02  2.410951e+02  -48.5259
  1572  4.655662e+02  2.386455e+02  -48.7408
  1573  4.627841e+02  2.362207e+02  -48.9566
  1574  4.600359e+02  2.338216e+02  -49.1732
  1575  4.573220e+02  2.314487e+02  -49.3904
  1576  4.546428e+02  2.291028e+02  -49.6082
  1577  4.519986e+02  2.267846e+02  -49.8263
  1578  4.493899e+02  2.244947e+02  -50.0445
  1579  4.468170e+02  2.222339e+02  -50.2629
  1580  4.442804e+02  2.200029e+02  -50.4811
  1581  4.417804e+02  2.178023e+02  -50.6990
  1582  4.393175e+02  2.156328e+02  -50.9164
  1583  4.368921e+02  2.134952e+02  -51.1332
  1584  4.345045e+02  2.113901e+02  -51.3492
  1585  4.321552e+02  2.093182e+02  -51.5641
  1586  4.298446e+02  2.072802e+02  -51.7779
  1587  4.275731e+02  2.052768e+02  -51.9903
  1588  4.253411e+02  2.033087e+02  -52.2010
  1589  4.231490e+02  2.013766e+02  -52.4100
  1590  4.209972e+02  1.994812e+02  -52.6170
  1591  4.188861e+02  1.976231e+02  -52.8218
  1592  4.168163e+02  1.958031e+02  -53.0241
  1593  4.147880e+02  1.940219e+02  -53.2238
  1594  4.128017e+02  1.922802e+02  -53.4207
  1595  4.108578e+02  1.905785e+02  -53.6145
  1596  4.089567e+02  1.889178e+02  -53.8049
  1597  4.070988e+02  1.872985e+02  -53.9919
  1598  4.052840e+02  1.857215e+02  -54.1750
  1599  4.035120e+02  1.841874e+02  -54.3539
  1600  4.017827e+02  1.826970e+02  -54.5284
  1601  4.000959e+02  1.812507e+02  -54.6982
  1602  3.984514e+02  1.798485e+02  -54.8631
  1603  3.968489e+02  1.784904e+02  -55.0231
  1604  3.952883e+02  1.771761e+02  -55.1780
  1605  3.937693e+02  1.759055e+02  -55.3278
  1606  3.922918e+02  1.746785e+02  -55.4723
  1607  3.908555e+02  1.734949e+02  -55.6115
  1608  3.894602e+02  1.723545e+02  -55.7453
  1609  3.881057e+02  1.712572e+02  -55.8736
  1610  3.867918e+02  1.702030e+02  -55.9962
  1611  3.855183e+02  1.691915e+02  -56.1132
  1612  3.842850e+02  1.682227e+02  -56.2245
  1613  3.830916e+02  1.672963e+02  -56.3299
  1614  3.819379e+02  1.664124e+02  -56.4295
  1615  3.808237e+02  1.655706e+02  -56.5230
  1616  3.797487e+02  1.647709e+02  -56.6105
  1617  3.787128e+02  1.640132e+02  -56.6919
  1618  3.777157e+02  1.632971e+02  -56.7672
  1619  3.767572e+02  1.626227e+02  -56.8362
  1620  3.758370e+02  1.619898e+02  -56.8989
  1621  3.749549e+02  1.613981e+02  -56.9553
  1622  3.741108e+02  1.608476e+02  -57.0053
  1623  3.733042e+02  1.603382e+02  -57.0489
  1624  3.725351e+02  1.598695e+02  -57.0860
  1625  3.718031e+02  1.594416e+02  -57.1166
  1626  3.711080e+02  1.590543e+02  -57.1407
  1627  3.704496e+02  1.587074e+02  -57.1582
  1628  3.698276e+02  1.584007e+02  -57.1690
  1629  3.692418e+02  1.581341e+02  -57.1733
  1630  3.686919e+02  1.579075e+02  -57.1709
  1631  3.681777e+02  1.577207e+02  -57.1618
  1632  3.676990e+02  1.575736e+02  -57.1460
  1633  3.672554e+02  1.574660e+02  -57.1236
  1634  3.668467e+02  1.573977e+02  -57.0944
  1635  3.664726e+02  1.573686e+02  -57.0586
  1636  3.661329e+02  1.573786e+02  -57.0160
  1637  3.658271e+02  1.574276e+02  -56.9667
  1638  3.655545e+02  1.575153e+02  -56.9106
  1639  3.653147e+02  1.576415e+02  -56.8477
  1640  3.651070e+02  1.578063e+02  -56.7781
  1641  3.649310e+02  1.580094e+02  -56.7016
  1642  3.647859e+02  1.582506e+02  -56.6182
  1643  3.646713e+02  1.585298e+02  -56.5280
  1644  3.645866e+02  1.588469e+02  -56.4309
  1645  3.645312e+02  1.592018e+02  -56.3270
  1646  3.645045e+02  1.595941e+02  -56.2161
  1647  3.645060e+02  1.600239e+02  -56.0984
  1648  3.645350e+02  1.604910e+02  -55.9738
  1649  3.645910e+02  1.609951e+02  -55.8423
  1650  3.646733e+02  1.615363e+02  -55.7038
  1651  3.647814e+02  1.621141e+02  -55.5586
  1652  3.649146e+02  1.627279e+02  -55.4066
  1653  3.650724e+02  1.633767e+02  -55.2481
  1654  3.652542e+02  1.640599e+02  -55.0834
  1655  3.654593e+02  1.647764e+02  -54.9125
  1656  3.656871e+02  1.655254e+02  -54.7358
  1657  3.659370e+02  1.663061e+02  -54.5533
  1658  3.662085e+02  1.671177e+02  -54.3654
  1659  3.665008e+02  1.679592e+02  -54.1722
  1660  3.668133e+02  1.688298e+02  -53.9739
  1661  3.671454e+02  1.697287e+02  -53.7707
  1662  3.674965e+02  1.706549e+02  -53.5628
  1663  3.678659e+02  1.716077e+02  -53.3505
  1664  3.682530e+02  1.725862e+02  -53.1338
  1665  3.686572e+02  1.735895e+02  -52.9130
  1666  3.690778e+02  1.746168e+02  -52.6883
  1667  3.695141e+02  1.756672e+02  -52.4599
  1668  3.699655e+02  1.767399e+02  -52.2280
  1669  3.704314e+02  1.778339e+02  -51.9927
  1670  3.709110e+02  1.789485e+02  -51.7543
  1671  3.714038e+02  1.800828e+02  -51.5129
  1672  3.719090e+02  1.812360e+02  -51.2687
  1673  3.724260e+02  1.824071e+02  -51.0219
  1674  3.729541e+02  1.835953e+02  -50.7727
  1675  3.734926e+02  1.847998e+02  -50.5212
  1676  3.740410e+02  1.860197e+02  -50.2676
  1677  3.745988e+02  1.872542e+02  -50.0121
  1678  3.751653e+02  1.885024e+02  -49.7548
  1679  3.757400e+02  1.897634e+02  -49.4961
  1680  3.763223e+02  1.910364e+02  -49.2360
  1681  3.769118e+02  1.923205e+02  -48.9747
  1682  3.775077e+02  1.936149e+02  -48.7123
  1683  3.781096e+02  1.949187e+02  -48.4492
  1684  3.787169e+02  1.962311e+02  -48.1853
  1685  3.793290e+02  1.975511e+02  -47.9209
  1686  3.799453e+02  1.988781e+02  -47.6561
  1687  3.805652e+02  2.002110e+02  -47.3911
  1688  3.811881e+02  2.015491e+02  -47.1261
  1689  3.818136e+02  2.028914e+02  -46.8611
  1690  3.824409e+02  2.042372e+02  -46.5964
  1691  3.830695e+02  2.055855e+02  -46.3321
  1692  3.836988e+02  2.069355e+02  -46.0682
  1693  3.843282e+02  2.082864e+02  -45.8051
  1694  3.849570e+02  2.096374e+02  -45.5427
  1695  3.855848e+02  2.109874e+02  -45.2812
  1696  3.862108e+02  2.123357e+02  -45.0208
  1697  3.868345e+02  2.136815e+02  -44.7615
  1698  3.874553e+02  2.150239e+02  -44.5036
  1699  3.880725e+02  2.163619e+02  -44.2470
  1700  3.886855e+02  2.176949e+02  -43.9920
  1701  3.892937e+02  2.190218e+02  -43.7387
  1702  3.898965e+02  2.203423e+02  -43.4870
  1703  3.904933e+02  2.216556e+02  -43.2370
  1704  3.910834e+02  2.229612e+02  -42.9888
  1705  3.916662e+02  2.242585e+02  -42.7424
  1706  3.922410e+02  2.255471e+02  -42.4978
  1707  3.928073e+02  2.268262e+02  -42.2551
  1708  3.933643e+02  2.280954e+02  -42.0142
  1709  3.939115e+02  2.293540e+02  -41.7752
  1710  3.944481e+02  2.306016e+02  -41.5382
  1711  3.949736e+02  2.318375e+02  -41.3030
  1712  3.954873e+02  2.330612e+02  -41.0699
  1713  3.959885e+02  2.342721e+02  -40.8387
  1714  3.964767e+02  2.354696e+02  -40.6095
  1715  3.969515e+02  2.366532e+02  -40.3823
  1716  3.974126e+02  2.378224e+02  -40.1573
  1717  3.978599e+02  2.389764e+02  -39.9345
  1718  3.982930e+02  2.401149e+02  -39.7140
  1719  3.987117e+02  2.412372e+02  -39.4958
  1720  3.991158e+02  2.423427e+02  -39.2801
  1721  3.995049e+02  2.434308e+02  -39.0669
  1722  3.998789e+02  2.445011e+02  -38.8562
  1723  4.002375e+02  2.455530e+02  -38.6482
  1724  4.005803e+02  2.465858e+02  -38.4429
  1725  4.009073e+02  2.475990e+02  -38.2403
  1726  4.012180e+02  2.485921e+02  -38.0406
  1727  4.015122e+02  2.495645e+02  -37.8439
  1728  4.017897e+02  2.505155e+02  -37.6501
  1729  4.020502e+02  2.514448e+02  -37.4594
  1730  4.022934e+02  2.523516e+02  -37.2718
  1731  4.025191e+02  2.532354e+02  -37.0874
  1732  4.027269e+02  2.540956e+02  -36.9062
  1733  4.029167e+02  2.549318e+02  -36.7284
  1734  4.030881e+02  2.557432e+02  -36.5540
  1735  4.032410e+02  2.565294e+02  -36.3831
  1736  4.033749e+02  2.572898e+02  -36.2157
  1737  4.034896e+02  2.580238e+02  -36.0519
  1738  4.035849e+02  2.587309e+02  -35.8918
  1739  4.036605e+02  2.594104e+02  -35.7355
  1740  4.037160e+02  2.600618e+02  -35.5830
  1741  4.037513e+02  2.606846e+02  -35.4344
  1742  4.037661e+02  2.612782e+02  -35.2897
  1743  4.037600e+02  2.618420e+02  -35.1491
  1744  4.037328e+02  2.623754e+02  -35.0126
  1745  4.036842e+02  2.628780e+02  -34.8803
  1746  4.036139e+02  2.633490e+02  -34.7522
  1747  4.035216e+02  2.637880e+02  -34.6285
  1748  4.034071e+02  2.641944e+02  -34.5092
  1749  4.032700e+02  2.645676e+02  -34.3944
  1750  4.031102e+02  2.649070e+02  -34.2842
  1751  4.029272e+02  2.652123e+02  -34.1786
  1752  4.027207e+02  2.654834e+02  -34.0775
  1753  4.024907e+02  2.657206e+02  -33.9809
  1754  4.022371e+02  2.659242e+02  -33.8887
  1755  4.019601e+02  2.660942e+02  -33.8008
  1756  4.016597e+02  2.662309e+02  -33.7173
  1757  4.013361e+02  2.663345e+02  -33.6380
  1758  4.009895e+02  2.664053e+02  -33.5630
  1759  4.006200e+02  2.664433e+02  -33.4923
  1760  4.002276e+02  2.664489e+02  -33.4257
  1761  3.998126e+02  2.664222e+02  -33.3632
  1762  3.993751e+02  2.663634e+02  -33.3050
  1763  3.989151e+02  2.662727e+02  -33.2508
  1764  3.984329e+02  2.661503e+02  -33.2007
  1765  3.979285e+02  2.659965e+02  -33.1547
  1766  3.974022e+02  2.658114e+02  -33.1127
  1767  3.968540e+02  2.655953e+02  -33.0748
  1768  3.962840e+02  2.653483e+02  -33.0409
  1769  3.956925e+02  2.650706e+02  -33.0110
  1770  3.950795e+02  2.647625e+02  -32.9850
  1771  3.944452e+02  2.644241e+02  -32.9630
  1772  3.937898e+02  2.640557e+02  -32.9450
  1773  3.931133e+02  2.636575e+02  -32.9309
  1774  3.924160e+02  2.632296e+02  -32.9208
  1775  3.916979e+02  2.627722e+02  -32.9146
  1776  3.909592e+02  2.622856e+02  -32.9123
  1777  3.902001e+02  2.617700e+02  -32.9139
  1778  3.894206e+02  2.612256e+02  -32.9194
  1779  3.886210e+02  2.606526e+02  -32.9289
  1780  3.878014e+02  2.600511e+02  -32.9422
  1781  3.869620e+02  2.594214e+02  -32.9595
  1782  3.861028e+02  2.587637e+02  -32.9806
  1783  3.852241e+02  2.580782e+02  -33.0057
  1784  3.843259e+02  2.573651e+02  -33.0347
  1785  3.834085e+02  2.566245e+02  -33.0676
  1786  3.824720e+02  2.558568e+02  -33.1044
  1787  3.815166e+02  2.550621e+02  -33.1452
  1788  3.805423e+02  2.542406e+02  -33.1899
  1789  3.795495e+02  2.533925e+02  -33.2386
  1790  3.785381e+02  2.525180e+02  -33.2913
  1791  3.775084e+02  2.516173e+02  -33.3479
  1792  3.764606e+02  2.506906e+02  -33.4085
  1793  3.753950e+02  2.497382e+02  -33.4732
  1794  3.743119e+02  2.487602e+02  -33.5420
  1795  3.732118e+02  2.477568e+02  -33.6150
  1796  3.720950e+02  2.467282e+02  -33.6921
  1797  3.709618e+02  2.456747e+02  -33.7736
  1798  3.698127e+02  2.445964e+02  -33.8594
  1799  3.686479e+02  2.434936e+02  -33.9496
  1800  3.674680e+02  2.423664e+02  -34.0442
  1801  3.662732e+02  2.412151e+02  -34.1434
  1802  3.650639e+02  2.400403e+02  -34.2470
  1803  3.638405e+02  2.388424e+02  -34.3552
  1804  3.626035e+02  2.376222e+02  -34.4678
  1805  3.613531e+02  2.363801e+02  -34.5847
  1806  3.600898e+02  2.351168e+02  -34.7061
  1807  3.588139e+02  2.338329e+02  -34.8317
  1808  3.575259e+02  2.325288e+02  -34.9617
  1809  3.562261e+02  2.312053e+02  -35.0959
  1810  3.549149e+02  2.298628e+02  -35.2344
  1811  3.535928e+02  2.285020e+02  -35.3771
  1812  3.522600e+02  2.271235e+02  -35.5239
  1813  3.509171e+02  2.257278e+02  -35.6749
  1814  3.495644e+02  2.243155e+02  -35.8300
  1815  3.482023e+02  2.228872e+02  -35.9892
  1816  3.468312e+02  2.214434e+02  -36.1524
  1817  3.454516e+02  2.199849e+02  -36.3196
  1818  3.440638e+02  2.185121e+02  -36.4908
  1819  3.426682e+02  2.170256e+02  -36.6660
  1820  3.412653e+02  2.155260e+02  -36.8450
  1821  3.398554e+02  2.140139e+02  -37.0280
  1822  3.384390e+02  2.124898e+02  -37.2147
  1823  3.370166e+02  2.109544e+02  -37.4053
  1824  3.355884e+02  2.094083e+02  -37.5997
  1825  3.341550e+02  2.078519e+02  -37.7977
  1826  3.327167e+02  2.062860e+02  -37.9995
  1827  3.312740e+02  2.047110e+02  -38.2049
  1828  3.298273e+02  2.031276e+02  -38.4140
  1829  3.283771e+02  2.015364e+02  -38.6265
  1830  3.269237e+02  1.999378e+02  -38.8427
  1831  3.254676e+02  1.983326e+02  -39.0623
  1832  3.240092e+02  1.967212e+02  -39.2853
  1833  3.225488e+02  1.951044e+02  -39.5117
  1834  3.210867e+02  1.934825e+02  -39.7413
  1835  3.196233e+02  1.918563e+02  -39.9742
  1836  3.181591e+02  1.902264e+02  -40.2103
  1837  3.166942e+02  1.885932e+02  -40.4494
  1838  3.152292e+02  1.869574e+02  -40.6916
  1839  3.137643e+02  1.853196e+02  -40.9367
  1840  3.123000e+02  1.836803e+02  -41.1847
  1841  3.108365e+02  1.820401e+02  -41.4354
  1842  3.093743e+02  1.803996e+02  -41.6889
  1843  3.079138e+02  1.787595e+02  -41.9450
  1844  3.064552e+02  1.771202e+02  -42.2036
  1845  3.049990e+02  1.754823e+02  -42.4646
  1846  3.035456e+02  1.738465e+02  -42.7280
  1847  3.020953e+02  1.722133e+02  -42.9937
  1848  3.006485e+02  1.705833e+02  -43.2615
  1849  2.992056e+02  1.689571e+02  -43.5314
  1850  2.977669e+02  1.673353e+02  -43.8033
  1851  2.963329e+02  1.657183e+02  -44.0770
  1852  2.949039e+02  1.641067e+02  -44.3525
  1853  2.934804e+02  1.625008e+02  -44.6297
  1854  2.920626e+02  1.609011e+02  -44.9087
  1855  2.906510e+02  1.593079e+02  -45.1893
  1856  2.892460e+02  1.577216e+02  -45.4715
  1857  2.878480e+02  1.561426e+02  -45.7552
  1858  2.864573e+02  1.545713e+02  -46.0404
  1859  2.850744e+02  1.530081e+02  -46.3270
  1860  2.836997e+02  1.514533e+02  -46.6149
  1861  2.823335e+02  1.499075e+02  -46.9041
  1862  2.809762e+02  1.483709e+02  -47.1945
  1863  2.796283e+02  1.468440e+02  -47.4860
  1864  2.782902e+02  1.453272e+02  -47.7785
  1865  2.769622e+02  1.438208e+02  -48.0720
  1866  2.756448e+02  1.423253e+02  -48.3664
  1867  2.743384e+02  1.408410e+02  -48.6616
  1868  2.730434e+02  1.393684e+02  -48.9574
  1869  2.717601e+02  1.379078e+02  -49.2538
  1870  2.704891e+02  1.364596e+02  -49.5508
  1871  2.692303e+02  1.350243e+02  -49.8480
  1872  2.679841e+02  1.336021e+02  -50.1455
  1873  2.667506e+02  1.321936e+02  -50.4430
  1874  2.655298e+02  1.307991e+02  -50.7403
  1875  2.643220e+02  1.294189e+02  -51.0374
  1876  2.631272e+02  1.280536e+02  -51.3340
  1877  2.619457e+02  1.267034e+02  -51.6299
  1878  2.607777e+02  1.253688e+02  -51.9250
  1879  2.596231e+02  1.240502e+02  -52.2191
  1880  2.584823e+02  1.227479e+02  -52.5120
  1881  2.573553e+02  1.214624e+02  -52.8036
  1882  2.562423e+02  1.201941e+02  -53.0936
  1883  2.551434e+02  1.189433e+02  -53.3818
  1884  2.540589e+02  1.177104e+02  -53.6681
  1885  2.529888e+02  1.164959e+02  -53.9522
  1886  2.519333e+02  1.153001e+02  -54.2339
  1887  2.508926e+02  1.141234e+02  -54.5130
  1888  2.498668e+02  1.129662e+02  -54.7894
  1889  2.488561e+02  1.118290e+02  -55.0628
  1890  2.478606e+02  1.107120e+02  -55.3330
  1891  2.468805e+02  1.096157e+02  -55.5997
  1892  2.459159e+02  1.085406e+02  -55.8627
  1893  2.449671e+02  1.074869e+02  -56.1219
  1894  2.440341e+02  1.064551e+02  -56.3770
  1895  2.431171e+02  1.054455e+02  -56.6277
  1896  2.422163e+02  1.044586e+02  -56.8738
  1897  2.413319e+02  1.034948e+02  -57.1151
  1898  2.404639e+02  1.025545e+02  -57.3514
  1899  2.396126e+02  1.016379e+02  -57.5824
  1900  2.387781e+02  1.007456e+02  -57.8078
  1901  2.379605e+02  9.987791e+01  -58.0275
  1902  2.371602e+02  9.903473e+01  -58.2414
  1903  2.363771e+02  9.821601e+01  -58.4494
  1904  2.356115e+02  9.742168e+01  -58.6516
  1905  2.348635e+02  9.665164e+01  -58.8477
  1906  2.341333e+02  9.590582e+01  -59.0379
  1907  2.334210e+02  9.518414e+01  -59.2221
  1908  2.327269e+02  9.448650e+01  -59.4003
  1909  2.320510e+02  9.381282e+01  -59.5723
  1910  2.313933e+02  9.316302e+01  -59.7382
  1911  2.307536e+02  9.253702e+01  -59.8979
  1912  2.301319e+02  9.193474e+01  -60.0513
  1913  2.295281e+02  9.135608e+01  -60.1983
  1914  2.289420e+02  9.080097e+01  -60.3389
  1915  2.283735e+02  9.026932e+01  -60.4729
  1916  2.278225e+02  8.976104e+01  -60.6004
  1917  2.272889e+02  8.927607e+01  -60.7213
  1918  2.267726e+02  8.881430e+01  -60.8355
  1919  2.262735e+02  8.837566e+01  -60.9430
  1920  2.257914e+02  8.796007e+01  -61.0437
  1921  2.253263e+02  8.756744e+01  -61.1375
  1922  2.248780e+02  8.719768e+01  -61.2245
  1923  2.244464e+02  8.685071e+01  -61.3045
  1924  2.240314e+02  8.652646e+01  -61.3775
  1925  2.236328e+02  8.622483e+01  -61.4436
  1926  2.232507e+02  8.594574e+01  -61.5026
  1927  2.228847e+02  8.568911e+01  -61.5545
  1928  2.225348e+02  8.545485e+01  -61.5993
  1929  2.222010e+02  8.524288e+01  -61.6370
  1930  2.218830e+02  8.505313e+01  -61.6676
  1931  2.215808e+02  8.488549e+01  -61.6909
  1932  2.212942e+02  8.473990e+01  -61.7071
  1933  2.210230e+02  8.461626e+01  -61.7161
  1934  2.207673e+02  8.451449e+01  -61.7178
  1935  2.205268e+02  8.443451e+01  -61.7124
  1936  2.203015e+02  8.437624e+01  -61.6996
  1937  2.200911e+02  8.433959e+01  -61.6797
  1938  2.198956e+02  8.432448e+01  -61.6525
  1939  2.197149e+02  8.433082e+01  -61.6181
  1940  2.195487e+02  8.435853e+01  -61.5764
  1941  2.193971e+02  8.440753e+01  -61.5275
  1942  2.192598e+02  8.447773e+01  -61.4714
  1943  2.191368e+02  8.456905e+01  -61.4081
  1944  2.190278e+02  8.468141e+01  -61.3376
  1945  2.189328e+02  8.481472e+01  -61.2599
  1946  2.188517e+02  8.496890e+01  -61.1751
  1947  2.187842e+02  8.514386e+01  -61.0832
  1948  2.187303e+02  8.533953e+01  -60.9841
  1949  2.186897e+02  8.555581e+01  -60.8780
  1950  2.186621e+02  8.579262e+01  -60.7648
  1951  2.186473e+02  8.604983e+01  -60.6445
  1952  2.186450e+02  8.632702e+01  -60.5173
  1953  2.186550e+02  8.662373e+01  -60.3834
  1954  2.186769e+02  8.693951e+01  -60.2429
  1955  2.187105e+02  8.727388e+01  -60.0962
  1956  2.187555e+02  8.762638e+01  -59.9432
  1957  2.188117e+02  8.799656e+01  -59.7843
  1958  2.188788e+02  8.838394e+01  -59.6197
  1959  2.189564e+02  8.878806e+01  -59.4494
  1960  2.190444e+02  8.920847e+01  -59.2738
  1961  2.191425e+02  8.964469e+01  -59.0930
  1962  2.192503e+02  9.009627e+01  -58.9071
  1963  2.193676e+02  9.056274e+01  -58.7164
  1964  2.194941e+02  9.104363e+01  -58.5211
  1965  2.196295e+02  9.153849e+01  -58.3214
  1966  2.197736e+02  9.204684e+01  -58.1174
  1967  2.199260e+02  9.256824e+01  -57.9094
  1968  2.200865e+02  9.310221e+01  -57.6974
  1969  2.202547e+02  9.364828e+01  -57.4818
  1970  2.204305e+02  9.420601e+01  -57.2627
  1971  2.206134e+02  9.477492e+01  -57.0403
  1972  2.208033e+02  9.535455e+01  -56.8147
  1973  2.209998e+02  9.594443e+01  -56.5862
  1974  2.212026e+02  9.654411e+01  -56.3549
  1975  2.214114e+02  9.715312e+01  -56.1210
  1976  2.216259e+02  9.777100e+01  -55.8847
  1977  2.218459e+02  9.839728e+01  -55.6461
  1978  2.220710e+02  9.903150e+01  -55.4055
  1979  2.223009e+02  9.967319e+01  -55.1629
  1980  2.225354e+02  1.003219e+02  -54.9187
  1981  2.227741e+02  1.009772e+02  -54.6728
  1982  2.230167e+02  1.016385e+02  -54.4256
  1983  2.232629e+02  1.023055e+02  -54.1771
  1984  2.235125e+02  1.029776e+02  -53.9276
  1985  2.237650e+02  1.036544e+02  -53.6771
  1986  2.240202e+02  1.043355e+02  -53.4259
  1987  2.242779e+02  1.050203e+02  -53.1740
  1988  2.245376e+02  1.057085e+02  -52.9217
  1989  2.247993e+02  1.063994e+02  -52.6691
  1990  2.250625e+02  1.070928e+02  -52.4164
  1991  2.253271e+02  1.077881e+02  -52.1637
  1992  2.255929e+02  1.084848e+02  -51.9112
  1993  2.258595e+02  1.091825e+02  -51.6591
  1994  2.261267e+02  1.098808e+02  -51.4074
  1995  2.263943e+02  1.105791e+02  -51.1564
  1996  2.266620e+02  1.112770e+02  -50.9062
  1997  2.269295e+02  1.119741e+02  -50.6569
  1998  2.271966e+02  1.126698e+02  -50.4087
  1999  2.274630e+02  1.133637e+02  -50.1617
  2000  2.277284e+02  1.140554e+02  -49.9160
  2001  2.279926e+02  1.147444e+02  -49.6719
  2002  2.282553e+02  1.154304e+02  -49.4293
  2003  2.285163e+02  1.161130e+02  -49.1883
  2004  2.287753e+02  1.167921e+02  -48.9490
  2005  2.290320e+02  1.174673e+02  -48.7114
  2006  2.292861e+02  1.181383e+02  -48.4756
  2007  2.295374e+02  1.188048e+02  -48.2417
  2008  2.297857e+02  1.194665e+02  -48.0096
  2009  2.300305e+02  1.201231e+02  -47.7795
  2010  2.302718e+02  1.207744e+02  -47.5514
  2011  2.305091e+02  1.214199e+02  -47.3253
  2012  2.307422e+02  1.220596e+02  -47.1013
  2013  2.309709e+02  1.226929e+02  -46.8795
  2014  2.311948e+02  1.233198e+02  -46.6598
  2015  2.314137e+02  1.239397e+02  -46.4424
  2016  2.316273e+02  1.245526e+02  -46.2272
  2017  2.318354e+02  1.251579e+02  -46.0143
  2018  2.320375e+02  1.257556e+02  -45.8038
  2019  2.322336e+02  1.263452e+02  -45.5956
  2020  2.324232e+02  1.269265e+02  -45.3899
  2021  2.326061e+02  1.274992e+02  -45.1866
  2022  2.327820e+02  1.280630e+02  -44.9859
  2023  2.329506e+02  1.286175e+02  -44.7876
  2024  2.331116e+02  1.291626e+02  -44.5920
  2025  2.332648e+02  1.296978e+02  -44.3989
  2026  2.334098e+02  1.302230e+02  -44.2084
  2027  2.335466e+02  1.307378e+02  -44.0207
  2028  2.336751e+02  1.312418e+02  -43.8358
  2029  2.337951e+02  1.317349e+02  -43.6537
  2030  2.339065e+02  1.322168e+02  -43.4745
  2031  2.340092e+02  1.326870e+02  -43.2984
  2032  2.341032e+02  1.331454e+02  -43.1253
  2033  2.341882e+02  1.335916e+02  -42.9554
  2034  2.342643e+02  1.340254e+02  -42.7888
  2035  2.343313e+02  1.344464e+02  -42.6255
  2036  2.343891e+02  1.348544e+02  -42.4656
  2037  2.344376e+02  1.352491e+02  -42.3091
  2038  2.344766e+02  1.356300e+02  -42.1563
  2039  2.345061e+02  1.359971e+02  -42.0070
  2040  2.345260e+02  1.363500e+02  -41.8615
  2041  2.345362e+02  1.366883e+02  -41.7198
  2042  2.345365e+02  1.370118e+02  -41.5819
  2043  2.345268e+02  1.373202e+02  -41.4480
  2044  2.345071e+02  1.376132e+02  -41.3181
  2045  2.344772e+02  1.378904e+02  -41.1924
  2046  2.344370e+02  1.381517e+02  -41.0709
  2047  2.343864e+02  1.383967e+02  -40.9536
  2048  2.343253e+02  1.386251e+02  -40.8408
  2049  2.342536e+02  1.388366e+02  -40.7323
  2050  2.341712e+02  1.390310e+02  -40.6285
  2051  2.340779e+02  1.392079e+02  -40.5292
  2052  2.339736e+02  1.393674e+02  -40.4346
  2053  2.338583e+02  1.395096e+02  -40.3444
  2054  2.337318e+02  1.396346e+02  -40.2586
  2055  2.335940e+02  1.397423e+02  -40.1773
  2056  2.334448e+02  1.398329e+02  -40.1002
  2057  2.332840e+02  1.399065e+02  -40.0274
  2058  2.331117e+02  1.399631e+02  -39.9588
  2059  2.329275e+02  1.400027e+02  -39.8943
  2060  2.327315e+02  1.400256e+02  -39.8339
  2061  2.325236e+02  1.400316e+02  -39.7774
  2062  2.323035e+02  1.400210e+02  -39.7250
  2063  2.320712e+02  1.399937e+02  -39.6764
  2064  2.318266e+02  1.399499e+02  -39.6316
  2065  2.315696e+02  1.398896e+02  -39.5907
  2066  2.313002e+02  1.398129e+02  -39.5535
  2067  2.310185e+02  1.397198e+02  -39.5201
  2068  2.307246e+02  1.396104e+02  -39.4904
  2069  2.304185e+02  1.394849e+02  -39.4646
  2070  2.301004e+02  1.393432e+02  -39.4424
  2071  2.297703e+02  1.391854e+02  -39.4241
  2072  2.294282e+02  1.390117e+02  -39.4095
  2073  2.290744e+02  1.388220e+02  -39.3987
  2074  2.287087e+02  1.386164e+02  -39.3917
  2075  2.283314e+02  1.383951e+02  -39.3885
  2076  2.279425e+02  1.381580e+02  -39.3891
  2077  2.275420e+02  1.379054e+02  -39.3935
  2078  2.271301e+02  1.376371e+02  -39.4017
  2079  2.267069e+02  1.373533e+02  -39.4137
  2080  2.262723e+02  1.370541e+02  -39.4296
  2081  2.258265e+02  1.367395e+02  -39.4493
  2082  2.253697e+02  1.364097e+02  -39.4729
  2083  2.249017e+02  1.360646e+02  -39.5004
  2084  2.244228e+02  1.357044e+02  -39.5318
  2085  2.239331e+02  1.353290e+02  -39.5672
  2086  2.234325e+02  1.349387e+02  -39.6065
  2087  2.229212e+02  1.345334e+02  -39.6498
  2088  2.223993e+02  1.341133e+02  -39.6971
  2089  2.218668e+02  1.336783e+02  -39.7484
  2090  2.213239e+02  1.332287e+02  -39.8038
  2091  2.207706e+02  1.327643e+02  -39.8632
  2092  2.202070e+02  1.322854e+02  -39.9268
  2093  2.196331e+02  1.317920e+02  -39.9945
  2094  2.190492e+02  1.312841e+02  -40.0664
  2095  2.184552e+02  1.307618e+02  -40.1425
  2096  2.178513e+02  1.302252e+02  -40.2229
  2097  2.172375e+02  1.296744e+02  -40.3076
  2098  2.166139e+02  1.291094e+02  -40.3966
  2099  2.159807e+02  1.285303e+02  -40.4899
  2100  2.153378e+02  1.279372e+02  -40.5877
  2101  2.146854e+02  1.273301e+02  -40.6899
  2102  2.140236e+02  1.267095e+02  -40.7965
  2103  2.133525e+02  1.260755e+02  -40.9074
  2104  2.126721e+02  1.254286e+02  -41.0226
  2105  2.119827e+02  1.247690e+02  -41.1419
  2106  2.112844e+02  1.240972e+02  -41.2654
  2107  2.105774e+02  1.234133e+02  -41.3929
  2108  2.098619e+02  1.227178e+02  -41.5245
  2109  2.091381e+02  1.220110e+02  -41.6601
  2110  2.084062e+02  1.212932e+02  -41.7996
  2111  2.076663e+02  1.205648e+02  -41.9430
  2112  2.069187e+02  1.198260e+02  -42.0903
  2113  2.061635e+02  1.190772e+02  -42.2414
  2114  2.054009e+02  1.183188e+02  -42.3962
  2115  2.046312e+02  1.175510e+02  -42.5547
  2116  2.038544e+02  1.167743e+02  -42.7168
  2117  2.030709e+02  1.159888e+02  -42.8826
  2118  2.022808e+02  1.151950e+02  -43.0519
  2119  2.014843e+02  1.143932e+02  -43.2248
  2120  2.006816e+02  1.135837e+02  -43.4010
  2121  1.998728e+02  1.127669e+02  -43.5807
  2122  1.990583e+02  1.119430e+02  -43.7637
  2123  1.982381e+02  1.111124e+02  -43.9500
  2124  1.974125e+02  1.102755e+02  -44.1396
  2125  1.965817e+02  1.094325e+02  -44.3323
  2126  1.957459e+02  1.085838e+02  -44.5282
  2127  1.949053e+02  1.077298e+02  -44.7271
  2128  1.940601e+02  1.068707e+02  -44.9291
  2129  1.932104e+02  1.060069e+02  -45.1340
  2130  1.923565e+02  1.051387e+02  -45.3417
  2131  1.914987e+02  1.042665e+02  -45.5524
  2132  1.906370e+02  1.033905e+02  -45.7658
  2133  1.897718e+02  1.025112e+02  -45.9819
  2134  1.889031e+02  1.016288e+02  -46.2006
  2135  1.880313e+02  1.007436e+02  -46.4219
  2136  1.871565e+02  9.985608e+01  -46.6457
  2137  1.862790e+02  9.896647e+01  -46.8719
  2138  1.853989e+02  9.807510e+01  -47.1005
  2139  1.845164e+02  9.718233e+01  -47.3313
  2140  1.836319e+02  9.628848e+01  -47.5644
  2141  1.827454e+02  9.539387e+01  -47.7996
  2142  1.818572e+02  9.449884e+01  -48.0368
  2143  1.809675e+02  9.360373e+01  -48.2760
  2144  1.800766e+02  9.270885e+01  -48.5170
  2145  1.791844e+02  9.181454e+01  -48.7598
  2146  1.782914e+02  9.092113e+01  -49.0042
  2147  1.773975e+02  9.002895e+01  -49.2502
  2148  1.765031e+02  8.913833e+01  -49.4976
  2149  1.756083e+02  8.824960e+01  -49.7463
  2150  1.747132e+02  8.736309e+01  -49.9963
  2151  1.738181e+02  8.647910e+01  -50.2474
  2152  1.729231e+02  8.559789e+01  -50.4995
  2153  1.720285e+02  8.471964e+01  -50.7526
  2154  1.711344e+02  8.384459e+01  -51.0066
  2155  1.702410e+02  8.297293e+01  -51.2615
  2156  1.693484e+02  8.210488e+01  -51.5172
  2157  1.684570e+02  8.124066e+01  -51.7736
  2158  1.675668e+02  8.038047e+01  -52.0308
  2159  1.666780e+02  7.952453e+01  -52.2885
  2160  1.657909e+02  7.867304e+01  -52.5468
  2161  1.649056e+02  7.782623e+01  -52.8056
  2162  1.640223e+02  7.698431e+01  -53.0647
  2163  1.631413e+02  7.614748e+01  -53.3242
  2164  1.622626e+02  7.531596e+01  -53.5839
  2165  1.613866e+02  7.448995e+01  -53.8438
  2166  1.605133e+02  7.366969e+01  -54.1037
  2167  1.596430e+02  7.285536e+01  -54.3636
  2168  1.587759e+02  7.204719e+01  -54.6233
  2169  1.579122e+02  7.124540e+01  -54.8829
  2170  1.570520e+02  7.045018e+01  -55.1421
  2171  1.561956e+02  6.966176e+01  -55.4010
  2172  1.553432e+02  6.888034e+01  -55.6592
  2173  1.544949e+02  6.810614e+01  -55.9169
  2174  1.536510e+02  6.733937e+01  -56.1738
  2175  1.528117e+02  6.658024e+01  -56.4299
  2176  1.519771e+02  6.582897e+01  -56.6849
  2177  1.511475e+02  6.508576e+01  -56.9389
  2178  1.503230e+02  6.435083e+01  -57.1916
  2179  1.495039e+02  6.362440e+01  -57.4430
  2180  1.486904e+02  6.290666e+01  -57.6929
  2181  1.478827e+02  6.219784e+01  -57.9411
  2182  1.470809e+02  6.149815e+01  -58.1875
  2183  1.462852e+02  6.080780e+01  -58.4320
  2184  1.454956e+02  6.012699e+01  -58.6744
  2185  1.447122e+02  5.945596e+01  -58.9144
  2186  1.439352e+02  5.879489e+01  -59.1518
  2187  1.431645e+02  5.814402e+01  -59.3866
  2188  1.424003e+02  5.750355e+01  -59.6184
  2189  1.416427e+02  5.687369e+01  -59.8471
  2190  1.408917e+02  5.625465e+01  -60.0724
  2191  1.401474e+02  5.564665e+01  -60.2942
  2192  1.394099e+02  5.504990e+01  -60.5122
  2193  1.386793e+02  5.446461e+01  -60.7262
  2194  1.379557e+02  5.389099e+01  -60.9360
  2195  1.372391e+02  5.332926e+01  -61.1414
  2196  1.365297e+02  5.277963e+01  -61.3420
  2197  1.358274e+02  5.224230e+01  -61.5377
  2198  1.351325e+02  5.171750e+01  -61.7283
  2199  1.344450e+02  5.120543e+01  -61.9135
  2200  1.337650e+02  5.070631e+01  -62.0930
  2201  1.330925e+02  5.022030e+01  -62.2666
  2202  1.324277e+02  4.974740e+01  -62.4343
  2203  1.317706e+02  4.928756e+01  -62.5959
  2204  1.311213e+02  4.884072e+01  -62.7515
  2205  1.304799e+02  4.840684e+01  -62.9009
  2206  1.298466e+02  4.798586e+01  -63.0442
  2207  1.292213e+02  4.757773e+01  -63.1812
  2208  1.286042e+02  4.718241e+01  -63.3119
  2209  1.279953e+02  4.679984e+01  -63.4363
  2210  1.273948e+02  4.642997e+01  -63.5543
  2211  1.268027e+02  4.607275e+01  -63.6658
  2212  1.262191e+02  4.572813e+01  -63.7708
  2213  1.256442e+02  4.539606e+01  -63.8694
  2214  1.250779e+02  4.507648e+01  -63.9613
  2215  1.245205e+02  4.476935e+01  -64.0466
  2216  1.239719e+02  4.447462e+01  -64.1252
  2217  1.234323e+02  4.419223e+01  -64.1972
  2218  1.229017e+02  4.392214e+01  -64.2624
  2219  1.223803e+02  4.366429e+01  -64.3208
  2220  1.218681e+02  4.341863e+01  -64.3725
  2221  1.213653e+02  4.318511e+01  -64.4172
  2222  1.208717e+02  4.296369e+01  -64.4551
  2223  1.203874e+02  4.275430e+01  -64.4861
  2224  1.199122e+02  4.255691e+01  -64.5100
  2225  1.194463e+02  4.237145e+01  -64.5268
  2226  1.189894e+02  4.219788e+01  -64.5365
  2227  1.185417e+02  4.203614e+01  -64.5389
  2228  1.181030e+02  4.188620e+01  -64.5342
  2229  1.176733e+02  4.174798e+01  -64.5221
  2230  1.172525e+02  4.162145e+01  -64.5027
  2231  1.168407e+02  4.150656e+01  -64.4759
  2232  1.164378e+02  4.140324e+01  -64.4417
  2233  1.160437e+02  4.131146e+01  -64.4001
  2234  1.156583e+02  4.123116e+01  -64.3509
  2235  1.152818e+02  4.116229e+01  -64.2942
  2236  1.149139e+02  4.110480e+01  -64.2299
  2237  1.145547e+02  4.105863e+01  -64.1580
  2238  1.142041e+02  4.102375e+01  -64.0786
  2239  1.138621e+02  4.100009e+01  -63.9914
  2240  1.135286e+02  4.098760e+01  -63.8967
  2241  1.132036e+02  4.098624e+01  -63.7942
  2242  1.128870e+02  4.099596e+01  -63.6841
  2243  1.125789e+02  4.101670e+01  -63.5663
  2244  1.122791e+02  4.104841e+01  -63.4407
  2245  1.119876e+02  4.109104e+01  -63.3075
  2246  1.117043e+02  4.114454e+01  -63.1666
  2247  1.114293e+02  4.120886e+01  -63.0179
  2248  1.111624e+02  4.128395e+01  -62.8616
  2249  1.109037e+02  4.136976e+01  -62.6976
  2250  1.106531e+02  4.146624e+01  -62.5259
  2251  1.104104e+02  4.157330e+01  -62.3466
  2252  1.101758e+02  4.169075e+01  -62.1598
  2253  1.099491e+02  4.181835e+01  -61.9657
  2254  1.097303e+02  4.195587e+01  -61.7646
  2255  1.095193e+02  4.210308e+01  -61.5565
  2256  1.093162e+02  4.225974e+01  -61.3417
  2257  1.091208e+02  4.242562e+01  -61.1205
  2258  1.089330e+02  4.260049e+01  -60.8930
  2259  1.087530e+02  4.278413e+01  -60.6594
  2260  1.085805e+02  4.297628e+01  -60.4199
  2261  1.084155e+02  4.317673e+01  -60.1748
  2262  1.082579e+02  4.338524e+01  -59.9242
  2263  1.081076e+02  4.360158e+01  -59.6683
  2264  1.079643e+02  4.382552e+01  -59.4074
  2265  1.078281e+02  4.405682e+01  -59.1416
  2266  1.076988e+02  4.429525e+01  -58.8712
  2267  1.075762e+02  4.454058e+01  -58.5963
  2268  1.074603e+02  4.479257e+01  -58.3171
  2269  1.073510e+02  4.505101e+01  -58.0339
  2270  1.072480e+02  4.531564e+01  -57.7469
  2271  1.071514e+02  4.558624e+01  -57.4562
  2272  1.070609e+02  4.586258e+01  -57.1622
  2273  1.069765e+02  4.614443e+01  -56.8649
  2274  1.068979e+02  4.643154e+01  -56.5646
  2275  1.068252e+02  4.672370e+01  -56.2615
  2276  1.067582e+02  4.702067e+01  -55.9559
  2277  1.066967e+02  4.732221e+01  -55.6479
  2278  1.066406e+02  4.762810e+01  -55.3377
  2279  1.065898e+02  4.793809e+01  -55.0256
  2280  1.065442e+02  4.825197e+01  -54.7118
  2281  1.065037e+02  4.856949e+01  -54.3964
  2282  1.064680e+02  4.889043e+01  -54.0797
  2283  1.064372e+02  4.921455e+01  -53.7619
  2284  1.064110e+02  4.954161e+01  -53.4432
  2285  1.063894e+02  4.987140e+01  -53.1237
  2286  1.063722e+02  5.020366e+01  -52.8038
  2287  1.063592e+02  5.053819e+01  -52.4835
  2288  1.063504e+02  5.087473e+01  -52.1631
  2289  1.063456e+02  5.121306e+01  -51.8428
  2290  1.063447e+02  5.155294e+01  -51.5228
  2291  1.063476e+02  5.189415e+01  -51.2033
  2292  1.063540e+02  5.223644e+01  -50.8844
  2293  1.063640e+02  5.257960e+01  -50.5664
  2294  1.063773e+02  5.292338e+01  -50.2494
  2295  1.063939e+02  5.326756e+01  -49.9336
  2296  1.064135e+02  5.361190e+01  -49.6193
  2297  1.064361e+02  5.395616e+01  -49.3065
  2298  1.064616e+02  5.430012e+01  -48.9956
  2299  1.064897e+02  5.464355e+01  -48.6865
  2300  1.065203e+02  5.498621e+01  -48.3796
  2301  1.065535e+02  5.532788e+01  -48.0750
  2302  1.065889e+02  5.566839e+01  -47.7728
  2303  1.066266e+02  5.600759e+01  -47.4732
  2304  1.066664e+02  5.634530e+01  -47.1761
  2305  1.067081e+02  5.668139e+01  -46.8818
  2306  1.067517e+02  5.701568e+01  -46.5904
  2307  1.067971e+02  5.734802e+01  -46.3019
  2308  1.068440e+02  5.767825e+01  -46.0164
  2309  1.068924e+02  5.800621e+01  -45.7340
  2310  1.069422e+02  5.833174e+01  -45.4549
  2311  1.069933e+02  5.865469e+01  -45.1791
  2312  1.070454e+02  5.897489e+01  -44.9067
  2313  1.070986e+02  5.929219e+01  -44.6377
  2314  1.071526e+02  5.960643e+01  -44.3724
  2315  1.072074e+02  5.991744e+01  -44.1107
  2316  1.072628e+02  6.022508e+01  -43.8528
  2317  1.073187e+02  6.052918e+01  -43.5987
  2318  1.073750e+02  6.082959e+01  -43.3485
  2319  1.074315e+02  6.112614e+01  -43.1022
  2320  1.074882e+02  6.141868e+01  -42.8601
  2321  1.075449e+02  6.170705e+01  -42.6220
  2322  1.076014e+02  6.199109e+01  -42.3882
  2323  1.076576e+02  6.227064e+01  -42.1586
  2324  1.077135e+02  6.254554e+01  -41.9334
  2325  1.077689e+02  6.281564e+01  -41.7126
  2326  1.078236e+02  6.308077e+01  -41.4963
  2327  1.078775e+02  6.334078e+01  -41.2845
  2328  1.079305e+02  6.359551e+01  -41.0774
  2329  1.079825e+02  6.384480e+01  -40.8749
  2330  1.080333e+02  6.408849e+01  -40.6771
  2331  1.080829e+02  6.432643e+01  -40.4842
  2332  1.081310e+02  6.455845e+01  -40.2961
  2333  1.081775e+02  6.478439e+01  -40.1129
  2334  1.082223e+02  6.500411e+01  -39.9347
  2335  1.082653e+02  6.521743e+01  -39.7615
  2336  1.083064e+02  6.542420e+01  -39.5934
  2337  1.083454e+02  6.562426e+01  -39.4305
  2338  1.083821e+02  6.581746e+01  -39.2727
  2339  1.084165e+02  6.600363e+01  -39.1203
  2340  1.084486e+02  6.618262e+01  -38.9733
  2341  1.084784e+02  6.635427e+01  -38.8318
  2342  1.085056e+02  6.651842e+01  -38.6959
  2343  1.085303e+02  6.667490e+01  -38.5656
  2344  1.085525e+02  6.682357e+01  -38.4412
  2345  1.085720e+02  6.696426e+01  -38.3227
  2346  1.085888e+02  6.709682e+01  -38.2102
  2347  1.086029e+02  6.722108e+01  -38.1038
  2348  1.086142e+02  6.733689e+01  -38.0036
  2349  1.086226e+02  6.744409e+01  -37.9097
  2350  1.086280e+02  6.754253e+01  -37.8222
  2351  1.086305e+02  6.763206e+01  -37.7412
  2352  1.086299e+02  6.771271e+01  -37.6666
  2353  1.086263e+02  6.778451e+01  -37.5984
  2354  1.086194e+02  6.784751e+01  -37.5365
  2355  1.086094e+02  6.790174e+01  -37.4808
  2356  1.085960e+02  6.794724e+01  -37.4312
  2357  1.085793e+02  6.798405e+01  -37.3877
  2358  1.085592e+02  6.801222e+01  -37.3501
  2359  1.085356e+02  6.803178e+01  -37.3185
  2360  1.085085e+02  6.804277e+01  -37.2927
  2361  1.084778e+02  6.804524e+01  -37.2727
  2362  1.084435e+02  6.803922e+01  -37.2584
  2363  1.084054e+02  6.802475e+01  -37.2497
  2364  1.083636e+02  6.800188e+01  -37.2466
  2365  1.083179e+02  6.797065e+01  -37.2489
  2366  1.082683e+02  6.793108e+01  -37.2567
  2367  1.082148e+02  6.788324e+01  -37.2699
  2368  1.081572e+02  6.782714e+01  -37.2884
  2369  1.080956e+02  6.776285e+01  -37.3121
  2370  1.080298e+02  6.769038e+01  -37.3410
  2371  1.079598e+02  6.760980e+01  -37.3750
  2372  1.078855e+02  6.752112e+01  -37.4141
  2373  1.078069e+02  6.742441e+01  -37.4582
  2374  1.077238e+02  6.731968e+01  -37.5072
  2375  1.076363e+02  6.720700e+01  -37.5611
  2376  1.075443e+02  6.708639e+01  -37.6198
  2377  1.074477e+02  6.695789e+01  -37.6833
  2378  1.073465e+02  6.682156e+01  -37.7515
  2379  1.072408e+02  6.667742e+01  -37.8246
  2380  1.071305e+02  6.652551e+01  -37.9024
  2381  1.070157e+02  6.636588e+01  -37.9849
  2382  1.068965e+02  6.619857e+01  -38.0722
  2383  1.067727e+02  6.602362e+01  -38.1643
  2384  1.066445e+02  6.584106e+01  -38.2612
  2385  1.065119e+02  6.565094e+01  -38.3628
  2386  1.063749e+02  6.545330e+01  -38.4692
  2387  1.062335e+02  6.524817e+01  -38.5804
  2388  1.060878e+02  6.503560e+01  -38.6964
  2389  1.059377e+02  6.481563e+01  -38.8172
  2390  1.057833e+02  6.458830e+01  -38.9428
  2391  1.056247e+02  6.435364e+01  -39.0733
  2392  1.054617e+02  6.411171e+01  -39.2085
  2393  1.052945e+02  6.386253e+01  -39.3487
  2394  1.051231e+02  6.360615e+01  -39.4937
  2395  1.049475e+02  6.334261e+01  -39.6435
  2396  1.047677e+02  6.307195e+01  -39.7983
  2397  1.045838e+02  6.279421e+01  -39.9580
  2398  1.043957e+02  6.250942e+01  -40.1226
  2399  1.042035e+02  6.221764e+01  -40.2922
  2400  1.040072e+02  6.191889e+01  -40.4667
  2401  1.038069e+02  6.161324e+01  -40.6463
  2402  1.036026e+02  6.130083e+01  -40.8308
  2403  1.033942e+02  6.098180e+01  -41.0201
  2404  1.031818e+02  6.065630e+01  -41.2142
  2405  1.029655e+02  6.032450e+01  -41.4129
  2406  1.027452e+02  5.998653e+01  -41.6162
  2407  1.025210e+02  5.964256e+01  -41.8241
  2408  1.022930e+02  5.929274e+01  -42.0363
  2409  1.020610e+02  5.893722e+01  -42.2530
  2410  1.018252e+02  5.857614e+01  -42.4738
  2411  1.015856e+02  5.820967e+01  -42.6989
  2412  1.013422e+02  5.783796e+01  -42.9281
  2413  1.010950e+02  5.746115e+01  -43.1613
  2414  1.008441e+02  5.707940e+01  -43.3984
  2415  1.005895e+02  5.669287e+01  -43.6394
  2416  1.003312e+02  5.630171e+01  -43.8841
  2417  1.000692e+02  5.590606e+01  -44.1326
  2418  9.980370e+01  5.550608e+01  +0.0000
  2419  9.953470e+01  5.510192e+01  +0.0000
  2420  9.926230e+01  5.469374e+01  +0.0000
  2421  9.898656e+01  5.428169e+01  +0.0000
  2422  9.870755e+01  5.386591e+01  +0.0000
  2423  9.842534e+01  5.344657e+01  +0.0000
  2424  9.814002e+01  5.302381e+01  +0.0000
  2425  9.785164e+01  5.259779e+01  +0.0000
  2426  9.756028e+01  5.216866e+01  +0.0000
  2427  9.726601e+01  5.173657e+01  +0.0000
  2428  9.696892e+01  5.130168e+01  +0.0000
  2429  9.666907e+01  5.086413e+01  +0.0000
  2430  9.636653e+01  5.042408e+01  +0.0000
  2431  9.606139e+01  4.998169e+01  +0.0000
  2432  9.575371e+01  4.953709e+01  +0.0000
  2433  9.544357e+01  4.909046e+01  +0.0000
  2434  9.513104e+01  4.864193e+01  +0.0000
  2435  9.481621e+01  4.819166e+01  +0.0000
  2436  9.449914e+01  4.773981e+01  +0.0000
  2437  9.417991e+01  4.728652e+01  +0.0000
  2438  9.385860e+01  4.683195e+01  +0.0000
  2439  9.353528e+01  4.637625e+01  +0.0000
  2440  9.321003e+01  4.591957e+01  +0.0000
  2441  9.288293e+01  4.546207e+01  +0.0000
  2442  9.255405e+01  4.500390e+01  +0.0000
  2443  9.222348e+01  4.454521e+01  +0.0000
  2444  9.189128e+01  4.408615e+01  +0.0000
  2445  9.155754e+01  4.362687e+01  +0.0000
  2446  9.122233e+01  4.316753e+01  +0.0000
  2447  9.088574e+01  4.270829e+01  +0.0000
  2448  9.054784e+01  4.224928e+01  +0.0000
  2449  9.020871e+01  4.179067e+01  +0.0000
  2450  8.986843e+01  4.133261e+01  +0.0000
  2451  8.952708e+01  4.087524e+01  +0.0000
  2452  8.918473e+01  4.041873e+01  +0.0000
  2453  8.884148e+01  3.996322e+01  +0.0000
  2454  8.849739e+01  3.950887e+01  +0.0000
  2455  8.815256e+01  3.905583e+01  +0.0000
  2456  8.780705e+01  3.860425e+01  +0.0000
  2457  8.746094e+01  3.815428e+01  +0.0000
  2458  8.711430e+01  3.770608e+01  +0.0000
  2459  8.676722e+01  3.725979e+01  +0.0000
  2460  8.641976e+01  3.681558e+01  +0.0000
  2461  8.607201e+01  3.637359e+01  +0.0000
  2462  8.572404e+01  3.593398e+01  +0.0000
  2463  8.537592e+01  3.549690e+01  +0.0000
  2464  8.502775e+01  3.506249e+01  +0.0000
  2465  8.467958e+01  3.463092e+01  +0.0000
  2466  8.433151e+01  3.420234e+01  +0.0000
  2467  8.398360e+01  3.377689e+01  +0.0000
  2468  8.363594e+01  3.335473e+01  +0.0000
  2469  8.328860e+01  3.293602e+01  +0.0000
  2470  8.294167e+01  3.252090e+01  +0.0000
  2471  8.259522e+01  3.210952e+01  +0.0000
  2472  8.224933e+01  3.170205e+01  +0.0000
  2473  8.190408e+01  3.129863e+01  +0.0000
  2474  8.155955e+01  3.089942e+01  +0.0000
  2475  8.121583e+01  3.050456e+01  +0.0000
  2476  8.087298e+01  3.011421e+01  +0.0000
  2477  8.053109e+01  2.972852e+01  +0.0000
  2478  8.019025e+01  2.934765e+01  +0.0000
  2479  7.985053e+01  2.897174e+01  +0.0000
  2480  7.951201e+01  2.860095e+01  +0.0000
  2481  7.917477e+01  2.823543e+01  +0.0000
  2482  7.883891e+01  2.787534e+01  +0.0000
  2483  7.850449e+01  2.752083e+01  +0.0000
  2484  7.817160e+01  2.717204e+01  +0.0000
  2485  7.784033e+01  2.682913e+01  +0.0000
  2486  7.751075e+01  2.649226e+01  +0.0000
  2487  7.718295e+01  2.616157e+01  +0.0000
  2488  7.685702e+01  2.583722e+01  +0.0000
  2489  7.653303e+01  2.551936e+01  +0.0000
  2490  7.621107e+01  2.520814e+01  +0.0000
  2491  7.589122e+01  2.490372e+01  +0.0000
  2492  7.557357e+01  2.460625e+01  +0.0000
  2493  7.525820e+01  2.431588e+01  +0.0000
  2494  7.494516e+01  2.403276e+01  +0.0000
  2495  7.463428e+01  2.375704e+01  +0.0000
  2496  7.432539e+01  2.348888e+01  +0.0000
  2497  7.401828e+01  2.322843e+01  +0.0000
  2498  7.371276e+01  2.297585e+01  +0.0000
  2499  7.340864e+01  2.273128e+01  +0.0000
  2500  7.310571e+01  2.249487e+01  +0.0000
