# k[h/Mpc]  P(k)[(Mpc/h)^3]  k[1/Mpc]  P(k)[Mpc^3]
7.42280266e-05 6.95864643e+12 4.99999987e-05 2.27676672e+13
7.45575152e-05 6.86572048e+12 5.02219422e-05 2.24636272e+13
7.48884663e-05 6.77403832e+12 5.04448709e-05 2.21636567e+13
7.52208865e-05 6.68358282e+12 5.06687891e-05 2.18676996e+13
7.55547822e-05 6.59433708e+12 5.08937013e-05 2.15757006e+13
7.58901601e-05 6.50628445e+12 5.11196118e-05 2.12876054e+13
7.62270266e-05 6.41940855e+12 5.13465251e-05 2.10033602e+13
7.65653885e-05 6.33369320e+12 5.15744457e-05 2.07229122e+13
7.69052523e-05 6.24912247e+12 5.18033779e-05 2.04462092e+13
7.72466247e-05 6.16568069e+12 5.20333264e-05 2.01732000e+13
7.75895124e-05 6.08335250e+12 5.22642956e-05 1.99038343e+13
7.79339222e-05 6.00212281e+12 5.24962900e-05 1.96380627e+13
7.82798607e-05 5.92197673e+12 5.27293142e-05 1.93758365e+13
7.86273348e-05 5.84289974e+12 5.29633727e-05 1.91171082e+13
7.89763513e-05 5.76487820e+12 5.31984703e-05 1.88618332e+13
7.93269171e-05 5.68789883e+12 5.34346114e-05 1.86099681e+13
7.96790390e-05 5.61194848e+12 5.36718007e-05 1.83614697e+13
8.00327239e-05 5.53701391e+12 5.39100428e-05 1.81162948e+13
8.03879787e-05 5.46308113e+12 5.41493425e-05 1.78743976e+13
8.07448105e-05 5.39013607e+12 5.43897044e-05 1.76357321e+13
8.11032262e-05 5.31816489e+12 5.46311332e-05 1.74002530e+13
8.14632329e-05 5.24715400e+12 5.48736337e-05 1.71679158e+13
8.18248376e-05 5.17709023e+12 5.51172106e-05 1.69386775e+13
8.21880474e-05 5.10796064e+12 5.53618687e-05 1.67124956e+13
8.25528695e-05 5.03975247e+12 5.56076129e-05 1.64893285e+13
8.29193109e-05 4.97245337e+12 5.58544478e-05 1.62691358e+13
8.32873790e-05 4.90605209e+12 5.61023785e-05 1.60518805e+13
8.36570808e-05 4.84053771e+12 5.63514096e-05 1.58375272e+13
8.40284237e-05 4.77589947e+12 5.66015462e-05 1.56260403e+13
8.44014149e-05 4.71212640e+12 5.68527931e-05 1.54173842e+13
8.47760619e-05 4.64920644e+12 5.71051553e-05 1.52115194e+13
8.51523718e-05 4.58712734e+12 5.73586376e-05 1.50084057e+13
8.55303521e-05 4.52587709e+12 5.76132452e-05 1.48080039e+13
8.59100102e-05 4.46544402e+12 5.78689829e-05 1.46102758e+13
8.62913535e-05 4.40581750e+12 5.81258558e-05 1.44151866e+13
8.66743896e-05 4.34698728e+12 5.83838689e-05 1.42227027e+13
8.70591260e-05 4.28894320e+12 5.86430273e-05 1.40327911e+13
8.74455701e-05 4.23167506e+12 5.89033360e-05 1.38454181e+13
8.78337296e-05 4.17517191e+12 5.91648003e-05 1.36605482e+13
8.82236122e-05 4.11942272e+12 5.94274251e-05 1.34781450e+13
8.86152253e-05 4.06441666e+12 5.96912158e-05 1.32981733e+13
8.90085768e-05 4.01014329e+12 5.99561773e-05 1.31205988e+13
8.94036743e-05 3.95659358e+12 6.02223150e-05 1.29453920e+13
8.98005255e-05 3.90375892e+12 6.04896340e-05 1.27725248e+13
9.01991384e-05 3.85163080e+12 6.07581396e-05 1.26019692e+13
9.05995206e-05 3.80020051e+12 6.10278371e-05 1.24336969e+13
9.10016801e-05 3.74945828e+12 6.12987317e-05 1.22676758e+13
9.14056248e-05 3.69939413e+12 6.15708288e-05 1.21038733e+13
9.18113624e-05 3.64999825e+12 6.18441337e-05 1.19422572e+13
9.22189011e-05 3.60126110e+12 6.21186518e-05 1.17827964e+13
9.26282489e-05 3.55317388e+12 6.23943884e-05 1.16254621e+13
9.30394136e-05 3.50572807e+12 6.26713490e-05 1.14702264e+13
9.34524035e-05 3.45891527e+12 6.29495390e-05 1.13170618e+13
9.38672265e-05 3.41272720e+12 6.32289638e-05 1.11659412e+13
9.42838909e-05 3.36715573e+12 6.35096289e-05 1.10168381e+13
9.47024049e-05 3.32219283e+12 6.37915399e-05 1.08697261e+13
9.51227765e-05 3.27783060e+12 6.40747023e-05 1.07245794e+13
9.55450142e-05 3.23406118e+12 6.43591215e-05 1.05813723e+13
9.59691261e-05 3.19087661e+12 6.46448033e-05 1.04400788e+13
9.63951205e-05 3.14826898e+12 6.49317532e-05 1.03006729e+13
9.68230059e-05 3.10623048e+12 6.52199768e-05 1.01631291e+13
9.72527907e-05 3.06475340e+12 6.55094798e-05 1.00274222e+13
9.76844832e-05 3.02382995e+12 6.58002679e-05 9.89352668e+12
9.81180919e-05 2.98345244e+12 6.60923467e-05 9.76141741e+12
9.85536253e-05 2.94361328e+12 6.63857220e-05 9.63106951e+12
9.89910921e-05 2.90430507e+12 6.66803996e-05 9.50245886e+12
9.94305006e-05 2.86552110e+12 6.69763852e-05 9.37556340e+12
9.98718597e-05 2.82725488e+12 6.72736847e-05 9.25036195e+12
1.00315178e-04 2.78949998e+12 6.75723038e-05 9.12683350e+12
1.00760464e-04 2.75225000e+12 6.78722485e-05 9.00495702e+12
1.01207727e-04 2.71549813e+12 6.81735246e-05 8.88471031e+12
1.01656974e-04 2.67923754e+12 6.84761380e-05 8.76607101e+12
1.02108217e-04 2.64346150e+12 6.87800947e-05 8.64901706e+12
1.02561462e-04 2.60816338e+12 6.90854006e-05 8.53352680e+12
1.03016719e-04 2.57333672e+12 6.93920617e-05 8.41957910e+12
1.03473996e-04 2.53897518e+12 6.97000840e-05 8.30715321e+12
1.03933304e-04 2.50507252e+12 7.00094736e-05 8.19622867e+12
1.04394651e-04 2.47162255e+12 7.03202366e-05 8.08678532e+12
1.04858045e-04 2.43861925e+12 7.06323790e-05 7.97880336e+12
1.05323496e-04 2.40605664e+12 7.09459069e-05 7.87226329e+12
1.05791013e-04 2.37392884e+12 7.12608266e-05 7.76714586e+12
1.06260606e-04 2.34223004e+12 7.15771441e-05 7.66343207e+12
1.06732283e-04 2.31095448e+12 7.18948658e-05 7.56110301e+12
1.07206054e-04 2.28009642e+12 7.22139977e-05 7.46013998e+12
1.07681927e-04 2.24965023e+12 7.25345463e-05 7.36052454e+12
1.08159913e-04 2.21961038e+12 7.28565177e-05 7.26223858e+12
1.08640021e-04 2.18997155e+12 7.31799183e-05 7.16526467e+12
1.09122260e-04 2.16072851e+12 7.35047544e-05 7.06958576e+12
1.09606640e-04 2.13187614e+12 7.38310325e-05 6.97518503e+12
1.10093169e-04 2.10340929e+12 7.41587588e-05 6.88204569e+12
1.10581859e-04 2.07532261e+12 7.44879399e-05 6.79015023e+12
1.11072717e-04 2.04761075e+12 7.48185822e-05 6.69948107e+12
1.11565754e-04 2.02026840e+12 7.51506922e-05 6.61002093e+12
1.12060980e-04 1.99329044e+12 7.54842763e-05 6.52175302e+12
1.12558404e-04 1.96667230e+12 7.58193412e-05 6.43466239e+12
1.13058036e-04 1.94040964e+12 7.61558934e-05 6.34873482e+12
1.13559886e-04 1.91449815e+12 7.64939395e-05 6.26395625e+12
1.14063964e-04 1.88893349e+12 7.68334861e-05 6.18031244e+12
1.14570279e-04 1.86371082e+12 7.71745400e-05 6.09778758e+12
1.15078842e-04 1.83882519e+12 7.75171077e-05 6.01636545e+12
1.15589662e-04 1.81427172e+12 7.78611961e-05 5.93603011e+12
1.16102749e-04 1.79004566e+12 7.82068118e-05 5.85676602e+12
1.16618114e-04 1.76614265e+12 7.85539617e-05 5.77855887e+12
1.17135767e-04 1.74255848e+12 7.89026525e-05 5.70139494e+12
1.17655717e-04 1.71928900e+12 7.92528911e-05 5.62526064e+12
1.18177976e-04 1.69633013e+12 7.96046844e-05 5.55014259e+12
1.18702552e-04 1.67367784e+12 7.99580393e-05 5.47602762e+12
1.19229458e-04 1.65132815e+12 8.03129626e-05 5.40290274e+12
1.19758702e-04 1.62927715e+12 8.06694614e-05 5.33075511e+12
1.20290295e-04 1.60752094e+12 8.10275426e-05 5.25957198e+12
1.20824248e-04 1.58605554e+12 8.13872134e-05 5.18934036e+12
1.21360571e-04 1.56487699e+12 8.17484806e-05 5.12004724e+12
1.21899275e-04 1.54398136e+12 8.21113515e-05 5.05167983e+12
1.22440370e-04 1.52336479e+12 8.24758331e-05 4.98422545e+12
1.22983867e-04 1.50302341e+12 8.28419326e-05 4.91767144e+12
1.23529776e-04 1.48295337e+12 8.32096572e-05 4.85200524e+12
1.24078109e-04 1.46315090e+12 8.35790140e-05 4.78721447e+12
1.24628875e-04 1.44361232e+12 8.39500104e-05 4.72328709e+12
1.25182087e-04 1.42433425e+12 8.43226536e-05 4.66021210e+12
1.25737754e-04 1.40531351e+12 8.46969509e-05 4.59797903e+12
1.26295887e-04 1.38654691e+12 8.50729096e-05 4.53657749e+12
1.26856498e-04 1.36803129e+12 8.54505372e-05 4.47599710e+12
1.27419598e-04 1.34976334e+12 8.58298410e-05 4.41622706e+12
1.27985197e-04 1.33173972e+12 8.62108285e-05 4.35725641e+12
1.28553306e-04 1.31395713e+12 8.65935072e-05 4.29907438e+12
1.29123938e-04 1.29641228e+12 8.69778845e-05 4.24167023e+12
1.29697102e-04 1.27910171e+12 8.73639680e-05 4.18503259e+12
1.30272811e-04 1.26202190e+12 8.77517653e-05 4.12914997e+12
1.30851075e-04 1.24516940e+12 8.81412840e-05 4.07401107e+12
1.31431906e-04 1.22854090e+12 8.85325317e-05 4.01960506e+12
1.32015315e-04 1.21213371e+12 8.89255161e-05 3.96592314e+12
1.32601314e-04 1.19594541e+12 8.93202449e-05 3.91295740e+12
1.33189914e-04 1.17997359e+12 8.97167259e-05 3.86069996e+12
1.33781126e-04 1.16421579e+12 9.01149667e-05 3.80914276e+12
1.34374963e-04 1.14866904e+12 9.05149754e-05 3.75827608e+12
1.34971436e-04 1.13333019e+12 9.09167596e-05 3.70808963e+12
1.35570557e-04 1.11819615e+12 9.13203272e-05 3.65857328e+12
1.36172337e-04 1.10326393e+12 9.17256863e-05 3.60971725e+12
1.36776788e-04 1.08853095e+12 9.21328447e-05 3.56151311e+12
1.37383923e-04 1.07399484e+12 9.25418104e-05 3.51395310e+12
1.37993752e-04 1.05965325e+12 9.29525915e-05 3.46702951e+12
1.38606289e-04 1.04550378e+12 9.33651959e-05 3.42073452e+12
1.39221544e-04 1.03154359e+12 9.37796319e-05 3.37505886e+12
1.39839530e-04 1.01776972e+12 9.41959075e-05 3.32999277e+12
1.40460260e-04 1.00417922e+12 9.46140309e-05 3.28552666e+12
1.41083744e-04 9.90769301e+11 9.50340103e-05 3.24165137e+12
1.41709997e-04 9.77537778e+11 9.54558539e-05 3.19835977e+12
1.42339029e-04 9.64482755e+11 9.58795700e-05 3.15564566e+12
1.42970854e-04 9.51602342e+11 9.63051669e-05 3.11350284e+12
1.43605483e-04 9.38894605e+11 9.67326530e-05 3.07192500e+12
1.44242929e-04 9.26357206e+11 9.71620367e-05 3.03090447e+12
1.44883204e-04 9.13987646e+11 9.75933264e-05 2.99043309e+12
1.45526322e-04 9.01783467e+11 9.80265305e-05 2.95050281e+12
1.46172294e-04 8.89742262e+11 9.84616575e-05 2.91110576e+12
1.46821134e-04 8.77861744e+11 9.88987160e-05 2.87223446e+12
1.47472854e-04 8.66139701e+11 9.93377145e-05 2.83388166e+12
1.48127467e-04 8.54573950e+11 9.97786617e-05 2.79604022e+12
1.48784985e-04 8.43162356e+11 1.00221566e-04 2.75870316e+12
1.49445423e-04 8.31902907e+11 1.00666437e-04 2.72186390e+12
1.50108791e-04 8.20793665e+11 1.01113282e-04 2.68551610e+12
1.50775105e-04 8.09832716e+11 1.01562111e-04 2.64965349e+12
1.51444376e-04 7.99018165e+11 1.02012932e-04 2.61426987e+12
1.52116618e-04 7.88348130e+11 1.02465754e-04 2.57935908e+12
1.52791844e-04 7.77820748e+11 1.02920586e-04 2.54491504e+12
1.53470067e-04 7.67434178e+11 1.03377437e-04 2.51093171e+12
1.54151301e-04 7.57186578e+11 1.03836316e-04 2.47740307e+12
1.54835558e-04 7.47075943e+11 1.04297232e-04 2.44432256e+12
1.55522853e-04 7.37100209e+11 1.04760194e-04 2.41168343e+12
1.56213199e-04 7.27257346e+11 1.05225211e-04 2.37947903e+12
1.56906609e-04 7.17545395e+11 1.05692292e-04 2.34770295e+12
1.57603097e-04 7.07962710e+11 1.06161446e-04 2.31634982e+12
1.58302677e-04 6.98507811e+11 1.06632683e-04 2.28541478e+12
1.59005362e-04 6.89179225e+11 1.07106012e-04 2.25489302e+12
1.59711166e-04 6.79975475e+11 1.07581441e-04 2.22477970e+12
1.60420103e-04 6.70894922e+11 1.08058981e-04 2.19506947e+12
1.61132187e-04 6.61935861e+11 1.08538641e-04 2.16575674e+12
1.61847432e-04 6.53096613e+11 1.09020430e-04 2.13683602e+12
1.62565851e-04 6.44375516e+11 1.09504357e-04 2.10830188e+12
1.63287460e-04 6.35770906e+11 1.09990433e-04 2.08014886e+12
1.64012272e-04 6.27281123e+11 1.10478666e-04 2.05237154e+12
1.64740301e-04 6.18904536e+11 1.10969067e-04 2.02496458e+12
1.65471562e-04 6.10639554e+11 1.11461644e-04 1.99792277e+12
1.66206068e-04 6.02484759e+11 1.11956408e-04 1.97124148e+12
1.66943835e-04 5.94438825e+11 1.12453368e-04 1.94491637e+12
1.67684877e-04 5.86500442e+11 1.12952533e-04 1.91894315e+12
1.68429209e-04 5.78668294e+11 1.13453915e-04 1.89331751e+12
1.69176844e-04 5.70940933e+11 1.13957522e-04 1.86803473e+12
1.69927798e-04 5.63316854e+11 1.14463365e-04 1.84308986e+12
1.70682086e-04 5.55794572e+11 1.14971453e-04 1.81847806e+12
1.71439721e-04 5.48372641e+11 1.15481796e-04 1.79419459e+12
1.72200720e-04 5.41049735e+11 1.15994405e-04 1.77023512e+12
1.72965096e-04 5.33824604e+11 1.16509289e-04 1.74659556e+12
1.73732866e-04 5.26696013e+11 1.17026459e-04 1.72327186e+12
1.74504044e-04 5.19662727e+11 1.17545924e-04 1.70025998e+12
1.75278644e-04 5.12723398e+11 1.18067695e-04 1.67755552e+12
1.76056683e-04 5.05876629e+11 1.18591782e-04 1.65515389e+12
1.76838176e-04 4.99121044e+11 1.19118195e-04 1.63305062e+12
1.77623138e-04 4.92455316e+11 1.19646946e-04 1.61124134e+12
1.78411584e-04 4.85878359e+11 1.20178043e-04 1.58972250e+12
1.79203530e-04 4.79389221e+11 1.20711498e-04 1.56849099e+12
1.79998991e-04 4.72986957e+11 1.21247320e-04 1.54754373e+12
1.80797983e-04 4.66670602e+11 1.21785521e-04 1.52687754e+12
1.81600522e-04 4.60438947e+11 1.22326111e-04 1.50648849e+12
1.82406623e-04 4.54290662e+11 1.22869101e-04 1.48637220e+12
1.83216302e-04 4.48224437e+11 1.23414501e-04 1.46652441e+12
1.84029575e-04 4.42239005e+11 1.23962322e-04 1.44694095e+12
1.84846459e-04 4.36333280e+11 1.24512575e-04 1.42761829e+12
1.85666968e-04 4.30506288e+11 1.25065270e-04 1.40855323e+12
1.86491120e-04 4.24757063e+11 1.25620418e-04 1.38974261e+12
1.87318930e-04 4.19084646e+11 1.26178031e-04 1.37118330e+12
1.88150414e-04 4.13488043e+11 1.26738119e-04 1.35287203e+12
1.88985589e-04 4.07966247e+11 1.27300693e-04 1.33480553e+12
1.89824472e-04 4.02518263e+11 1.27865764e-04 1.31698053e+12
1.90667078e-04 3.97143107e+11 1.28433344e-04 1.29939381e+12
1.91513424e-04 3.91839772e+11 1.29003442e-04 1.28204208e+12
1.92363527e-04 3.86607245e+11 1.29576072e-04 1.26492202e+12
1.93217404e-04 3.81444527e+11 1.30151243e-04 1.24803037e+12
1.94075071e-04 3.76350643e+11 1.30728968e-04 1.23136393e+12
1.94936545e-04 3.71324683e+11 1.31309257e-04 1.21491973e+12
1.95801843e-04 3.66365785e+11 1.31892121e-04 1.19869494e+12
1.96670982e-04 3.61473098e+11 1.32477573e-04 1.18268679e+12
1.97543979e-04 3.56645770e+11 1.33065624e-04 1.16689248e+12
1.98420851e-04 3.51882876e+11 1.33656285e-04 1.15130900e+12
1.99301615e-04 3.47183452e+11 1.34249568e-04 1.13593317e+12
2.00186289e-04 3.42546547e+11 1.34845484e-04 1.12076190e+12
2.01074890e-04 3.37971252e+11 1.35444046e-04 1.10579221e+12
2.01967435e-04 3.33456942e+11 1.36045264e-04 1.09102205e+12
2.02863942e-04 3.29003166e+11 1.36649152e-04 1.07644995e+12
2.03764429e-04 3.24609466e+11 1.37255719e-04 1.06207441e+12
2.04668913e-04 3.20275334e+11 1.37864980e-04 1.04789377e+12
2.05577412e-04 3.15999769e+11 1.38476944e-04 1.03390475e+12
2.06489943e-04 3.11781466e+11 1.39091626e-04 1.02010308e+12
2.07406525e-04 3.07619155e+11 1.39709035e-04 1.00648461e+12
2.08327176e-04 3.03511641e+11 1.40329185e-04 9.93045431e+11
2.09251913e-04 2.99458228e+11 1.40952088e-04 9.79783261e+11
2.10180755e-04 2.95458538e+11 1.41577756e-04 9.66696862e+11
2.11113720e-04 2.91512189e+11 1.42206202e-04 9.53784988e+11
2.12050826e-04 2.87618771e+11 1.42837437e-04 9.41046300e+11
2.12992092e-04 2.83777632e+11 1.43471473e-04 9.28478657e+11
2.13937537e-04 2.79987961e+11 1.44108325e-04 9.16079412e+11
2.14887177e-04 2.76248962e+11 1.44748003e-04 9.03845956e+11
2.15841034e-04 2.72559858e+11 1.45390520e-04 8.91775751e+11
2.16799124e-04 2.68919959e+11 1.46035890e-04 8.79866537e+11
2.17761467e-04 2.65328635e+11 1.46684124e-04 8.68116254e+11
2.18728082e-04 2.61785264e+11 1.47335236e-04 8.56522864e+11
2.19698987e-04 2.58289227e+11 1.47989238e-04 8.45084346e+11
2.20674203e-04 2.54839868e+11 1.48646143e-04 8.33798550e+11
2.21653747e-04 2.51436507e+11 1.49305964e-04 8.22663256e+11
2.22637639e-04 2.48078478e+11 1.49968714e-04 8.11676276e+11
2.23625898e-04 2.44765130e+11 1.50634405e-04 8.00835489e+11
2.24618545e-04 2.41495935e+11 1.51303052e-04 7.90139166e+11
2.25615597e-04 2.38270448e+11 1.51974666e-04 7.79585847e+11
2.26617076e-04 2.35088224e+11 1.52649262e-04 7.69174078e+11
2.27622999e-04 2.31948803e+11 1.53326852e-04 7.58902354e+11
2.28633388e-04 2.28851502e+11 1.54007450e-04 7.48768441e+11
2.29648262e-04 2.25795491e+11 1.54691069e-04 7.38769624e+11
2.30667641e-04 2.22779960e+11 1.55377723e-04 7.28903248e+11
2.31691544e-04 2.19804137e+11 1.56067424e-04 7.19166795e+11
2.32719993e-04 2.16867568e+11 1.56760187e-04 7.09558772e+11
2.33753007e-04 2.13970012e+11 1.57456025e-04 7.00078394e+11
2.34790606e-04 2.11111226e+11 1.58154952e-04 6.90724868e+11
2.35832811e-04 2.08290947e+11 1.58856982e-04 6.81497331e+11
2.36879642e-04 2.05508714e+11 1.59562127e-04 6.72394273e+11
2.37931120e-04 2.02763927e+11 1.60270403e-04 6.63413735e+11
2.38987265e-04 2.00055996e+11 1.60981822e-04 6.54553783e+11
2.40048099e-04 1.97384343e+11 1.61696399e-04 6.45812527e+11
2.41113641e-04 1.94748425e+11 1.62414149e-04 6.37188193e+11
2.42183913e-04 1.92147729e+11 1.63135084e-04 6.28679098e+11
2.43258936e-04 1.89581750e+11 1.63859219e-04 6.20283590e+11
2.44338731e-04 1.87049989e+11 1.64586569e-04 6.12000043e+11
2.45423319e-04 1.84551974e+11 1.65317148e-04 6.03826904e+11
2.46512721e-04 1.82087245e+11 1.66050969e-04 5.95762674e+11
2.47606959e-04 1.79655352e+11 1.66788048e-04 5.87805878e+11
2.48706054e-04 1.77255852e+11 1.67528398e-04 5.79955067e+11
2.49810028e-04 1.74888344e+11 1.68272035e-04 5.72208929e+11
2.50918902e-04 1.72552457e+11 1.69018972e-04 5.64566251e+11
2.52032698e-04 1.70247826e+11 1.69769226e-04 5.57025836e+11
2.53151439e-04 1.67974081e+11 1.70522809e-04 5.49586478e+11
2.54275145e-04 1.65730795e+11 1.71279738e-04 5.42246774e+11
2.55403839e-04 1.63517493e+11 1.72040026e-04 5.35005177e+11
2.56537544e-04 1.61333710e+11 1.72803690e-04 5.27860162e+11
2.57676281e-04 1.59178994e+11 1.73570743e-04 5.20810247e+11
2.58820072e-04 1.57052956e+11 1.74341201e-04 5.13854162e+11
2.59968941e-04 1.54955258e+11 1.75115079e-04 5.06990805e+11
2.61122909e-04 1.52885568e+11 1.75892392e-04 5.00219084e+11
2.62282000e-04 1.50843554e+11 1.76673155e-04 4.93537912e+11
2.63446236e-04 1.48828852e+11 1.77457384e-04 4.86946106e+11
2.64615639e-04 1.46841080e+11 1.78245094e-04 4.80442409e+11
2.65790234e-04 1.44879859e+11 1.79036301e-04 4.74025582e+11
2.66970042e-04 1.42944818e+11 1.79831020e-04 4.67694411e+11
2.68155087e-04 1.41035608e+11 1.80629267e-04 4.61447757e+11
2.69345393e-04 1.39151902e+11 1.81431056e-04 4.55284550e+11
2.70540982e-04 1.37293378e+11 1.82236405e-04 4.49203731e+11
2.71741878e-04 1.35459714e+11 1.83045329e-04 4.43204252e+11
2.72948105e-04 1.33650579e+11 1.83857843e-04 4.37285030e+11
2.74159686e-04 1.31865635e+11 1.84673965e-04 4.31444954e+11
2.75376645e-04 1.30104546e+11 1.85493708e-04 4.25682930e+11
2.76599006e-04 1.28366983e+11 1.86317091e-04 4.19997881e+11
2.77826793e-04 1.26652616e+11 1.87144128e-04 4.14388722e+11
2.79060030e-04 1.24961113e+11 1.87974836e-04 4.08854374e+11
2.80298742e-04 1.23292149e+11 1.88809232e-04 4.03393770e+11
2.81542951e-04 1.21645406e+11 1.89647332e-04 3.98005870e+11
2.82792684e-04 1.20020600e+11 1.90489152e-04 3.92689743e+11
2.84047964e-04 1.18417476e+11 1.91334708e-04 3.87444556e+11
2.85308816e-04 1.16835781e+11 1.92184018e-04 3.82269485e+11
2.86575264e-04 1.15275265e+11 1.93037098e-04 3.77163705e+11
2.87847335e-04 1.13735640e+11 1.93893965e-04 3.72126279e+11
2.89125052e-04 1.12216592e+11 1.94754635e-04 3.67156177e+11
2.90408440e-04 1.10717811e+11 1.95619125e-04 3.62252385e+11
2.91697526e-04 1.09238993e+11 1.96487453e-04 3.57413913e+11
2.92992333e-04 1.07779876e+11 1.97359635e-04 3.52639894e+11
2.94292888e-04 1.06340225e+11 1.98235689e-04 3.47929570e+11
2.95599216e-04 1.04919813e+11 1.99115632e-04 3.43282192e+11
2.96911342e-04 1.03518412e+11 1.99999480e-04 3.38697012e+11
2.98229293e-04 1.02135768e+11 2.00887252e-04 3.34173204e+11
2.99553094e-04 1.00771609e+11 2.01778964e-04 3.29709876e+11
3.00882771e-04 9.94256647e+10 2.02674635e-04 3.25306145e+11
3.02218351e-04 9.80976725e+10 2.03574281e-04 3.20961150e+11
3.03559859e-04 9.67873936e+10 2.04477921e-04 3.16674110e+11
3.04907321e-04 9.54946120e+10 2.05385572e-04 3.12444319e+11
3.06260765e-04 9.42191146e+10 2.06297252e-04 3.08271080e+11
3.07620217e-04 9.29606888e+10 2.07212978e-04 3.04153695e+11
3.08985703e-04 9.17190911e+10 2.08132770e-04 3.00091371e+11
3.10357251e-04 9.04940511e+10 2.09056644e-04 2.96083220e+11
3.11734886e-04 8.92853026e+10 2.09984619e-04 2.92128373e+11
3.13118637e-04 8.80925871e+10 2.10916714e-04 2.88225983e+11
3.14508530e-04 8.69157026e+10 2.11852946e-04 2.84375390e+11
3.15904592e-04 8.57544983e+10 2.12793333e-04 2.80576101e+11
3.17306852e-04 8.46088252e+10 2.13737895e-04 2.76827627e+11
3.18715335e-04 8.34785321e+10 2.14686650e-04 2.73129474e+11
3.20130071e-04 8.23634365e+10 2.15639616e-04 2.69481045e+11
3.21551087e-04 8.12633269e+10 2.16596812e-04 2.65881648e+11
3.22978411e-04 8.01779935e+10 2.17558257e-04 2.62330597e+11
3.24412070e-04 7.91072287e+10 2.18523970e-04 2.58827212e+11
3.25852093e-04 7.80508036e+10 2.19493970e-04 2.55370745e+11
3.27298508e-04 7.70084698e+10 2.20468275e-04 2.51960382e+11
3.28751343e-04 7.59799832e+10 2.21446905e-04 2.48595325e+11
3.30210628e-04 7.49651077e+10 2.22429879e-04 2.45274802e+11
3.31676390e-04 7.39636671e+10 2.23417216e-04 2.41998236e+11
3.33148658e-04 7.29755420e+10 2.24408936e-04 2.38765236e+11
3.34627462e-04 7.20006146e+10 2.25405058e-04 2.35575417e+11
3.36112829e-04 7.10387647e+10 2.26405602e-04 2.32428385e+11
3.37604791e-04 7.00898317e+10 2.27410587e-04 2.29323616e+11
3.39103374e-04 6.91536161e+10 2.28420033e-04 2.26260457e+11
3.40608610e-04 6.82299204e+10 2.29433960e-04 2.23238260e+11
3.42120528e-04 6.73185514e+10 2.30452387e-04 2.20256395e+11
3.43639156e-04 6.64193338e+10 2.31475336e-04 2.17314287e+11
3.45164526e-04 6.55321104e+10 2.32502824e-04 2.14411423e+11
3.46696666e-04 6.46567263e+10 2.33534874e-04 2.11547295e+11
3.48235607e-04 6.37930284e+10 2.34571505e-04 2.08721402e+11
3.49781380e-04 6.29408591e+10 2.35612738e-04 2.05933230e+11
3.51334014e-04 6.21000567e+10 2.36658592e-04 2.03182248e+11
3.52893540e-04 6.12704618e+10 2.37709089e-04 2.00467936e+11
3.54459989e-04 6.04519178e+10 2.38764248e-04 1.97789780e+11
3.56033390e-04 5.96442839e+10 2.39824092e-04 1.95147321e+11
3.57613776e-04 5.88474354e+10 2.40888640e-04 1.92540150e+11
3.59201177e-04 5.80612490e+10 2.41957913e-04 1.89967864e+11
3.60795625e-04 5.72856016e+10 2.43031933e-04 1.87430060e+11
3.62397150e-04 5.65203507e+10 2.44110720e-04 1.84926271e+11
3.64005783e-04 5.57653333e+10 2.45194296e-04 1.82455965e+11
3.65621558e-04 5.50203890e+10 2.46282681e-04 1.80018617e+11
3.67244504e-04 5.42853608e+10 2.47375898e-04 1.77613713e+11
3.68874655e-04 5.35601173e+10 2.48473968e-04 1.75240823e+11
3.70512042e-04 5.28445531e+10 2.49576911e-04 1.72899602e+11
3.72156696e-04 5.21385645e+10 2.50684751e-04 1.70589711e+11
3.73808651e-04 5.14420474e+10 2.51797508e-04 1.68310810e+11
3.75467939e-04 5.07548758e+10 2.52915204e-04 1.66062486e+11
3.77134593e-04 5.00769006e+10 2.54037862e-04 1.63844250e+11
3.78808644e-04 4.94079739e+10 2.55165503e-04 1.61655621e+11
3.80490127e-04 4.87479520e+10 2.56298149e-04 1.59496126e+11
3.82179073e-04 4.80967111e+10 2.57435823e-04 1.57365362e+11
3.83875516e-04 4.74541500e+10 2.58578548e-04 1.55262996e+11
3.85579489e-04 4.68201688e+10 2.59726344e-04 1.53188703e+11
3.87291027e-04 4.61946682e+10 2.60879236e-04 1.51142157e+11
3.89010161e-04 4.55775373e+10 2.62037245e-04 1.49122996e+11
3.90736927e-04 4.49686525e+10 2.63200394e-04 1.47130814e+11
3.92471357e-04 4.43678914e+10 2.64368706e-04 1.45165212e+11
3.94213486e-04 4.37751342e+10 2.65542204e-04 1.43225798e+11
3.95963349e-04 4.31902717e+10 2.66720912e-04 1.41312214e+11
3.97720979e-04 4.26132067e+10 2.67904851e-04 1.39424142e+11
3.99486410e-04 4.20438434e+10 2.69094046e-04 1.37561269e+11
4.01259679e-04 4.14820870e+10 2.70288520e-04 1.35723285e+11
4.03040818e-04 4.09278470e+10 2.71488295e-04 1.33909893e+11
4.04829864e-04 4.03810371e+10 2.72693396e-04 1.32120812e+11
4.06626851e-04 3.98415718e+10 2.73903847e-04 1.30355761e+11
4.08431815e-04 3.93093656e+10 2.75119670e-04 1.28614460e+11
4.10244791e-04 3.87843066e+10 2.76340891e-04 1.26896545e+11
4.12065814e-04 3.82662529e+10 2.77567532e-04 1.25201549e+11
4.13894920e-04 3.77550641e+10 2.78799618e-04 1.23529015e+11
4.15732146e-04 3.72506051e+10 2.80037174e-04 1.21878499e+11
4.17577527e-04 3.67527870e+10 2.81280222e-04 1.20249711e+11
4.19431099e-04 3.62615744e+10 2.82528789e-04 1.18642536e+11
4.21292899e-04 3.57769339e+10 2.83782897e-04 1.17056863e+11
4.23162964e-04 3.52988289e+10 2.85042572e-04 1.15492574e+11
4.25041329e-04 3.48271835e+10 2.86307839e-04 1.13949420e+11
4.26928032e-04 3.43618751e+10 2.87578723e-04 1.12426999e+11
4.28823110e-04 3.39027810e+10 2.88855247e-04 1.10924911e+11
4.30726600e-04 3.34497824e+10 2.90137438e-04 1.09442766e+11
4.32638540e-04 3.30027903e+10 2.91425320e-04 1.07980274e+11
4.34558966e-04 3.25617507e+10 2.92718920e-04 1.06537257e+11
4.36487917e-04 3.21266115e+10 2.94018261e-04 1.05113546e+11
4.38425430e-04 3.16973196e+10 2.95323370e-04 1.03708966e+11
4.40371543e-04 3.12738009e+10 2.96634272e-04 1.02323275e+11
4.42326295e-04 3.08559548e+10 2.97950993e-04 1.00956144e+11
4.44289724e-04 3.04436812e+10 2.99273558e-04 9.96072454e+10
4.46261869e-04 3.00368830e+10 3.00601995e-04 9.82762614e+10
4.48242767e-04 2.96354818e+10 3.01936328e-04 9.69629357e+10
4.50232458e-04 2.92394227e+10 3.03276584e-04 9.56670887e+10
4.52230982e-04 2.88486523e+10 3.04622789e-04 9.43885455e+10
4.54238376e-04 2.84631170e+10 3.05974970e-04 9.31271307e+10
4.56254681e-04 2.80827547e+10 3.07333153e-04 9.18826412e+10
4.58279937e-04 2.77074925e+10 3.08697365e-04 9.06548384e+10
4.60314182e-04 2.73372578e+10 3.10067633e-04 8.94434850e+10
4.62357456e-04 2.69719791e+10 3.11443983e-04 8.82483470e+10
4.64409801e-04 2.66115856e+10 3.12826442e-04 8.70691924e+10
4.66471256e-04 2.62560064e+10 3.14215038e-04 8.59057895e+10
4.68541861e-04 2.59051718e+10 3.15609798e-04 8.47579105e+10
4.70621657e-04 2.55590136e+10 3.17010748e-04 8.36253318e+10
4.72710686e-04 2.52174695e+10 3.18417918e-04 8.25078498e+10
4.74808987e-04 2.48804851e+10 3.19831334e-04 8.14052863e+10
4.76916602e-04 2.45480069e+10 3.21251023e-04 8.03174665e+10
4.79033573e-04 2.42199817e+10 3.22677015e-04 7.92442163e+10
4.81159941e-04 2.38963499e+10 3.24109336e-04 7.81853406e+10
4.83295747e-04 2.35770432e+10 3.25548015e-04 7.71406162e+10
4.85441034e-04 2.32619940e+10 3.26993081e-04 7.61098217e+10
4.87595844e-04 2.29511361e+10 3.28444560e-04 7.50927402e+10
4.89760218e-04 2.26444104e+10 3.29902483e-04 7.40891788e+10
4.91934200e-04 2.23417671e+10 3.31366877e-04 7.30989747e+10
4.94117832e-04 2.20431578e+10 3.32837772e-04 7.21219690e+10
4.96311157e-04 2.17485342e+10 3.34315195e-04 7.11580039e+10
4.98514218e-04 2.14578475e+10 3.35799177e-04 7.02069196e+10
5.00727058e-04 2.11710476e+10 3.37289746e-04 6.92685525e+10
5.02949720e-04 2.08880849e+10 3.38786931e-04 6.83427405e+10
5.05182248e-04 2.06089106e+10 3.40290762e-04 6.74293230e+10
5.07424687e-04 2.03334730e+10 3.41801269e-04 6.65281318e+10
5.09677079e-04 2.00617171e+10 3.43318480e-04 6.56389864e+10
5.11939469e-04 1.97935882e+10 3.44842426e-04 6.47617083e+10
5.14211902e-04 1.95290330e+10 3.46373137e-04 6.38961224e+10
5.16494422e-04 1.92680033e+10 3.47910642e-04 6.30420716e+10
5.18787073e-04 1.90104585e+10 3.49454972e-04 6.21994231e+10
5.21089902e-04 1.87563589e+10 3.51006158e-04 6.13680466e+10
5.23402952e-04 1.85056650e+10 3.52564228e-04 6.05478128e+10
5.25726269e-04 1.82583318e+10 3.54129215e-04 5.97385750e+10
5.28059900e-04 1.80143070e+10 3.55701149e-04 5.89401618e+10
5.30403889e-04 1.77735384e+10 3.57280060e-04 5.81524025e+10
5.32758283e-04 1.75359751e+10 3.58865980e-04 5.73751304e+10
5.35123128e-04 1.73015729e+10 3.60458939e-04 5.66082008e+10
5.37498470e-04 1.70702970e+10 3.62058969e-04 5.58515001e+10
5.39884356e-04 1.68421138e+10 3.63666102e-04 5.51049181e+10
5.42280832e-04 1.66169895e+10 3.65280369e-04 5.43683445e+10
5.44687946e-04 1.63948850e+10 3.66901801e-04 5.36416515e+10
5.47105745e-04 1.61757535e+10 3.68530430e-04 5.29246853e+10
5.49534276e-04 1.59595478e+10 3.70166289e-04 5.22172923e+10
5.51973588e-04 1.57462222e+10 3.71809409e-04 5.15193222e+10
5.54423727e-04 1.55357363e+10 3.73459822e-04 5.08306434e+10
5.56884741e-04 1.53280581e+10 3.75117562e-04 5.01511508e+10
5.59356680e-04 1.51231564e+10 3.76782660e-04 4.94807424e+10
5.61839592e-04 1.49209999e+10 3.78455149e-04 4.88193163e+10
5.64333525e-04 1.47215538e+10 3.80135062e-04 4.81667579e+10
5.66838528e-04 1.45247766e+10 3.81822432e-04 4.75229318e+10
5.69354651e-04 1.43306271e+10 3.83517293e-04 4.68877033e+10
5.71881942e-04 1.41390650e+10 3.85219676e-04 4.62609403e+10
5.74420451e-04 1.39500531e+10 3.86929616e-04 4.56425212e+10
5.76970229e-04 1.37635590e+10 3.88647146e-04 4.50323397e+10
5.79531325e-04 1.35795508e+10 3.90372300e-04 4.44302920e+10
5.82103789e-04 1.33979971e+10 3.92105112e-04 4.38362752e+10
5.84687672e-04 1.32188673e+10 3.93845616e-04 4.32501889e+10
5.87283025e-04 1.30421315e+10 3.95593845e-04 4.26719354e+10
5.89889898e-04 1.28677602e+10 3.97349835e-04 4.21014181e+10
5.92508342e-04 1.26957242e+10 3.99113619e-04 4.15385415e+10
5.95138410e-04 1.25259929e+10 4.00885233e-04 4.09832056e+10
5.97780152e-04 1.23585334e+10 4.02664710e-04 4.04353027e+10
6.00433620e-04 1.21933130e+10 4.04452086e-04 3.98947260e+10
6.03098867e-04 1.20302997e+10 4.06247397e-04 3.93613704e+10
6.05775944e-04 1.18694621e+10 4.08050676e-04 3.88351334e+10
6.08464905e-04 1.17107698e+10 4.09861960e-04 3.83159157e+10
6.11165802e-04 1.15541930e+10 4.11681284e-04 3.78036195e+10
6.13878687e-04 1.13997023e+10 4.13508684e-04 3.72981486e+10
6.16603615e-04 1.12472704e+10 4.15344195e-04 3.67994138e+10
6.19340638e-04 1.10968732e+10 4.17187854e-04 3.63073363e+10
6.22089811e-04 1.09484872e+10 4.19039696e-04 3.58218390e+10
6.24851186e-04 1.08020888e+10 4.20899759e-04 3.53428451e+10
6.27624819e-04 1.06576522e+10 4.22768078e-04 3.48702699e+10
6.30410764e-04 1.05151473e+10 4.24644691e-04 3.44040148e+10
6.33209076e-04 1.03745439e+10 4.26529634e-04 3.39439811e+10
6.36019809e-04 1.02358125e+10 4.28422943e-04 3.34900724e+10
6.38843018e-04 1.00989270e+10 4.30324657e-04 3.30422032e+10
6.41678759e-04 9.96386683e+09 4.32234812e-04 3.26003062e+10
6.44527087e-04 9.83061199e+09 4.34153446e-04 3.21643160e+10
6.47388059e-04 9.69914261e+09 4.36080597e-04 3.17341675e+10
6.50261731e-04 9.56943662e+09 4.38016302e-04 3.13097886e+10
6.53148158e-04 9.44146798e+09 4.39960599e-04 3.08910940e+10
6.56047398e-04 9.31521065e+09 4.41913527e-04 3.04779986e+10
6.58959507e-04 9.19063906e+09 4.43875124e-04 3.00704187e+10
6.61884543e-04 9.06772901e+09 4.45845428e-04 2.96682751e+10
6.64822562e-04 8.94645846e+09 4.47824478e-04 2.92714957e+10
6.67773623e-04 8.82680582e+09 4.49812312e-04 2.88800099e+10
6.70737783e-04 8.70874980e+09 4.51808971e-04 2.84937479e+10
6.73715101e-04 8.59226985e+09 4.53814492e-04 2.81126427e+10
6.76705635e-04 8.47734659e+09 4.55828915e-04 2.77366307e+10
6.79709443e-04 8.36396091e+09 4.57852281e-04 2.73656494e+10
6.82726585e-04 8.25209390e+09 4.59884628e-04 2.69996370e+10
6.85757119e-04 8.14172487e+09 4.61925996e-04 2.66385258e+10
6.88801106e-04 8.03282966e+09 4.63976425e-04 2.62822367e+10
6.91858605e-04 7.92538420e+09 4.66035956e-04 2.59306909e+10
6.94929675e-04 7.81936492e+09 4.68104629e-04 2.55838115e+10
6.98014377e-04 7.71475406e+09 4.70182485e-04 2.52415401e+10
7.01112772e-04 7.61154433e+09 4.72269564e-04 2.49038531e+10
7.04224921e-04 7.50972933e+09 4.74365907e-04 2.45707294e+10
7.07350884e-04 7.40930212e+09 4.76471555e-04 2.42421463e+10
7.10490722e-04 7.31024435e+09 4.78586551e-04 2.39180439e+10
7.13644498e-04 7.21251591e+09 4.80710934e-04 2.35982908e+10
7.16812273e-04 7.11607546e+09 4.82844747e-04 2.32827519e+10
7.19994110e-04 7.02088327e+09 4.84988032e-04 2.29712970e+10
7.23190070e-04 6.92691579e+09 4.87140831e-04 2.26638493e+10
7.26400217e-04 6.83417991e+09 4.89303186e-04 2.23604311e+10
7.29624613e-04 6.74268510e+09 4.91475139e-04 2.20610735e+10
7.32863322e-04 6.65243960e+09 4.93656733e-04 2.17658035e+10
7.36116407e-04 6.56343741e+09 4.95848012e-04 2.14746015e+10
7.39383932e-04 6.47564511e+09 4.98049016e-04 2.11873580e+10
7.42665961e-04 6.38902703e+09 5.00259791e-04 2.09039563e+10
7.45962558e-04 6.30354885e+09 5.02480379e-04 2.06242843e+10
7.49273789e-04 6.21919039e+09 5.04710824e-04 2.03482759e+10
7.52599718e-04 6.13595898e+09 5.06951170e-04 2.00759549e+10
7.55940410e-04 6.05386439e+09 5.09201460e-04 1.98073535e+10
7.59295932e-04 5.97291515e+09 5.11461740e-04 1.95424995e+10
7.62666348e-04 5.89310172e+09 5.13732052e-04 1.92813617e+10
7.66051724e-04 5.81437825e+09 5.16012441e-04 1.90237901e+10
7.69452128e-04 5.73669609e+09 5.18302954e-04 1.87696255e+10
7.72867626e-04 5.66000866e+09 5.20603633e-04 1.85187155e+10
7.76298285e-04 5.58428730e+09 5.22914525e-04 1.82709664e+10
7.79744172e-04 5.50953888e+09 5.25235674e-04 1.80264006e+10
7.83205355e-04 5.43577397e+09 5.27567127e-04 1.77850526e+10
7.86681902e-04 5.36300200e+09 5.29908929e-04 1.75469534e+10
7.90173881e-04 5.29122303e+09 5.32261126e-04 1.73121032e+10
7.93681360e-04 5.22041819e+09 5.34623764e-04 1.70804402e+10
7.97204408e-04 5.15056661e+09 5.36996889e-04 1.68518961e+10
8.00743095e-04 5.08164805e+09 5.39380549e-04 1.66264047e+10
8.04297489e-04 5.01364562e+09 5.41774789e-04 1.64039108e+10
8.07867661e-04 4.94654909e+09 5.44179657e-04 1.61843808e+10
8.11453681e-04 4.88034915e+09 5.46595199e-04 1.59677843e+10
8.15055618e-04 4.81503650e+09 5.49021464e-04 1.57540909e+10
8.18673544e-04 4.75060003e+09 5.51458499e-04 1.55432643e+10
8.22307529e-04 4.68702467e+09 5.53906352e-04 1.53352551e+10
8.25957646e-04 4.62429509e+09 5.56365070e-04 1.51300131e+10
8.29623964e-04 4.56239633e+09 5.58834702e-04 1.49274895e+10
8.33306557e-04 4.50131653e+09 5.61315297e-04 1.47276454e+10
8.37005497e-04 4.44105036e+09 5.63806902e-04 1.45304633e+10
8.40720855e-04 4.38159325e+09 5.66309568e-04 1.43359284e+10
8.44452706e-04 4.32294041e+09 5.68823343e-04 1.41440249e+10
8.48201121e-04 4.26508305e+09 5.71348275e-04 1.39547242e+10
8.51966176e-04 4.20800343e+09 5.73884416e-04 1.37679680e+10
8.55747943e-04 4.15168302e+09 5.76431814e-04 1.35836960e+10
8.59546497e-04 4.09610388e+09 5.78990520e-04 1.34018492e+10
8.63361912e-04 4.04125251e+09 5.81560584e-04 1.32223836e+10
8.67194263e-04 3.98712499e+09 5.84142056e-04 1.30452863e+10
8.71043626e-04 3.93371862e+09 5.86734986e-04 1.28705485e+10
8.74910075e-04 3.88103044e+09 5.89339427e-04 1.26981605e+10
8.78793687e-04 3.82905478e+09 5.91955428e-04 1.25281038e+10
8.82694538e-04 3.77777987e+09 5.94583041e-04 1.23603399e+10
8.86612704e-04 3.72719329e+09 5.97222318e-04 1.21948280e+10
8.90548263e-04 3.67728292e+09 5.99873310e-04 1.20315286e+10
8.94501291e-04 3.62803817e+09 6.02536070e-04 1.18704071e+10
8.98471866e-04 3.57945185e+09 6.05210649e-04 1.17114398e+10
9.02460066e-04 3.53151728e+09 6.07897100e-04 1.15546049e+10
9.06465968e-04 3.48422778e+09 6.10595476e-04 1.13998806e+10
9.10489653e-04 3.43757500e+09 6.13305830e-04 1.12472396e+10
9.14531198e-04 3.39154649e+09 6.16028215e-04 1.10966411e+10
9.18590683e-04 3.34612947e+09 6.18762684e-04 1.09480433e+10
9.22668188e-04 3.30131150e+09 6.21509291e-04 1.08014055e+10
9.26763792e-04 3.25708300e+09 6.24268090e-04 1.06566963e+10
9.30877576e-04 3.21344103e+09 6.27039135e-04 1.05139062e+10
9.35009620e-04 3.17038350e+09 6.29822480e-04 1.03730283e+10
9.39160007e-04 3.12790811e+09 6.32618180e-04 1.02340551e+10
9.43328816e-04 3.08601014e+09 6.35426290e-04 1.00969711e+10
9.47516130e-04 3.04467898e+09 6.38246865e-04 9.96174162e+09
9.51722031e-04 3.00390330e+09 6.41079960e-04 9.82832959e+09
9.55946601e-04 2.96367209e+09 6.43925630e-04 9.69669899e+09
9.60189924e-04 2.92397573e+09 6.46783933e-04 9.56681836e+09
9.64452082e-04 2.88480777e+09 6.49654922e-04 9.43866654e+09
9.68733159e-04 2.84616227e+09 6.52538656e-04 9.31222417e+09
9.73033240e-04 2.80803336e+09 6.55435190e-04 9.18747198e+09
9.77352408e-04 2.77041470e+09 6.58344582e-04 9.06438927e+09
9.81690748e-04 2.73329876e+09 6.61266888e-04 8.94295137e+09
9.86048346e-04 2.69667790e+09 6.64202166e-04 8.82313331e+09
9.90425286e-04 2.66054464e+09 6.67150473e-04 8.70491058e+09
9.94821655e-04 2.62489241e+09 6.70111867e-04 8.58826172e+09
9.99237539e-04 2.58971692e+09 6.73086406e-04 8.47317270e+09
1.00367302e-03 2.55501422e+09 6.76074149e-04 8.35963058e+09
1.00812820e-03 2.52078032e+09 6.79075155e-04 8.24762230e+09
1.01260315e-03 2.48700887e+09 6.82089481e-04 8.13712707e+09
1.01709796e-03 2.45368711e+09 6.85117187e-04 8.02810320e+09
1.02161273e-03 2.42080162e+09 6.88158333e-04 7.92050672e+09
1.02614753e-03 2.38833944e+09 6.91212979e-04 7.81429524e+09
1.03070247e-03 2.35629248e+09 6.94281183e-04 7.70944230e+09
1.03527762e-03 2.32466537e+09 6.97363007e-04 7.60596304e+09
1.03987309e-03 2.29346449e+09 7.00458511e-04 7.50387835e+09
1.04448895e-03 2.26269566e+09 7.03567755e-04 7.40320726e+09
1.04912530e-03 2.23235959e+09 7.06690801e-04 7.30395212e+09
1.05378223e-03 2.20244357e+09 7.09827710e-04 7.20607131e+09
1.05845983e-03 2.17293294e+09 7.12978542e-04 7.10951685e+09
1.06315820e-03 2.14381359e+09 7.16143361e-04 7.01424262e+09
1.06787742e-03 2.11507463e+09 7.19322229e-04 6.92021297e+09
1.07261759e-03 2.08671344e+09 7.22515207e-04 6.82741935e+09
1.07737880e-03 2.05872881e+09 7.25722358e-04 6.73585774e+09
1.08216114e-03 2.03111936e+09 7.28943745e-04 6.64552370e+09
1.08696471e-03 2.00388293e+09 7.32179431e-04 6.55641010e+09
1.09178961e-03 1.97701519e+09 7.35429481e-04 6.46850279e+09
1.09663592e-03 1.95051145e+09 7.38693956e-04 6.38178646e+09
1.10150375e-03 1.92436709e+09 7.41972923e-04 6.29624596e+09
1.10639318e-03 1.89857673e+09 7.45266444e-04 6.21186370e+09
1.11130431e-03 1.87313266e+09 7.48574585e-04 6.12861444e+09
1.11623725e-03 1.84802692e+09 7.51897410e-04 6.04647215e+09
1.12119208e-03 1.82325180e+09 7.55234985e-04 5.96541161e+09
1.12616891e-03 1.79880087e+09 7.58587375e-04 5.88541178e+09
1.13116782e-03 1.77467117e+09 7.61954646e-04 5.80646293e+09
1.13618893e-03 1.75086032e+09 7.65336863e-04 5.72855734e+09
1.14123232e-03 1.72736594e+09 7.68734094e-04 5.65168718e+09
1.14629811e-03 1.70418540e+09 7.72146405e-04 5.57584386e+09
1.15138638e-03 1.68131545e+09 7.75573862e-04 5.50101677e+09
1.15649723e-03 1.65875276e+09 7.79016534e-04 5.42719495e+09
1.16163077e-03 1.63649396e+09 7.82474487e-04 5.35436746e+09
1.16678710e-03 1.61453540e+09 7.85947789e-04 5.28252227e+09
1.17196631e-03 1.59287230e+09 7.89436509e-04 5.21164380e+09
1.17716852e-03 1.57149977e+09 7.92940715e-04 5.14171603e+09
1.18239382e-03 1.55041302e+09 7.96460476e-04 5.07272326e+09
1.18764231e-03 1.52960754e+09 7.99995861e-04 5.00465081e+09
1.19291410e-03 1.50907961e+09 8.03546938e-04 4.93748643e+09
1.19820929e-03 1.48882565e+09 8.07113779e-04 4.87121847e+09
1.20352799e-03 1.46884217e+09 8.10696452e-04 4.80583545e+09
1.20887029e-03 1.44912574e+09 8.14295028e-04 4.74132619e+09
1.21423631e-03 1.42967319e+09 8.17909578e-04 4.67768032e+09
1.21962615e-03 1.41048142e+09 8.21540172e-04 4.61488768e+09
1.22503991e-03 1.39154736e+09 8.25186882e-04 4.55293820e+09
1.23047770e-03 1.37286744e+09 8.28849779e-04 4.49182027e+09
1.23593963e-03 1.35443651e+09 8.32528936e-04 4.43151697e+09
1.24142581e-03 1.33624916e+09 8.36224423e-04 4.37201063e+09
1.24693633e-03 1.31830016e+09 8.39936315e-04 4.31328413e+09
1.25247132e-03 1.30058557e+09 8.43664683e-04 4.25532463e+09
1.25803088e-03 1.28310558e+09 8.47409601e-04 4.19813266e+09
1.26361512e-03 1.26586107e+09 8.51171142e-04 4.14171117e+09
1.26922414e-03 1.24885278e+09 8.54949380e-04 4.08606253e+09
1.27485806e-03 1.23207976e+09 8.58744389e-04 4.03118369e+09
1.28051699e-03 1.21553580e+09 8.62556243e-04 3.97705428e+09
1.28620104e-03 1.19921370e+09 8.66385018e-04 3.92365077e+09
1.29191032e-03 1.18310655e+09 8.70230789e-04 3.87095054e+09
1.29764494e-03 1.16720912e+09 8.74093630e-04 3.81893649e+09
1.30340502e-03 1.15152155e+09 8.77973618e-04 3.76760909e+09
1.30919066e-03 1.13604505e+09 8.81870829e-04 3.71697224e+09
1.31500199e-03 1.12078061e+09 8.85785339e-04 3.66702924e+09
1.32083911e-03 1.10572775e+09 8.89717225e-04 3.61777850e+09
1.32670214e-03 1.09088101e+09 8.93666564e-04 3.56920215e+09
1.33259120e-03 1.07623400e+09 8.97633434e-04 3.52127929e+09
1.33850640e-03 1.06178056e+09 9.01617912e-04 3.47398975e+09
1.34444786e-03 1.04751569e+09 9.05620076e-04 3.42731720e+09
1.35041569e-03 1.03343808e+09 9.09640006e-04 3.38125735e+09
1.35641001e-03 1.01954723e+09 9.13677780e-04 3.33580851e+09
1.36243093e-03 1.00584252e+09 9.17733477e-04 3.29096874e+09
1.36847859e-03 9.92322794e+08 9.21807176e-04 3.24673417e+09
1.37455309e-03 9.78984834e+08 9.25898958e-04 3.20309433e+09
1.38065455e-03 9.65825047e+08 9.30008903e-04 3.16003744e+09
1.38678309e-03 9.52839928e+08 9.34137092e-04 3.11755204e+09
1.39293884e-03 9.40026484e+08 9.38283605e-04 3.07562834e+09
1.39912192e-03 9.27383394e+08 9.42448524e-04 3.03426201e+09
1.40533244e-03 9.14909702e+08 9.46631931e-04 2.99344993e+09
1.41157053e-03 9.02604416e+08 9.50833907e-04 2.95318884e+09
1.41783630e-03 8.90466103e+08 9.55054535e-04 2.91347406e+09
1.42412990e-03 8.78491756e+08 9.59293898e-04 2.87429576e+09
1.43045142e-03 8.66678055e+08 9.63552078e-04 2.83564307e+09
1.43680101e-03 8.55021769e+08 9.67829161e-04 2.79750542e+09
1.44317878e-03 8.43520082e+08 9.72125229e-04 2.75987359e+09
1.44958487e-03 8.32171559e+08 9.76440366e-04 2.72274289e+09
1.45601939e-03 8.20975085e+08 9.80774658e-04 2.68610968e+09
1.46248247e-03 8.09929525e+08 9.85128189e-04 2.64997023e+09
1.46897424e-03 7.99033243e+08 9.89501045e-04 2.61431920e+09
1.47549482e-03 7.88282672e+08 9.93893311e-04 2.57914492e+09
1.48204435e-03 7.77673860e+08 9.98305075e-04 2.54443444e+09
1.48862295e-03 7.67202989e+08 1.00273642e-03 2.51017529e+09
1.49523076e-03 7.56867255e+08 1.00718744e-03 2.47635829e+09
1.50186789e-03 7.46667588e+08 1.01165821e-03 2.44298648e+09
1.50853449e-03 7.36605745e+08 1.01614883e-03 2.41006561e+09
1.51523068e-03 7.26683314e+08 1.02065938e-03 2.37760088e+09
1.52195659e-03 7.16900586e+08 1.02518996e-03 2.34559323e+09
1.52871236e-03 7.07252960e+08 1.02974064e-03 2.31402762e+09
1.53549811e-03 6.97734744e+08 1.03431153e-03 2.28288542e+09
1.54231399e-03 6.88340472e+08 1.03890270e-03 2.25214874e+09
1.54916012e-03 6.79066172e+08 1.04351426e-03 2.22180460e+09
1.55603664e-03 6.69913449e+08 1.04814628e-03 2.19185823e+09
1.56294368e-03 6.60885218e+08 1.05279887e-03 2.16231919e+09
1.56988139e-03 6.51984172e+08 1.05747210e-03 2.13319628e+09
1.57684989e-03 6.43211332e+08 1.06216608e-03 2.10449283e+09
1.58384932e-03 6.34561202e+08 1.06688090e-03 2.07619088e+09
1.59087982e-03 6.26026767e+08 1.07161665e-03 2.04826747e+09
1.59794153e-03 6.17601318e+08 1.07637341e-03 2.02070064e+09
1.60503458e-03 6.09279803e+08 1.08115129e-03 1.99347386e+09
1.61215912e-03 6.01063412e+08 1.08595038e-03 1.96659104e+09
1.61931529e-03 5.92954901e+08 1.09077078e-03 1.94006119e+09
1.62650322e-03 5.84956822e+08 1.09561257e-03 1.91389265e+09
1.63372305e-03 5.77070609e+08 1.10047585e-03 1.88809012e+09
1.64097494e-03 5.69293375e+08 1.10536072e-03 1.86264416e+09
1.64825901e-03 5.61621139e+08 1.11026727e-03 1.83754173e+09
1.65557542e-03 5.54050074e+08 1.11519560e-03 1.81277032e+09
1.66292430e-03 5.46577143e+08 1.12014581e-03 1.78831999e+09
1.67030581e-03 5.39202382e+08 1.12511799e-03 1.76419086e+09
1.67772008e-03 5.31926622e+08 1.13011224e-03 1.74038564e+09
1.68516726e-03 5.24750600e+08 1.13512867e-03 1.71690675e+09
1.69264750e-03 5.17674428e+08 1.14016735e-03 1.69375456e+09
1.70016094e-03 5.10695660e+08 1.14522841e-03 1.67092106e+09
1.70770773e-03 5.03811196e+08 1.15031193e-03 1.64839610e+09
1.71528803e-03 4.97018047e+08 1.15541801e-03 1.62616992e+09
1.72290197e-03 4.90313663e+08 1.16054676e-03 1.60423416e+09
1.73054970e-03 4.83697160e+08 1.16569828e-03 1.58258594e+09
1.73823139e-03 4.77168127e+08 1.17087266e-03 1.56122390e+09
1.74594717e-03 4.70726126e+08 1.17607002e-03 1.54014662e+09
1.75369720e-03 4.64370613e+08 1.18129044e-03 1.51935232e+09
1.76148164e-03 4.58100609e+08 1.18653403e-03 1.49883779e+09
1.76930063e-03 4.51915016e+08 1.19180090e-03 1.47859944e+09
1.77715432e-03 4.45812749e+08 1.19709115e-03 1.45863372e+09
1.78504288e-03 4.39792636e+08 1.20240488e-03 1.43893679e+09
1.79296645e-03 4.33853046e+08 1.20774220e-03 1.41950333e+09
1.80092520e-03 4.27992241e+08 1.21310321e-03 1.40032764e+09
1.80891927e-03 4.22208531e+08 1.21848802e-03 1.38140419e+09
1.81694883e-03 4.16500531e+08 1.22389673e-03 1.36272845e+09
1.82501403e-03 4.10868153e+08 1.22932945e-03 1.34430014e+09
1.83311503e-03 4.05311677e+08 1.23478628e-03 1.32612017e+09
1.84125199e-03 3.99831325e+08 1.24026734e-03 1.30818926e+09
1.84942506e-03 3.94426966e+08 1.24577272e-03 1.29050700e+09
1.85763442e-03 3.89096885e+08 1.25130255e-03 1.27306776e+09
1.86588022e-03 3.83838917e+08 1.25685692e-03 1.25586446e+09
1.87416262e-03 3.78650976e+08 1.26243594e-03 1.23889028e+09
1.88248178e-03 3.73531262e+08 1.26803973e-03 1.22213933e+09
1.89083788e-03 3.68479168e+08 1.27366839e-03 1.20560962e+09
1.89923106e-03 3.63494450e+08 1.27932204e-03 1.18930035e+09
1.90766150e-03 3.58576842e+08 1.28500079e-03 1.17321067e+09
1.91612936e-03 3.53725891e+08 1.29070474e-03 1.15733907e+09
1.92463481e-03 3.48940232e+08 1.29643401e-03 1.14168110e+09
1.93317801e-03 3.44218246e+08 1.30218871e-03 1.12623145e+09
1.94175914e-03 3.39558361e+08 1.30796896e-03 1.11098499e+09
1.95037835e-03 3.34959279e+08 1.31377486e-03 1.09593747e+09
1.95903583e-03 3.30420938e+08 1.31960654e-03 1.08108869e+09
1.96773174e-03 3.25943655e+08 1.32546410e-03 1.06643968e+09
1.97646624e-03 3.21527696e+08 1.33134766e-03 1.05199131e+09
1.98523952e-03 3.17173043e+08 1.33725734e-03 1.03774353e+09
1.99405174e-03 3.12878344e+08 1.34319325e-03 1.02369190e+09
2.00290307e-03 3.08641834e+08 1.34915551e-03 1.00983067e+09
2.01179370e-03 3.04461810e+08 1.35514424e-03 9.96154242e+08
2.02072379e-03 3.00336801e+08 1.36115955e-03 9.82657821e+08
2.02969352e-03 2.96266351e+08 1.36720156e-03 9.69339906e+08
2.03870307e-03 2.92250335e+08 1.37327039e-03 9.56200094e+08
2.04775260e-03 2.88288608e+08 1.37936615e-03 9.43237906e+08
2.05684231e-03 2.84380922e+08 1.38548898e-03 9.30452534e+08
2.06597237e-03 2.80526559e+08 1.39163899e-03 9.17841625e+08
2.07514295e-03 2.76724646e+08 1.39781629e-03 9.05402323e+08
2.08435424e-03 2.72974326e+08 1.40402102e-03 8.93131830e+08
2.09360642e-03 2.69274687e+08 1.41025328e-03 8.81027155e+08
2.10289966e-03 2.65624392e+08 1.41651321e-03 8.69083926e+08
2.11223416e-03 2.62021988e+08 1.42280093e-03 8.57297391e+08
2.12161010e-03 2.58466075e+08 1.42911656e-03 8.45662966e+08
2.13102765e-03 2.54955506e+08 1.43546022e-03 8.34176901e+08
2.14048700e-03 2.51490389e+08 1.44183204e-03 8.22839548e+08
2.14998834e-03 2.48071252e+08 1.44823215e-03 8.11652635e+08
2.15953186e-03 2.44698570e+08 1.45466066e-03 8.00617715e+08
2.16911774e-03 2.41372665e+08 1.46111771e-03 7.89735845e+08
2.17874618e-03 2.38093194e+08 1.46760342e-03 7.79005899e+08
2.18841735e-03 2.34859572e+08 1.47411792e-03 7.68425962e+08
2.19813145e-03 2.31671217e+08 1.48066134e-03 7.57994135e+08
2.20788867e-03 2.28527438e+08 1.48723381e-03 7.47708153e+08
2.21768920e-03 2.25426826e+08 1.49383544e-03 7.37563406e+08
2.22753323e-03 2.22367746e+08 1.50046638e-03 7.27554546e+08
2.23742096e-03 2.19348626e+08 1.50712676e-03 7.17676430e+08
2.24735258e-03 2.16368151e+08 1.51381670e-03 7.07924755e+08
2.25732829e-03 2.13426275e+08 1.52053633e-03 6.98299369e+08
2.26734828e-03 2.10523408e+08 1.52728580e-03 6.88801614e+08
2.27741274e-03 2.07659917e+08 1.53406522e-03 6.79432692e+08
2.28752188e-03 2.04836004e+08 1.54087474e-03 6.70193265e+08
2.29767589e-03 2.02051031e+08 1.54771448e-03 6.61081245e+08
2.30787497e-03 1.99304055e+08 1.55458458e-03 6.52093544e+08
2.31811933e-03 1.96594161e+08 1.56148518e-03 6.43227166e+08
2.32840916e-03 1.93920511e+08 1.56841641e-03 6.34479378e+08
2.33874467e-03 1.91282629e+08 1.57537841e-03 6.25848615e+08
2.34912605e-03 1.88680177e+08 1.58237131e-03 6.17333775e+08
2.35955352e-03 1.86112817e+08 1.58939525e-03 6.08933751e+08
2.37002727e-03 1.83580104e+08 1.59645037e-03 6.00647087e+08
2.38054751e-03 1.81080894e+08 1.60353680e-03 5.92470041e+08
2.39111445e-03 1.78613799e+08 1.61065469e-03 5.84398068e+08
2.40172830e-03 1.76177485e+08 1.61780418e-03 5.76426808e+08
2.41238926e-03 1.73770946e+08 1.62498540e-03 5.68552967e+08
2.42309754e-03 1.71395050e+08 1.63219850e-03 5.60779384e+08
2.43385335e-03 1.69051364e+08 1.63944362e-03 5.53111187e+08
2.44465691e-03 1.66741356e+08 1.64672090e-03 5.45553183e+08
2.45550843e-03 1.64466088e+08 1.65403048e-03 5.38108841e+08
2.46640811e-03 1.62224389e+08 1.66137250e-03 5.30774331e+08
2.47735617e-03 1.60014220e+08 1.66874712e-03 5.23542983e+08
2.48835284e-03 1.57833630e+08 1.67615447e-03 5.16408413e+08
2.49939831e-03 1.55680927e+08 1.68359470e-03 5.09365087e+08
2.51049281e-03 1.53555712e+08 1.69106796e-03 5.02411694e+08
2.52163657e-03 1.51458111e+08 1.69857439e-03 4.95548654e+08
2.53282978e-03 1.49388235e+08 1.70611414e-03 4.88776325e+08
2.54407268e-03 1.47346179e+08 1.71368736e-03 4.82095016e+08
2.55536549e-03 1.45332054e+08 1.72129420e-03 4.75505098e+08
2.56670843e-03 1.43345971e+08 1.72893480e-03 4.69006926e+08
2.57810171e-03 1.41388017e+08 1.73660931e-03 4.62600788e+08
2.58954557e-03 1.39458119e+08 1.74431790e-03 4.56286446e+08
2.60104023e-03 1.37555171e+08 1.75206070e-03 4.50060279e+08
2.61258591e-03 1.35677654e+08 1.75983787e-03 4.43917321e+08
2.62418284e-03 1.33824117e+08 1.76764956e-03 4.37852819e+08
2.63583124e-03 1.31993345e+08 1.77549592e-03 4.31862803e+08
2.64753135e-03 1.30185477e+08 1.78337712e-03 4.25947724e+08
2.65928340e-03 1.28401220e+08 1.79129330e-03 4.20109897e+08
2.67108761e-03 1.26641233e+08 1.79924462e-03 4.14351479e+08
2.68294423e-03 1.24906025e+08 1.80723123e-03 4.08674135e+08
2.69485347e-03 1.23195289e+08 1.81525329e-03 4.03076859e+08
2.70681557e-03 1.21508362e+08 1.82331097e-03 3.97557481e+08
2.71883077e-03 1.19844601e+08 1.83140441e-03 3.92113901e+08
2.73089931e-03 1.18203395e+08 1.83953377e-03 3.86744115e+08
2.74302142e-03 1.16584215e+08 1.84769923e-03 3.81446397e+08
2.75519733e-03 1.14986582e+08 1.85590092e-03 3.76219178e+08
2.76742729e-03 1.13410031e+08 1.86413902e-03 3.71060933e+08
2.77971154e-03 1.11854132e+08 1.87241370e-03 3.65970262e+08
2.79205032e-03 1.10318664e+08 1.88072510e-03 3.60946436e+08
2.80444387e-03 1.08803495e+08 1.88907339e-03 3.55989026e+08
2.81689243e-03 1.07308492e+08 1.89745874e-03 3.51097597e+08
2.82939625e-03 1.05833532e+08 1.90588131e-03 3.46271745e+08
2.84195557e-03 1.04378609e+08 1.91434127e-03 3.41511450e+08
2.85457064e-03 1.02943763e+08 1.92283879e-03 3.36816847e+08
2.86724171e-03 1.01529023e+08 1.93137402e-03 3.32188024e+08
2.87996903e-03 1.00134328e+08 1.93994714e-03 3.27624786e+08
2.89275283e-03 9.87589864e+07 1.94855831e-03 3.23124872e+08
2.90559339e-03 9.74020289e+07 1.95720771e-03 3.18685107e+08
2.91849094e-03 9.60625249e+07 1.96589550e-03 3.14302447e+08
2.93144574e-03 9.47396896e+07 1.97462185e-03 3.09974324e+08
2.94445805e-03 9.34336532e+07 1.98338694e-03 3.05701165e+08
2.95752811e-03 9.21449713e+07 1.99219094e-03 3.01484788e+08
2.97065620e-03 9.08741633e+07 2.00103401e-03 2.97326891e+08
2.98384255e-03 8.96216248e+07 2.00991634e-03 2.93228769e+08
2.99708744e-03 8.83869800e+07 2.01883810e-03 2.89189193e+08
3.01039112e-03 8.71694876e+07 2.02779946e-03 2.85205737e+08
3.02375386e-03 8.59684335e+07 2.03680060e-03 2.81276065e+08
3.03717591e-03 8.47831804e+07 2.04584169e-03 2.77398091e+08
3.05065754e-03 8.36135344e+07 2.05492292e-03 2.73571182e+08
3.06419901e-03 8.24595191e+07 2.06404445e-03 2.69795414e+08
3.07780059e-03 8.13211503e+07 2.07320648e-03 2.66070838e+08
3.09146255e-03 8.01984104e+07 2.08240917e-03 2.62397398e+08
3.10518515e-03 7.90910617e+07 2.09165271e-03 2.58774316e+08
3.11896866e-03 7.79987590e+07 2.10093729e-03 2.55200463e+08
3.13281336e-03 7.69211667e+07 2.11026308e-03 2.51674739e+08
3.14671951e-03 7.58579701e+07 2.11963026e-03 2.48196116e+08
3.16068739e-03 7.48089670e+07 2.12903902e-03 2.44763933e+08
3.17471727e-03 7.37740133e+07 2.13848955e-03 2.41377716e+08
3.18880942e-03 7.27529657e+07 2.14798203e-03 2.38036999e+08
3.20296413e-03 7.17456848e+07 2.15751664e-03 2.34741324e+08
3.21718167e-03 7.07520676e+07 2.16709358e-03 2.31490355e+08
3.23146233e-03 6.97720287e+07 2.17671302e-03 2.28283812e+08
3.24580637e-03 6.88054801e+07 2.18637517e-03 2.25121407e+08
3.26021408e-03 6.78523141e+07 2.19608020e-03 2.22002788e+08
3.27468575e-03 6.69122613e+07 2.20582832e-03 2.18927073e+08
3.28922165e-03 6.59849714e+07 2.21561970e-03 2.15893117e+08
3.30382208e-03 6.50701050e+07 2.22545455e-03 2.12899809e+08
3.31848731e-03 6.41673547e+07 2.23533305e-03 2.09946143e+08
3.33321765e-03 6.32766223e+07 2.24525541e-03 2.07031798e+08
3.34801337e-03 6.23979198e+07 2.25522180e-03 2.04156812e+08
3.36287476e-03 6.15312532e+07 2.26523244e-03 2.01321207e+08
3.37780213e-03 6.06766038e+07 2.27528751e-03 1.98524920e+08
3.39279575e-03 5.98337724e+07 2.28538722e-03 1.95767299e+08
3.40785593e-03 5.90024643e+07 2.29553175e-03 1.93047382e+08
3.42298296e-03 5.81823932e+07 2.30572132e-03 1.90364230e+08
3.43817714e-03 5.73732944e+07 2.31595612e-03 1.87716977e+08
3.45343876e-03 5.65750352e+07 2.32623635e-03 1.85105191e+08
3.46876812e-03 5.57875561e+07 2.33656221e-03 1.82528675e+08
3.48416553e-03 5.50107958e+07 2.34693390e-03 1.79987230e+08
3.49963129e-03 5.42446816e+07 2.35735164e-03 1.77480617e+08
3.51516570e-03 5.34890493e+07 2.36781562e-03 1.75008299e+08
3.53076906e-03 5.27436851e+07 2.37832604e-03 1.72569577e+08
3.54644169e-03 5.20083804e+07 2.38888312e-03 1.70163768e+08
3.56218388e-03 5.12829386e+07 2.39948706e-03 1.67790229e+08
3.57799595e-03 5.05672343e+07 2.41013807e-03 1.65448550e+08
3.59387821e-03 4.98611829e+07 2.42083636e-03 1.63138454e+08
3.60983097e-03 4.91646995e+07 2.43158214e-03 1.60859663e+08
3.62585454e-03 4.84776944e+07 2.44237562e-03 1.58611883e+08
3.64194924e-03 4.78000306e+07 2.45321701e-03 1.56394667e+08
3.65811538e-03 4.71315452e+07 2.46410652e-03 1.54207481e+08
3.67435327e-03 4.64720786e+07 2.47504437e-03 1.52049803e+08
3.69066325e-03 4.58214829e+07 2.48603077e-03 1.49921150e+08
3.70704562e-03 4.51797021e+07 2.49706593e-03 1.47821337e+08
3.72350072e-03 4.45467330e+07 2.50815008e-03 1.45750356e+08
3.74002885e-03 4.39225686e+07 2.51928344e-03 1.43708182e+08
3.75663036e-03 4.33071831e+07 2.53046621e-03 1.41694731e+08
3.77330555e-03 4.27003932e+07 2.54169862e-03 1.39709403e+08
3.79005476e-03 4.21019232e+07 2.55298089e-03 1.37751298e+08
3.80687832e-03 4.15115066e+07 2.56431324e-03 1.35819541e+08
3.82377656e-03 4.09289005e+07 2.57569589e-03 1.33913340e+08
3.84074981e-03 4.03540271e+07 2.58712907e-03 1.32032439e+08
3.85779840e-03 3.97869084e+07 2.59861300e-03 1.30176910e+08
3.87492266e-03 3.92275623e+07 2.61014790e-03 1.28346812e+08
3.89212294e-03 3.86759910e+07 2.62173401e-03 1.26542152e+08
3.90939957e-03 3.81320682e+07 2.63337155e-03 1.24762516e+08
3.92675288e-03 3.75955899e+07 2.64506074e-03 1.23007238e+08
3.94418323e-03 3.70663579e+07 2.65680182e-03 1.21275669e+08
3.96169094e-03 3.65441876e+07 2.66859502e-03 1.19567205e+08
3.97927638e-03 3.60289835e+07 2.68044057e-03 1.17881533e+08
3.99693987e-03 3.55207063e+07 2.69233869e-03 1.16218525e+08
4.01468176e-03 3.50193158e+07 2.70428964e-03 1.14578048e+08
4.03250241e-03 3.45247687e+07 2.71629363e-03 1.12959963e+08
4.05040217e-03 3.40370034e+07 2.72835090e-03 1.11364067e+08
4.06838137e-03 3.35559460e+07 2.74046169e-03 1.09790118e+08
4.08644039e-03 3.30815228e+07 2.75262625e-03 1.08237875e+08
4.10457957e-03 3.26136582e+07 2.76484480e-03 1.06707091e+08
4.12279926e-03 3.21522521e+07 2.77711758e-03 1.05197438e+08
4.14109983e-03 3.16971886e+07 2.78944485e-03 1.03708537e+08
4.15948164e-03 3.12483546e+07 2.80182683e-03 1.02240018e+08
4.17794504e-03 3.08056394e+07 2.81426378e-03 1.00791519e+08
4.19649039e-03 3.03689331e+07 2.82675593e-03 9.93626807e+07
4.21511806e-03 2.99381273e+07 2.83930353e-03 9.79531474e+07
4.23382843e-03 2.95131160e+07 2.85190683e-03 9.65625730e+07
4.25262184e-03 2.90938013e+07 2.86456607e-03 9.51906369e+07
4.27149868e-03 2.86801561e+07 2.87728151e-03 9.38372507e+07
4.29045930e-03 2.82721998e+07 2.89005339e-03 9.25024779e+07
4.30950409e-03 2.78699487e+07 2.90288196e-03 9.11863714e+07
4.32863342e-03 2.74734068e+07 2.91576747e-03 8.98889446e+07
4.34784766e-03 2.70824694e+07 2.92871019e-03 8.86098549e+07
4.36714719e-03 2.66969593e+07 2.94171035e-03 8.73485226e+07
4.38653239e-03 2.63167044e+07 2.95476822e-03 8.61043845e+07
4.40600364e-03 2.59415478e+07 2.96788405e-03 8.48769273e+07
4.42556132e-03 2.55714575e+07 2.98105810e-03 8.36660463e+07
4.44520581e-03 2.52064867e+07 2.99429063e-03 8.24719156e+07
4.46493750e-03 2.48466846e+07 3.00758190e-03 8.12946962e+07
4.48475677e-03 2.44920835e+07 3.02093216e-03 8.01344936e+07
4.50466403e-03 2.41425527e+07 3.03434169e-03 7.89908800e+07
4.52465964e-03 2.37978491e+07 3.04781074e-03 7.78630607e+07
4.54474402e-03 2.34577381e+07 3.06133957e-03 7.67502674e+07
4.56491755e-03 2.31220064e+07 3.07492846e-03 7.56518027e+07
4.58518062e-03 2.27906120e+07 3.08857767e-03 7.45675292e+07
4.60553364e-03 2.24636339e+07 3.10228746e-03 7.34977047e+07
4.62597701e-03 2.21411468e+07 3.11605811e-03 7.24425744e+07
4.64651112e-03 2.18232109e+07 3.12988989e-03 7.14023351e+07
4.66713638e-03 2.15097630e+07 3.14378306e-03 7.03767794e+07
4.68785319e-03 2.12006510e+07 3.15773791e-03 6.93654105e+07
4.70866196e-03 2.08957269e+07 3.17175470e-03 6.83677438e+07
4.72956310e-03 2.05948543e+07 3.18583370e-03 6.73833329e+07
4.75055701e-03 2.02979900e+07 3.19997520e-03 6.64120365e+07
4.77164412e-03 2.00051586e+07 3.21417948e-03 6.54539354e+07
4.79282483e-03 1.97163831e+07 3.22844680e-03 6.45091044e+07
4.81409955e-03 1.94316792e+07 3.24277746e-03 6.35775951e+07
4.83546871e-03 1.91510083e+07 3.25717173e-03 6.26592813e+07
4.85693273e-03 1.88742915e+07 3.27162989e-03 6.17539046e+07
4.87849202e-03 1.86014509e+07 3.28615223e-03 6.08612102e+07
4.90014702e-03 1.83324106e+07 3.30073903e-03 5.99809502e+07
4.92189813e-03 1.80670995e+07 3.31539058e-03 5.91128911e+07
4.94374580e-03 1.78054497e+07 3.33010717e-03 5.82568116e+07
4.96569044e-03 1.75473954e+07 3.34488908e-03 5.74124959e+07
4.98773250e-03 1.72928739e+07 3.35973661e-03 5.65797389e+07
5.00987239e-03 1.70418508e+07 3.37465004e-03 5.57584283e+07
5.03211056e-03 1.67943134e+07 3.38962968e-03 5.49485223e+07
5.05444745e-03 1.65502482e+07 3.40467580e-03 5.41499770e+07
5.07688348e-03 1.63096374e+07 3.41978871e-03 5.33627338e+07
5.09941911e-03 1.60724099e+07 3.43496871e-03 5.25865602e+07
5.12205477e-03 1.58384538e+07 3.45021609e-03 5.18210905e+07
5.14479090e-03 1.56076606e+07 3.46553115e-03 5.10659690e+07
5.16762796e-03 1.53799303e+07 3.48091419e-03 5.03208688e+07
5.19056639e-03 1.51552428e+07 3.49636552e-03 4.95857245e+07
5.21360664e-03 1.49336409e+07 3.51188543e-03 4.88606758e+07
5.23674916e-03 1.47151652e+07 3.52747423e-03 4.81458552e+07
5.25999441e-03 1.44998479e+07 3.54313223e-03 4.74413687e+07
5.28334284e-03 1.42876502e+07 3.55885974e-03 4.67470892e+07
5.30679491e-03 1.40784764e+07 3.57465705e-03 4.60627031e+07
5.33035108e-03 1.38722323e+07 3.59052449e-03 4.53879028e+07
5.35401182e-03 1.36688288e+07 3.60646236e-03 4.47223964e+07
5.37777758e-03 1.34682018e+07 3.62247098e-03 4.40659747e+07
5.40164884e-03 1.32703085e+07 3.63855066e-03 4.34184967e+07
5.42562605e-03 1.30751070e+07 3.65470171e-03 4.27798264e+07
5.44970970e-03 1.28825581e+07 3.67092446e-03 4.21498346e+07
5.47390026e-03 1.26926468e+07 3.68721921e-03 4.15284727e+07
5.49819819e-03 1.25053784e+07 3.70358630e-03 4.09157581e+07
5.52260397e-03 1.23207571e+07 3.72002604e-03 4.03117044e+07
5.54711809e-03 1.21387839e+07 3.73653875e-03 3.97163150e+07
5.57174103e-03 1.19594343e+07 3.75312476e-03 3.91295094e+07
5.59647326e-03 1.17826622e+07 3.76978439e-03 3.85511369e+07
5.62131528e-03 1.16084217e+07 3.78651797e-03 3.79810479e+07
5.64626757e-03 1.14366667e+07 3.80332583e-03 3.74190908e+07
5.67133062e-03 1.12673207e+07 3.82020830e-03 3.68650154e+07
5.69650492e-03 1.11002818e+07 3.83716571e-03 3.63184886e+07
5.72179096e-03 1.09354517e+07 3.85419839e-03 3.57791888e+07
5.74718925e-03 1.07727406e+07 3.87130668e-03 3.52468222e+07
5.77270027e-03 1.06121446e+07 3.88849090e-03 3.47213756e+07
5.79832454e-03 1.04537335e+07 3.90575141e-03 3.42030778e+07
5.82406255e-03 1.02975747e+07 3.92308853e-03 3.36921492e+07
5.84991480e-03 1.01437271e+07 3.94050261e-03 3.31887825e+07
5.87588181e-03 9.99218049e+06 3.95799399e-03 3.26929443e+07
5.90196409e-03 9.84286379e+06 3.97556301e-03 3.22044020e+07
5.92816214e-03 9.69570636e+06 3.99321002e-03 3.17229246e+07
5.95447648e-03 9.55064089e+06 4.01093536e-03 3.12482917e+07
5.98090763e-03 9.40761554e+06 4.02873938e-03 3.07803338e+07
6.00745610e-03 9.26659232e+06 4.04662243e-03 3.03189266e+07
6.03412242e-03 9.12753477e+06 4.06458486e-03 2.98639507e+07
6.06090710e-03 8.99040754e+06 4.08262702e-03 2.94152906e+07
6.08781068e-03 8.85518048e+06 4.10074927e-03 2.89728476e+07
6.11483368e-03 8.72182816e+06 4.11895197e-03 2.85365384e+07
6.14197663e-03 8.59032569e+06 4.13723546e-03 2.81062817e+07
6.16924007e-03 8.46064920e+06 4.15560011e-03 2.76819993e+07
6.19662452e-03 8.33279018e+06 4.17404628e-03 2.72636634e+07
6.22413053e-03 8.20675422e+06 4.19257433e-03 2.68512923e+07
6.25175864e-03 8.08254606e+06 4.21118462e-03 2.64449014e+07
6.27950938e-03 7.96016722e+06 4.22987752e-03 2.60444959e+07
6.30738331e-03 7.83957710e+06 4.24865340e-03 2.56499428e+07
6.33538096e-03 7.72069592e+06 4.26751262e-03 2.52609810e+07
6.36350289e-03 7.60344575e+06 4.28645555e-03 2.48773557e+07
6.39174966e-03 7.48775502e+06 4.30548257e-03 2.44988327e+07
6.42012180e-03 7.37361894e+06 4.32459405e-03 2.41253962e+07
6.44861989e-03 7.26109606e+06 4.34379036e-03 2.37572379e+07
6.47724447e-03 7.15024329e+06 4.36307188e-03 2.33945440e+07
6.50599612e-03 7.04110937e+06 4.38243899e-03 2.30374738e+07
6.53487539e-03 6.93364991e+06 4.40189206e-03 2.26858823e+07
6.56388285e-03 6.82773084e+06 4.42143149e-03 2.23393307e+07
6.59301907e-03 6.72322094e+06 4.44105765e-03 2.19973897e+07
6.62228463e-03 6.62000011e+06 4.46077093e-03 2.16596663e+07
6.65168009e-03 6.51805753e+06 4.48057171e-03 2.13261252e+07
6.68120603e-03 6.41748917e+06 4.50046038e-03 2.09970803e+07
6.71086304e-03 6.31838950e+06 4.52043734e-03 2.06728408e+07
6.74065168e-03 6.22084314e+06 4.54050297e-03 2.03536834e+07
6.77057256e-03 6.12484748e+06 4.56065768e-03 2.00395997e+07
6.80062625e-03 6.03031331e+06 4.58090184e-03 1.97302978e+07
6.83081335e-03 5.93715163e+06 4.60123587e-03 1.94254866e+07
6.86113444e-03 5.84527962e+06 4.62166016e-03 1.91248948e+07
6.89159012e-03 5.75466326e+06 4.64217511e-03 1.88284114e+07
6.92218100e-03 5.66531777e+06 4.66278112e-03 1.85360861e+07
6.95290766e-03 5.57725900e+06 4.68347860e-03 1.82479708e+07
6.98377071e-03 5.49050011e+06 4.70426795e-03 1.79641085e+07
7.01477076e-03 5.40502722e+06 4.72514958e-03 1.76844538e+07
7.04590842e-03 5.32079881e+06 4.74612391e-03 1.74088708e+07
7.07718429e-03 5.23777366e+06 4.76719134e-03 1.71372247e+07
7.10859899e-03 5.15591305e+06 4.78835228e-03 1.68693888e+07
7.14015313e-03 5.07520184e+06 4.80960715e-03 1.66053137e+07
7.17184735e-03 4.99564942e+06 4.83095637e-03 1.63450298e+07
7.20368224e-03 4.91726509e+06 4.85240036e-03 1.60885679e+07
7.23565845e-03 4.84005623e+06 4.87393953e-03 1.58359518e+07
7.26777660e-03 4.76401116e+06 4.89557432e-03 1.55871435e+07
7.30003731e-03 4.68909817e+06 4.91730513e-03 1.53420393e+07
7.33244123e-03 4.61528565e+06 4.93913241e-03 1.51005355e+07
7.36498898e-03 4.54254309e+06 4.96105658e-03 1.48625326e+07
7.39768121e-03 4.47083905e+06 4.98307806e-03 1.46279275e+07
7.43051856e-03 4.40014090e+06 5.00519730e-03 1.43966136e+07
7.46350166e-03 4.33041723e+06 5.02741472e-03 1.41684880e+07
7.49663118e-03 4.26163893e+06 5.04973076e-03 1.39434555e+07
7.52990775e-03 4.19380644e+06 5.07214586e-03 1.37215176e+07
7.56333203e-03 4.12695249e+06 5.09466045e-03 1.35027813e+07
7.59690468e-03 4.06110898e+06 5.11727499e-03 1.32873510e+07
7.63062635e-03 3.99630412e+06 5.13998991e-03 1.30753191e+07
7.66449771e-03 3.93253173e+06 5.16280565e-03 1.28666652e+07
7.69851941e-03 3.86974768e+06 5.18572268e-03 1.26612450e+07
7.73269214e-03 3.80790768e+06 5.20874143e-03 1.24589136e+07
7.76701656e-03 3.74696987e+06 5.23186235e-03 1.22595341e+07
7.80149333e-03 3.68690515e+06 5.25508591e-03 1.20630111e+07
7.83612315e-03 3.62769847e+06 5.27841255e-03 1.18692956e+07
7.87090668e-03 3.56933599e+06 5.30184274e-03 1.16783422e+07
7.90584461e-03 3.51180449e+06 5.32537693e-03 1.14901076e+07
7.94093763e-03 3.45510318e+06 5.34901559e-03 1.13045892e+07
7.97618642e-03 3.39924546e+06 5.37275917e-03 1.11218310e+07
8.01159167e-03 3.34424422e+06 5.39660815e-03 1.09418750e+07
8.04715408e-03 3.29011017e+06 5.42056299e-03 1.07647564e+07
8.08287435e-03 3.23682626e+06 5.44462417e-03 1.05904192e+07
8.11875318e-03 3.18434328e+06 5.46879214e-03 1.04187027e+07
8.15479127e-03 3.13261252e+06 5.49306740e-03 1.02494472e+07
8.19098933e-03 3.08158874e+06 5.51745041e-03 1.00825049e+07
8.22734807e-03 3.03126189e+06 5.54194166e-03 9.91784288e+06
8.26386820e-03 2.98166317e+06 5.56654162e-03 9.75556316e+06
8.30055043e-03 2.93282394e+06 5.59125077e-03 9.59576840e+06
8.33739550e-03 2.88477205e+06 5.61606961e-03 9.43854969e+06
8.37440411e-03 2.83749629e+06 5.64099861e-03 9.28387034e+06
8.41157700e-03 2.79093880e+06 5.66603827e-03 9.13154110e+06
8.44891490e-03 2.74504188e+06 5.69118908e-03 8.98137313e+06
8.48641853e-03 2.69975207e+06 5.71645152e-03 8.83319153e+06
8.52408864e-03 2.65505837e+06 5.74182611e-03 8.68696033e+06
8.56192596e-03 2.61100116e+06 5.76731333e-03 8.54281160e+06
8.59993124e-03 2.56762118e+06 5.79291368e-03 8.40087870e+06
8.63810521e-03 2.52495528e+06 5.81862767e-03 8.26128215e+06
8.67644864e-03 2.48300554e+06 5.84445580e-03 8.12402877e+06
8.71496227e-03 2.44173148e+06 5.87039858e-03 7.98898614e+06
8.75364685e-03 2.40109186e+06 5.89645652e-03 7.85601928e+06
8.79250315e-03 2.36104800e+06 5.92263012e-03 7.72500164e+06
8.83153193e-03 2.32157909e+06 5.94891991e-03 7.59586518e+06
8.87073395e-03 2.28268640e+06 5.97532639e-03 7.46861403e+06
8.91010999e-03 2.24437219e+06 6.00185009e-03 7.34325558e+06
8.94966081e-03 2.20663812e+06 6.02849152e-03 7.21979523e+06
8.98938719e-03 2.16948296e+06 6.05525121e-03 7.09822903e+06
9.02928991e-03 2.13290198e+06 6.08212968e-03 6.97854146e+06
9.06936975e-03 2.09689010e+06 6.10912746e-03 6.86071589e+06
9.10962750e-03 2.06144197e+06 6.13624509e-03 6.74473480e+06
9.15006396e-03 2.02654457e+06 6.16348308e-03 6.63055566e+06
9.19067990e-03 1.99217491e+06 6.19084198e-03 6.51810318e+06
9.23147613e-03 1.95831034e+06 6.21832232e-03 6.40730328e+06
9.27245346e-03 1.92492965e+06 6.24592465e-03 6.29808658e+06
9.31361267e-03 1.89202675e+06 6.27364950e-03 6.19043312e+06
9.35495459e-03 1.85961526e+06 6.30149741e-03 6.08438749e+06
9.39648001e-03 1.82770902e+06 6.32946894e-03 5.97999498e+06
9.43818977e-03 1.79632035e+06 6.35756463e-03 5.87729587e+06
9.48008466e-03 1.76544993e+06 6.38578503e-03 5.77629240e+06
9.52216553e-03 1.73508315e+06 6.41413070e-03 5.67693678e+06
9.56443318e-03 1.70520485e+06 6.44260219e-03 5.57917936e+06
9.60688846e-03 1.67580042e+06 6.47120006e-03 5.48297241e+06
9.64953218e-03 1.64685401e+06 6.49992488e-03 5.38826399e+06
9.69236520e-03 1.61834770e+06 6.52877720e-03 5.29499554e+06
9.73538835e-03 1.59026426e+06 6.55775759e-03 5.20311066e+06
9.77860248e-03 1.56258753e+06 6.58686663e-03 5.11255648e+06
9.82200842e-03 1.53531350e+06 6.61610487e-03 5.02331986e+06
9.86560704e-03 1.50845479e+06 6.64547290e-03 4.93544213e+06
9.90939919e-03 1.48202422e+06 6.67497129e-03 4.84896517e+06
9.95338572e-03 1.45603314e+06 6.70460062e-03 4.76392618e+06
9.99756750e-03 1.43047980e+06 6.73436147e-03 4.68031941e+06
1.00419454e-02 1.40534429e+06 6.76425443e-03 4.59807972e+06
1.00865203e-02 1.38060624e+06 6.79428007e-03 4.51714048e+06
1.01312930e-02 1.35624656e+06 6.82443900e-03 4.43743917e+06
1.01762645e-02 1.33225770e+06 6.85473179e-03 4.35895117e+06
1.02214357e-02 1.30864840e+06 6.88515906e-03 4.28170500e+06
1.02668073e-02 1.28542780e+06 6.91572138e-03 4.20573062e+06
1.03123803e-02 1.26260390e+06 6.94641937e-03 4.13105419e+06
1.03581556e-02 1.24017145e+06 6.97725362e-03 4.05765852e+06
1.04041341e-02 1.21810619e+06 7.00822475e-03 3.98546423e+06
1.04503167e-02 1.19638359e+06 7.03933334e-03 3.91439108e+06
1.04967043e-02 1.17498073e+06 7.07058003e-03 3.84436407e+06
1.05432978e-02 1.15388701e+06 7.10196541e-03 3.77534852e+06
1.05900982e-02 1.13310950e+06 7.13349012e-03 3.70736756e+06
1.06371062e-02 1.11265605e+06 7.16515475e-03 3.64044688e+06
1.06843230e-02 1.09253364e+06 7.19695994e-03 3.57460930e+06
1.07317493e-02 1.07274374e+06 7.22890631e-03 3.50985968e+06
1.07793861e-02 1.05327995e+06 7.26099449e-03 3.44617702e+06
1.08272344e-02 1.03413534e+06 7.29322510e-03 3.38353867e+06
1.08752951e-02 1.01530321e+06 7.32559877e-03 3.32192271e+06
1.09235691e-02 9.96777549e+05 7.35811615e-03 3.26130947e+06
1.09720574e-02 9.78553273e+05 7.39077787e-03 3.20168233e+06
1.10207610e-02 9.60625480e+05 7.42358458e-03 3.14302522e+06
1.10696807e-02 9.42989363e+05 7.45653690e-03 3.08532244e+06
1.11188175e-02 9.25640341e+05 7.48963550e-03 3.02855900e+06
1.11681725e-02 9.08574128e+05 7.52288102e-03 2.97272086e+06
1.12177466e-02 8.91786520e+05 7.55627411e-03 2.91779428e+06
1.12675407e-02 8.75273399e+05 7.58981543e-03 2.86376577e+06
1.13175559e-02 8.59032109e+05 7.62350563e-03 2.81062666e+06
1.13677930e-02 8.43062297e+05 7.65734538e-03 2.75837579e+06
1.14182532e-02 8.27363616e+05 7.69133534e-03 2.70701201e+06
1.14689373e-02 8.11935458e+05 7.72547618e-03 2.65653335e+06
1.15198464e-02 7.96773794e+05 7.75976856e-03 2.60692662e+06
1.15709815e-02 7.81869181e+05 7.79421317e-03 2.55816092e+06
1.16223436e-02 7.67212099e+05 7.82881067e-03 2.51020510e+06
1.16739337e-02 7.52793533e+05 7.86356174e-03 2.46302968e+06
1.17257528e-02 7.38607743e+05 7.89846707e-03 2.41661586e+06
1.17778019e-02 7.24654067e+05 7.93352734e-03 2.37096148e+06
1.18300820e-02 7.10932176e+05 7.96874323e-03 2.32606547e+06
1.18825942e-02 6.97441551e+05 8.00411545e-03 2.28192613e+06
1.19353395e-02 6.84180550e+05 8.03964467e-03 2.23853809e+06
1.19883189e-02 6.71145781e+05 8.07533161e-03 2.19589024e+06
1.20415335e-02 6.58333724e+05 8.11117696e-03 2.15397108e+06
1.20949843e-02 6.45740909e+05 8.14718142e-03 2.11276924e+06
1.21486724e-02 6.33363603e+05 8.18334570e-03 2.07227251e+06
1.22025987e-02 6.21197584e+05 8.21967050e-03 2.03246709e+06
1.22567645e-02 6.09238692e+05 8.25615655e-03 1.99333936e+06
1.23111707e-02 5.97482893e+05 8.29280456e-03 1.95487611e+06
1.23658183e-02 5.85927221e+05 8.32961524e-03 1.91706766e+06
1.24207086e-02 5.74570474e+05 8.36658932e-03 1.87991005e+06
1.24758425e-02 5.63411533e+05 8.40372752e-03 1.84339963e+06
1.25312212e-02 5.52449153e+05 8.44103057e-03 1.80753234e+06
1.25868456e-02 5.41679980e+05 8.47849921e-03 1.77229719e+06
1.26427170e-02 5.31097023e+05 8.51613417e-03 1.73767131e+06
1.26988364e-02 5.20693243e+05 8.55393618e-03 1.70363167e+06
1.27552049e-02 5.10461995e+05 8.59190599e-03 1.67015654e+06
1.28118235e-02 5.00399938e+05 8.63004434e-03 1.63723497e+06
1.28686936e-02 4.90509346e+05 8.66835199e-03 1.60487441e+06
1.29258160e-02 4.80792766e+05 8.70682968e-03 1.57308318e+06
1.29831920e-02 4.71252360e+05 8.74547816e-03 1.54186838e+06
1.30408227e-02 4.61887963e+05 8.78429820e-03 1.51122945e+06
1.30987093e-02 4.52695472e+05 8.82329056e-03 1.48115297e+06
1.31568527e-02 4.43670495e+05 8.86245600e-03 1.45162458e+06
1.32152543e-02 4.34808806e+05 8.90179529e-03 1.42263043e+06
1.32739151e-02 4.26106178e+05 8.94130920e-03 1.39415672e+06
1.33328363e-02 4.17558253e+05 8.98099851e-03 1.36618916e+06
1.33920190e-02 4.09160820e+05 9.02086399e-03 1.33871400e+06
1.34514644e-02 4.00909856e+05 9.06090643e-03 1.31171806e+06
1.35111737e-02 3.92802860e+05 9.10112662e-03 1.28519316e+06
1.35711481e-02 3.84840039e+05 9.14152534e-03 1.25913998e+06
1.36313886e-02 3.77021748e+05 9.18210338e-03 1.23355968e+06
1.36918966e-02 3.69348154e+05 9.22286154e-03 1.20845281e+06
1.37526731e-02 3.61818053e+05 9.26380063e-03 1.18381543e+06
1.38137195e-02 3.54427779e+05 9.30492143e-03 1.15963554e+06
1.38750368e-02 3.47173518e+05 9.34622477e-03 1.13590067e+06
1.39366263e-02 3.40051617e+05 9.38771145e-03 1.11259885e+06
1.39984891e-02 3.33059020e+05 9.42938228e-03 1.08972011e+06
1.40606266e-02 3.26193695e+05 9.47123808e-03 1.06725777e+06
1.41230399e-02 3.19453749e+05 9.51327967e-03 1.04520566e+06
1.41857302e-02 3.12837301e+05 9.55550788e-03 1.02355762e+06
1.42486988e-02 3.06342188e+05 9.59792354e-03 1.00230656e+06
1.43119470e-02 2.99965655e+05 9.64052747e-03 9.81443487e+05
1.43754758e-02 2.93704969e+05 9.68332052e-03 9.60959442e+05
1.44392867e-02 2.87557501e+05 9.72630352e-03 9.40845831e+05
1.45033808e-02 2.81522408e+05 9.76947732e-03 9.21099895e+05
1.45677594e-02 2.75602344e+05 9.81284276e-03 9.01730317e+05
1.46324238e-02 2.69800062e+05 9.85640069e-03 8.82746104e+05
1.46973753e-02 2.64117929e+05 9.90015197e-03 8.64155000e+05
1.47626150e-02 2.58554358e+05 9.94409746e-03 8.45951815e+05
1.48281443e-02 2.53100050e+05 9.98823802e-03 8.28106122e+05
1.48939645e-02 2.47745343e+05 1.00325745e-02 8.10586309e+05
1.49600769e-02 2.42481279e+05 1.00771078e-02 7.93363066e+05
1.50264827e-02 2.37303564e+05 1.01218388e-02 7.76422344e+05
1.50931833e-02 2.32216882e+05 1.01667683e-02 7.59779470e+05
1.51601800e-02 2.27226583e+05 1.02118973e-02 7.43451947e+05
1.52274741e-02 2.22337447e+05 1.02572265e-02 7.27455412e+05
1.52950669e-02 2.17550633e+05 1.03027570e-02 7.11793662e+05
1.53629597e-02 2.12860250e+05 1.03484896e-02 6.96447419e+05
1.54311539e-02 2.08259863e+05 1.03944252e-02 6.81395627e+05
1.54996507e-02 2.03743476e+05 1.04405647e-02 6.66618676e+05
1.55684517e-02 1.99307655e+05 1.04869090e-02 6.52105321e+05
1.56375580e-02 1.94953981e+05 1.05334591e-02 6.37860740e+05
1.57069711e-02 1.90684468e+05 1.05802157e-02 6.23891521e+05
1.57766923e-02 1.86500855e+05 1.06271799e-02 6.10203354e+05
1.58467230e-02 1.82403579e+05 1.06743526e-02 5.96797670e+05
1.59170645e-02 1.78390543e+05 1.07217347e-02 5.83667608e+05
1.59877183e-02 1.74459387e+05 1.07693270e-02 5.70805445e+05
1.60586857e-02 1.70607846e+05 1.08171307e-02 5.58203768e+05
1.61299681e-02 1.66833758e+05 1.08651465e-02 5.45855508e+05
1.62015670e-02 1.63135082e+05 1.09133755e-02 5.33753985e+05
1.62734836e-02 1.59509860e+05 1.09618186e-02 5.21892793e+05
1.63457195e-02 1.55956212e+05 1.10104766e-02 5.10265778e+05
1.64182760e-02 1.52472584e+05 1.10593507e-02 4.98867859e+05
1.64911546e-02 1.49058070e+05 1.11084417e-02 4.87696072e+05
1.65643567e-02 1.45711844e+05 1.11577507e-02 4.76747713e+05
1.66378837e-02 1.42433063e+05 1.12072785e-02 4.66020025e+05
1.67117371e-02 1.39220950e+05 1.12570261e-02 4.55510462e+05
1.67859183e-02 1.36074892e+05 1.13069946e-02 4.45217026e+05
1.68604289e-02 1.32994274e+05 1.13571849e-02 4.35137694e+05
1.69352701e-02 1.29978438e+05 1.14075979e-02 4.25270325e+05
1.70104436e-02 1.27026105e+05 1.14582348e-02 4.15610724e+05
1.70859507e-02 1.24134562e+05 1.15090964e-02 4.06150022e+05
1.71617930e-02 1.21301038e+05 1.15601838e-02 3.96879147e+05
1.72379720e-02 1.18522932e+05 1.16114979e-02 3.87789594e+05
1.73144891e-02 1.15798853e+05 1.16630399e-02 3.78876807e+05
1.73913459e-02 1.13130060e+05 1.17148106e-02 3.70144911e+05
1.74685438e-02 1.10518028e+05 1.17668111e-02 3.61598725e+05
1.75460844e-02 1.07964013e+05 1.18190424e-02 3.53242366e+05
1.76239692e-02 1.05468215e+05 1.18715056e-02 3.45076481e+05
1.77021997e-02 1.03028546e+05 1.19242017e-02 3.37094243e+05
1.77807775e-02 1.00642683e+05 1.19771317e-02 3.29288049e+05
1.78597040e-02 9.83084285e+04 1.20302966e-02 3.21650713e+05
1.79389809e-02 9.60235550e+04 1.20836975e-02 3.14174943e+05
1.80186097e-02 9.37855698e+04 1.21373355e-02 3.06852585e+05
1.80985920e-02 9.15920787e+04 1.21912116e-02 2.99675805e+05
1.81789293e-02 8.94408486e+04 1.22453268e-02 2.92637296e+05
1.82596232e-02 8.73307405e+04 1.22996822e-02 2.85733333e+05
1.83406753e-02 8.52631310e+04 1.23542789e-02 2.78968419e+05
1.84220871e-02 8.32396130e+04 1.24091179e-02 2.72347766e+05
1.85038604e-02 8.12615688e+04 1.24642004e-02 2.65875896e+05
1.85859966e-02 7.93292716e+04 1.25195273e-02 2.59553704e+05
1.86684975e-02 7.74404750e+04 1.25750999e-02 2.53373840e+05
1.87513645e-02 7.55926728e+04 1.26309191e-02 2.47328103e+05
1.88345994e-02 7.37835295e+04 1.26869861e-02 2.41408852e+05
1.89182037e-02 7.20114265e+04 1.27433020e-02 2.35610792e+05
1.90021791e-02 7.02763479e+04 1.27998679e-02 2.29933870e+05
1.90865273e-02 6.85784786e+04 1.28566848e-02 2.24378691e+05
1.91712500e-02 6.69179320e+04 1.29137540e-02 2.18945627e+05
1.92563486e-02 6.52945577e+04 1.29710764e-02 2.13634185e+05
1.93418251e-02 6.37076225e+04 1.30286534e-02 2.08441967e+05
1.94276809e-02 6.21563124e+04 1.30864859e-02 2.03366308e+05
1.95139179e-02 6.06398338e+04 1.31445751e-02 1.98404614e+05
1.96005376e-02 5.91575321e+04 1.32029221e-02 1.93554741e+05
1.96875418e-02 5.77090936e+04 1.32615282e-02 1.88815663e+05
1.97749323e-02 5.62942374e+04 1.33203944e-02 1.84186462e+05
1.98627106e-02 5.49126531e+04 1.33795219e-02 1.79666121e+05
1.99508786e-02 5.35636261e+04 1.34389118e-02 1.75252303e+05
2.00394380e-02 5.22453790e+04 1.34985654e-02 1.70939193e+05
2.01283904e-02 5.09560627e+04 1.35584838e-02 1.66720739e+05
2.02177377e-02 4.96939597e+04 1.36186681e-02 1.62591324e+05
2.03074817e-02 4.84579817e+04 1.36791196e-02 1.58547386e+05
2.03976239e-02 4.72485680e+04 1.37398395e-02 1.54590362e+05
2.04881663e-02 4.60663392e+04 1.38008288e-02 1.50722284e+05
2.05791106e-02 4.49118128e+04 1.38620889e-02 1.46944843e+05
2.06704586e-02 4.37850000e+04 1.39236209e-02 1.43258077e+05
2.07622121e-02 4.26846574e+04 1.39854261e-02 1.39657918e+05
2.08543729e-02 4.16093958e+04 1.40475056e-02 1.36139821e+05
2.09469427e-02 4.05579194e+04 1.41098606e-02 1.32699545e+05
2.10399235e-02 3.95293009e+04 1.41724924e-02 1.29334056e+05
2.11333170e-02 3.85235073e+04 1.42354023e-02 1.26043248e+05
2.12271250e-02 3.75406294e+04 1.42985914e-02 1.22827416e+05
2.13213494e-02 3.65807112e+04 1.43620610e-02 1.19686704e+05
2.14159921e-02 3.56437191e+04 1.44258123e-02 1.16621004e+05
2.15110549e-02 3.47294781e+04 1.44898466e-02 1.13629742e+05
2.16065397e-02 3.38377695e+04 1.45541652e-02 1.10712203e+05
2.17024483e-02 3.29683546e+04 1.46187692e-02 1.07867605e+05
2.17987827e-02 3.21208140e+04 1.46836600e-02 1.05094577e+05
2.18955447e-02 3.12942242e+04 1.47488389e-02 1.02390097e+05
2.19927361e-02 3.04876165e+04 1.48143071e-02 9.97509952e+04
2.20903590e-02 2.97000820e+04 1.48800658e-02 9.71742983e+04
2.21884153e-02 2.89307429e+04 1.49461165e-02 9.46571340e+04
2.22869067e-02 2.81786958e+04 1.50124604e-02 9.21965464e+04
2.23858354e-02 2.74430831e+04 1.50790987e-02 8.97897301e+04
2.24852032e-02 2.67231083e+04 1.51460329e-02 8.74340783e+04
2.25850121e-02 2.60183490e+04 1.52132642e-02 8.51282096e+04
2.26852641e-02 2.53294227e+04 1.52807939e-02 8.28741442e+04
2.27859610e-02 2.46570631e+04 1.53486233e-02 8.06742825e+04
2.28871049e-02 2.40018988e+04 1.54167539e-02 7.85306813e+04
2.29886978e-02 2.33641674e+04 1.54851868e-02 7.64441181e+04
2.30907416e-02 2.27430877e+04 1.55539236e-02 7.44120367e+04
2.31932384e-02 2.21377286e+04 1.56229654e-02 7.24313907e+04
2.32961902e-02 2.15472235e+04 1.56923137e-02 7.04993448e+04
2.33995990e-02 2.09708492e+04 1.57619699e-02 6.86135331e+04
2.35034667e-02 2.04082069e+04 1.58319352e-02 6.67726501e+04
2.36077956e-02 1.98589710e+04 1.59022111e-02 6.49756311e+04
2.37125875e-02 1.93228256e+04 1.59727990e-02 6.32214423e+04
2.38178446e-02 1.87993998e+04 1.60437001e-02 6.15088700e+04
2.39235689e-02 1.82881213e+04 1.61149160e-02 5.98360421e+04
2.40297625e-02 1.77884109e+04 1.61864480e-02 5.82010630e+04
2.41364275e-02 1.72997307e+04 1.62582976e-02 5.66021733e+04
2.42435660e-02 1.68217112e+04 1.63304661e-02 5.50381639e+04
2.43511800e-02 1.63544503e+04 1.64029549e-02 5.35093550e+04
2.44592717e-02 1.58981137e+04 1.64757655e-02 5.20162888e+04
2.45678433e-02 1.54528304e+04 1.65488992e-02 5.05593872e+04
2.46768967e-02 1.50187298e+04 1.66223576e-02 4.91390740e+04
2.47864343e-02 1.45960288e+04 1.66961421e-02 4.77560584e+04
2.48964580e-02 1.41849235e+04 1.67702541e-02 4.64109825e+04
2.50069702e-02 1.37855630e+04 1.68446951e-02 4.51043338e+04
2.51179729e-02 1.33978615e+04 1.69194665e-02 4.38358314e+04
2.52294683e-02 1.30210312e+04 1.69945698e-02 4.26028983e+04
2.53414586e-02 1.26541920e+04 1.70700065e-02 4.14026543e+04
2.54539460e-02 1.22965369e+04 1.71457781e-02 4.02324596e+04
2.55669328e-02 1.19474053e+04 1.72218859e-02 3.90901523e+04
2.56804211e-02 1.16064728e+04 1.72983316e-02 3.79746711e+04
2.57944131e-02 1.12734995e+04 1.73751167e-02 3.68852314e+04
2.59089112e-02 1.09482580e+04 1.74522426e-02 3.58210894e+04
2.60239175e-02 1.06305461e+04 1.75297108e-02 3.47815825e+04
2.61394343e-02 1.03202192e+04 1.76075229e-02 3.37662388e+04
2.62554638e-02 1.00171479e+04 1.76856804e-02 3.27746341e+04
2.63720084e-02 9.72120453e+03 1.77641849e-02 3.18063509e+04
2.64890703e-02 9.43232406e+03 1.78430378e-02 3.08611765e+04
2.66066519e-02 9.15066497e+03 1.79222407e-02 2.99396293e+04
2.67247553e-02 8.87640703e+03 1.80017952e-02 2.90422977e+04
2.68433830e-02 8.60969324e+03 1.80817028e-02 2.81696494e+04
2.69625373e-02 8.35051932e+03 1.81619651e-02 2.73216705e+04
2.70822205e-02 8.09842958e+03 1.82425837e-02 2.64968700e+04
2.72024350e-02 7.85290047e+03 1.83235602e-02 2.56935349e+04
2.73231830e-02 7.61345482e+03 1.84048961e-02 2.49101039e+04
2.74444671e-02 7.37972725e+03 1.84865930e-02 2.41453817e+04
2.75662895e-02 7.15165117e+03 1.85686526e-02 2.33991503e+04
2.76886527e-02 6.92922234e+03 1.86510765e-02 2.26713959e+04
2.78115590e-02 6.71242612e+03 1.87338662e-02 2.19620706e+04
2.79350109e-02 6.50123004e+03 1.88170234e-02 2.12710681e+04
2.80590108e-02 6.29556149e+03 1.89005497e-02 2.05981509e+04
2.81835611e-02 6.09533654e+03 1.89844468e-02 1.99430443e+04
2.83086643e-02 5.90046925e+03 1.90687163e-02 1.93054672e+04
2.84343227e-02 5.71084257e+03 1.91533598e-02 1.86850366e+04
2.85605390e-02 5.52622334e+03 1.92383791e-02 1.80809896e+04
2.86873155e-02 5.34636609e+03 1.93237757e-02 1.74925232e+04
2.88146548e-02 5.17104572e+03 1.94095515e-02 1.69189007e+04
2.89425593e-02 5.00012057e+03 1.94957079e-02 1.63596588e+04
2.90710316e-02 4.83372224e+03 1.95822469e-02 1.58152279e+04
2.92000741e-02 4.67202350e+03 1.96691699e-02 1.52861735e+04
2.93296894e-02 4.51516325e+03 1.97564788e-02 1.47729498e+04
2.94598801e-02 4.36315280e+03 1.98441752e-02 1.42755940e+04
2.95906487e-02 4.21558535e+03 1.99322609e-02 1.37927750e+04
2.97219977e-02 4.07198921e+03 2.00207377e-02 1.33229495e+04
2.98539298e-02 3.93194458e+03 2.01096071e-02 1.28647441e+04
2.99864475e-02 3.79514769e+03 2.01988710e-02 1.24171648e+04
3.01195534e-02 3.66161757e+03 2.02885312e-02 1.19802739e+04
3.02532502e-02 3.53144247e+03 2.03785894e-02 1.15543601e+04
3.03875405e-02 3.40469316e+03 2.04690473e-02 1.11396551e+04
3.05224268e-02 3.28142381e+03 2.05599067e-02 1.07363359e+04
3.06579119e-02 3.16167235e+03 2.06511695e-02 1.03445267e+04
3.07939984e-02 3.04546234e+03 2.07428373e-02 9.96430467e+03
3.09306889e-02 2.93280435e+03 2.08349121e-02 9.59570431e+03
3.10679862e-02 2.82365244e+03 2.09273955e-02 9.23857531e+03
3.12058930e-02 2.71776068e+03 2.10202895e-02 8.89211304e+03
3.13444119e-02 2.61485509e+03 2.11135959e-02 8.55542110e+03
3.14835457e-02 2.51469375e+03 2.12073164e-02 8.22770794e+03
3.16232970e-02 2.41709946e+03 2.13014529e-02 7.90839378e+03
3.17636687e-02 2.32207310e+03 2.13960073e-02 7.59748153e+03
3.19046635e-02 2.22965499e+03 2.14909814e-02 7.29510307e+03
3.20462842e-02 2.13987460e+03 2.15863770e-02 7.00135484e+03
3.21885335e-02 2.05274944e+03 2.16821961e-02 6.71629413e+03
3.23314142e-02 1.96827961e+03 2.17784406e-02 6.43992128e+03
3.24749291e-02 1.88645573e+03 2.18751123e-02 6.17220556e+03
3.26190811e-02 1.80726213e+03 2.19722130e-02 5.91309576e+03
3.27638730e-02 1.73064856e+03 2.20697448e-02 5.66242743e+03
3.29093075e-02 1.65643126e+03 2.21677096e-02 5.41959936e+03
3.30553877e-02 1.58441095e+03 2.22661091e-02 5.18395951e+03
3.32021163e-02 1.51441612e+03 2.23649455e-02 4.95494670e+03
3.33494961e-02 1.44633341e+03 2.24642206e-02 4.73219009e+03
3.34975302e-02 1.38021951e+03 2.25639363e-02 4.51587516e+03
3.36462214e-02 1.31616361e+03 2.26640947e-02 4.30629366e+03
3.37955726e-02 1.25423520e+03 2.27646977e-02 4.10367303e+03
3.39455867e-02 1.19446892e+03 2.28657472e-02 3.90812654e+03
3.40962668e-02 1.13680653e+03 2.29672453e-02 3.71946369e+03
3.42476157e-02 1.08116938e+03 2.30691939e-02 3.53742713e+03
3.43996364e-02 1.02748625e+03 2.31715951e-02 3.36178383e+03
3.45523319e-02 9.75683143e+02 2.32744508e-02 3.19229168e+03
3.47057052e-02 9.25648159e+02 2.33777630e-02 3.02858458e+03
3.48597593e-02 8.77272373e+02 2.34815339e-02 2.87030612e+03
3.50144973e-02 8.30465025e+02 2.35857654e-02 2.71715937e+03
3.51699221e-02 7.85173042e+02 2.36904595e-02 2.56897066e+03
3.53260368e-02 7.41457408e+02 2.37956184e-02 2.42593954e+03
3.54828445e-02 6.99396041e+02 2.39012440e-02 2.28832094e+03
3.56403482e-02 6.59045820e+02 2.40073385e-02 2.15630095e+03
3.57985511e-02 6.20411635e+02 2.41139040e-02 2.02989558e+03
3.59574562e-02 5.83326065e+02 2.42209425e-02 1.90855705e+03
3.61170666e-02 5.47602402e+02 2.43284561e-02 1.79167449e+03
3.62773856e-02 5.13094293e+02 2.44364469e-02 1.67876903e+03
3.64384162e-02 4.79725815e+02 2.45449172e-02 1.56959228e+03
3.66001616e-02 4.47615447e+02 2.46538689e-02 1.46453188e+03
3.67626250e-02 4.16908385e+02 2.47633042e-02 1.36406289e+03
3.69258095e-02 3.87710300e+02 2.48732253e-02 1.26853105e+03
3.70897183e-02 3.60063306e+02 2.49836343e-02 1.17807416e+03
3.72543548e-02 3.33843736e+02 2.50945334e-02 1.09228758e+03
3.74197220e-02 3.08905193e+02 2.52059247e-02 1.01069234e+03
3.75858233e-02 2.85134330e+02 2.53178106e-02 9.32917572e+02
3.77526619e-02 2.62445724e+02 2.54301930e-02 8.58683793e+02
3.79202410e-02 2.40774817e+02 2.55430744e-02 7.87779772e+02
3.80885640e-02 2.20078420e+02 2.56564567e-02 7.20064209e+02
3.82576342e-02 2.00332759e+02 2.57703424e-02 6.55459309e+02
3.84274549e-02 1.81541003e+02 2.58847336e-02 5.93975451e+02
3.85980294e-02 1.63771596e+02 2.59996326e-02 5.35836565e+02
3.87693610e-02 1.47092405e+02 2.61150416e-02 4.81264704e+02
3.89414532e-02 1.31545658e+02 2.62309628e-02 4.30398036e+02
3.91143092e-02 1.17127759e+02 2.63473987e-02 3.83224793e+02
3.92879325e-02 1.03708484e+02 2.64643514e-02 3.39318901e+02
3.94623266e-02 9.11671967e+01 2.65818232e-02 2.98285653e+02
3.96374947e-02 7.94385433e+01 2.66998164e-02 2.59911225e+02
3.98134404e-02 6.85070145e+01 2.68183334e-02 2.24144871e+02
3.99901671e-02 5.84189371e+01 2.69373765e-02 1.91138166e+02
4.01676782e-02 4.92250549e+01 2.70569480e-02 1.61057137e+02
4.03459773e-02 4.09573611e+01 2.71770503e-02 1.34006459e+02
4.05250679e-02 3.36034212e+01 2.72976857e-02 1.09945450e+02
4.07049534e-02 2.70327746e+01 2.74188566e-02 8.84472608e+01
4.08856374e-02 2.11698663e+01 2.75405653e-02 6.92646877e+01
4.10671234e-02 1.60224749e+01 2.76628143e-02 5.24231803e+01
4.12494150e-02 1.16161272e+01 2.77856060e-02 3.80062591e+01
4.14325158e-02 7.91401704e+00 2.79089426e-02 2.58934993e+01
4.16164294e-02 4.95148797e+00 2.80328268e-02 1.62005401e+01
4.18011593e-02 2.78018506e+00 2.81572609e-02 9.09635645e+00
4.19867092e-02 1.39737543e+00 2.82822473e-02 4.57200680e+00
4.21730827e-02 7.12702774e-01 2.84077885e-02 2.33185861e+00
4.23602836e-02 4.39233007e-01 2.85338870e-02 1.43710577e+00
4.25483153e-02 3.89540576e-01 2.86605452e-02 1.27451945e+00
4.27371818e-02 5.68634394e-01 2.87877657e-02 1.86048807e+00
4.29268866e-02 1.20914958e+00 2.89155508e-02 3.95615952e+00
4.31174334e-02 2.99786731e+00 2.90439032e-02 9.80858072e+00
4.33088261e-02 6.93501718e+00 2.91728253e-02 2.26903558e+01
4.35010684e-02 1.23623109e+01 2.93023197e-02 4.04476621e+01
4.36941640e-02 1.72025391e+01 2.94323888e-02 5.62841766e+01
4.38881167e-02 2.05347834e+01 2.95630354e-02 6.71867899e+01
4.40829303e-02 2.31125302e+01 2.96942619e-02 7.56207981e+01
4.42786087e-02 2.66588955e+01 2.98260708e-02 8.72239834e+01
4.44751557e-02 3.18027182e+01 2.99584649e-02 1.04053814e+02
4.46725751e-02 3.84291649e+01 3.00914466e-02 1.25734573e+02
4.48708709e-02 4.60619570e+01 3.02250186e-02 1.50707946e+02
4.50700468e-02 5.37799172e+01 3.03591836e-02 1.75959976e+02
4.52701069e-02 6.11907697e+01 3.04939440e-02 2.00207195e+02
4.54710550e-02 6.84009756e+01 3.06293027e-02 2.23797927e+02
4.56728951e-02 7.57324866e+01 3.07652622e-02 2.47785553e+02
4.58756312e-02 8.36545888e+01 3.09018252e-02 2.73705506e+02
4.60792671e-02 9.22919115e+01 3.10389943e-02 3.01965555e+02
4.62838070e-02 1.01546476e+02 3.11767724e-02 3.32245127e+02
4.64892548e-02 1.11262962e+02 3.13151620e-02 3.64036040e+02
4.66956146e-02 1.21246007e+02 3.14541660e-02 3.96699095e+02
4.69028903e-02 1.31427351e+02 3.15937869e-02 4.30010953e+02
4.71110862e-02 1.41821485e+02 3.17340276e-02 4.64019031e+02
4.73202062e-02 1.52466260e+02 3.18748909e-02 4.98847168e+02
4.75302544e-02 1.63414612e+02 3.20163794e-02 5.34668565e+02
4.77412350e-02 1.74665693e+02 3.21584959e-02 5.71480447e+02
4.79531522e-02 1.86188618e+02 3.23012433e-02 6.09181763e+02
4.81660100e-02 1.97950363e+02 3.24446243e-02 6.47664461e+02
4.83798126e-02 2.09919195e+02 3.25886418e-02 6.86824718e+02
4.85945643e-02 2.22085589e+02 3.27332985e-02 7.26631370e+02
4.88102693e-02 2.34455485e+02 3.28785974e-02 7.67103849e+02
4.90269317e-02 2.47042520e+02 3.30245412e-02 8.08286774e+02
4.92445559e-02 2.59863526e+02 3.31711328e-02 8.50235219e+02
4.94631461e-02 2.72903726e+02 3.33183752e-02 8.92900837e+02
4.96827065e-02 2.86130504e+02 3.34662711e-02 9.36176909e+02
4.99032416e-02 2.99508610e+02 3.36148235e-02 9.79948101e+02
5.01247556e-02 3.13004228e+02 3.37640354e-02 1.02410378e+03
5.03472529e-02 3.26612460e+02 3.39139095e-02 1.06862791e+03
5.05707378e-02 3.40346585e+02 3.40644490e-02 1.11356395e+03
5.07952147e-02 3.54226212e+02 3.42156566e-02 1.15897605e+03
5.10206881e-02 3.68272001e+02 3.43675355e-02 1.20493180e+03
5.12471623e-02 3.82466635e+02 3.45200885e-02 1.25137455e+03
5.14746418e-02 3.96771283e+02 3.46733187e-02 1.29817726e+03
5.17031310e-02 4.11143643e+02 3.48272290e-02 1.34520151e+03
5.19326345e-02 4.25543062e+02 3.49818226e-02 1.39231429e+03
5.21631567e-02 4.39966588e+02 3.51371023e-02 1.43950594e+03
5.23947022e-02 4.54433711e+02 3.52930714e-02 1.48684024e+03
5.26272754e-02 4.68969474e+02 3.54497327e-02 1.53439911e+03
5.28608811e-02 4.83599645e+02 3.56070895e-02 1.58226688e+03
5.30955236e-02 4.98315166e+02 3.57651447e-02 1.63041390e+03
5.33312078e-02 5.13087737e+02 3.59239015e-02 1.67874758e+03
5.35679381e-02 5.27887191e+02 3.60833631e-02 1.72716922e+03
5.38057192e-02 5.42683889e+02 3.62435324e-02 1.77558183e+03
5.40445558e-02 5.57465572e+02 3.64044128e-02 1.82394533e+03
5.42844525e-02 5.72230028e+02 3.65660072e-02 1.87225245e+03
5.45254141e-02 5.86976759e+02 3.67283190e-02 1.92050159e+03
5.47674454e-02 6.01705674e+02 3.68913512e-02 1.96869243e+03
5.50105509e-02 6.16407313e+02 3.70551071e-02 2.01679403e+03
5.52547356e-02 6.31067236e+02 3.72195899e-02 2.06475914e+03
5.55000042e-02 6.45671072e+02 3.73848028e-02 2.11254074e+03
5.57463615e-02 6.60206708e+02 3.75507491e-02 2.16009921e+03
5.59938124e-02 6.74680723e+02 3.77174320e-02 2.20745605e+03
5.62423616e-02 6.89111096e+02 3.78848548e-02 2.25467011e+03
5.64920141e-02 7.03518644e+02 3.80530207e-02 2.30180949e+03
5.67427748e-02 7.17922466e+02 3.82219331e-02 2.34893667e+03
5.69946486e-02 7.32304429e+02 3.83915953e-02 2.39599234e+03
5.72476405e-02 7.46624994e+02 3.85620106e-02 2.44284712e+03
5.75017553e-02 7.60842209e+02 3.87331824e-02 2.48936376e+03
5.77569981e-02 7.74917190e+02 3.89051139e-02 2.53541502e+03
5.80133739e-02 7.88856668e+02 3.90778087e-02 2.58102295e+03
5.82708877e-02 8.02694141e+02 3.92512700e-02 2.62629712e+03
5.85295446e-02 8.16466677e+02 3.94255013e-02 2.67135883e+03
5.87893497e-02 8.30209737e+02 3.96005059e-02 2.71632410e+03
5.90503080e-02 8.43916452e+02 3.97762874e-02 2.76117046e+03
5.93124246e-02 8.57555591e+02 3.99528492e-02 2.80579571e+03
5.95757047e-02 8.71094198e+02 4.01301947e-02 2.85009204e+03
5.98401535e-02 8.84501316e+02 4.03083274e-02 2.89395816e+03
6.01057762e-02 8.97777130e+02 4.04872508e-02 2.93739467e+03
6.03725779e-02 9.10940240e+02 4.06669685e-02 2.98046243e+03
6.06405639e-02 9.24011158e+02 4.08474839e-02 3.02322855e+03
6.09097395e-02 9.37008146e+02 4.10288005e-02 3.06575278e+03
6.11801099e-02 9.49913146e+02 4.12109221e-02 3.10797604e+03
6.14516805e-02 9.62686540e+02 4.13938520e-02 3.14976871e+03
6.17244565e-02 9.75286846e+02 4.15775939e-02 3.19099505e+03
6.19984433e-02 9.87676448e+02 4.17621514e-02 3.23153201e+03
6.22736464e-02 9.99869573e+02 4.19475282e-02 3.27142612e+03
6.25500710e-02 1.01191172e+03 4.21337278e-02 3.31082625e+03
6.28277226e-02 1.02385145e+03 4.23207540e-02 3.34989130e+03
6.31066067e-02 1.03573115e+03 4.25086103e-02 3.38875993e+03
6.33867287e-02 1.04750761e+03 4.26973005e-02 3.42729077e+03
6.36680942e-02 1.05908565e+03 4.28868282e-02 3.46517241e+03
6.39507086e-02 1.07036569e+03 4.30771973e-02 3.50207906e+03
6.42345775e-02 1.08125875e+03 4.32684114e-02 3.53771953e+03
6.45197064e-02 1.09181624e+03 4.34604742e-02 3.57226209e+03
6.48061010e-02 1.10217558e+03 4.36533896e-02 3.60615634e+03
6.50937668e-02 1.11248097e+03 4.38471613e-02 3.63987405e+03
6.53827096e-02 1.12286631e+03 4.40417932e-02 3.67385334e+03
6.56729350e-02 1.13330642e+03 4.42372890e-02 3.70801184e+03
6.59644486e-02 1.14367835e+03 4.44336526e-02 3.74194727e+03
6.62572562e-02 1.15385346e+03 4.46308878e-02 3.77523875e+03
6.65513635e-02 1.16370940e+03 4.48289985e-02 3.80748594e+03
6.68467764e-02 1.17323174e+03 4.50279886e-02 3.83864162e+03
6.71435005e-02 1.18247299e+03 4.52278620e-02 3.86887762e+03
6.74415418e-02 1.19148872e+03 4.54286225e-02 3.89837579e+03
6.77409060e-02 1.20033214e+03 4.56302743e-02 3.92731014e+03
6.80415991e-02 1.20901053e+03 4.58328212e-02 3.95570457e+03
6.83436269e-02 1.21750260e+03 4.60362671e-02 3.98348935e+03
6.86469954e-02 1.22578622e+03 4.62406161e-02 4.01059216e+03
6.89517105e-02 1.23384196e+03 4.64458722e-02 4.03694935e+03
6.92577781e-02 1.24168323e+03 4.66520394e-02 4.06260482e+03
6.95652044e-02 1.24934446e+03 4.68591217e-02 4.08767126e+03
6.98739953e-02 1.25686147e+03 4.70671232e-02 4.11226578e+03
7.01841569e-02 1.26426736e+03 4.72760481e-02 4.13649679e+03
7.04956952e-02 1.27155517e+03 4.74859003e-02 4.16034143e+03
7.08086165e-02 1.27869213e+03 4.76966840e-02 4.18369249e+03
7.11229267e-02 1.28564443e+03 4.79084034e-02 4.20643941e+03
7.14386321e-02 1.29238040e+03 4.81210626e-02 4.22847852e+03
7.17557389e-02 1.29889868e+03 4.83346657e-02 4.24980535e+03
7.20742533e-02 1.30521765e+03 4.85492170e-02 4.27048011e+03
7.23941816e-02 1.31135658e+03 4.87647207e-02 4.29056578e+03
7.27155299e-02 1.31733210e+03 4.89811810e-02 4.31011679e+03
7.30383047e-02 1.32312502e+03 4.91986020e-02 4.32907039e+03
7.33625122e-02 1.32869254e+03 4.94169882e-02 4.34728647e+03
7.36881589e-02 1.33399085e+03 4.96363438e-02 4.36462178e+03
7.40152510e-02 1.33898087e+03 4.98566731e-02 4.38094839e+03
7.43437951e-02 1.34368488e+03 5.00779804e-02 4.39633922e+03
7.46737976e-02 1.34816624e+03 5.03002700e-02 4.41100157e+03
7.50052648e-02 1.35249003e+03 5.05235464e-02 4.42514838e+03
7.53382035e-02 1.35671684e+03 5.07478138e-02 4.43897787e+03
7.56726199e-02 1.36084192e+03 5.09730768e-02 4.45247451e+03
7.60085209e-02 1.36481640e+03 5.11993397e-02 4.46547846e+03
7.63459128e-02 1.36859013e+03 5.14266069e-02 4.47782553e+03
7.66848024e-02 1.37211742e+03 5.16548829e-02 4.48936629e+03
7.70251962e-02 1.37541386e+03 5.18841722e-02 4.50015177e+03
7.73671011e-02 1.37853707e+03 5.21144793e-02 4.51037046e+03
7.77105236e-02 1.38154608e+03 5.23458087e-02 4.52021548e+03
7.80554705e-02 1.38449471e+03 5.25781649e-02 4.52986297e+03
7.84019486e-02 1.38736435e+03 5.28115526e-02 4.53925202e+03
7.87499646e-02 1.39008606e+03 5.30459762e-02 4.54815706e+03
7.90995255e-02 1.39258943e+03 5.32814404e-02 4.55634770e+03
7.94506380e-02 1.39480982e+03 5.35179497e-02 4.56361251e+03
7.98033090e-02 1.39676322e+03 5.37555090e-02 4.57000373e+03
8.01575456e-02 1.39852228e+03 5.39941227e-02 4.57575913e+03
8.05133545e-02 1.40016132e+03 5.42337956e-02 4.58112183e+03
8.08707428e-02 1.40174938e+03 5.44745323e-02 4.58631771e+03
8.12297175e-02 1.40328052e+03 5.47163377e-02 4.59132738e+03
8.15902856e-02 1.40469539e+03 5.49592164e-02 4.59595664e+03
8.19524543e-02 1.40593330e+03 5.52031732e-02 4.60000688e+03
8.23162306e-02 1.40693682e+03 5.54482129e-02 4.60329025e+03
8.26816216e-02 1.40769526e+03 5.56943403e-02 4.60577175e+03
8.30486346e-02 1.40823174e+03 5.59415603e-02 4.60752704e+03
8.34172767e-02 1.40857027e+03 5.61898776e-02 4.60863468e+03
8.37875552e-02 1.40873399e+03 5.64392971e-02 4.60917035e+03
8.41594772e-02 1.40873237e+03 5.66898239e-02 4.60916505e+03
8.45330502e-02 1.40856489e+03 5.69414626e-02 4.60861706e+03
8.49082814e-02 1.40823084e+03 5.71942184e-02 4.60752412e+03
8.52851782e-02 1.40772975e+03 5.74480961e-02 4.60588461e+03
8.56637480e-02 1.40706325e+03 5.77031007e-02 4.60370390e+03
8.60439983e-02 1.40623457e+03 5.79592372e-02 4.60099260e+03
8.64259364e-02 1.40524704e+03 5.82165108e-02 4.59776156e+03
8.68095699e-02 1.40410440e+03 5.84749263e-02 4.59402299e+03
8.71949063e-02 1.40281567e+03 5.87344889e-02 4.58980645e+03
8.75819531e-02 1.40139386e+03 5.89952036e-02 4.58515451e+03
8.79707180e-02 1.39985208e+03 5.92570757e-02 4.58011003e+03
8.83612086e-02 1.39820333e+03 5.95201101e-02 4.57471556e+03
8.87534325e-02 1.39645936e+03 5.97843122e-02 4.56900954e+03
8.91473975e-02 1.39463097e+03 6.00496869e-02 4.56302732e+03
8.95431112e-02 1.39272889e+03 6.03162397e-02 4.55680401e+03
8.99405814e-02 1.39076156e+03 6.05839756e-02 4.55036719e+03
9.03398160e-02 1.38870294e+03 6.08529000e-02 4.54363168e+03
9.07408227e-02 1.38650036e+03 6.11230181e-02 4.53642517e+03
9.11436094e-02 1.38410083e+03 6.13943353e-02 4.52857427e+03
9.15481840e-02 1.38145572e+03 6.16668567e-02 4.51991986e+03
9.19545545e-02 1.37857811e+03 6.19405879e-02 4.51050472e+03
9.23627288e-02 1.37552946e+03 6.22155341e-02 4.50052998e+03
9.27727149e-02 1.37237212e+03 6.24917008e-02 4.49019963e+03
9.31845210e-02 1.36916526e+03 6.27690933e-02 4.47970727e+03
9.35981549e-02 1.36592526e+03 6.30477172e-02 4.46910645e+03
9.40136250e-02 1.36263439e+03 6.33275778e-02 4.45833922e+03
9.44309392e-02 1.35927417e+03 6.36086807e-02 4.44734509e+03
9.48501059e-02 1.35582546e+03 6.38910313e-02 4.43606141e+03
9.52711332e-02 1.35225549e+03 6.41746353e-02 4.42438098e+03
9.56940293e-02 1.34852057e+03 6.44594982e-02 4.41216087e+03
9.61188027e-02 1.34457725e+03 6.47456255e-02 4.39925890e+03
9.65454616e-02 1.34038706e+03 6.50330229e-02 4.38554924e+03
9.69740143e-02 1.33598578e+03 6.53216960e-02 4.37114888e+03
9.74044693e-02 1.33146973e+03 6.56116506e-02 4.35637305e+03
9.78368351e-02 1.32693588e+03 6.59028921e-02 4.34153897e+03
9.82711201e-02 1.32247453e+03 6.61954265e-02 4.32694206e+03
9.87073328e-02 1.31808257e+03 6.64892594e-02 4.31257223e+03
9.91454818e-02 1.31367947e+03 6.67843966e-02 4.29816592e+03
9.95855758e-02 1.30918332e+03 6.70808438e-02 4.28345520e+03
1.00027623e-01 1.30451664e+03 6.73786070e-02 4.26818651e+03
1.00471633e-01 1.29966039e+03 6.76776918e-02 4.25229756e+03
1.00917613e-01 1.29464483e+03 6.79781043e-02 4.23588738e+03
1.01365573e-01 1.28950143e+03 6.82798503e-02 4.21905894e+03
1.01815522e-01 1.28426047e+03 6.85829357e-02 4.20191131e+03
1.02267468e-01 1.27893798e+03 6.88873664e-02 4.18449688e+03
1.02721420e-01 1.27353773e+03 6.91931485e-02 4.16682808e+03
1.03177387e-01 1.26806312e+03 6.95002878e-02 4.14891594e+03
1.03635378e-01 1.26251720e+03 6.98087906e-02 4.13077052e+03
1.04095402e-01 1.25689814e+03 7.01186627e-02 4.11238576e+03
1.04557468e-01 1.25119981e+03 7.04299104e-02 4.09374167e+03
1.05021585e-01 1.24541611e+03 7.07425396e-02 4.07481825e+03
1.05487762e-01 1.23954179e+03 7.10565565e-02 4.05559835e+03
1.05956008e-01 1.23358550e+03 7.13719673e-02 4.03611025e+03
1.06426333e-01 1.22756804e+03 7.16887782e-02 4.01642201e+03
1.06898746e-01 1.22151027e+03 7.20069954e-02 3.99660188e+03
1.07373256e-01 1.21543144e+03 7.23266251e-02 3.97671282e+03
1.07849872e-01 1.20932618e+03 7.26476735e-02 3.95673731e+03
1.08328603e-01 1.20316727e+03 7.29701471e-02 3.93658627e+03
1.08809460e-01 1.19692727e+03 7.32940521e-02 3.91616991e+03
1.09292451e-01 1.19058046e+03 7.36193949e-02 3.89540408e+03
1.09777586e-01 1.18412431e+03 7.39461818e-02 3.87428049e+03
1.10264874e-01 1.17757721e+03 7.42744193e-02 3.85285937e+03
1.10754326e-01 1.17095803e+03 7.46041138e-02 3.83120237e+03
1.11245950e-01 1.16428472e+03 7.49352717e-02 3.80936829e+03
1.11739756e-01 1.15756429e+03 7.52678997e-02 3.78738003e+03
1.12235754e-01 1.15079370e+03 7.56020041e-02 3.76522767e+03
1.12733954e-01 1.14396965e+03 7.59375915e-02 3.74290038e+03
1.13234366e-01 1.13708898e+03 7.62746686e-02 3.72038784e+03
1.13736998e-01 1.13014959e+03 7.66132420e-02 3.69768318e+03
1.14241862e-01 1.12315037e+03 7.69533182e-02 3.67478276e+03
1.14748967e-01 1.11609032e+03 7.72949040e-02 3.65168331e+03
1.15258322e-01 1.10896846e+03 7.76380060e-02 3.62838163e+03
1.15769939e-01 1.10178296e+03 7.79826310e-02 3.60487172e+03
1.16283827e-01 1.09453116e+03 7.83287858e-02 3.58114490e+03
1.16799996e-01 1.08721050e+03 7.86764771e-02 3.55719280e+03
1.17318456e-01 1.07981909e+03 7.90257117e-02 3.53300917e+03
1.17839217e-01 1.07236665e+03 7.93764966e-02 3.50862589e+03
1.18362290e-01 1.06487404e+03 7.97288385e-02 3.48411118e+03
1.18887685e-01 1.05736206e+03 8.00827445e-02 3.45953309e+03
1.19415412e-01 1.04985038e+03 8.04382214e-02 3.43495595e+03
1.19945481e-01 1.04234462e+03 8.07952762e-02 3.41039823e+03
1.20477904e-01 1.03483688e+03 8.11539159e-02 3.38583399e+03
1.21012689e-01 1.02731888e+03 8.15141476e-02 3.36123622e+03
1.21549849e-01 1.01978221e+03 8.18759783e-02 3.33657734e+03
1.22089393e-01 1.01220871e+03 8.22394151e-02 3.31179795e+03
1.22631332e-01 1.00457067e+03 8.26044652e-02 3.28680742e+03
1.23175676e-01 9.96840848e+02 8.29711356e-02 3.26151658e+03
1.23722437e-01 9.88994472e+02 8.33394337e-02 3.23584439e+03
1.24271625e-01 9.81045378e+02 8.37093666e-02 3.20983612e+03
1.24823251e-01 9.73045782e+02 8.40809416e-02 3.18366262e+03
1.25377325e-01 9.65048077e+02 8.44541660e-02 3.15749531e+03
1.25933858e-01 9.57101549e+02 8.48290470e-02 3.13149544e+03
1.26492862e-01 9.49217886e+02 8.52055922e-02 3.10570125e+03
1.27054348e-01 9.41370879e+02 8.55838087e-02 3.08002700e+03
1.27618326e-01 9.33533408e+02 8.59637041e-02 3.05438395e+03
1.28184807e-01 9.25679784e+02 8.63452858e-02 3.02868805e+03
1.28753802e-01 9.17798536e+02 8.67285613e-02 3.00290176e+03
1.29325324e-01 9.09892743e+02 8.71135381e-02 2.97703517e+03
1.29899382e-01 9.01966117e+02 8.75002238e-02 2.95110042e+03
1.30475989e-01 8.94022161e+02 8.78886259e-02 2.92510896e+03
1.31055155e-01 8.86060884e+02 8.82787521e-02 2.89906084e+03
1.31636891e-01 8.78078671e+02 8.86706100e-02 2.87294421e+03
1.32221210e-01 8.70071902e+02 8.90642073e-02 2.84674724e+03
1.32808123e-01 8.62037383e+02 8.94595517e-02 2.82045948e+03
1.33397641e-01 8.53978388e+02 8.98566510e-02 2.79409163e+03
1.33989776e-01 8.45904996e+02 9.02555130e-02 2.76767668e+03
1.34584539e-01 8.37827316e+02 9.06561455e-02 2.74124770e+03
1.35181942e-01 8.29754949e+02 9.10585564e-02 2.71483610e+03
1.35781997e-01 8.21692122e+02 9.14627534e-02 2.68845572e+03
1.36384716e-01 8.13637346e+02 9.18687447e-02 2.66210168e+03
1.36990110e-01 8.05588932e+02 9.22765381e-02 2.63576845e+03
1.37598191e-01 7.97545310e+02 9.26861417e-02 2.60945090e+03
1.38208972e-01 7.89505425e+02 9.30975634e-02 2.58314558e+03
1.38822463e-01 7.81468771e+02 9.35108114e-02 2.55685083e+03
1.39438678e-01 7.73434935e+02 9.39258937e-02 2.53056531e+03
1.40057628e-01 7.65403708e+02 9.43428185e-02 2.50428831e+03
1.40679326e-01 7.57379156e+02 9.47615941e-02 2.47803316e+03
1.41303783e-01 7.49370039e+02 9.51822284e-02 2.45182851e+03
1.41931012e-01 7.41385059e+02 9.56047300e-02 2.42570283e+03
1.42561026e-01 7.33432380e+02 9.60291069e-02 2.39968283e+03
1.43193836e-01 7.25513731e+02 9.64553677e-02 2.37377418e+03
1.43829454e-01 7.17623690e+02 9.68835205e-02 2.34795912e+03
1.44467895e-01 7.09756691e+02 9.73135738e-02 2.32221946e+03
1.45109169e-01 7.01907459e+02 9.77455361e-02 2.29653793e+03
1.45753290e-01 6.94071739e+02 9.81794159e-02 2.27090061e+03
1.46400269e-01 6.86246394e+02 9.86152215e-02 2.24529723e+03
1.47050121e-01 6.78428523e+02 9.90529617e-02 2.21971830e+03
1.47702858e-01 6.70615600e+02 9.94926449e-02 2.19415557e+03
1.48358491e-01 6.62811380e+02 9.99342798e-02 2.16862131e+03
1.49017035e-01 6.55026806e+02 1.00377875e-01 2.14315133e+03
1.49678503e-01 6.47272800e+02 1.00823439e-01 2.11778136e+03
1.50342906e-01 6.39559628e+02 1.01270982e-01 2.09254500e+03
1.51010259e-01 6.31891136e+02 1.01720510e-01 2.06745482e+03
1.51680574e-01 6.24263761e+02 1.02172034e-01 2.04249917e+03
1.52353864e-01 6.16673685e+02 1.02625563e-01 2.01766556e+03
1.53030143e-01 6.09117313e+02 1.03081104e-01 1.99294222e+03
1.53709424e-01 6.01591985e+02 1.03538668e-01 1.96832046e+03
1.54391720e-01 5.94096104e+02 1.03998263e-01 1.94379504e+03
1.55077045e-01 5.86628243e+02 1.04459897e-01 1.91936129e+03
1.55765412e-01 5.79187135e+02 1.04923581e-01 1.89501508e+03
1.56456834e-01 5.71773496e+02 1.05389323e-01 1.87075875e+03
1.57151326e-01 5.64390393e+02 1.05857133e-01 1.84660232e+03
1.57848900e-01 5.57040930e+02 1.06327019e-01 1.82255596e+03
1.58549571e-01 5.49728111e+02 1.06798991e-01 1.79862949e+03
1.59253352e-01 5.42455842e+02 1.07273058e-01 1.77483570e+03
1.59960256e-01 5.35229146e+02 1.07749229e-01 1.75119101e+03
1.60670299e-01 5.28052889e+02 1.08227514e-01 1.72771135e+03
1.61383494e-01 5.20931557e+02 1.08707921e-01 1.70441140e+03
1.62099854e-01 5.13864208e+02 1.09190462e-01 1.68128808e+03
1.62819394e-01 5.06843246e+02 1.09675144e-01 1.65831652e+03
1.63542128e-01 4.99861044e+02 1.10161978e-01 1.63547179e+03
1.64268071e-01 4.92910482e+02 1.10650972e-01 1.61273057e+03
1.64997235e-01 4.85987480e+02 1.11142138e-01 1.59007953e+03
1.65729637e-01 4.79091654e+02 1.11635483e-01 1.56751740e+03
1.66465289e-01 4.72222934e+02 1.12131019e-01 1.54504396e+03
1.67204207e-01 4.65381496e+02 1.12628754e-01 1.52265978e+03
1.67946404e-01 4.58575310e+02 1.13128698e-01 1.50039094e+03
1.68691897e-01 4.51822253e+02 1.13630862e-01 1.47829593e+03
1.69440698e-01 4.45139909e+02 1.14135254e-01 1.45643228e+03
1.70192823e-01 4.38544492e+02 1.14641886e-01 1.43485305e+03
1.70948287e-01 4.32036656e+02 1.15150766e-01 1.41356037e+03
1.71707104e-01 4.25597248e+02 1.15661905e-01 1.39249157e+03
1.72469290e-01 4.19206795e+02 1.16175314e-01 1.37158295e+03
1.73234859e-01 4.12847217e+02 1.16691001e-01 1.35077535e+03
1.74003826e-01 4.06512247e+02 1.17208977e-01 1.33004826e+03
1.74776206e-01 4.00210755e+02 1.17729252e-01 1.30943070e+03
1.75552015e-01 3.93952199e+02 1.18251837e-01 1.28895363e+03
1.76331267e-01 3.87745426e+02 1.18776742e-01 1.26864598e+03
1.77113979e-01 3.81595455e+02 1.19303976e-01 1.24852418e+03
1.77900165e-01 3.75502390e+02 1.19833551e-01 1.22858857e+03
1.78689840e-01 3.69465988e+02 1.20365477e-01 1.20883835e+03
1.79483021e-01 3.63485993e+02 1.20899763e-01 1.18927269e+03
1.80279723e-01 3.57560804e+02 1.21436422e-01 1.16988634e+03
1.81079962e-01 3.51686987e+02 1.21975462e-01 1.15066808e+03
1.81883752e-01 3.45861196e+02 1.22516895e-01 1.13160694e+03
1.82691110e-01 3.40080387e+02 1.23060732e-01 1.11269299e+03
1.83502052e-01 3.34345158e+02 1.23606982e-01 1.09392816e+03
1.84316594e-01 3.28661020e+02 1.24155658e-01 1.07533050e+03
1.85134751e-01 3.23033517e+02 1.24706769e-01 1.05691814e+03
1.85956541e-01 3.17467752e+02 1.25260326e-01 1.03870777e+03
1.86781977e-01 3.11964721e+02 1.25816340e-01 1.02070266e+03
1.87611078e-01 3.06519840e+02 1.26374822e-01 1.00288782e+03
1.88443860e-01 3.01128396e+02 1.26935784e-01 9.85247805e+02
1.89280337e-01 2.95786066e+02 1.27499235e-01 9.67768485e+02
1.90120528e-01 2.90492294e+02 1.28065188e-01 9.50448043e+02
1.90964448e-01 2.85251712e+02 1.28633652e-01 9.33301630e+02
1.91812115e-01 2.80069053e+02 1.29204641e-01 9.16344732e+02
1.92663544e-01 2.74948646e+02 1.29778163e-01 8.99591512e+02
1.93518752e-01 2.69890800e+02 1.30354232e-01 8.83042987e+02
1.94377757e-01 2.64890216e+02 1.30932857e-01 8.66681810e+02
1.95240574e-01 2.59941501e+02 1.31514051e-01 8.50490342e+02
1.96107222e-01 2.55039727e+02 1.32097825e-01 8.34452459e+02
1.96977716e-01 2.50184244e+02 1.32684190e-01 8.18566035e+02
1.97852075e-01 2.45380441e+02 1.33273158e-01 8.02848697e+02
1.98730314e-01 2.40633821e+02 1.33864740e-01 7.87318456e+02
1.99612453e-01 2.35949420e+02 1.34458948e-01 7.71991784e+02
2.00498506e-01 2.31328762e+02 1.35055794e-01 7.56873671e+02
2.01388493e-01 2.26768399e+02 1.35655289e-01 7.41952833e+02
2.02282430e-01 2.22264702e+02 1.36257445e-01 7.27217401e+02
2.03180336e-01 2.17814347e+02 1.36862274e-01 7.12656493e+02
2.04082227e-01 2.13416530e+02 1.37469788e-01 6.98267483e+02
2.04988121e-01 2.09074092e+02 1.38079999e-01 6.84059665e+02
2.05898037e-01 2.04789958e+02 1.38692918e-01 6.70042609e+02
2.06811992e-01 2.00566772e+02 1.39308558e-01 6.56224967e+02
2.07730003e-01 1.96404976e+02 1.39926930e-01 6.42608181e+02
2.08652090e-01 1.92301791e+02 1.40548048e-01 6.29183166e+02
2.09578269e-01 1.88254355e+02 1.41171922e-01 6.15940550e+02
2.10508560e-01 1.84260040e+02 1.41798566e-01 6.02871738e+02
2.11442980e-01 1.80318074e+02 1.42427991e-01 5.89974206e+02
2.12381548e-01 1.76430432e+02 1.43060211e-01 5.77254412e+02
2.13324282e-01 1.72599154e+02 1.43695236e-01 5.64719035e+02
2.14271201e-01 1.68826070e+02 1.44333081e-01 5.52374058e+02
2.15222323e-01 1.65111613e+02 1.44973756e-01 5.40220904e+02
2.16177666e-01 1.61454152e+02 1.45617276e-01 5.28254227e+02
2.17137251e-01 1.57851967e+02 1.46263652e-01 5.16468410e+02
2.18101095e-01 1.54303469e+02 1.46912898e-01 5.04858247e+02
2.19069217e-01 1.50807861e+02 1.47565025e-01 4.93421131e+02
2.20041637e-01 1.47365533e+02 1.48220047e-01 4.82158342e+02
2.21018373e-01 1.43976927e+02 1.48877976e-01 4.71071319e+02
2.21999445e-01 1.40642410e+02 1.49538826e-01 4.60161273e+02
2.22984872e-01 1.37362223e+02 1.50202610e-01 4.49428981e+02
2.23974673e-01 1.34136434e+02 1.50869340e-01 4.38874674e+02
2.24968867e-01 1.30965056e+02 1.51539029e-01 4.28498392e+02
2.25967475e-01 1.27848052e+02 1.52211691e-01 4.18300014e+02
2.26970515e-01 1.24784864e+02 1.52887339e-01 4.08277713e+02
2.27978008e-01 1.21774105e+02 1.53565986e-01 3.98426954e+02
2.28989972e-01 1.18814394e+02 1.54247645e-01 3.88743213e+02
2.30006429e-01 1.15904442e+02 1.54932331e-01 3.79222279e+02
2.31027398e-01 1.13043426e+02 1.55620055e-01 3.69861455e+02
2.32052898e-01 1.10231229e+02 1.56310832e-01 3.60660362e+02
2.33082951e-01 1.07467781e+02 1.57004676e-01 3.51618767e+02
2.34117576e-01 1.04752980e+02 1.57701599e-01 3.42736336e+02
2.35156793e-01 1.02086669e+02 1.58401616e-01 3.34012559e+02
2.36200624e-01 9.94686231e+01 1.59104740e-01 3.25446699e+02
2.37249088e-01 9.68985921e+01 1.59810985e-01 3.17037936e+02
2.38302205e-01 9.43763061e+01 1.60520366e-01 3.08785387e+02
2.39359998e-01 9.19014728e+01 1.61232895e-01 3.00688097e+02
2.40422486e-01 8.94737752e+01 1.61948586e-01 2.92745027e+02
2.41489690e-01 8.70928795e+01 1.62667455e-01 2.84955087e+02
2.42561631e-01 8.47584357e+01 1.63389515e-01 2.77317130e+02
2.43638331e-01 8.24700243e+01 1.64114780e-01 2.69829785e+02
2.44719810e-01 8.02271166e+01 1.64843264e-01 2.62491321e+02
2.45806089e-01 7.80291756e+01 1.65574982e-01 2.55299981e+02
2.46897190e-01 7.58756696e+01 1.66309947e-01 2.48254027e+02
2.47993135e-01 7.37661839e+01 1.67048176e-01 2.41352100e+02
2.49093944e-01 7.17005079e+01 1.67789681e-01 2.34593512e+02
2.50199640e-01 6.96784213e+01 1.68534477e-01 2.27977542e+02
2.51310244e-01 6.76996669e+01 1.69282580e-01 2.21503349e+02
2.52425777e-01 6.57636773e+01 1.70034003e-01 2.15169076e+02
2.53546262e-01 6.38693570e+01 1.70788762e-01 2.08971138e+02
2.54671721e-01 6.20156131e+01 1.71546871e-01 2.02905961e+02
2.55802176e-01 6.02014232e+01 1.72308346e-01 1.96970199e+02
2.56937648e-01 5.84263000e+01 1.73073200e-01 1.91162257e+02
2.58078161e-01 5.66906739e+01 1.73841449e-01 1.85483544e+02
2.59223737e-01 5.49949733e+01 1.74613109e-01 1.79935461e+02
2.60374397e-01 5.33395079e+01 1.75388194e-01 1.74519021e+02
2.61530165e-01 5.17238193e+01 1.76166719e-01 1.69232726e+02
2.62691064e-01 5.01461303e+01 1.76948700e-01 1.64070760e+02
2.63857115e-01 4.86046529e+01 1.77734153e-01 1.59027273e+02
2.65028342e-01 4.70977556e+01 1.78523091e-01 1.54096926e+02
2.66204769e-01 4.56245715e+01 1.79315532e-01 1.49276885e+02
2.67386417e-01 4.41855302e+01 1.80111491e-01 1.44568553e+02
2.68573311e-01 4.27811047e+01 1.80910982e-01 1.39973480e+02
2.69765473e-01 4.14116485e+01 1.81714022e-01 1.35492821e+02
2.70962927e-01 4.00771242e+01 1.82520627e-01 1.31126453e+02
2.72165696e-01 3.87768583e+01 1.83330813e-01 1.26872175e+02
2.73373804e-01 3.75101200e+01 1.84144594e-01 1.22727593e+02
2.74587275e-01 3.62761992e+01 1.84961988e-01 1.18690386e+02
2.75806132e-01 3.50743726e+01 1.85783010e-01 1.14758186e+02
2.77030399e-01 3.39038715e+01 1.86607677e-01 1.10928479e+02
2.78260101e-01 3.27639501e+01 1.87436004e-01 1.07198824e+02
2.79495262e-01 3.16538934e+01 1.88268008e-01 1.03566882e+02
2.80735905e-01 3.05730916e+01 1.89103705e-01 1.00030657e+02
2.81982055e-01 2.95211111e+01 1.89943112e-01 9.65887317e+01
2.83233737e-01 2.84975319e+01 1.90786245e-01 9.32397311e+01
2.84490974e-01 2.75019251e+01 1.91633120e-01 8.99822523e+01
2.85753793e-01 2.65338932e+01 1.92483755e-01 8.68149945e+01
2.87022217e-01 2.55931096e+01 1.93338165e-01 8.37368889e+01
2.88296271e-01 2.46792346e+01 1.94196368e-01 8.07468243e+01
2.89575981e-01 2.37919043e+01 1.95058381e-01 7.78436100e+01
2.90861371e-01 2.29305698e+01 1.95924219e-01 7.50254503e+01
2.92152467e-01 2.20943334e+01 1.96793902e-01 7.22894079e+01
2.93449293e-01 2.12823077e+01 1.97667444e-01 6.96325793e+01
2.94751877e-01 2.04936661e+01 1.98544864e-01 6.70522601e+01
2.96060242e-01 1.97278541e+01 1.99426179e-01 6.45466359e+01
2.97374415e-01 1.89848114e+01 2.00311406e-01 6.21155094e+01
2.98694421e-01 1.82644867e+01 2.01200562e-01 5.97587131e+01
3.00020287e-01 1.75667688e+01 2.02093665e-01 5.74758828e+01
3.01352038e-01 1.68913174e+01 2.02990733e-01 5.52659052e+01
3.02689701e-01 1.62373805e+01 2.03891782e-01 5.31263200e+01
3.04033301e-01 1.56041940e+01 2.04796831e-01 5.10546266e+01
3.05382865e-01 1.49910399e+01 2.05705898e-01 4.90484768e+01
3.06738420e-01 1.43973316e+01 2.06619000e-01 4.71059507e+01
3.08099992e-01 1.38227074e+01 2.07536154e-01 4.52258648e+01
3.09467608e-01 1.32668254e+01 2.08457380e-01 4.34071007e+01
3.10841294e-01 1.27293325e+01 2.09382696e-01 4.16485031e+01
3.12221078e-01 1.22098361e+01 2.10312118e-01 3.99487873e+01
3.13606987e-01 1.17078712e+01 2.11245666e-01 3.83064320e+01
3.14999048e-01 1.12229719e+01 2.12183358e-01 3.67199129e+01
3.16397287e-01 1.07546825e+01 2.13125213e-01 3.51877386e+01
3.17801734e-01 1.03025385e+01 2.14071248e-01 3.37083902e+01
3.19212414e-01 9.86604570e+00 2.15021482e-01 3.22802498e+01
3.20629357e-01 9.44472280e+00 2.15975935e-01 3.09017433e+01
3.22052589e-01 9.03810816e+00 2.16934624e-01 2.95713600e+01
3.23482138e-01 8.64581635e+00 2.17897568e-01 2.82878390e+01
3.24918033e-01 8.26760685e+00 2.18864787e-01 2.70503931e+01
3.26360302e-01 7.90324152e+00 2.19836300e-01 2.58582434e+01
3.27808973e-01 7.55246293e+00 2.20812124e-01 2.47105474e+01
3.29264075e-01 7.21494809e+00 2.21792281e-01 2.36062485e+01
3.30725635e-01 6.89025065e+00 2.22776788e-01 2.25438863e+01
3.32193683e-01 6.57792359e+00 2.23765665e-01 2.15219981e+01
3.33668248e-01 6.27753892e+00 2.24758932e-01 2.05391837e+01
3.35149358e-01 5.98869666e+00 2.25756607e-01 1.95941343e+01
3.36637042e-01 5.71103654e+00 2.26758712e-01 1.86856712e+01
3.38131330e-01 5.44421152e+00 2.27765264e-01 1.78126590e+01
3.39632251e-01 5.18788307e+00 2.28776284e-01 1.69739901e+01
3.41139835e-01 4.94172420e+00 2.29791793e-01 1.61685945e+01
3.42654110e-01 4.70542360e+00 2.30811809e-01 1.53954537e+01
3.44175107e-01 4.47867689e+00 2.31836352e-01 1.46535718e+01
3.45702856e-01 4.26118515e+00 2.32865444e-01 1.39419708e+01
3.47237386e-01 4.05265880e+00 2.33899103e-01 1.32597033e+01
3.48778727e-01 3.85282271e+00 2.34937351e-01 1.26058690e+01
3.50326911e-01 3.66140626e+00 2.35980207e-01 1.19795825e+01
3.51881966e-01 3.47814182e+00 2.37027692e-01 1.13799683e+01
3.53443925e-01 3.30275465e+00 2.38079828e-01 1.08061273e+01
3.55012816e-01 3.13494892e+00 2.39136633e-01 1.02570916e+01
3.56588672e-01 2.97443582e+00 2.40198129e-01 9.73191633e+00
3.58171523e-01 2.82093814e+00 2.41264338e-01 9.22969453e+00
3.59761399e-01 2.67420371e+00 2.42335279e-01 8.74960106e+00
3.61358334e-01 2.53402441e+00 2.43410973e-01 8.29095502e+00
3.62962356e-01 2.40019749e+00 2.44491443e-01 7.85309302e+00
3.64573499e-01 2.27251901e+00 2.45576709e-01 7.43534782e+00
3.66191793e-01 2.15076976e+00 2.46666792e-01 7.03700220e+00
3.67817271e-01 2.03469464e+00 2.47761714e-01 6.65722147e+00
3.69449964e-01 1.92404439e+00 2.48861496e-01 6.29519015e+00
3.71089904e-01 1.81858279e+00 2.49966160e-01 5.95013530e+00
3.72737124e-01 1.71809629e+00 2.51075727e-01 5.62135827e+00
3.74391656e-01 1.62240884e+00 2.52190219e-01 5.30828302e+00
3.76053532e-01 1.53135115e+00 2.53309659e-01 5.01035564e+00
3.77722784e-01 1.44475514e+00 2.54434068e-01 4.72702625e+00
3.79399447e-01 1.36244831e+00 2.55563467e-01 4.45773039e+00
3.81083552e-01 1.28424486e+00 2.56697880e-01 4.20186021e+00
3.82775132e-01 1.20996367e+00 2.57837329e-01 3.95882308e+00
3.84474221e-01 1.13943142e+00 2.58981835e-01 3.72805195e+00
3.86180852e-01 1.07248637e+00 2.60131422e-01 3.50901761e+00
3.87895059e-01 1.00898439e+00 2.61286111e-01 3.30124847e+00
3.89616874e-01 9.48786382e-01 2.62445927e-01 3.10428944e+00
3.91346333e-01 8.91755965e-01 2.63610890e-01 2.91769430e+00
3.93083468e-01 8.37755361e-01 2.64781024e-01 2.74101227e+00
3.94828315e-01 7.86638772e-01 2.65956353e-01 2.57376631e+00
3.96580906e-01 7.38265367e-01 2.67136899e-01 2.41549565e+00
3.98341277e-01 6.92501526e-01 2.68322685e-01 2.26576310e+00
4.00109463e-01 6.49224477e-01 2.69513734e-01 2.12416696e+00
4.01885497e-01 6.08328494e-01 2.70710070e-01 1.99036132e+00
4.03669414e-01 5.69711998e-01 2.71911717e-01 1.86401383e+00
4.05461250e-01 5.33275109e-01 2.73118698e-01 1.74479769e+00
4.07261040e-01 4.98917244e-01 2.74331036e-01 1.63238381e+00
4.09068819e-01 4.66532967e-01 2.75548756e-01 1.52642722e+00
4.10884622e-01 4.36020353e-01 2.76771881e-01 1.42659444e+00
4.12708485e-01 4.07282519e-01 2.78000436e-01 1.33256848e+00
4.14540445e-01 3.80228081e-01 2.79234443e-01 1.24405033e+00
4.16380536e-01 3.54772148e-01 2.80473929e-01 1.16076227e+00
4.18228795e-01 3.30833738e-01 2.81718916e-01 1.08243931e+00
4.20085258e-01 3.08335155e-01 2.82969430e-01 1.00882726e+00
4.21949962e-01 2.87202080e-01 2.84225494e-01 9.39682946e-01
4.23822943e-01 2.67363793e-01 2.85487134e-01 8.74774991e-01
4.25704238e-01 2.48752501e-01 2.86754375e-01 8.13881581e-01
4.27593884e-01 2.31303144e-01 2.88027240e-01 7.56789853e-01
4.29491917e-01 2.14953276e-01 2.89305755e-01 7.03295491e-01
4.31398376e-01 1.99642885e-01 2.90589946e-01 6.53202143e-01
4.33313297e-01 1.85314554e-01 2.91879837e-01 6.06321952e-01
4.35236719e-01 1.71913441e-01 2.93175454e-01 5.62475485e-01
4.37168678e-01 1.59386743e-01 2.94476821e-01 5.21489970e-01
4.39109213e-01 1.47682786e-01 2.95783966e-01 4.83196346e-01
4.41058361e-01 1.36752500e-01 2.97096912e-01 4.47434059e-01
4.43016162e-01 1.26549602e-01 2.98415687e-01 4.14051678e-01
4.44982653e-01 1.17031128e-01 2.99740315e-01 3.82908632e-01
4.46957873e-01 1.08158562e-01 3.01070824e-01 3.53878899e-01
4.48941861e-01 9.98952858e-02 3.02407238e-01 3.26842676e-01
4.50934656e-01 9.22060340e-02 3.03749584e-01 3.01684576e-01
4.52936296e-01 8.50562958e-02 3.05097889e-01 2.78291685e-01
4.54946821e-01 7.84111697e-02 3.06452179e-01 2.56549810e-01
4.56966271e-01 7.22375393e-02 3.07812480e-01 2.36350600e-01
4.58994685e-01 6.65044491e-02 3.09178820e-01 2.17592772e-01
4.61032103e-01 6.11833468e-02 3.10551224e-01 2.00182908e-01
4.63078564e-01 5.62487049e-02 3.11929721e-01 1.84037486e-01
4.65134110e-01 5.16764637e-02 3.13314336e-01 1.69077785e-01
4.67198780e-01 4.74436615e-02 3.14705098e-01 1.55228679e-01
4.69272614e-01 4.35281941e-02 3.16102033e-01 1.42417846e-01
4.71355655e-01 3.99083473e-02 3.17505169e-01 1.30574240e-01
4.73447941e-01 3.65636233e-02 3.18914533e-01 1.19630796e-01
4.75549515e-01 3.34748659e-02 3.20330153e-01 1.09524836e-01
4.77660417e-01 3.06242968e-02 3.21752057e-01 1.00198193e-01
4.79780690e-01 2.79956846e-02 3.23180273e-01 9.15977608e-02
4.81910374e-01 2.55737997e-02 3.24614828e-01 8.36737098e-02
4.84049511e-01 2.33442615e-02 3.26055751e-01 7.63789887e-02
4.86198144e-01 2.12934428e-02 3.27503070e-01 6.96690118e-02
4.88356315e-01 1.94083049e-02 3.28956813e-01 6.35011178e-02
4.90524065e-01 1.76766203e-02 3.30417010e-01 5.78353005e-02
4.92701437e-01 1.60869865e-02 3.31883688e-01 5.26342527e-02
4.94888475e-01 1.46288137e-02 3.33356877e-01 4.78633258e-02
4.97085220e-01 1.32923581e-02 3.34836604e-01 4.34906400e-02
4.99291717e-01 1.20685223e-02 3.36322901e-01 3.94864293e-02
5.01508008e-01 1.09487850e-02 3.37815794e-01 3.58228133e-02
5.03734137e-01 9.92515037e-03 3.39315315e-01 3.24736316e-02
5.05970147e-01 8.99007182e-03 3.40821491e-01 2.94141922e-02
5.08216083e-01 8.13652021e-03 3.42334353e-01 2.66214969e-02
5.10471988e-01 7.35797515e-03 3.43853931e-01 2.40742120e-02
5.12737907e-01 6.64839131e-03 3.45380254e-01 2.17525581e-02
5.15013884e-01 6.00216679e-03 3.46913352e-01 1.96382066e-02
5.17299963e-01 5.41411354e-03 3.48453255e-01 1.77141829e-02
5.19596191e-01 4.87942959e-03 3.49999994e-01 1.59647757e-02
