# k[h/Mpc]  P(k)[(Mpc/h)^3]  k[1/Mpc]  P(k)[Mpc^3]
7.42280266e-05 1.21278821e+12 4.99999987e-05 3.96806458e+12
7.45575152e-05 1.19659309e+12 5.02219422e-05 3.91507651e+12
7.48884663e-05 1.18061447e+12 5.04448709e-05 3.86279682e+12
7.52208865e-05 1.16484943e+12 5.06687891e-05 3.81121595e+12
7.55547822e-05 1.14929511e+12 5.08937013e-05 3.76032449e+12
7.58901601e-05 1.13394865e+12 5.11196118e-05 3.71011313e+12
7.62270266e-05 1.11880725e+12 5.13465251e-05 3.66057270e+12
7.65653885e-05 1.10386815e+12 5.15744457e-05 3.61169417e+12
7.69052523e-05 1.08912863e+12 5.18033779e-05 3.56346861e+12
7.72466247e-05 1.07458599e+12 5.20333264e-05 3.51588724e+12
7.75895124e-05 1.06023758e+12 5.22642956e-05 3.46894136e+12
7.79339222e-05 1.04608079e+12 5.24962900e-05 3.42262242e+12
7.82798607e-05 1.03211304e+12 5.27293142e-05 3.37692199e+12
7.86273348e-05 1.01833178e+12 5.29633727e-05 3.33183174e+12
7.89763513e-05 1.00473450e+12 5.31984703e-05 3.28734345e+12
7.93269171e-05 9.91318733e+11 5.34346114e-05 3.24344903e+12
7.96790390e-05 9.78082031e+11 5.36718007e-05 3.20014049e+12
8.00327239e-05 9.65021987e+11 5.39100428e-05 3.15740995e+12
8.03879787e-05 9.52136226e+11 5.41493425e-05 3.11524963e+12
8.07448105e-05 9.39422404e+11 5.43897044e-05 3.07365188e+12
8.11032262e-05 9.26878212e+11 5.46311332e-05 3.03260913e+12
8.14632329e-05 9.14501375e+11 5.48736337e-05 2.99211394e+12
8.18248376e-05 9.02289684e+11 5.51172106e-05 2.95215908e+12
8.21880474e-05 8.90240969e+11 5.53618687e-05 2.91273746e+12
8.25528695e-05 8.78353089e+11 5.56076129e-05 2.87384206e+12
8.29193109e-05 8.66623926e+11 5.58544478e-05 2.83546597e+12
8.32873790e-05 8.55051393e+11 5.61023785e-05 2.79760235e+12
8.36570808e-05 8.43633429e+11 5.63514096e-05 2.76024445e+12
8.40284237e-05 8.32367998e+11 5.66015462e-05 2.72338562e+12
8.44014149e-05 8.21253091e+11 5.68527931e-05 2.68701927e+12
8.47760619e-05 8.10286724e+11 5.71051553e-05 2.65113894e+12
8.51523718e-05 7.99466934e+11 5.73586376e-05 2.61573817e+12
8.55303521e-05 7.88791750e+11 5.76132452e-05 2.58081054e+12
8.59100102e-05 7.78259218e+11 5.78689829e-05 2.54634965e+12
8.62913535e-05 7.67867408e+11 5.81258558e-05 2.51234917e+12
8.66743896e-05 7.57614419e+11 5.83838689e-05 2.47880290e+12
8.70591260e-05 7.47498376e+11 5.86430273e-05 2.44570470e+12
8.74455701e-05 7.37517429e+11 5.89033360e-05 2.41304851e+12
8.78337296e-05 7.27669754e+11 5.91648003e-05 2.38082837e+12
8.82236122e-05 7.17953553e+11 5.94274251e-05 2.34903838e+12
8.86152253e-05 7.08367051e+11 5.96912158e-05 2.31767276e+12
8.90085768e-05 6.98908500e+11 5.99561773e-05 2.28672577e+12
8.94036743e-05 6.89576192e+11 6.02223150e-05 2.25619184e+12
8.98005255e-05 6.80368446e+11 6.04896340e-05 2.22606545e+12
9.01991384e-05 6.71283604e+11 6.07581396e-05 2.19634118e+12
9.05995206e-05 6.62320031e+11 6.10278371e-05 2.16701369e+12
9.10016801e-05 6.53476111e+11 6.12987317e-05 2.13807768e+12
9.14056248e-05 6.44750252e+11 6.15708288e-05 2.10952796e+12
9.18113624e-05 6.36140882e+11 6.18441337e-05 2.08135936e+12
9.22189011e-05 6.27646449e+11 6.21186518e-05 2.05356683e+12
9.26282489e-05 6.19265424e+11 6.23943884e-05 2.02614535e+12
9.30394136e-05 6.10996296e+11 6.26713490e-05 1.99908998e+12
9.34524035e-05 6.02837570e+11 6.29495390e-05 1.97239583e+12
9.38672265e-05 5.94787771e+11 6.32289638e-05 1.94605807e+12
9.42838909e-05 5.86845442e+11 6.35096289e-05 1.92007194e+12
9.47024049e-05 5.79009147e+11 6.37915399e-05 1.89443273e+12
9.51227765e-05 5.71277469e+11 6.40747023e-05 1.86913582e+12
9.55450142e-05 5.63649010e+11 6.43591215e-05 1.84417662e+12
9.59691261e-05 5.56122389e+11 6.46448033e-05 1.81955063e+12
9.63951205e-05 5.48696246e+11 6.49317532e-05 1.79525338e+12
9.68230059e-05 5.41369239e+11 6.52199768e-05 1.77128049e+12
9.72527907e-05 5.34140042e+11 6.55094798e-05 1.74762762e+12
9.76844832e-05 5.27007357e+11 6.58002679e-05 1.72429053e+12
9.81180919e-05 5.19969907e+11 6.60923467e-05 1.70126503e+12
9.85536253e-05 5.13026430e+11 6.63857220e-05 1.67854699e+12
9.89910921e-05 5.06175683e+11 6.66803996e-05 1.65613235e+12
9.94305006e-05 4.99416436e+11 6.69763852e-05 1.63401709e+12
9.98718597e-05 4.92747477e+11 6.72736847e-05 1.61219724e+12
1.00315178e-04 4.86167610e+11 6.75723038e-05 1.59066888e+12
1.00760464e-04 4.79675653e+11 6.78722485e-05 1.56942816e+12
1.01207727e-04 4.73270442e+11 6.81735246e-05 1.54847125e+12
1.01656974e-04 4.66950824e+11 6.84761380e-05 1.52779439e+12
1.02108217e-04 4.60715651e+11 6.87800947e-05 1.50739382e+12
1.02561462e-04 4.54563780e+11 6.90854006e-05 1.48726580e+12
1.03016719e-04 4.48494085e+11 6.93920617e-05 1.46740666e+12
1.03473996e-04 4.42505457e+11 6.97000840e-05 1.44781274e+12
1.03933304e-04 4.36596799e+11 7.00094736e-05 1.42848049e+12
1.04394651e-04 4.30767032e+11 7.03202366e-05 1.40940635e+12
1.04858045e-04 4.25015091e+11 7.06323790e-05 1.39058684e+12
1.05323496e-04 4.19339925e+11 7.09459069e-05 1.37201853e+12
1.05791013e-04 4.13740498e+11 7.12608266e-05 1.35369803e+12
1.06260606e-04 4.08215790e+11 7.15771441e-05 1.33562200e+12
1.06732283e-04 4.02764806e+11 7.18948658e-05 1.31778718e+12
1.07206054e-04 3.97386570e+11 7.22139977e-05 1.30019039e+12
1.07681927e-04 3.92080122e+11 7.25345463e-05 1.28282847e+12
1.08159913e-04 3.86844513e+11 7.28565177e-05 1.26569833e+12
1.08640021e-04 3.81678806e+11 7.31799183e-05 1.24879689e+12
1.09122260e-04 3.76582076e+11 7.35047544e-05 1.23212114e+12
1.09606640e-04 3.71553411e+11 7.38310325e-05 1.21566809e+12
1.10093169e-04 3.66591910e+11 7.41587588e-05 1.19943479e+12
1.10581859e-04 3.61696685e+11 7.44879399e-05 1.18341833e+12
1.11072717e-04 3.56866857e+11 7.48185822e-05 1.16761585e+12
1.11565754e-04 3.52101552e+11 7.51506922e-05 1.15202447e+12
1.12060980e-04 3.47399902e+11 7.54842763e-05 1.13664136e+12
1.12558404e-04 3.42761050e+11 7.58193412e-05 1.12146372e+12
1.13058036e-04 3.38184152e+11 7.61558934e-05 1.10648879e+12
1.13559886e-04 3.33668375e+11 7.64939395e-05 1.09171383e+12
1.14063964e-04 3.29212895e+11 7.68334861e-05 1.07713615e+12
1.14570279e-04 3.24816903e+11 7.71745400e-05 1.06275311e+12
1.15078842e-04 3.20479599e+11 7.75171077e-05 1.04856209e+12
1.15589662e-04 3.16200194e+11 7.78611961e-05 1.03456051e+12
1.16102749e-04 3.11977910e+11 7.82068118e-05 1.02074582e+12
1.16618114e-04 3.07811984e+11 7.85539617e-05 1.00711552e+12
1.17135767e-04 3.03701668e+11 7.89026525e-05 9.93667172e+11
1.17655717e-04 2.99646224e+11 7.92528911e-05 9.80398355e+11
1.18177976e-04 2.95644923e+11 7.96046844e-05 9.67306685e+11
1.18702552e-04 2.91697045e+11 7.99580393e-05 9.54389809e+11
1.19229458e-04 2.87801880e+11 8.03129626e-05 9.41645404e+11
1.19758702e-04 2.83958729e+11 8.06694614e-05 9.29071179e+11
1.20290295e-04 2.80166900e+11 8.10275426e-05 9.16664872e+11
1.20824248e-04 2.76425711e+11 8.13872134e-05 9.04424252e+11
1.21360571e-04 2.72734488e+11 8.17484806e-05 8.92347115e+11
1.21899275e-04 2.69092566e+11 8.21113515e-05 8.80431280e+11
1.22440370e-04 2.65499283e+11 8.24758331e-05 8.68674588e+11
1.22983867e-04 2.61953989e+11 8.28419326e-05 8.57074909e+11
1.23529776e-04 2.58456041e+11 8.32096572e-05 8.45630138e+11
1.24078109e-04 2.55004806e+11 8.35790140e-05 8.34338204e+11
1.24628875e-04 2.51599657e+11 8.39500104e-05 8.23197059e+11
1.25182087e-04 2.48239979e+11 8.43226536e-05 8.12204685e+11
1.25737754e-04 2.44925162e+11 8.46969509e-05 8.01359091e+11
1.26295887e-04 2.41654606e+11 8.50729096e-05 7.90658313e+11
1.26856498e-04 2.38427718e+11 8.54505372e-05 7.80100411e+11
1.27419598e-04 2.35243914e+11 8.58298410e-05 7.69683473e+11
1.27985197e-04 2.32102617e+11 8.62108285e-05 7.59405610e+11
1.28553306e-04 2.29003256e+11 8.65935072e-05 7.49264959e+11
1.29123938e-04 2.25945271e+11 8.69778845e-05 7.39259681e+11
1.29697102e-04 2.22928106e+11 8.73639680e-05 7.29387962e+11
1.30272811e-04 2.19951216e+11 8.77517653e-05 7.19648014e+11
1.30851075e-04 2.17014059e+11 8.81412840e-05 7.10038071e+11
1.31431906e-04 2.14116106e+11 8.85325317e-05 7.00556393e+11
1.32015315e-04 2.11256829e+11 8.89255161e-05 6.91201262e+11
1.32601314e-04 2.08435713e+11 8.93202449e-05 6.81970983e+11
1.33189914e-04 2.05652248e+11 8.97167259e-05 6.72863896e+11
1.33781126e-04 2.02905937e+11 9.01149667e-05 6.63878372e+11
1.34374963e-04 2.00196290e+11 9.05149754e-05 6.55012804e+11
1.34971436e-04 1.97522822e+11 9.09167596e-05 6.46265609e+11
1.35570557e-04 1.94885054e+11 9.13203272e-05 6.37635220e+11
1.36172337e-04 1.92282514e+11 9.17256863e-05 6.29120094e+11
1.36776788e-04 1.89714737e+11 9.21328447e-05 6.20718706e+11
1.37383923e-04 1.87181263e+11 9.25418104e-05 6.12429551e+11
1.37993752e-04 1.84681638e+11 9.29525915e-05 6.04251144e+11
1.38606289e-04 1.82215413e+11 9.33651959e-05 5.96182019e+11
1.39221544e-04 1.79782144e+11 9.37796319e-05 5.88220720e+11
1.39839530e-04 1.77381387e+11 9.41959075e-05 5.80365799e+11
1.40460260e-04 1.75012707e+11 9.46140309e-05 5.72615825e+11
1.41083744e-04 1.72675671e+11 9.50340103e-05 5.64969387e+11
1.41709997e-04 1.70369854e+11 9.54558539e-05 5.57425096e+11
1.42339029e-04 1.68094838e+11 9.58795700e-05 5.49981577e+11
1.42970854e-04 1.65850208e+11 9.63051669e-05 5.42637477e+11
1.43605483e-04 1.63635556e+11 9.67326530e-05 5.35391460e+11
1.44242929e-04 1.61450479e+11 9.71620367e-05 5.28242211e+11
1.44883204e-04 1.59294580e+11 9.75933264e-05 5.21188428e+11
1.45526322e-04 1.57167469e+11 9.80265305e-05 5.14228832e+11
1.46172294e-04 1.55068759e+11 9.84616575e-05 5.07362164e+11
1.46821134e-04 1.52998072e+11 9.88987160e-05 5.00587180e+11
1.47472854e-04 1.50955033e+11 9.93377145e-05 4.93902656e+11
1.48127467e-04 1.48939272e+11 9.97786617e-05 4.87307382e+11
1.48784985e-04 1.46950424e+11 1.00221566e-04 4.80800165e+11
1.49445423e-04 1.44988130e+11 1.00666437e-04 4.74379828e+11
1.50108791e-04 1.43052035e+11 1.01113282e-04 4.68045209e+11
1.50775105e-04 1.41141788e+11 1.01562111e-04 4.61795162e+11
1.51444376e-04 1.39257044e+11 1.02012932e-04 4.55628558e+11
1.52116618e-04 1.37397463e+11 1.02465754e-04 4.49544281e+11
1.52791844e-04 1.35562707e+11 1.02920586e-04 4.43541232e+11
1.53470067e-04 1.33752447e+11 1.03377437e-04 4.37618327e+11
1.54151301e-04 1.31966355e+11 1.03836316e-04 4.31774495e+11
1.54835558e-04 1.30204108e+11 1.04297232e-04 4.26008682e+11
1.55522853e-04 1.28465387e+11 1.04760194e-04 4.20319845e+11
1.56213199e-04 1.26749880e+11 1.05225211e-04 4.14706956e+11
1.56906609e-04 1.25057275e+11 1.05692292e-04 4.09169003e+11
1.57603097e-04 1.23387268e+11 1.06161446e-04 4.03704984e+11
1.58302677e-04 1.21739556e+11 1.06632683e-04 3.98313913e+11
1.59005362e-04 1.20113842e+11 1.07106012e-04 3.92994817e+11
1.59711166e-04 1.18509834e+11 1.07581441e-04 3.87746738e+11
1.60420103e-04 1.16927242e+11 1.08058981e-04 3.82568732e+11
1.61132187e-04 1.15365783e+11 1.08538641e-04 3.77459867e+11
1.61847432e-04 1.13825175e+11 1.09020430e-04 3.72419224e+11
1.62565851e-04 1.12305140e+11 1.09504357e-04 3.67445894e+11
1.63287460e-04 1.10805405e+11 1.09990433e-04 3.62538983e+11
1.64012272e-04 1.09325701e+11 1.10478666e-04 3.57697606e+11
1.64740301e-04 1.07865759e+11 1.10969067e-04 3.52920892e+11
1.65471562e-04 1.06425318e+11 1.11461644e-04 3.48207980e+11
1.66206068e-04 1.05004116e+11 1.11956408e-04 3.43558018e+11
1.66943835e-04 1.03601897e+11 1.12453368e-04 3.38970164e+11
1.67684877e-04 1.02218406e+11 1.12952533e-04 3.34443584e+11
1.68429209e-04 1.00853391e+11 1.13453915e-04 3.29977456e+11
1.69176844e-04 9.95066047e+10 1.13957522e-04 3.25570969e+11
1.69927798e-04 9.81778028e+10 1.14463365e-04 3.21223325e+11
1.70682086e-04 9.68667439e+10 1.14971453e-04 3.16933733e+11
1.71439721e-04 9.55731903e+10 1.15481796e-04 3.12701416e+11
1.72200720e-04 9.42969074e+10 1.15994405e-04 3.08525606e+11
1.72965096e-04 9.30376636e+10 1.16509289e-04 3.04405546e+11
1.73732866e-04 9.17952311e+10 1.17026459e-04 3.00340489e+11
1.74504044e-04 9.05693862e+10 1.17545924e-04 2.96329705e+11
1.75278644e-04 8.93599086e+10 1.18067695e-04 2.92372472e+11
1.76056683e-04 8.81665805e+10 1.18591782e-04 2.88468079e+11
1.76838176e-04 8.69891874e+10 1.19118195e-04 2.84615821e+11
1.77623138e-04 8.58275173e+10 1.19646946e-04 2.80815008e+11
1.78411584e-04 8.46813612e+10 1.20178043e-04 2.77064954e+11
1.79203530e-04 8.35505128e+10 1.20711498e-04 2.73364984e+11
1.79998991e-04 8.24347684e+10 1.21247320e-04 2.69714433e+11
1.80797983e-04 8.13339272e+10 1.21785521e-04 2.66112642e+11
1.81600522e-04 8.02477904e+10 1.22326111e-04 2.62558962e+11
1.82406623e-04 7.91761605e+10 1.22869101e-04 2.59052747e+11
1.83216302e-04 7.81188425e+10 1.23414501e-04 2.55593358e+11
1.84029575e-04 7.70756440e+10 1.23962322e-04 2.52180166e+11
1.84846459e-04 7.60463751e+10 1.24512575e-04 2.48812550e+11
1.85666968e-04 7.50308488e+10 1.25065270e-04 2.45489897e+11
1.86491120e-04 7.40288802e+10 1.25620418e-04 2.42211604e+11
1.87318930e-04 7.30402874e+10 1.26178031e-04 2.38977073e+11
1.88150414e-04 7.20648906e+10 1.26738119e-04 2.35785718e+11
1.88985589e-04 7.11025126e+10 1.27300693e-04 2.32636959e+11
1.89824472e-04 7.01529794e+10 1.27865764e-04 2.29530226e+11
1.90667078e-04 6.92161214e+10 1.28433344e-04 2.26464965e+11
1.91513424e-04 6.82917720e+10 1.29003442e-04 2.23440630e+11
1.92363527e-04 6.73797667e+10 1.29576072e-04 2.20456682e+11
1.93217404e-04 6.64799429e+10 1.30151243e-04 2.17512591e+11
1.94075071e-04 6.55921403e+10 1.30728968e-04 2.14607832e+11
1.94936545e-04 6.47162004e+10 1.31309257e-04 2.11741885e+11
1.95801843e-04 6.38519670e+10 1.31892121e-04 2.08914241e+11
1.96670982e-04 6.29992857e+10 1.32477573e-04 2.06124393e+11
1.97543979e-04 6.21580042e+10 1.33065624e-04 2.03371844e+11
1.98420851e-04 6.13279711e+10 1.33656285e-04 2.00656098e+11
1.99301615e-04 6.05090332e+10 1.34249568e-04 1.97976653e+11
2.00186289e-04 5.97010386e+10 1.34845484e-04 1.95333014e+11
2.01074890e-04 5.89038376e+10 1.35444046e-04 1.92724689e+11
2.01967435e-04 5.81172825e+10 1.36045264e-04 1.90151197e+11
2.02863942e-04 5.73412279e+10 1.36649152e-04 1.87612061e+11
2.03764429e-04 5.65755303e+10 1.37255719e-04 1.85106811e+11
2.04668913e-04 5.58200484e+10 1.37864980e-04 1.82634985e+11
2.05577412e-04 5.50746427e+10 1.38476944e-04 1.80196127e+11
2.06489943e-04 5.43391759e+10 1.39091626e-04 1.77789788e+11
2.07406525e-04 5.36135135e+10 1.39709035e-04 1.75415527e+11
2.08327176e-04 5.28975264e+10 1.40329185e-04 1.73072923e+11
2.09251913e-04 5.21910886e+10 1.40952088e-04 1.70761562e+11
2.10180755e-04 5.14940753e+10 1.41577756e-04 1.68481038e+11
2.11113720e-04 5.08063635e+10 1.42206202e-04 1.66230946e+11
2.12050826e-04 5.01278317e+10 1.42837437e-04 1.64010890e+11
2.12992092e-04 4.94583599e+10 1.43471473e-04 1.61820476e+11
2.13937537e-04 4.87978294e+10 1.44108325e-04 1.59659318e+11
2.14887177e-04 4.81461234e+10 1.44748003e-04 1.57527031e+11
2.15841034e-04 4.75031262e+10 1.45390520e-04 1.55423239e+11
2.16799124e-04 4.68687230e+10 1.46035890e-04 1.53347566e+11
2.17761467e-04 4.62427975e+10 1.46684124e-04 1.51299629e+11
2.18728082e-04 4.56252337e+10 1.47335236e-04 1.49279051e+11
2.19698987e-04 4.50159175e+10 1.47989238e-04 1.47285458e+11
2.20674203e-04 4.44147361e+10 1.48646143e-04 1.45318481e+11
2.21653747e-04 4.38215786e+10 1.49305964e-04 1.43377757e+11
2.22637639e-04 4.32363357e+10 1.49968714e-04 1.41462928e+11
2.23625898e-04 4.26588993e+10 1.50634405e-04 1.39573642e+11
2.24618545e-04 4.20891633e+10 1.51303052e-04 1.37709549e+11
2.25615597e-04 4.15270227e+10 1.51974666e-04 1.35870308e+11
2.26617076e-04 4.09723749e+10 1.52649262e-04 1.34055582e+11
2.27622999e-04 4.04251219e+10 1.53326852e-04 1.32265051e+11
2.28633388e-04 3.98851683e+10 1.54007450e-04 1.30498402e+11
2.29648262e-04 3.93524199e+10 1.54691069e-04 1.28755328e+11
2.30667641e-04 3.88267835e+10 1.55377723e-04 1.27035523e+11
2.31691544e-04 3.83081672e+10 1.56067424e-04 1.25338687e+11
2.32719993e-04 3.77964801e+10 1.56760187e-04 1.23664522e+11
2.33753007e-04 3.72916324e+10 1.57456025e-04 1.22012734e+11
2.34790606e-04 3.67935353e+10 1.58154952e-04 1.20383034e+11
2.35832811e-04 3.63021012e+10 1.58856982e-04 1.18775134e+11
2.36879642e-04 3.58172433e+10 1.59562127e-04 1.17188750e+11
2.37931120e-04 3.53388726e+10 1.60270403e-04 1.15623591e+11
2.38987265e-04 3.48669005e+10 1.60981822e-04 1.14079368e+11
2.40048099e-04 3.44012396e+10 1.61696399e-04 1.12555794e+11
2.41113641e-04 3.39418036e+10 1.62414149e-04 1.11052587e+11
2.42183913e-04 3.34885076e+10 1.63135084e-04 1.09569469e+11
2.43258936e-04 3.30412677e+10 1.63859219e-04 1.08106166e+11
2.44338731e-04 3.26000013e+10 1.64586569e-04 1.06662408e+11
2.45423319e-04 3.21646271e+10 1.65317148e-04 1.05237927e+11
2.46512721e-04 3.17350648e+10 1.66050969e-04 1.03832463e+11
2.47606959e-04 3.13112354e+10 1.66788048e-04 1.02445755e+11
2.48706054e-04 3.08930622e+10 1.67528398e-04 1.01077554e+11
2.49810028e-04 3.04804704e+10 1.68272035e-04 9.97276143e+10
2.50918902e-04 3.00733859e+10 1.69018972e-04 9.83956936e+10
2.52032698e-04 2.96717356e+10 1.69769226e-04 9.70815530e+10
2.53151439e-04 2.92754475e+10 1.70522809e-04 9.57849567e+10
2.54275145e-04 2.88844505e+10 1.71279738e-04 9.45056720e+10
2.55403839e-04 2.84986743e+10 1.72040026e-04 9.32434692e+10
2.56537544e-04 2.81180498e+10 1.72803690e-04 9.19981215e+10
2.57676281e-04 2.77425084e+10 1.73570743e-04 9.07694054e+10
2.58820072e-04 2.73719827e+10 1.74341201e-04 8.95570999e+10
2.59968941e-04 2.70064059e+10 1.75115079e-04 8.83609863e+10
2.61122909e-04 2.66457118e+10 1.75892392e-04 8.71808482e+10
2.62282000e-04 2.62898352e+10 1.76673155e-04 8.60164724e+10
2.63446236e-04 2.59387117e+10 1.77457384e-04 8.48676482e+10
2.64615639e-04 2.55922780e+10 1.78245094e-04 8.37341680e+10
2.65790234e-04 2.52504713e+10 1.79036301e-04 8.26158267e+10
2.66970042e-04 2.49132298e+10 1.79831020e-04 8.15124222e+10
2.68155087e-04 2.45804926e+10 1.80629267e-04 8.04237550e+10
2.69345393e-04 2.42521995e+10 1.81431056e-04 7.93496281e+10
2.70540982e-04 2.39282910e+10 1.82236405e-04 7.82898474e+10
2.71741878e-04 2.36087086e+10 1.83045329e-04 7.72442208e+10
2.72948105e-04 2.32933943e+10 1.83857843e-04 7.62125586e+10
2.74159686e-04 2.29822907e+10 1.84673965e-04 7.51946737e+10
2.75376645e-04 2.26753417e+10 1.85493708e-04 7.41903814e+10
2.76599006e-04 2.23724913e+10 1.86317091e-04 7.31994997e+10
2.77826793e-04 2.20736848e+10 1.87144128e-04 7.22218488e+10
2.79060030e-04 2.17788680e+10 1.87974836e-04 7.12572516e+10
2.80298742e-04 2.14879874e+10 1.88809232e-04 7.03055332e+10
2.81542951e-04 2.12009904e+10 1.89647332e-04 6.93665210e+10
2.82792684e-04 2.09178248e+10 1.90489152e-04 6.84400450e+10
2.84047964e-04 2.06384398e+10 1.91334708e-04 6.75259382e+10
2.85308816e-04 2.03627850e+10 1.92184018e-04 6.66240363e+10
2.86575264e-04 2.00908109e+10 1.93037098e-04 6.57341772e+10
2.87847335e-04 1.98224687e+10 1.93893965e-04 6.48562009e+10
2.89125052e-04 1.95577101e+10 1.94754635e-04 6.39899496e+10
2.90408440e-04 1.92964874e+10 1.95619125e-04 6.31352675e+10
2.91697526e-04 1.90387537e+10 1.96487453e-04 6.22920009e+10
2.92992333e-04 1.87844627e+10 1.97359635e-04 6.14599980e+10
2.94292888e-04 1.85335685e+10 1.98235689e-04 6.06391091e+10
2.95599216e-04 1.82860260e+10 1.99115632e-04 5.98291865e+10
2.96911342e-04 1.80417901e+10 1.99999480e-04 5.90300825e+10
2.98229293e-04 1.78008160e+10 2.00887252e-04 5.82416506e+10
2.99553094e-04 1.75630594e+10 2.01778964e-04 5.74637462e+10
3.00882771e-04 1.73284769e+10 2.02674635e-04 5.66962267e+10
3.02218351e-04 1.70970254e+10 2.03574281e-04 5.59389514e+10
3.03559859e-04 1.68686625e+10 2.04477921e-04 5.51917817e+10
3.04907321e-04 1.66433465e+10 2.05385572e-04 5.44545808e+10
3.06260765e-04 1.64210361e+10 2.06297252e-04 5.37272140e+10
3.07620217e-04 1.62016908e+10 2.07212978e-04 5.30095482e+10
3.08985703e-04 1.59852704e+10 2.08132770e-04 5.23014526e+10
3.10357251e-04 1.57717364e+10 2.09056644e-04 5.16028007e+10
3.11734886e-04 1.55610513e+10 2.09984619e-04 5.09134703e+10
3.13118637e-04 1.53531784e+10 2.10916714e-04 5.02333408e+10
3.14508530e-04 1.51480812e+10 2.11852946e-04 4.95622928e+10
3.15904592e-04 1.49457236e+10 2.12793333e-04 4.89002086e+10
3.17306852e-04 1.47460702e+10 2.13737895e-04 4.82469718e+10
3.18715335e-04 1.45490856e+10 2.14686650e-04 4.76024675e+10
3.20130071e-04 1.43547354e+10 2.15639616e-04 4.69665821e+10
3.21551087e-04 1.41629852e+10 2.16596812e-04 4.63392035e+10
3.22978411e-04 1.39738010e+10 2.17558257e-04 4.57202209e+10
3.24412070e-04 1.37871486e+10 2.18523970e-04 4.51095216e+10
3.25852093e-04 1.36029930e+10 2.19493970e-04 4.45069917e+10
3.27298508e-04 1.34213001e+10 2.20468275e-04 4.39125190e+10
3.28751343e-04 1.32420358e+10 2.21446905e-04 4.33259926e+10
3.30210628e-04 1.30651668e+10 2.22429879e-04 4.27473034e+10
3.31676390e-04 1.28906603e+10 2.23417216e-04 4.21763438e+10
3.33148658e-04 1.27184839e+10 2.24408936e-04 4.16130078e+10
3.34627462e-04 1.25486055e+10 2.25405058e-04 4.10571909e+10
3.36112829e-04 1.23809939e+10 2.26405602e-04 4.05087902e+10
3.37604791e-04 1.22156178e+10 2.27410587e-04 3.99677041e+10
3.39103374e-04 1.20524473e+10 2.28420033e-04 3.94338343e+10
3.40608610e-04 1.18914533e+10 2.29433960e-04 3.89070855e+10
3.42120528e-04 1.17326071e+10 2.30452387e-04 3.83873639e+10
3.43639156e-04 1.15758802e+10 2.31475336e-04 3.78745768e+10
3.45164526e-04 1.14212448e+10 2.32502824e-04 3.73686326e+10
3.46696666e-04 1.12686733e+10 2.33534874e-04 3.68694410e+10
3.48235607e-04 1.11181384e+10 2.34571505e-04 3.63769128e+10
3.49781380e-04 1.09696131e+10 2.35612738e-04 3.58909601e+10
3.51334014e-04 1.08230710e+10 2.36658592e-04 3.54114959e+10
3.52893540e-04 1.06784859e+10 2.37709089e-04 3.49384346e+10
3.54459989e-04 1.05358317e+10 2.38764248e-04 3.44716912e+10
3.56033390e-04 1.03950830e+10 2.39824092e-04 3.40111819e+10
3.57613776e-04 1.02562142e+10 2.40888640e-04 3.35568237e+10
3.59201177e-04 1.01192004e+10 2.41957913e-04 3.31085348e+10
3.60795625e-04 9.98401699e+09 2.43031933e-04 3.26662345e+10
3.62397150e-04 9.85063957e+09 2.44110720e-04 3.22298432e+10
3.64005783e-04 9.71904413e+09 2.45194296e-04 3.17992823e+10
3.65621558e-04 9.58920697e+09 2.46282681e-04 3.13744743e+10
3.67244504e-04 9.46110469e+09 2.47375898e-04 3.09553424e+10
3.68874655e-04 9.33471420e+09 2.48473968e-04 3.05418114e+10
3.70512042e-04 9.21001262e+09 2.49576911e-04 3.01338061e+10
3.72156696e-04 9.08697720e+09 2.50684751e-04 2.97312523e+10
3.73808651e-04 8.96558552e+09 2.51797508e-04 2.93340766e+10
3.75467939e-04 8.84581545e+09 2.52915204e-04 2.89422066e+10
3.77134593e-04 8.72764515e+09 2.54037862e-04 2.85555707e+10
3.78808644e-04 8.61105311e+09 2.55165503e-04 2.81740987e+10
3.80490127e-04 8.49601808e+09 2.56298149e-04 2.77977211e+10
3.82179073e-04 8.38251913e+09 2.57435823e-04 2.74263692e+10
3.83875516e-04 8.27053560e+09 2.58578548e-04 2.70599756e+10
3.85579489e-04 8.16004711e+09 2.59726344e-04 2.66984735e+10
3.87291027e-04 8.05103363e+09 2.60879236e-04 2.63417974e+10
3.89010161e-04 7.94347549e+09 2.62037245e-04 2.59898830e+10
3.90736927e-04 7.83735328e+09 2.63200394e-04 2.56426668e+10
3.92471357e-04 7.73264788e+09 2.64368706e-04 2.53000861e+10
3.94213486e-04 7.62934040e+09 2.65542204e-04 2.49620792e+10
3.95963349e-04 7.52741219e+09 2.66720912e-04 2.46285851e+10
3.97720979e-04 7.42684488e+09 2.67904851e-04 2.42995437e+10
3.99486410e-04 7.32762032e+09 2.69094046e-04 2.39748955e+10
4.01259679e-04 7.22972061e+09 2.70288520e-04 2.36545821e+10
4.03040818e-04 7.13312810e+09 2.71488295e-04 2.33385456e+10
4.04829864e-04 7.03782534e+09 2.72693396e-04 2.30267290e+10
4.06626851e-04 6.94379516e+09 2.73903847e-04 2.27190760e+10
4.08431815e-04 6.85102059e+09 2.75119670e-04 2.24155313e+10
4.10244791e-04 6.75948491e+09 2.76340891e-04 2.21160400e+10
4.12065814e-04 6.66917159e+09 2.77567532e-04 2.18205481e+10
4.13894920e-04 6.58006435e+09 2.78799618e-04 2.15290024e+10
4.15732146e-04 6.49214710e+09 2.80037174e-04 2.12413501e+10
4.17577527e-04 6.40540399e+09 2.81280222e-04 2.09575394e+10
4.19431099e-04 6.31981937e+09 2.82528789e-04 2.06775191e+10
4.21292899e-04 6.23537778e+09 2.83782897e-04 2.04012386e+10
4.23162964e-04 6.15206396e+09 2.85042572e-04 2.01286481e+10
4.25041329e-04 6.06986278e+09 2.86307839e-04 1.98596979e+10
4.26928032e-04 5.98875929e+09 2.87578723e-04 1.95943392e+10
4.28823110e-04 5.90873878e+09 2.88855247e-04 1.93325239e+10
4.30726600e-04 5.82978670e+09 2.90137438e-04 1.90742043e+10
4.32638540e-04 5.75188873e+09 2.91425320e-04 1.88193336e+10
4.34558966e-04 5.67503072e+09 2.92718920e-04 1.85678655e+10
4.36487917e-04 5.59919872e+09 2.94018261e-04 1.83197544e+10
4.38425430e-04 5.52437898e+09 2.95323370e-04 1.80749552e+10
4.40371543e-04 5.45055791e+09 2.96634272e-04 1.78334235e+10
4.42326295e-04 5.37772223e+09 2.97950993e-04 1.75951159e+10
4.44289724e-04 5.30585905e+09 2.99273558e-04 1.73599901e+10
4.46261869e-04 5.23495567e+09 3.00601995e-04 1.71280047e+10
4.48242767e-04 5.16499954e+09 3.01936328e-04 1.68991185e+10
4.50232458e-04 5.09597828e+09 3.03276584e-04 1.66732911e+10
4.52230982e-04 5.02787966e+09 3.04622789e-04 1.64504824e+10
4.54238376e-04 4.96069159e+09 3.05974970e-04 1.62306530e+10
4.56254681e-04 4.89440217e+09 3.07333153e-04 1.60137637e+10
4.58279937e-04 4.82899960e+09 3.08697365e-04 1.57997761e+10
4.60314182e-04 4.76447225e+09 3.10067633e-04 1.55886522e+10
4.62357456e-04 4.70080850e+09 3.11443983e-04 1.53803537e+10
4.64409801e-04 4.63799645e+09 3.12826442e-04 1.51748420e+10
4.66471256e-04 4.57602436e+09 3.14215038e-04 1.49720784e+10
4.68541861e-04 4.51488061e+09 3.15609798e-04 1.47720250e+10
4.70621657e-04 4.45455378e+09 3.17010748e-04 1.45746445e+10
4.72710686e-04 4.39503262e+09 3.18417918e-04 1.43799000e+10
4.74808987e-04 4.33630602e+09 3.19831334e-04 1.41877552e+10
4.76916602e-04 4.27836305e+09 3.21251023e-04 1.39981744e+10
4.79033573e-04 4.22119295e+09 3.22677015e-04 1.38111222e+10
4.81159941e-04 4.16478508e+09 3.24109336e-04 1.36265640e+10
4.83295747e-04 4.10912912e+09 3.25548015e-04 1.34444658e+10
4.85441034e-04 4.05421519e+09 3.26993081e-04 1.32647956e+10
4.87595844e-04 4.00003365e+09 3.28444560e-04 1.30875215e+10
4.89760218e-04 3.94657493e+09 3.29902483e-04 1.29126125e+10
4.91934200e-04 3.89382963e+09 3.31366877e-04 1.27400376e+10
4.94117832e-04 3.84178842e+09 3.32837772e-04 1.25697664e+10
4.96311157e-04 3.79044212e+09 3.34315195e-04 1.24017689e+10
4.98514218e-04 3.73978164e+09 3.35799177e-04 1.22360152e+10
5.00727058e-04 3.68979802e+09 3.37289746e-04 1.20724762e+10
5.02949720e-04 3.64048241e+09 3.38786931e-04 1.19111228e+10
5.05182248e-04 3.59182602e+09 3.40290762e-04 1.17519262e+10
5.07424687e-04 3.54382000e+09 3.41801269e-04 1.15948576e+10
5.09677079e-04 3.49645560e+09 3.43318480e-04 1.14398883e+10
5.11939469e-04 3.44972418e+09 3.44842426e-04 1.12869899e+10
5.14211902e-04 3.40361723e+09 3.46373137e-04 1.11361348e+10
5.16494422e-04 3.35812633e+09 3.47910642e-04 1.09872952e+10
5.18787073e-04 3.31324321e+09 3.49454972e-04 1.08404443e+10
5.21089902e-04 3.26895969e+09 3.51006158e-04 1.06955551e+10
5.23402952e-04 3.22526770e+09 3.52564228e-04 1.05526013e+10
5.25726269e-04 3.18215929e+09 3.54129215e-04 1.04115570e+10
5.28059900e-04 3.13962663e+09 3.55701149e-04 1.02723964e+10
5.30403889e-04 3.09766205e+09 3.57280060e-04 1.01350944e+10
5.32758283e-04 3.05625798e+09 3.58865980e-04 9.99962641e+09
5.35123128e-04 3.01540696e+09 3.60458939e-04 9.86596789e+09
5.37498470e-04 2.97510163e+09 3.62058969e-04 9.73409479e+09
5.39884356e-04 2.93533473e+09 3.63666102e-04 9.60398333e+09
5.42280832e-04 2.89609908e+09 3.65280369e-04 9.47561006e+09
5.44687946e-04 2.85738762e+09 3.66901801e-04 9.34895184e+09
5.47105745e-04 2.81919335e+09 3.68530430e-04 9.22398583e+09
5.49534276e-04 2.78150940e+09 3.70166289e-04 9.10068950e+09
5.51973588e-04 2.74432896e+09 3.71809409e-04 8.97904056e+09
5.54423727e-04 2.70764528e+09 3.73459822e-04 8.85901696e+09
5.56884741e-04 2.67145169e+09 3.75117562e-04 8.74059686e+09
5.59356680e-04 2.63574162e+09 3.76782660e-04 8.62375875e+09
5.61839592e-04 2.60050857e+09 3.78455149e-04 8.50848141e+09
5.64333525e-04 2.56574615e+09 3.80135062e-04 8.39474388e+09
5.66838528e-04 2.53144804e+09 3.81822432e-04 8.28252552e+09
5.69354651e-04 2.49760802e+09 3.83517293e-04 8.17180595e+09
5.71881942e-04 2.46421994e+09 3.85219676e-04 8.06256505e+09
5.74420451e-04 2.43127774e+09 3.86929616e-04 7.95478302e+09
5.76970229e-04 2.39877544e+09 3.88647146e-04 7.84844029e+09
5.79531325e-04 2.36670718e+09 3.90372300e-04 7.74351765e+09
5.82103789e-04 2.33506717e+09 3.92105112e-04 7.63999619e+09
5.84687672e-04 2.30384970e+09 3.93845616e-04 7.53785721e+09
5.87283025e-04 2.27304913e+09 3.95593845e-04 7.43708230e+09
5.89889898e-04 2.24265992e+09 3.97349835e-04 7.33765326e+09
5.92508342e-04 2.21267656e+09 3.99113619e-04 7.23955215e+09
5.95138410e-04 2.18309367e+09 4.00885233e-04 7.14276126e+09
5.97780152e-04 2.15390589e+09 4.02664710e-04 7.04726313e+09
6.00433620e-04 2.12510795e+09 4.04452086e-04 6.95304053e+09
6.03098867e-04 2.09669467e+09 4.06247397e-04 6.86007644e+09
6.05775944e-04 2.06866092e+09 4.08050676e-04 6.76835414e+09
6.08464905e-04 2.04100166e+09 4.09861960e-04 6.67785712e+09
6.11165802e-04 2.01371192e+09 4.11681284e-04 6.58856910e+09
6.13878687e-04 1.98678678e+09 4.13508684e-04 6.50047401e+09
6.16603615e-04 1.96022140e+09 4.15344195e-04 6.41355600e+09
6.19340638e-04 1.93401100e+09 4.17187854e-04 6.32779941e+09
6.22089811e-04 1.90815085e+09 4.19039696e-04 6.24318881e+09
6.24851186e-04 1.88263630e+09 4.20899759e-04 6.15970895e+09
6.27624819e-04 1.85746275e+09 4.22768078e-04 6.07734480e+09
6.30410764e-04 1.83262565e+09 4.24644691e-04 5.99608148e+09
6.33209076e-04 1.80812049e+09 4.26529634e-04 5.91590419e+09
6.36019809e-04 1.78394276e+09 4.28422943e-04 5.83679821e+09
6.38843018e-04 1.76008804e+09 4.30324657e-04 5.75874908e+09
6.41678759e-04 1.73655196e+09 4.32234812e-04 5.68174251e+09
6.44527087e-04 1.71333023e+09 4.34153446e-04 5.60576441e+09
6.47388059e-04 1.69041858e+09 4.36080597e-04 5.53080088e+09
6.50261731e-04 1.66781285e+09 4.38016302e-04 5.45683823e+09
6.53148158e-04 1.64550888e+09 4.39960599e-04 5.38386295e+09
6.56047398e-04 1.62350262e+09 4.41913527e-04 5.31186170e+09
6.58959507e-04 1.60179007e+09 4.43875124e-04 5.24082141e+09
6.61884543e-04 1.58036738e+09 4.45845428e-04 5.17072953e+09
6.64822562e-04 1.55923083e+09 4.47824478e-04 5.10157384e+09
6.67773623e-04 1.53837672e+09 4.49812312e-04 5.03334227e+09
6.70737783e-04 1.51780142e+09 4.51808971e-04 4.96602291e+09
6.73715101e-04 1.49750132e+09 4.53814492e-04 4.89960396e+09
6.76705635e-04 1.47747286e+09 4.55828915e-04 4.83407380e+09
6.79709443e-04 1.45771253e+09 4.57852281e-04 4.76942091e+09
6.82726585e-04 1.43821686e+09 4.59884628e-04 4.70563394e+09
6.85757119e-04 1.41898241e+09 4.61925996e-04 4.64270165e+09
6.88801106e-04 1.40000577e+09 4.63976425e-04 4.58061289e+09
6.91858605e-04 1.38128335e+09 4.66035956e-04 4.51935588e+09
6.94929675e-04 1.36281150e+09 4.68104629e-04 4.45891869e+09
6.98014377e-04 1.34458661e+09 4.70182485e-04 4.39928955e+09
7.01112772e-04 1.32660516e+09 4.72269564e-04 4.34045687e+09
7.04224921e-04 1.30886365e+09 4.74365907e-04 4.28240928e+09
7.07350884e-04 1.29135867e+09 4.76471555e-04 4.22513556e+09
7.10490722e-04 1.27408685e+09 4.78586551e-04 4.16862469e+09
7.13644498e-04 1.25704486e+09 4.80710934e-04 4.11286581e+09
7.16812273e-04 1.24022944e+09 4.82844747e-04 4.05784824e+09
7.19994110e-04 1.22363742e+09 4.84988032e-04 4.00356158e+09
7.23190070e-04 1.20726599e+09 4.87140831e-04 3.94999670e+09
7.26400217e-04 1.19111261e+09 4.89303186e-04 3.89714519e+09
7.29624613e-04 1.17517471e+09 4.91475139e-04 3.84499875e+09
7.32863322e-04 1.15944979e+09 4.93656733e-04 3.79354912e+09
7.36116407e-04 1.14393534e+09 4.95848012e-04 3.74278811e+09
7.39383932e-04 1.12862887e+09 4.98049016e-04 3.69270760e+09
7.42665961e-04 1.11352793e+09 5.00259791e-04 3.64329953e+09
7.45962558e-04 1.09863006e+09 5.02480379e-04 3.59455591e+09
7.49273789e-04 1.08393285e+09 5.04710824e-04 3.54646880e+09
7.52599718e-04 1.06943386e+09 5.06951170e-04 3.49903024e+09
7.55940410e-04 1.05513027e+09 5.09201460e-04 3.45223100e+09
7.59295932e-04 1.04101903e+09 5.11461740e-04 3.40606108e+09
7.62666348e-04 1.02709714e+09 5.13732052e-04 3.36051070e+09
7.66051724e-04 1.01336165e+09 5.16012441e-04 3.31557022e+09
7.69452128e-04 9.99809693e+08 5.18302954e-04 3.27123020e+09
7.72867626e-04 9.86438425e+08 5.20603633e-04 3.22748138e+09
7.76298285e-04 9.73245072e+08 5.22914525e-04 3.18431467e+09
7.79744172e-04 9.60226907e+08 5.25235674e-04 3.14172115e+09
7.83205355e-04 9.47381253e+08 5.27567127e-04 3.09969206e+09
7.86681902e-04 9.34705511e+08 5.29908929e-04 3.05821890e+09
7.90173881e-04 9.22197484e+08 5.32261126e-04 3.01729448e+09
7.93681360e-04 9.09855274e+08 5.34623764e-04 2.97691258e+09
7.97204408e-04 8.97677001e+08 5.36996889e-04 2.93706706e+09
8.00743095e-04 8.85660799e+08 5.39380549e-04 2.89775182e+09
8.04297489e-04 8.73804812e+08 5.41774789e-04 2.85896077e+09
8.07867661e-04 8.62107200e+08 5.44179657e-04 2.82068791e+09
8.11453681e-04 8.50566133e+08 5.46595199e-04 2.78292723e+09
8.15055618e-04 8.39179795e+08 5.49021464e-04 2.74567281e+09
8.18673544e-04 8.27946383e+08 5.51458499e-04 2.70891874e+09
8.22307529e-04 8.16864095e+08 5.53906352e-04 2.67265913e+09
8.25957646e-04 8.05930902e+08 5.56365070e-04 2.63688732e+09
8.29623964e-04 7.95144599e+08 5.58834702e-04 2.60159613e+09
8.33306557e-04 7.84503013e+08 5.61315297e-04 2.56677843e+09
8.37005497e-04 7.74004008e+08 5.63806902e-04 2.53242723e+09
8.40720855e-04 7.63645485e+08 5.66309568e-04 2.49853566e+09
8.44452706e-04 7.53425378e+08 5.68823343e-04 2.46509698e+09
8.48201121e-04 7.43341660e+08 5.71348275e-04 2.43210454e+09
8.51966176e-04 7.33392335e+08 5.73884416e-04 2.39955181e+09
8.55747943e-04 7.23575443e+08 5.76431814e-04 2.36743238e+09
8.59546497e-04 7.13889061e+08 5.78990520e-04 2.33573996e+09
8.63361912e-04 7.04331427e+08 5.81560584e-04 2.30446879e+09
8.67194263e-04 6.94900925e+08 5.84142056e-04 2.27361358e+09
8.71043626e-04 6.85595961e+08 5.86734986e-04 2.24316911e+09
8.74910075e-04 6.76414961e+08 5.89339427e-04 2.21313022e+09
8.78793687e-04 6.67356365e+08 5.91955428e-04 2.18349183e+09
8.82694538e-04 6.58418631e+08 5.94583041e-04 2.15424888e+09
8.86612704e-04 6.49600237e+08 5.97222318e-04 2.12539639e+09
8.90548263e-04 6.40899673e+08 5.99873310e-04 2.09692943e+09
8.94501291e-04 6.32315448e+08 6.02536070e-04 2.06884311e+09
8.98471866e-04 6.23846089e+08 6.05210649e-04 2.04113261e+09
9.02460066e-04 6.15490106e+08 6.07897100e-04 2.01379306e+09
9.06465968e-04 6.07245996e+08 6.10595476e-04 1.98681955e+09
9.10489653e-04 5.99112276e+08 6.13305830e-04 1.96020721e+09
9.14531198e-04 5.91087479e+08 6.16028215e-04 1.93395126e+09
9.18590683e-04 5.83170160e+08 6.18762684e-04 1.90804695e+09
9.22668188e-04 5.75358891e+08 6.21509291e-04 1.88248963e+09
9.26763792e-04 5.67652264e+08 6.24268090e-04 1.85727468e+09
9.30877576e-04 5.60048889e+08 6.27039135e-04 1.83239756e+09
9.35009620e-04 5.52547393e+08 6.29822480e-04 1.80785377e+09
9.39160007e-04 5.45146422e+08 6.32618180e-04 1.78363888e+09
9.43328816e-04 5.37844623e+08 6.35426290e-04 1.75974847e+09
9.47516130e-04 5.30640643e+08 6.38246865e-04 1.73617811e+09
9.51722031e-04 5.23533146e+08 6.41079960e-04 1.71292342e+09
9.55946601e-04 5.16520816e+08 6.43925630e-04 1.68998011e+09
9.60189924e-04 5.09602354e+08 6.46783933e-04 1.66734392e+09
9.64452082e-04 5.02776481e+08 6.49654922e-04 1.64501067e+09
9.68733159e-04 4.96041935e+08 6.52538656e-04 1.62297622e+09
9.73033240e-04 4.89397473e+08 6.55435190e-04 1.60123652e+09
9.77352408e-04 4.82841868e+08 6.58344582e-04 1.57978755e+09
9.81690748e-04 4.76373910e+08 6.61266888e-04 1.55862534e+09
9.86048346e-04 4.69992386e+08 6.64202166e-04 1.53774593e+09
9.90425286e-04 4.63696066e+08 6.67150473e-04 1.51714530e+09
9.94821655e-04 4.57483741e+08 6.70111867e-04 1.49681949e+09
9.99237539e-04 4.51354219e+08 6.73086406e-04 1.47676459e+09
1.00367302e-03 4.45306327e+08 6.76074149e-04 1.45697678e+09
1.00812820e-03 4.39338911e+08 6.79075155e-04 1.43745227e+09
1.01260315e-03 4.33450835e+08 6.82089481e-04 1.41818735e+09
1.01709796e-03 4.27640981e+08 6.85117187e-04 1.39917837e+09
1.02161273e-03 4.21908248e+08 6.88158333e-04 1.38042171e+09
1.02614753e-03 4.16251554e+08 6.91212979e-04 1.36191384e+09
1.03070247e-03 4.10669923e+08 6.94281183e-04 1.34365156e+09
1.03527762e-03 4.05162522e+08 6.97363007e-04 1.32563216e+09
1.03987309e-03 3.99728537e+08 7.00458511e-04 1.30785296e+09
1.04448895e-03 3.94367158e+08 7.03567755e-04 1.29031131e+09
1.04912530e-03 3.89077577e+08 7.06690801e-04 1.27300458e+09
1.05378223e-03 3.83858992e+08 7.09827710e-04 1.25593014e+09
1.05845983e-03 3.78710604e+08 7.12978542e-04 1.23908537e+09
1.06315820e-03 3.73631620e+08 7.16143361e-04 1.22246769e+09
1.06787742e-03 3.68621252e+08 7.19322229e-04 1.20607450e+09
1.07261759e-03 3.63678712e+08 7.22515207e-04 1.18990323e+09
1.07737880e-03 3.58803115e+08 7.25722358e-04 1.17395100e+09
1.08216114e-03 3.53993402e+08 7.28943745e-04 1.15821432e+09
1.08696471e-03 3.49248515e+08 7.32179431e-04 1.14268975e+09
1.09178961e-03 3.44567419e+08 7.35429481e-04 1.12737390e+09
1.09663592e-03 3.39949097e+08 7.38693956e-04 1.11226343e+09
1.10150375e-03 3.35392554e+08 7.41972923e-04 1.09735509e+09
1.10639318e-03 3.30896813e+08 7.45266444e-04 1.08264569e+09
1.11130431e-03 3.26460918e+08 7.48574585e-04 1.06813209e+09
1.11623725e-03 3.22083929e+08 7.51897410e-04 1.05381122e+09
1.12119208e-03 3.17764927e+08 7.55234985e-04 1.03968009e+09
1.12616891e-03 3.13503086e+08 7.58587375e-04 1.02573597e+09
1.13116782e-03 3.09297743e+08 7.61954646e-04 1.01197670e+09
1.13618893e-03 3.05148255e+08 7.65336863e-04 9.98400191e+08
1.14123232e-03 3.01053987e+08 7.68734094e-04 9.85004347e+08
1.14629811e-03 2.97014304e+08 7.72146405e-04 9.71787101e+08
1.15138638e-03 2.93028580e+08 7.75573862e-04 9.58746398e+08
1.15649723e-03 2.89096190e+08 7.79016534e-04 9.45880197e+08
1.16163077e-03 2.85216515e+08 7.82474487e-04 9.33186470e+08
1.16678710e-03 2.81388939e+08 7.85947789e-04 9.20663206e+08
1.17196631e-03 2.77612853e+08 7.89436509e-04 9.08308407e+08
1.17716852e-03 2.73887603e+08 7.92940715e-04 8.96119936e+08
1.18239382e-03 2.70212435e+08 7.96460476e-04 8.84095327e+08
1.18764231e-03 2.66586595e+08 7.99995861e-04 8.72232114e+08
1.19291410e-03 2.63009344e+08 8.03546938e-04 8.60527873e+08
1.19820929e-03 2.59479951e+08 8.07113779e-04 8.48980221e+08
1.20352799e-03 2.55997704e+08 8.10696452e-04 8.37586819e+08
1.20887029e-03 2.52561898e+08 8.14295028e-04 8.26345369e+08
1.21423631e-03 2.49171845e+08 8.17909578e-04 8.15253614e+08
1.21962615e-03 2.45826866e+08 8.21540172e-04 8.04309336e+08
1.22503991e-03 2.42526296e+08 8.25186882e-04 7.93510355e+08
1.23047770e-03 2.39269518e+08 8.28849779e-04 7.82854658e+08
1.23593963e-03 2.36056025e+08 8.32528936e-04 7.72340580e+08
1.24142581e-03 2.32885326e+08 8.36224423e-04 7.61966521e+08
1.24693633e-03 2.29756937e+08 8.39936315e-04 7.51730890e+08
1.25247132e-03 2.26670373e+08 8.43664683e-04 7.41632107e+08
1.25803088e-03 2.23625155e+08 8.47409601e-04 7.31668603e+08
1.26361512e-03 2.20620807e+08 8.51171142e-04 7.21838817e+08
1.26922414e-03 2.17656855e+08 8.54949380e-04 7.12141202e+08
1.27485806e-03 2.14732829e+08 8.58744389e-04 7.02574221e+08
1.28051699e-03 2.11848263e+08 8.62556243e-04 6.93136346e+08
1.28620104e-03 2.09002664e+08 8.66385018e-04 6.83825963e+08
1.29191032e-03 2.06195456e+08 8.70230789e-04 6.74641194e+08
1.29764494e-03 2.03426060e+08 8.74093630e-04 6.65580138e+08
1.30340502e-03 2.00693906e+08 8.77973618e-04 6.56640930e+08
1.30919066e-03 1.97998433e+08 8.81870829e-04 6.47821739e+08
1.31500199e-03 1.95339091e+08 8.85785339e-04 6.39120763e+08
1.32083911e-03 1.92715340e+08 8.89717225e-04 6.30536235e+08
1.32670214e-03 1.90126649e+08 8.93666564e-04 6.22066419e+08
1.33259120e-03 1.87572496e+08 8.97633434e-04 6.13709607e+08
1.33850640e-03 1.85052369e+08 9.01617912e-04 6.05464122e+08
1.34444786e-03 1.82565782e+08 9.05620076e-04 5.97328376e+08
1.35041569e-03 1.80112313e+08 9.09640006e-04 5.89300988e+08
1.35641001e-03 1.77691558e+08 9.13677780e-04 5.81380634e+08
1.36243093e-03 1.75303116e+08 9.17733477e-04 5.73566002e+08
1.36847859e-03 1.72946589e+08 9.21807176e-04 5.65855793e+08
1.37455309e-03 1.70621585e+08 9.25898958e-04 5.58248722e+08
1.38065455e-03 1.68327715e+08 9.30008903e-04 5.50743515e+08
1.38678309e-03 1.66064593e+08 9.34137092e-04 5.43338913e+08
1.39293884e-03 1.63831838e+08 9.38283605e-04 5.36033667e+08
1.39912192e-03 1.61629072e+08 9.42448524e-04 5.28826542e+08
1.40533244e-03 1.59455910e+08 9.46631931e-04 5.21716274e+08
1.41157053e-03 1.57311916e+08 9.50833907e-04 5.14701441e+08
1.41783630e-03 1.55196652e+08 9.55054535e-04 5.07780611e+08
1.42412990e-03 1.53109689e+08 9.59293898e-04 5.00952374e+08
1.43045142e-03 1.51050602e+08 9.63552078e-04 4.94215345e+08
1.43680101e-03 1.49018977e+08 9.67829161e-04 4.87568165e+08
1.44317878e-03 1.47014404e+08 9.72125229e-04 4.81009499e+08
1.44958487e-03 1.45036484e+08 9.76440366e-04 4.74538035e+08
1.45601939e-03 1.43084821e+08 9.80774658e-04 4.68152482e+08
1.46248247e-03 1.41159030e+08 9.85128189e-04 4.61851576e+08
1.46897424e-03 1.39258748e+08 9.89501045e-04 4.55634131e+08
1.47549482e-03 1.37383697e+08 9.93893311e-04 4.49499242e+08
1.48204435e-03 1.35533624e+08 9.98305075e-04 4.43446077e+08
1.48862295e-03 1.33708275e+08 1.00273642e-03 4.37473803e+08
1.49523076e-03 1.31907396e+08 1.00718744e-03 4.31581592e+08
1.50186789e-03 1.30130734e+08 1.01165821e-03 4.25768613e+08
1.50853449e-03 1.28378034e+08 1.01614883e-03 4.20034039e+08
1.51523068e-03 1.26649045e+08 1.02065938e-03 4.14377042e+08
1.52195659e-03 1.24943515e+08 1.02518996e-03 4.08796798e+08
1.52871236e-03 1.23261192e+08 1.02974064e-03 4.03292484e+08
1.53549811e-03 1.21601806e+08 1.03431153e-03 3.97863218e+08
1.54231399e-03 1.19964995e+08 1.03890270e-03 3.92507814e+08
1.54916012e-03 1.18350375e+08 1.04351426e-03 3.87225014e+08
1.55603664e-03 1.16757569e+08 1.04814628e-03 3.82013587e+08
1.56294368e-03 1.15186210e+08 1.05279887e-03 3.76872330e+08
1.56988139e-03 1.13635937e+08 1.05747210e-03 3.71800064e+08
1.57684989e-03 1.12106397e+08 1.06216608e-03 3.66795635e+08
1.58384932e-03 1.10597246e+08 1.06688090e-03 3.61857916e+08
1.59087982e-03 1.09108147e+08 1.07161665e-03 3.56985801e+08
1.59794153e-03 1.07638768e+08 1.07637341e-03 3.52178211e+08
1.60503458e-03 1.06188800e+08 1.08115129e-03 3.47434127e+08
1.61215912e-03 1.04758005e+08 1.08595038e-03 3.42752779e+08
1.61931529e-03 1.03346176e+08 1.09077078e-03 3.38133481e+08
1.62650322e-03 1.01953103e+08 1.09561257e-03 3.33575553e+08
1.63372305e-03 1.00578581e+08 1.10047585e-03 3.29078318e+08
1.64097494e-03 9.92224032e+07 1.10536072e-03 3.24641104e+08
1.64825901e-03 9.78843647e+07 1.11026727e-03 3.20263238e+08
1.65557542e-03 9.65642620e+07 1.11519560e-03 3.15944057e+08
1.66292430e-03 9.52618928e+07 1.12014581e-03 3.11682896e+08
1.67030581e-03 9.39770557e+07 1.12511799e-03 3.07479098e+08
1.67772008e-03 9.27095446e+07 1.13011224e-03 3.03331989e+08
1.68516726e-03 9.14591155e+07 1.13512867e-03 2.99240769e+08
1.69264750e-03 9.02255119e+07 1.14016735e-03 2.95204599e+08
1.70016094e-03 8.90084819e+07 1.14522841e-03 2.91222656e+08
1.70770773e-03 8.78077780e+07 1.15031193e-03 2.87294129e+08
1.71528803e-03 8.66231571e+07 1.15541801e-03 2.83418224e+08
1.72290197e-03 8.54543803e+07 1.16054676e-03 2.79594158e+08
1.73054970e-03 8.43012129e+07 1.16569828e-03 2.75821164e+08
1.73823139e-03 8.31634243e+07 1.17087266e-03 2.72098488e+08
1.74594717e-03 8.20407879e+07 1.17607002e-03 2.68425387e+08
1.75369720e-03 8.09330849e+07 1.18129044e-03 2.64801145e+08
1.76148164e-03 7.98401293e+07 1.18653403e-03 2.61225155e+08
1.76930063e-03 7.87617504e+07 1.19180090e-03 2.57696858e+08
1.77715432e-03 7.76977788e+07 1.19709115e-03 2.54215700e+08
1.78504288e-03 7.66480464e+07 1.20240488e-03 2.50781130e+08
1.79296645e-03 7.56123864e+07 1.20774220e-03 2.47392603e+08
1.80092520e-03 7.45906334e+07 1.21310321e-03 2.44049577e+08
1.80891927e-03 7.35826230e+07 1.21848802e-03 2.40751516e+08
1.81694883e-03 7.25881924e+07 1.22389673e-03 2.37497885e+08
1.82501403e-03 7.16071801e+07 1.22932945e-03 2.34288157e+08
1.83311503e-03 7.06394226e+07 1.23478628e-03 2.31121797e+08
1.84125199e-03 6.96847324e+07 1.24026734e-03 2.27998191e+08
1.84942506e-03 6.87429113e+07 1.24577272e-03 2.24916691e+08
1.85763442e-03 6.78137645e+07 1.25130255e-03 2.21876659e+08
1.86588022e-03 6.68971006e+07 1.25685692e-03 2.18877470e+08
1.87416262e-03 6.59927320e+07 1.26243594e-03 2.15918509e+08
1.88248178e-03 6.51004740e+07 1.26803973e-03 2.12999172e+08
1.89083788e-03 6.42201455e+07 1.27366839e-03 2.10118867e+08
1.89923106e-03 6.33515685e+07 1.27932204e-03 2.07277011e+08
1.90766150e-03 6.24945682e+07 1.28500079e-03 2.04473032e+08
1.91612936e-03 6.16489750e+07 1.29070474e-03 2.01706375e+08
1.92463481e-03 6.08146447e+07 1.29643401e-03 1.98976569e+08
1.93317801e-03 5.99914475e+07 1.30218871e-03 1.96283189e+08
1.94175914e-03 5.91792548e+07 1.30796896e-03 1.93625814e+08
1.95037835e-03 5.83779391e+07 1.31377486e-03 1.91004027e+08
1.95903583e-03 5.75873737e+07 1.31960654e-03 1.88417413e+08
1.96773174e-03 5.68074327e+07 1.32546410e-03 1.85865561e+08
1.97646624e-03 5.60379915e+07 1.33134766e-03 1.83348063e+08
1.98523952e-03 5.52789261e+07 1.33725734e-03 1.80864512e+08
1.99405174e-03 5.45301137e+07 1.34319325e-03 1.78414508e+08
2.00290307e-03 5.37914307e+07 1.34915551e-03 1.75997646e+08
2.01179370e-03 5.30627354e+07 1.35514424e-03 1.73613463e+08
2.02072379e-03 5.23438750e+07 1.36115955e-03 1.71261457e+08
2.02969352e-03 5.16346997e+07 1.36720156e-03 1.68941140e+08
2.03870307e-03 5.09350619e+07 1.37327039e-03 1.66652028e+08
2.04775260e-03 5.02448173e+07 1.37936615e-03 1.64393649e+08
2.05684231e-03 4.95638236e+07 1.38548898e-03 1.62165538e+08
2.06597237e-03 4.88919416e+07 1.39163899e-03 1.59967239e+08
2.07514295e-03 4.82290342e+07 1.39781629e-03 1.57798304e+08
2.08435424e-03 4.75749671e+07 1.40402102e-03 1.55658292e+08
2.09360642e-03 4.69296095e+07 1.41025328e-03 1.53546777e+08
2.10289966e-03 4.62928501e+07 1.41651321e-03 1.51463394e+08
2.11223416e-03 4.56645920e+07 1.42280093e-03 1.49407826e+08
2.12161010e-03 4.50447391e+07 1.42911656e-03 1.47379758e+08
2.13102765e-03 4.44331958e+07 1.43546022e-03 1.45378879e+08
2.14048700e-03 4.38298673e+07 1.44183204e-03 1.43404877e+08
2.14998834e-03 4.32346593e+07 1.44823215e-03 1.41457444e+08
2.15953186e-03 4.26474783e+07 1.45466066e-03 1.39536274e+08
2.16911774e-03 4.20682311e+07 1.46111771e-03 1.37641062e+08
2.17874618e-03 4.14968254e+07 1.46760342e-03 1.35771507e+08
2.18841735e-03 4.09331690e+07 1.47411792e-03 1.33927306e+08
2.19813145e-03 4.03771602e+07 1.48066134e-03 1.32108127e+08
2.20788867e-03 3.98286905e+07 1.48723381e-03 1.30313615e+08
2.21768920e-03 3.92876526e+07 1.49383544e-03 1.28543418e+08
2.22753323e-03 3.87539409e+07 1.50046638e-03 1.26797192e+08
2.23742096e-03 3.82274516e+07 1.50712676e-03 1.25074597e+08
2.24735258e-03 3.77080822e+07 1.51381670e-03 1.23375297e+08
2.25732829e-03 3.71957321e+07 1.52053633e-03 1.21698962e+08
2.26734828e-03 3.66903020e+07 1.52728580e-03 1.20045269e+08
2.27741274e-03 3.61916943e+07 1.53406522e-03 1.18413898e+08
2.28752188e-03 3.56998124e+07 1.54087474e-03 1.16804533e+08
2.29767589e-03 3.52145556e+07 1.54771448e-03 1.15216844e+08
2.30787497e-03 3.47358191e+07 1.55458458e-03 1.13650489e+08
2.31811933e-03 3.42635000e+07 1.56148518e-03 1.12105130e+08
2.32840916e-03 3.37974974e+07 1.56841641e-03 1.10580439e+08
2.33874467e-03 3.33377126e+07 1.57537841e-03 1.09076090e+08
2.34912605e-03 3.28840484e+07 1.58237131e-03 1.07591768e+08
2.35955352e-03 3.24364100e+07 1.58939525e-03 1.06127161e+08
2.37002727e-03 3.19947041e+07 1.59645037e-03 1.04681964e+08
2.38054751e-03 3.15588393e+07 1.60353680e-03 1.03255879e+08
2.39111445e-03 3.11287266e+07 1.61065469e-03 1.01848613e+08
2.40172830e-03 3.07042942e+07 1.61780418e-03 1.00459933e+08
2.41238926e-03 3.02854879e+07 1.62498540e-03 9.90896602e+07
2.42309754e-03 2.98722540e+07 1.63219850e-03 9.77376195e+07
2.43385335e-03 2.94645386e+07 1.63944362e-03 9.64036349e+07
2.44465691e-03 2.90622879e+07 1.64672090e-03 9.50875299e+07
2.45550843e-03 2.86654480e+07 1.65403048e-03 9.37891282e+07
2.46640811e-03 2.82739649e+07 1.66137250e-03 9.25082529e+07
2.47735617e-03 2.78877845e+07 1.66874712e-03 9.12447275e+07
2.48835284e-03 2.75068528e+07 1.67615447e-03 8.99983750e+07
2.49939831e-03 2.71311154e+07 1.68359470e-03 8.87690177e+07
2.51049281e-03 2.67605089e+07 1.69106796e-03 8.75564477e+07
2.52163657e-03 2.63949593e+07 1.69857439e-03 8.63604230e+07
2.53282978e-03 2.60343929e+07 1.70611414e-03 8.51807030e+07
2.54407268e-03 2.56787376e+07 1.71368736e-03 8.40170511e+07
2.55536549e-03 2.53279222e+07 1.72129420e-03 8.28692347e+07
2.56670843e-03 2.49818767e+07 1.72893480e-03 8.17370247e+07
2.57810171e-03 2.46405322e+07 1.73660931e-03 8.06201957e+07
2.58954557e-03 2.43038210e+07 1.74431790e-03 7.95185262e+07
2.60104023e-03 2.39716764e+07 1.75206070e-03 7.84317979e+07
2.61258591e-03 2.36440327e+07 1.75983787e-03 7.73597960e+07
2.62418284e-03 2.33208244e+07 1.76764956e-03 7.63023060e+07
2.63583124e-03 2.30019855e+07 1.77549592e-03 7.52591119e+07
2.64753135e-03 2.26874511e+07 1.78337712e-03 7.42300016e+07
2.65928340e-03 2.23771574e+07 1.79129330e-03 7.32147664e+07
2.67108761e-03 2.20710418e+07 1.79924462e-03 7.22132011e+07
2.68294423e-03 2.17690427e+07 1.80723123e-03 7.12251045e+07
2.69485347e-03 2.14710995e+07 1.81525329e-03 7.02502784e+07
2.70681557e-03 2.11771529e+07 1.82331097e-03 6.92885282e+07
2.71883077e-03 2.08871443e+07 1.83140441e-03 6.83396628e+07
2.73089931e-03 2.06010163e+07 1.83953377e-03 6.74034942e+07
2.74302142e-03 2.03187147e+07 1.84769923e-03 6.64798449e+07
2.75519733e-03 2.00401894e+07 1.85590092e-03 6.55685511e+07
2.76742729e-03 1.97653913e+07 1.86413902e-03 6.46694520e+07
2.77971154e-03 1.94942717e+07 1.87241370e-03 6.37823887e+07
2.79205032e-03 1.92267828e+07 1.88072510e-03 6.29072044e+07
2.80444387e-03 1.89628773e+07 1.88907339e-03 6.20437442e+07
2.81689243e-03 1.87025083e+07 1.89745874e-03 6.11918554e+07
2.82939625e-03 1.84456299e+07 1.90588131e-03 6.03513868e+07
2.84195557e-03 1.81921963e+07 1.91434127e-03 5.95221896e+07
2.85457064e-03 1.79421628e+07 1.92283879e-03 5.87041166e+07
2.86724171e-03 1.76954859e+07 1.93137402e-03 5.78970261e+07
2.87996903e-03 1.74521247e+07 1.93994714e-03 5.71007841e+07
2.89275283e-03 1.72120389e+07 1.94855831e-03 5.63152585e+07
2.90559339e-03 1.69751883e+07 1.95720771e-03 5.55403185e+07
2.91849094e-03 1.67415335e+07 1.96589550e-03 5.47758344e+07
2.93144574e-03 1.65110353e+07 1.97462185e-03 5.40216779e+07
2.94445805e-03 1.62836546e+07 1.98338694e-03 5.32777219e+07
2.95752811e-03 1.60593532e+07 1.99219094e-03 5.25438406e+07
2.97065620e-03 1.58380928e+07 2.00103401e-03 5.18199093e+07
2.98384255e-03 1.56198358e+07 2.00991634e-03 5.11058045e+07
2.99708744e-03 1.54045434e+07 2.01883810e-03 5.04013992e+07
3.01039112e-03 1.51921741e+07 2.02779946e-03 4.97065582e+07
3.02375386e-03 1.49826869e+07 2.03680060e-03 4.90211470e+07
3.03717591e-03 1.47760415e+07 2.04584169e-03 4.83450336e+07
3.05065754e-03 1.45721980e+07 2.05492292e-03 4.76780876e+07
3.06419901e-03 1.43711172e+07 2.06404445e-03 4.70201808e+07
3.07780059e-03 1.41727604e+07 2.07320648e-03 4.63711868e+07
3.09146255e-03 1.39770898e+07 2.08240917e-03 4.57309812e+07
3.10518515e-03 1.37840677e+07 2.09165271e-03 4.50994413e+07
3.11896866e-03 1.35936573e+07 2.10093729e-03 4.44764466e+07
3.13281336e-03 1.34058227e+07 2.11026308e-03 4.38618795e+07
3.14671951e-03 1.32205294e+07 2.11963026e-03 4.32556269e+07
3.16068739e-03 1.30377434e+07 2.12903902e-03 4.26575780e+07
3.17471727e-03 1.28574312e+07 2.13848955e-03 4.20676231e+07
3.18880942e-03 1.26795598e+07 2.14798203e-03 4.14856541e+07
3.20296413e-03 1.25040967e+07 2.15751664e-03 4.09115645e+07
3.21718167e-03 1.23310096e+07 2.16709358e-03 4.03452490e+07
3.23146233e-03 1.21602668e+07 2.17671302e-03 3.97866038e+07
3.24580637e-03 1.19918371e+07 2.18637517e-03 3.92355265e+07
3.26021408e-03 1.18256895e+07 2.19608020e-03 3.86919159e+07
3.27468575e-03 1.16617936e+07 2.20582832e-03 3.81556726e+07
3.28922165e-03 1.15001197e+07 2.21561970e-03 3.76266996e+07
3.30382208e-03 1.13406386e+07 2.22545455e-03 3.71049009e+07
3.31848731e-03 1.11833214e+07 2.23533305e-03 3.65901820e+07
3.33321765e-03 1.10281394e+07 2.24525541e-03 3.60824495e+07
3.34801337e-03 1.08750646e+07 2.25522180e-03 3.55816112e+07
3.36287476e-03 1.07240690e+07 2.26523244e-03 3.50875760e+07
3.37780213e-03 1.05751253e+07 2.27528751e-03 3.46002540e+07
3.39279575e-03 1.04282063e+07 2.28538722e-03 3.41195567e+07
3.40785593e-03 1.02832853e+07 2.29553175e-03 3.36453963e+07
3.42298296e-03 1.01403351e+07 2.30572132e-03 3.31776843e+07
3.43817714e-03 9.99932727e+06 2.31595612e-03 3.27163275e+07
3.45343876e-03 9.86023354e+06 2.32623635e-03 3.22612333e+07
3.46876812e-03 9.72302604e+06 2.33656221e-03 3.18123105e+07
3.48416553e-03 9.58767737e+06 2.34693390e-03 3.13694696e+07
3.49963129e-03 9.45416062e+06 2.35735164e-03 3.09326224e+07
3.51516570e-03 9.32244929e+06 2.36781562e-03 3.05016824e+07
3.53076906e-03 9.19251737e+06 2.37832604e-03 3.00765642e+07
3.54644169e-03 9.06433924e+06 2.38888312e-03 2.96571843e+07
3.56218388e-03 8.93788972e+06 2.39948706e-03 2.92434600e+07
3.57799595e-03 8.81314496e+06 2.41013807e-03 2.88353135e+07
3.59387821e-03 8.69008440e+06 2.42083636e-03 2.84326775e+07
3.60983097e-03 8.56868827e+06 2.43158214e-03 2.80354872e+07
3.62585454e-03 8.44893694e+06 2.44237562e-03 2.76436785e+07
3.64194924e-03 8.33081095e+06 2.45321701e-03 2.72571876e+07
3.65811538e-03 8.21429100e+06 2.46410652e-03 2.68759515e+07
3.67435327e-03 8.09935791e+06 2.47504437e-03 2.64999073e+07
3.69066325e-03 7.98599271e+06 2.48603077e-03 2.61289931e+07
3.70704562e-03 7.87417654e+06 2.49706593e-03 2.57631470e+07
3.72350072e-03 7.76389072e+06 2.50815008e-03 2.54023081e+07
3.74002885e-03 7.65511608e+06 2.51928344e-03 2.50464134e+07
3.75663036e-03 7.54783117e+06 2.53046621e-03 2.46953930e+07
3.77330555e-03 7.44201433e+06 2.54169862e-03 2.43491759e+07
3.79005476e-03 7.33764425e+06 2.55298089e-03 2.40076923e+07
3.80687832e-03 7.23469997e+06 2.56431324e-03 2.36708738e+07
3.82377656e-03 7.13316086e+06 2.57569589e-03 2.33386528e+07
3.84074981e-03 7.03300666e+06 2.58712907e-03 2.30109629e+07
3.85779840e-03 6.93421741e+06 2.59861300e-03 2.26877391e+07
3.87492266e-03 6.83677350e+06 2.61014790e-03 2.23689169e+07
3.89212294e-03 6.74065563e+06 2.62173401e-03 2.20544334e+07
3.90939957e-03 6.64584495e+06 2.63337155e-03 2.17442268e+07
3.92675288e-03 6.55232346e+06 2.64506074e-03 2.14382383e+07
3.94418323e-03 6.46007362e+06 2.65680182e-03 2.11364103e+07
3.96169094e-03 6.36907809e+06 2.66859502e-03 2.08386863e+07
3.97927638e-03 6.27931980e+06 2.68044057e-03 2.05450105e+07
3.99693987e-03 6.19078194e+06 2.69233869e-03 2.02553276e+07
4.01468176e-03 6.10344791e+06 2.70428964e-03 1.99695835e+07
4.03250241e-03 6.01730135e+06 2.71629363e-03 1.96877246e+07
4.05040217e-03 5.93232616e+06 2.72835090e-03 1.94096983e+07
4.06838137e-03 5.84850642e+06 2.74046169e-03 1.91354525e+07
4.08644039e-03 5.76582658e+06 2.75262625e-03 1.88649362e+07
4.10457957e-03 5.68427174e+06 2.76484480e-03 1.85981007e+07
4.12279926e-03 5.60382733e+06 2.77711758e-03 1.83348985e+07
4.14109983e-03 5.52447896e+06 2.78944485e-03 1.80752823e+07
4.15948164e-03 5.44621243e+06 2.80182683e-03 1.78192057e+07
4.17794504e-03 5.36901369e+06 2.81426378e-03 1.75666228e+07
4.19649039e-03 5.29286887e+06 2.82675593e-03 1.73174881e+07
4.21511806e-03 5.21776427e+06 2.83930353e-03 1.70717569e+07
4.23382843e-03 5.14368635e+06 2.85190683e-03 1.68293849e+07
4.25262184e-03 5.07062174e+06 2.86456607e-03 1.65903283e+07
4.27149868e-03 4.99855738e+06 2.87728151e-03 1.63545443e+07
4.29045930e-03 4.92748115e+06 2.89005339e-03 1.61219933e+07
4.30950409e-03 4.85738131e+06 2.90288196e-03 1.58926369e+07
4.32863342e-03 4.78824619e+06 2.91576747e-03 1.56664370e+07
4.34784766e-03 4.72006426e+06 2.92871019e-03 1.54433558e+07
4.36714719e-03 4.65282404e+06 2.94171035e-03 1.52233556e+07
4.38653239e-03 4.58651416e+06 2.95476822e-03 1.50063995e+07
4.40600364e-03 4.52112335e+06 2.96788405e-03 1.47924504e+07
4.42556132e-03 4.45664041e+06 2.98105810e-03 1.45814717e+07
4.44520581e-03 4.39305425e+06 2.99429063e-03 1.43734271e+07
4.46493750e-03 4.33035344e+06 3.00758190e-03 1.41682793e+07
4.48475677e-03 4.26852375e+06 3.02093216e-03 1.39659816e+07
4.50466403e-03 4.20755013e+06 3.03434169e-03 1.37664849e+07
4.52465964e-03 4.14741784e+06 3.04781074e-03 1.35697409e+07
4.54474402e-03 4.08811251e+06 3.06133957e-03 1.33757026e+07
4.56491755e-03 4.02962007e+06 3.07492846e-03 1.31843239e+07
4.58518062e-03 3.97192676e+06 3.08857767e-03 1.29955599e+07
4.60553364e-03 3.91501916e+06 3.10228746e-03 1.28093666e+07
4.62597701e-03 3.85888413e+06 3.11605811e-03 1.26257011e+07
4.64651112e-03 3.80350884e+06 3.12988989e-03 1.24445213e+07
4.66713638e-03 3.74888113e+06 3.14378306e-03 1.22657875e+07
4.68785319e-03 3.69499206e+06 3.15773791e-03 1.20894703e+07
4.70866196e-03 3.64183409e+06 3.17175470e-03 1.19155453e+07
4.72956310e-03 3.58939970e+06 3.18583370e-03 1.17439877e+07
4.75055701e-03 3.53768136e+06 3.19997520e-03 1.15747729e+07
4.77164412e-03 3.48667158e+06 3.21417948e-03 1.14078764e+07
4.79282483e-03 3.43636285e+06 3.22844680e-03 1.12432736e+07
4.81409955e-03 3.38674770e+06 3.24277746e-03 1.10809401e+07
4.83546871e-03 3.33781866e+06 3.25717173e-03 1.09208515e+07
4.85693273e-03 3.28956829e+06 3.27162989e-03 1.07629834e+07
4.87849202e-03 3.24198900e+06 3.28615223e-03 1.06073110e+07
4.90014702e-03 3.19507187e+06 3.30073903e-03 1.04538050e+07
4.92189813e-03 3.14880740e+06 3.31539058e-03 1.03024345e+07
4.94374580e-03 3.10318623e+06 3.33010717e-03 1.01531687e+07
4.96569044e-03 3.05819914e+06 3.34488908e-03 1.00059776e+07
4.98773250e-03 3.01383707e+06 3.35973661e-03 9.86083143e+06
5.00987239e-03 2.97009110e+06 3.37465004e-03 9.71770104e+06
5.03211056e-03 2.92695244e+06 3.38962968e-03 9.57655772e+06
5.05444745e-03 2.88441247e+06 3.40467580e-03 9.43737319e+06
5.07688348e-03 2.84246267e+06 3.41978871e-03 9.30011961e+06
5.09941911e-03 2.80109469e+06 3.43496871e-03 9.16476966e+06
5.12205477e-03 2.76030048e+06 3.45021609e-03 9.03129701e+06
5.14479090e-03 2.72007222e+06 3.46553115e-03 8.89967607e+06
5.16762796e-03 2.68040220e+06 3.48091419e-03 8.76988159e+06
5.19056639e-03 2.64128280e+06 3.49636552e-03 8.64188869e+06
5.21360664e-03 2.60270654e+06 3.51188543e-03 8.51567284e+06
5.23674916e-03 2.56466602e+06 3.52747423e-03 8.39120984e+06
5.25999441e-03 2.52715394e+06 3.54313223e-03 8.26847583e+06
5.28334284e-03 2.49016311e+06 3.55885974e-03 8.14744730e+06
5.30679491e-03 2.45368645e+06 3.57465705e-03 8.02810104e+06
5.33035108e-03 2.41771698e+06 3.59052449e-03 7.91041420e+06
5.35401182e-03 2.38224781e+06 3.60646236e-03 7.79436431e+06
5.37777758e-03 2.34727220e+06 3.62247098e-03 7.67992927e+06
5.40164884e-03 2.31278349e+06 3.63855066e-03 7.56708729e+06
5.42562605e-03 2.27877511e+06 3.65470171e-03 7.45581685e+06
5.44970970e-03 2.24524056e+06 3.67092446e-03 7.34609675e+06
5.47390026e-03 2.21217346e+06 3.68721921e-03 7.23790606e+06
5.49819819e-03 2.17956750e+06 3.70358630e-03 7.13122415e+06
5.52260397e-03 2.14741645e+06 3.72002604e-03 7.02603066e+06
5.54711809e-03 2.11571418e+06 3.73653875e-03 6.92230549e+06
5.57174103e-03 2.08445462e+06 3.75312476e-03 6.82002880e+06
5.59647326e-03 2.05363157e+06 3.76978439e-03 6.71918031e+06
5.62131528e-03 2.02323878e+06 3.78651797e-03 6.61973958e+06
5.64626757e-03 1.99327010e+06 3.80332583e-03 6.52168647e+06
5.67133062e-03 1.96371947e+06 3.82020830e-03 6.42500118e+06
5.69650492e-03 1.93458095e+06 3.83716571e-03 6.32966421e+06
5.72179096e-03 1.90584866e+06 3.85419839e-03 6.23565640e+06
5.74718925e-03 1.87751685e+06 3.87130668e-03 6.14295887e+06
5.77270027e-03 1.84957983e+06 3.88849090e-03 6.05155306e+06
5.79832454e-03 1.82203203e+06 3.90575141e-03 5.96142071e+06
5.82406255e-03 1.79486797e+06 3.92308853e-03 5.87254391e+06
5.84991480e-03 1.76808265e+06 3.94050261e-03 5.78490627e+06
5.87588181e-03 1.74167142e+06 3.95799399e-03 5.69849262e+06
5.90196409e-03 1.71562971e+06 3.97556301e-03 5.61328797e+06
5.92816214e-03 1.68995297e+06 3.99321002e-03 5.52927746e+06
5.95447648e-03 1.66463670e+06 4.01093536e-03 5.44644635e+06
5.98090763e-03 1.63967644e+06 4.02873938e-03 5.36478006e+06
6.00745610e-03 1.61506778e+06 4.04662243e-03 5.28426415e+06
6.03412242e-03 1.59080634e+06 4.06458486e-03 5.20488428e+06
6.06090710e-03 1.56688779e+06 4.08262702e-03 5.12662629e+06
6.08781068e-03 1.54330782e+06 4.10074927e-03 5.04947611e+06
6.11483368e-03 1.52006200e+06 4.11895197e-03 4.97341919e+06
6.14197663e-03 1.49714576e+06 4.13723546e-03 4.89844063e+06
6.16924007e-03 1.47455461e+06 4.15560011e-03 4.82452570e+06
6.19662452e-03 1.45228410e+06 4.17404628e-03 4.75165989e+06
6.22413053e-03 1.43032986e+06 4.19257433e-03 4.67982885e+06
6.25175864e-03 1.40868757e+06 4.21118462e-03 4.60901846e+06
6.27950938e-03 1.38735297e+06 4.22987752e-03 4.53921479e+06
6.30738331e-03 1.36632186e+06 4.24865340e-03 4.47040408e+06
6.33538096e-03 1.34559009e+06 4.26751262e-03 4.40257278e+06
6.36350289e-03 1.32515356e+06 4.28645555e-03 4.33570747e+06
6.39174966e-03 1.30500786e+06 4.30548257e-03 4.26979371e+06
6.42012180e-03 1.28514828e+06 4.32459405e-03 4.20481609e+06
6.44861989e-03 1.26557019e+06 4.34379036e-03 4.14075945e+06
6.47724447e-03 1.24626905e+06 4.36307188e-03 4.07760894e+06
6.50599612e-03 1.22724042e+06 4.38243899e-03 4.01535006e+06
6.53487539e-03 1.20847995e+06 4.40189206e-03 3.95396859e+06
6.56388285e-03 1.18998341e+06 4.42143149e-03 3.89345061e+06
6.59301907e-03 1.17174661e+06 4.44105765e-03 3.83378251e+06
6.62228463e-03 1.15376550e+06 4.46077093e-03 3.77495093e+06
6.65168009e-03 1.13603608e+06 4.48057171e-03 3.71694291e+06
6.68120603e-03 1.11855519e+06 4.50046038e-03 3.65974799e+06
6.71086304e-03 1.10132048e+06 4.52043734e-03 3.60335858e+06
6.74065168e-03 1.08432967e+06 4.54050297e-03 3.54776714e+06
6.77057256e-03 1.06758044e+06 4.56065768e-03 3.49296613e+06
6.80062625e-03 1.05107047e+06 4.58090184e-03 3.43894792e+06
6.83081335e-03 1.03479741e+06 4.60123587e-03 3.38570487e+06
6.86113444e-03 1.01875892e+06 4.62166016e-03 3.33322927e+06
6.89159012e-03 1.00295262e+06 4.64217511e-03 3.28151340e+06
6.92218100e-03 9.87376155e+05 4.66278112e-03 3.23054950e+06
6.95290766e-03 9.72027126e+05 4.68347860e-03 3.18032973e+06
6.98377071e-03 9.56902549e+05 4.70426795e-03 3.13084434e+06
7.01477076e-03 9.41998695e+05 4.72514958e-03 3.08208112e+06
7.04590842e-03 9.27311863e+05 4.74612391e-03 3.03402797e+06
7.07718429e-03 9.12838435e+05 4.76719134e-03 2.98667304e+06
7.10859899e-03 8.98574868e+05 4.78835228e-03 2.94000475e+06
7.14015313e-03 8.84517701e+05 4.80960715e-03 2.89401177e+06
7.17184735e-03 8.70663546e+05 4.83095637e-03 2.84868301e+06
7.20368224e-03 8.57009090e+05 4.85240036e-03 2.80400764e+06
7.23565845e-03 8.43551089e+05 4.87393953e-03 2.75997504e+06
7.26777660e-03 8.30286380e+05 4.89557432e-03 2.71657487e+06
7.30003731e-03 8.17212248e+05 4.91730513e-03 2.67379823e+06
7.33244123e-03 8.04326588e+05 4.93913241e-03 2.63163825e+06
7.36498898e-03 7.91627352e+05 4.96105658e-03 2.59008821e+06
7.39768121e-03 7.79112490e+05 4.98307806e-03 2.54914143e+06
7.43051856e-03 7.66779959e+05 5.00519730e-03 2.50879120e+06
7.46350166e-03 7.54627718e+05 5.02741472e-03 2.46903086e+06
7.49663118e-03 7.42653732e+05 5.04973076e-03 2.42985374e+06
7.52990775e-03 7.30855971e+05 5.07214586e-03 2.39125320e+06
7.56333203e-03 7.19232412e+05 5.09466045e-03 2.35322262e+06
7.59690468e-03 7.07781032e+05 5.11727499e-03 2.31575539e+06
7.63062635e-03 6.96499546e+05 5.13998991e-03 2.27884403e+06
7.66449771e-03 6.85385240e+05 5.16280565e-03 2.24247966e+06
7.69851941e-03 6.74435405e+05 5.18572268e-03 2.20665341e+06
7.73269214e-03 6.63647392e+05 5.20874143e-03 2.17135662e+06
7.76701656e-03 6.53018604e+05 5.23186235e-03 2.13658079e+06
7.80149333e-03 6.42546497e+05 5.25508591e-03 2.10231759e+06
7.83612315e-03 6.32228579e+05 5.27841255e-03 2.06855888e+06
7.87090668e-03 6.22062409e+05 5.30184274e-03 2.03529667e+06
7.90584461e-03 6.12045593e+05 5.32537693e-03 2.00252312e+06
7.94093763e-03 6.02175790e+05 5.34901559e-03 1.97023058e+06
7.97618642e-03 5.92450808e+05 5.37275917e-03 1.93841187e+06
8.01159167e-03 5.82868700e+05 5.39660815e-03 1.90706062e+06
8.04715408e-03 5.73427564e+05 5.42056299e-03 1.87617061e+06
8.08287435e-03 5.64125523e+05 5.44462417e-03 1.84573571e+06
8.11875318e-03 5.54960723e+05 5.46879214e-03 1.81574983e+06
8.15479127e-03 5.45931330e+05 5.49306740e-03 1.78620698e+06
8.19098933e-03 5.37035536e+05 5.51745041e-03 1.75710125e+06
8.22734807e-03 5.28271553e+05 5.54194166e-03 1.72842679e+06
8.26386820e-03 5.19637613e+05 5.56654162e-03 1.70017781e+06
8.30055043e-03 5.11131974e+05 5.59125077e-03 1.67234861e+06
8.33739550e-03 5.02752923e+05 5.61606961e-03 1.64493359e+06
8.37440411e-03 4.94498798e+05 5.64099861e-03 1.61792731e+06
8.41157700e-03 4.86367954e+05 5.66603827e-03 1.59132438e+06
8.44891490e-03 4.78358768e+05 5.69118908e-03 1.56511950e+06
8.48641853e-03 4.70469632e+05 5.71645152e-03 1.53930741e+06
8.52408864e-03 4.62698957e+05 5.74182611e-03 1.51388290e+06
8.56192596e-03 4.55045171e+05 5.76731333e-03 1.48884084e+06
8.59993124e-03 4.47506721e+05 5.79291368e-03 1.46417614e+06
8.63810521e-03 4.40082068e+05 5.81862767e-03 1.43988377e+06
8.67644864e-03 4.32769693e+05 5.84445580e-03 1.41595876e+06
8.71496227e-03 4.25568021e+05 5.87039858e-03 1.39239595e+06
8.75364685e-03 4.18475327e+05 5.89645652e-03 1.36918970e+06
8.79250315e-03 4.11489891e+05 5.92263012e-03 1.34633438e+06
8.83153193e-03 4.04610028e+05 5.94891991e-03 1.32382448e+06
8.87073395e-03 3.97834084e+05 5.97532639e-03 1.30165459e+06
8.91010999e-03 3.91160440e+05 6.00185009e-03 1.27981940e+06
8.94966081e-03 3.84587507e+05 6.02849152e-03 1.25831373e+06
8.98938719e-03 3.78113726e+05 6.05525121e-03 1.23713248e+06
9.02928991e-03 3.71737571e+05 6.08212968e-03 1.21627063e+06
9.06936975e-03 3.65457541e+05 6.10912746e-03 1.19572330e+06
9.10962750e-03 3.59272254e+05 6.13624509e-03 1.17548595e+06
9.15006396e-03 3.53180584e+05 6.16348308e-03 1.15555490e+06
9.19067990e-03 3.47181454e+05 6.19084198e-03 1.13592663e+06
9.23147613e-03 3.41273789e+05 6.21832232e-03 1.11659762e+06
9.27245346e-03 3.35456519e+05 6.24592465e-03 1.09756437e+06
9.31361267e-03 3.29728575e+05 6.27364950e-03 1.07882338e+06
9.35495459e-03 3.24088893e+05 6.30149741e-03 1.06037117e+06
9.39648001e-03 3.18536414e+05 6.32946894e-03 1.04220428e+06
9.43818977e-03 3.13070082e+05 6.35756463e-03 1.02431924e+06
9.48008466e-03 3.07688845e+05 6.38578503e-03 1.00671263e+06
9.52216553e-03 3.02391608e+05 6.41413070e-03 9.89380846e+05
9.56443318e-03 2.97177119e+05 6.44260219e-03 9.72319806e+05
9.60688846e-03 2.92044117e+05 6.47120006e-03 9.55525378e+05
9.64953218e-03 2.86991360e+05 6.49992488e-03 9.38993502e+05
9.69236520e-03 2.82017630e+05 6.52877720e-03 9.22720188e+05
9.73538835e-03 2.77121726e+05 6.55775759e-03 9.06701512e+05
9.77860248e-03 2.72302471e+05 6.58686663e-03 8.90933620e+05
9.82200842e-03 2.67558707e+05 6.61610487e-03 8.75412719e+05
9.86560704e-03 2.62889293e+05 6.64547290e-03 8.60135084e+05
9.90939919e-03 2.58293109e+05 6.67497129e-03 8.45097047e+05
9.95338572e-03 2.53769067e+05 6.70460062e-03 8.30295048e+05
9.99756750e-03 2.49316141e+05 6.73436147e-03 8.15725730e+05
1.00419454e-02 2.44933330e+05 6.76425443e-03 8.01385816e+05
1.00865203e-02 2.40619645e+05 6.79428007e-03 7.87272073e+05
1.01312930e-02 2.36374110e+05 6.82443900e-03 7.73381307e+05
1.01762645e-02 2.32195762e+05 6.85473179e-03 7.59710368e+05
1.02214357e-02 2.28083651e+05 6.88515906e-03 7.46256145e+05
1.02668073e-02 2.24036838e+05 6.91572138e-03 7.33015570e+05
1.03123803e-02 2.20054398e+05 6.94641937e-03 7.19985610e+05
1.03581556e-02 2.16135415e+05 6.97725362e-03 7.07163277e+05
1.04041341e-02 2.12278977e+05 7.00822475e-03 6.94545578e+05
1.04503167e-02 2.08484132e+05 7.03933334e-03 6.82129403e+05
1.04967043e-02 2.04749932e+05 7.07058003e-03 6.69911650e+05
1.05432978e-02 2.01075445e+05 7.10196541e-03 6.57889271e+05
1.05900982e-02 1.97459757e+05 7.13349012e-03 6.46059272e+05
1.06371062e-02 1.93901968e+05 7.16515475e-03 6.34418709e+05
1.06843230e-02 1.90401194e+05 7.19695994e-03 6.22964690e+05
1.07317493e-02 1.86956565e+05 7.22890631e-03 6.11694372e+05
1.07793861e-02 1.83567228e+05 7.26099449e-03 6.00604960e+05
1.08272344e-02 1.80232343e+05 7.29322510e-03 5.89693707e+05
1.08752951e-02 1.76951105e+05 7.32559877e-03 5.78957979e+05
1.09235691e-02 1.73722818e+05 7.35811615e-03 5.68395498e+05
1.09720574e-02 1.70546819e+05 7.39077787e-03 5.58004097e+05
1.10207610e-02 1.67422449e+05 7.42358458e-03 5.47781620e+05
1.10696807e-02 1.64349054e+05 7.45653690e-03 5.37725921e+05
1.11188175e-02 1.61325979e+05 7.48963550e-03 5.27834865e+05
1.11681725e-02 1.58352576e+05 7.52288102e-03 5.18106327e+05
1.12177466e-02 1.55428199e+05 7.55627411e-03 5.08538197e+05
1.12675407e-02 1.52552207e+05 7.58981543e-03 4.99128375e+05
1.13175559e-02 1.49723962e+05 7.62350563e-03 4.89874772e+05
1.13677930e-02 1.46942811e+05 7.65734538e-03 4.80775256e+05
1.14182532e-02 1.44208009e+05 7.69133534e-03 4.71827386e+05
1.14689373e-02 1.41518789e+05 7.72547618e-03 4.63028654e+05
1.15198464e-02 1.38874400e+05 7.75976856e-03 4.54376601e+05
1.15709815e-02 1.36274104e+05 7.79421317e-03 4.45868815e+05
1.16223436e-02 1.33717179e+05 7.82881067e-03 4.37502933e+05
1.16739337e-02 1.31202916e+05 7.86356174e-03 4.29276637e+05
1.17257528e-02 1.28730622e+05 7.89846707e-03 4.21187652e+05
1.17778019e-02 1.26299613e+05 7.93352734e-03 4.13233750e+05
1.18300820e-02 1.23909223e+05 7.96874323e-03 4.05412744e+05
1.18825942e-02 1.21558805e+05 8.00411545e-03 3.97722523e+05
1.19353395e-02 1.19247794e+05 8.03964467e-03 3.90161235e+05
1.19883189e-02 1.16975655e+05 8.07533161e-03 3.82727131e+05
1.20415335e-02 1.14741859e+05 8.11117696e-03 3.75418480e+05
1.20949843e-02 1.12545880e+05 8.14718142e-03 3.68233560e+05
1.21486724e-02 1.10387197e+05 8.18334570e-03 3.61170668e+05
1.22025987e-02 1.08265294e+05 8.21967050e-03 3.54228111e+05
1.22567645e-02 1.06179656e+05 8.25615655e-03 3.47404212e+05
1.23111707e-02 1.04129777e+05 8.29280456e-03 3.40697310e+05
1.23658183e-02 1.02115153e+05 8.32961524e-03 3.34105756e+05
1.24207086e-02 1.00135282e+05 8.36658932e-03 3.27627907e+05
1.24758425e-02 9.81896468e+04 8.40372752e-03 3.21262077e+05
1.25312212e-02 9.62777305e+04 8.44103057e-03 3.15006568e+05
1.25868456e-02 9.43990214e+04 8.47849921e-03 3.08859708e+05
1.26427170e-02 9.25530146e+04 8.51613417e-03 3.02819846e+05
1.26988364e-02 9.07392121e+04 8.55393618e-03 2.96885351e+05
1.27552049e-02 8.89571222e+04 8.59190599e-03 2.91054614e+05
1.28118235e-02 8.72062597e+04 8.63004434e-03 2.85326050e+05
1.28686936e-02 8.54861460e+04 8.66835199e-03 2.79698091e+05
1.29258160e-02 8.37963086e+04 8.70682968e-03 2.74169192e+05
1.29831920e-02 8.21362811e+04 8.74547816e-03 2.68737826e+05
1.30408227e-02 8.05056004e+04 8.78429820e-03 2.63402479e+05
1.30987093e-02 7.89038088e+04 8.82329056e-03 2.58161652e+05
1.31568527e-02 7.73304544e+04 8.86245600e-03 2.53013869e+05
1.32152543e-02 7.57850922e+04 8.90179529e-03 2.47957671e+05
1.32739151e-02 7.42672830e+04 8.94130920e-03 2.42991622e+05
1.33328363e-02 7.27765937e+04 8.98099851e-03 2.38114306e+05
1.33920190e-02 7.13125974e+04 9.02086399e-03 2.33324326e+05
1.34514644e-02 6.98748730e+04 9.06090643e-03 2.28620303e+05
1.35111737e-02 6.84630055e+04 9.10112662e-03 2.24000880e+05
1.35711481e-02 6.70765841e+04 9.14152534e-03 2.19464713e+05
1.36313886e-02 6.57151907e+04 9.18210338e-03 2.15010434e+05
1.36918966e-02 6.43784064e+04 9.22286154e-03 2.10636673e+05
1.37526731e-02 6.30658198e+04 9.26380063e-03 2.06342083e+05
1.38137195e-02 6.17770264e+04 9.30492143e-03 2.02125341e+05
1.38750368e-02 6.05116289e+04 9.34622477e-03 1.97985146e+05
1.39366263e-02 5.92692366e+04 9.38771145e-03 1.93920221e+05
1.39984891e-02 5.80494659e+04 9.42938228e-03 1.89929311e+05
1.40606266e-02 5.68519395e+04 9.47123808e-03 1.86011181e+05
1.41230399e-02 5.56762866e+04 9.51327967e-03 1.82164617e+05
1.41857302e-02 5.45221474e+04 9.55550788e-03 1.78388444e+05
1.42486988e-02 5.33892196e+04 9.59792354e-03 1.74681671e+05
1.43119470e-02 5.22772358e+04 9.64052747e-03 1.71043423e+05
1.43754758e-02 5.11859275e+04 9.68332052e-03 1.67472823e+05
1.44392867e-02 5.01150254e+04 9.72630352e-03 1.63968989e+05
1.45033808e-02 4.90642589e+04 9.76947732e-03 1.60531036e+05
1.45677594e-02 4.80333570e+04 9.81284276e-03 1.57158076e+05
1.46324238e-02 4.70220481e+04 9.85640069e-03 1.53849223e+05
1.46973753e-02 4.60300604e+04 9.90015197e-03 1.50603585e+05
1.47626150e-02 4.50571217e+04 9.94409746e-03 1.47420273e+05
1.48281443e-02 4.41029543e+04 9.98823802e-03 1.44298377e+05
1.48939645e-02 4.31671992e+04 1.00325745e-02 1.41236724e+05
1.49600769e-02 4.22494469e+04 1.00771078e-02 1.38233974e+05
1.50264827e-02 4.13492991e+04 1.01218388e-02 1.35288823e+05
1.50931833e-02 4.04663699e+04 1.01667683e-02 1.32400008e+05
1.51601800e-02 3.96002850e+04 1.02118973e-02 1.29566306e+05
1.52274741e-02 3.87506817e+04 1.02572265e-02 1.26786529e+05
1.52950669e-02 3.79172083e+04 1.03027570e-02 1.24059527e+05
1.53629597e-02 3.70995238e+04 1.03484896e-02 1.21384183e+05
1.54311539e-02 3.62972974e+04 1.03944252e-02 1.18759416e+05
1.54996507e-02 3.55102128e+04 1.04405647e-02 1.16184191e+05
1.55684517e-02 3.47380371e+04 1.04869090e-02 1.13657746e+05
1.56375580e-02 3.39805997e+04 1.05334591e-02 1.11179522e+05
1.57069711e-02 3.32377290e+04 1.05802157e-02 1.08748959e+05
1.57766923e-02 3.25092505e+04 1.06271799e-02 1.06365484e+05
1.58467230e-02 3.17949874e+04 1.06743526e-02 1.04028521e+05
1.59170645e-02 3.10947606e+04 1.07217347e-02 1.01737482e+05
1.59877183e-02 3.04083889e+04 1.07693270e-02 9.94917742e+04
1.60586857e-02 2.97356894e+04 1.08171307e-02 9.72908002e+04
1.61299681e-02 2.90764774e+04 1.08651465e-02 9.51339558e+04
1.62015670e-02 2.84305658e+04 1.09133755e-02 9.30206281e+04
1.62734836e-02 2.77977372e+04 1.09618186e-02 9.09501060e+04
1.63457195e-02 2.71777497e+04 1.10104766e-02 8.89215982e+04
1.64182760e-02 2.65703647e+04 1.10593507e-02 8.69343236e+04
1.64911546e-02 2.59753475e+04 1.11084417e-02 8.49875150e+04
1.65643567e-02 2.53924678e+04 1.11577507e-02 8.30804185e+04
1.66378837e-02 2.48214993e+04 1.12072785e-02 8.12122934e+04
1.67117371e-02 2.42622194e+04 1.12570261e-02 7.93824120e+04
1.67859183e-02 2.37144098e+04 1.13069946e-02 7.75900595e+04
1.68604289e-02 2.31778557e+04 1.13571849e-02 7.58345334e+04
1.69352701e-02 2.26523461e+04 1.14075979e-02 7.41151434e+04
1.70104436e-02 2.21376716e+04 1.14582348e-02 7.24312041e+04
1.70859507e-02 2.16336243e+04 1.15090964e-02 7.07820354e+04
1.71617930e-02 2.11400001e+04 1.15601838e-02 6.91669699e+04
1.72379720e-02 2.06565991e+04 1.16114979e-02 6.75853529e+04
1.73144891e-02 2.01832249e+04 1.16630399e-02 6.60365422e+04
1.73913459e-02 1.97196850e+04 1.17148106e-02 6.45199078e+04
1.74685438e-02 1.92657904e+04 1.17668111e-02 6.30348315e+04
1.75460844e-02 1.88213559e+04 1.18190424e-02 6.15807070e+04
1.76239692e-02 1.83861995e+04 1.18715056e-02 6.01569393e+04
1.77021997e-02 1.79601428e+04 1.19242017e-02 5.87629446e+04
1.77807775e-02 1.75430103e+04 1.19771317e-02 5.73981485e+04
1.78597040e-02 1.71346292e+04 1.20302966e-02 5.60619856e+04
1.79389809e-02 1.67348299e+04 1.20836975e-02 5.47539010e+04
1.80186097e-02 1.63434461e+04 1.21373355e-02 5.34733508e+04
1.80985920e-02 1.59603147e+04 1.21912116e-02 5.22198013e+04
1.81789293e-02 1.55852758e+04 1.22453268e-02 5.09927292e+04
1.82596232e-02 1.52181724e+04 1.22996822e-02 4.97916209e+04
1.83406753e-02 1.48588506e+04 1.23542789e-02 4.86159729e+04
1.84220871e-02 1.45071594e+04 1.24091179e-02 4.74652911e+04
1.85038604e-02 1.41629509e+04 1.24642004e-02 4.63390915e+04
1.85859966e-02 1.38260891e+04 1.25195273e-02 4.52369291e+04
1.86684975e-02 1.34964515e+04 1.25750999e-02 4.41584033e+04
1.87513645e-02 1.31739171e+04 1.26309191e-02 4.31031185e+04
1.88345994e-02 1.28583660e+04 1.26869861e-02 4.20706815e+04
1.89182037e-02 1.25496785e+04 1.27433020e-02 4.10607014e+04
1.90021791e-02 1.22477360e+04 1.27998679e-02 4.00727901e+04
1.90865273e-02 1.19524208e+04 1.28566848e-02 3.91065621e+04
1.91712500e-02 1.16636159e+04 1.29137540e-02 3.81616351e+04
1.92563486e-02 1.13812054e+04 1.29710764e-02 3.72376296e+04
1.93418251e-02 1.11050742e+04 1.30286534e-02 3.63341688e+04
1.94276809e-02 1.08350987e+04 1.30864859e-02 3.54508485e+04
1.95139179e-02 1.05711435e+04 1.31445751e-02 3.45872262e+04
1.96005376e-02 1.03130758e+04 1.32029221e-02 3.37428664e+04
1.96875418e-02 1.00607656e+04 1.32615282e-02 3.29173446e+04
1.97749323e-02 9.81408642e+03 1.33203944e-02 3.21102467e+04
1.98627106e-02 9.57291489e+03 1.33795219e-02 3.13211690e+04
1.99508786e-02 9.33713060e+03 1.34389118e-02 3.05497175e+04
2.00394380e-02 9.10661611e+03 1.34985654e-02 2.97955080e+04
2.01283904e-02 8.88125684e+03 1.35584838e-02 2.90581656e+04
2.02177377e-02 8.66094105e+03 1.36186681e-02 2.83373248e+04
2.03074817e-02 8.44556612e+03 1.36791196e-02 2.76326497e+04
2.03976239e-02 8.23504189e+03 1.37398395e-02 2.69438454e+04
2.04881663e-02 8.02928007e+03 1.38008288e-02 2.62706230e+04
2.05791106e-02 7.82819319e+03 1.38620889e-02 2.56126963e+04
2.06704586e-02 7.63169460e+03 1.39236209e-02 2.49697818e+04
2.07622121e-02 7.43969849e+03 1.39854261e-02 2.43415988e+04
2.08543729e-02 7.25211995e+03 1.40475056e-02 2.37278694e+04
2.09469427e-02 7.06887494e+03 1.41098606e-02 2.31283187e+04
2.10399235e-02 6.88988035e+03 1.41724924e-02 2.25426747e+04
2.11333170e-02 6.71505395e+03 1.42354023e-02 2.19706685e+04
2.12271250e-02 6.54430886e+03 1.42985914e-02 2.14120156e+04
2.13213494e-02 6.37754931e+03 1.43620610e-02 2.08664030e+04
2.14159921e-02 6.21468100e+03 1.44258123e-02 2.03335218e+04
2.15110549e-02 6.05561222e+03 1.44898466e-02 1.98130722e+04
2.16065397e-02 5.90025381e+03 1.45541652e-02 1.93047623e+04
2.17024483e-02 5.74851903e+03 1.46187692e-02 1.88083084e+04
2.17987827e-02 5.60032353e+03 1.46836600e-02 1.83234346e+04
2.18955447e-02 5.45558525e+03 1.47488389e-02 1.78498722e+04
2.19927361e-02 5.31422434e+03 1.48143071e-02 1.73873601e+04
2.20903590e-02 5.17616311e+03 1.48800658e-02 1.69356441e+04
2.21884153e-02 5.04133194e+03 1.49461165e-02 1.64944963e+04
2.22869067e-02 4.90967517e+03 1.50124604e-02 1.60637347e+04
2.23858354e-02 4.78113879e+03 1.50790987e-02 1.56431826e+04
2.24852032e-02 4.65566868e+03 1.51460329e-02 1.52326629e+04
2.25850121e-02 4.53321072e+03 1.52132642e-02 1.48319984e+04
2.26852641e-02 4.41371077e+03 1.52807939e-02 1.44410122e+04
2.27859610e-02 4.29711482e+03 1.53486233e-02 1.40595274e+04
2.28871049e-02 4.18336895e+03 1.54167539e-02 1.36873677e+04
2.29886978e-02 4.07241944e+03 1.54851868e-02 1.33243572e+04
2.30907416e-02 3.96421274e+03 1.55539236e-02 1.29703208e+04
2.31932384e-02 3.85868374e+03 1.56229654e-02 1.26250454e+04
2.32961902e-02 3.75574053e+03 1.56923137e-02 1.22882304e+04
2.33995990e-02 3.65529162e+03 1.57619699e-02 1.19595763e+04
2.35034667e-02 3.55725030e+03 1.58319352e-02 1.16387996e+04
2.36077956e-02 3.46153442e+03 1.59022111e-02 1.13256313e+04
2.37125875e-02 3.36806611e+03 1.59727990e-02 1.10198167e+04
2.38178446e-02 3.27677163e+03 1.60437001e-02 1.07211146e+04
2.39235689e-02 3.18758113e+03 1.61149160e-02 1.04292964e+04
2.40297625e-02 3.10042845e+03 1.61864480e-02 1.01441457e+04
2.41364275e-02 3.01525098e+03 1.62582976e-02 9.86545753e+03
2.42435660e-02 2.93200367e+03 1.63304661e-02 9.59308460e+03
2.43511800e-02 2.85068184e+03 1.64029549e-02 9.32701152e+03
2.44592717e-02 2.77128451e+03 1.64757655e-02 9.06723516e+03
2.45678433e-02 2.69380738e+03 1.65488992e-02 8.81374138e+03
2.46768967e-02 2.61824300e+03 1.66223576e-02 8.56650586e+03
2.47864343e-02 2.54458103e+03 1.66961421e-02 8.32549471e+03
2.48964580e-02 2.47280841e+03 1.67702541e-02 8.09066527e+03
2.50069702e-02 2.40290962e+03 1.68446951e-02 7.86196670e+03
2.51179729e-02 2.33486683e+03 1.69194665e-02 7.63934071e+03
2.52294683e-02 2.26866013e+03 1.69945698e-02 7.42272213e+03
2.53414586e-02 2.20425542e+03 1.70700065e-02 7.21199939e+03
2.54539460e-02 2.14158016e+03 1.71457781e-02 7.00693518e+03
2.55669328e-02 2.08055854e+03 1.72218859e-02 6.80728142e+03
2.56804211e-02 2.02111943e+03 1.72983316e-02 6.61280540e+03
2.57944131e-02 1.96319615e+03 1.73751167e-02 6.42328895e+03
2.59089112e-02 1.90672621e+03 1.74522426e-02 6.23852759e+03
2.60239175e-02 1.85165106e+03 1.75297108e-02 6.05832980e+03
2.61394343e-02 1.79791591e+03 1.76075229e-02 5.88251632e+03
2.62554638e-02 1.74546951e+03 1.76856804e-02 5.71091942e+03
2.63720084e-02 1.69426394e+03 1.77641849e-02 5.54338232e+03
2.64890703e-02 1.64426024e+03 1.78430378e-02 5.37977758e+03
2.66066519e-02 1.59544234e+03 1.79222407e-02 5.22005257e+03
2.67247553e-02 1.54779840e+03 1.80017952e-02 5.06416863e+03
2.68433830e-02 1.50131582e+03 1.80817028e-02 4.91208445e+03
2.69625373e-02 1.45598121e+03 1.81619651e-02 4.76375628e+03
2.70822205e-02 1.41178051e+03 1.82425837e-02 4.61913810e+03
2.72024350e-02 1.36869902e+03 1.83235602e-02 4.47818179e+03
2.73231830e-02 1.32672144e+03 1.84048961e-02 4.34083734e+03
2.74444671e-02 1.28583197e+03 1.84865930e-02 4.20705300e+03
2.75662895e-02 1.24601430e+03 1.85686526e-02 4.07677545e+03
2.76886527e-02 1.20724951e+03 1.86510765e-02 3.94994275e+03
2.78115590e-02 1.16950963e+03 1.87338662e-02 3.82646342e+03
2.79350109e-02 1.13276547e+03 1.88170234e-02 3.70624195e+03
2.80590108e-02 1.09698913e+03 1.89005497e-02 3.58918703e+03
2.81835611e-02 1.06215390e+03 1.89844468e-02 3.47521129e+03
2.83086643e-02 1.02823424e+03 1.90687163e-02 3.36423114e+03
2.84343227e-02 9.95205672e+02 1.91533598e-02 3.25616652e+03
2.85605390e-02 9.63044768e+02 1.92383791e-02 3.15094078e+03
2.86873155e-02 9.31729071e+02 1.93237757e-02 3.04848042e+03
2.88146548e-02 9.01237045e+02 1.94095515e-02 2.94871500e+03
2.89425593e-02 8.71548316e+02 1.94957079e-02 2.85157785e+03
2.90710316e-02 8.42644612e+02 1.95822469e-02 2.75700918e+03
2.92000741e-02 8.14508616e+02 1.96691699e-02 2.66495234e+03
2.93296894e-02 7.87123498e+02 1.97564788e-02 2.57535227e+03
2.94598801e-02 7.60472898e+02 1.98441752e-02 2.48815542e+03
2.95906487e-02 7.34540893e+02 1.99322609e-02 2.40330972e+03
2.97219977e-02 7.09311984e+02 2.00207377e-02 2.32076444e+03
2.98539298e-02 6.84771071e+02 2.01096071e-02 2.24047019e+03
2.99864475e-02 6.60903432e+02 2.01988710e-02 2.16237878e+03
3.01195534e-02 6.37694705e+02 2.02885312e-02 2.08644325e+03
3.02532502e-02 6.15130238e+02 2.03785894e-02 2.01261563e+03
3.03875405e-02 5.93192432e+02 2.04690473e-02 1.94083836e+03
3.05224268e-02 5.71863456e+02 2.05599067e-02 1.87105308e+03
3.06579119e-02 5.51126459e+02 2.06511695e-02 1.80320468e+03
3.07939984e-02 5.30965506e+02 2.07428373e-02 1.73724101e+03
3.09306889e-02 5.11365521e+02 2.08349121e-02 1.67311274e+03
3.10679862e-02 4.92312223e+02 2.09273955e-02 1.61077316e+03
3.12058930e-02 4.73792078e+02 2.10202895e-02 1.55017797e+03
3.13444119e-02 4.55792241e+02 2.11135959e-02 1.49128515e+03
3.14835457e-02 4.38300507e+02 2.12073164e-02 1.43405477e+03
3.16232970e-02 4.21305038e+02 2.13014529e-02 1.37844809e+03
3.17636687e-02 4.04793199e+02 2.13960073e-02 1.32442379e+03
3.19046635e-02 3.88752594e+02 2.14909814e-02 1.27194129e+03
3.20462842e-02 3.73171604e+02 2.15863770e-02 1.22096258e+03
3.21885335e-02 3.58039333e+02 2.16821961e-02 1.17145202e+03
3.23314142e-02 3.43345539e+02 2.17784406e-02 1.12337608e+03
3.24749291e-02 3.29080585e+02 2.18751123e-02 1.07670325e+03
3.26190811e-02 3.15235381e+02 2.19722130e-02 1.03140378e+03
3.27638730e-02 3.01801332e+02 2.20697448e-02 9.87449551e+02
3.29093075e-02 2.88770293e+02 2.21677096e-02 9.44813910e+02
3.30553877e-02 2.76134617e+02 2.22661091e-02 9.03471835e+02
3.32021163e-02 2.63887667e+02 2.23649455e-02 8.63401619e+02
3.33494961e-02 2.52023274e+02 2.24642206e-02 8.24583071e+02
3.34975302e-02 2.40535365e+02 2.25639363e-02 7.86996321e+02
3.36462214e-02 2.29417939e+02 2.26640947e-02 7.50621741e+02
3.37955726e-02 2.18665052e+02 2.27646977e-02 7.15439876e+02
3.39455867e-02 2.08270790e+02 2.28657472e-02 6.81431380e+02
3.40962668e-02 1.98229256e+02 2.29672453e-02 6.48576958e+02
3.42476157e-02 1.88534552e+02 2.30691939e-02 6.16857314e+02
3.43996364e-02 1.79180767e+02 2.31715951e-02 5.86253104e+02
3.45523319e-02 1.70160890e+02 2.32744508e-02 5.56741396e+02
3.47057052e-02 1.61459518e+02 2.33777630e-02 5.28271784e+02
3.48597593e-02 1.53059089e+02 2.34815339e-02 5.00786817e+02
3.50144973e-02 1.44944623e+02 2.35857654e-02 4.74237478e+02
3.51699221e-02 1.37103501e+02 2.36904595e-02 4.48582483e+02
3.53260368e-02 1.29525232e+02 2.37956184e-02 4.23787500e+02
3.54828445e-02 1.22201221e+02 2.39012440e-02 3.99824413e+02
3.56403482e-02 1.15124561e+02 2.40073385e-02 3.76670623e+02
3.57985511e-02 1.08289823e+02 2.41139040e-02 3.54308367e+02
3.59574562e-02 1.01692860e+02 2.42209425e-02 3.32724073e+02
3.61170666e-02 9.53315263e+01 2.43284561e-02 3.11910727e+02
3.62773856e-02 8.92127892e+01 2.44364469e-02 2.91891120e+02
3.64384162e-02 8.33463833e+01 2.45449172e-02 2.72697102e+02
3.66001616e-02 7.77392462e+01 2.46538689e-02 2.54351375e+02
3.67626250e-02 7.23956834e+01 2.47633042e-02 2.36868024e+02
3.69258095e-02 6.73176047e+01 2.48732253e-02 2.20253297e+02
3.70897183e-02 6.25047653e+01 2.49836343e-02 2.04506395e+02
3.72543548e-02 5.79550052e+01 2.50945334e-02 1.89620249e+02
3.74197220e-02 5.36644857e+01 2.52059247e-02 1.75582301e+02
3.75858233e-02 4.96279174e+01 2.53178106e-02 1.62375244e+02
3.77526619e-02 4.58362698e+01 2.54301930e-02 1.49969530e+02
3.79202410e-02 4.22535271e+01 2.55430744e-02 1.38247323e+02
3.80885640e-02 3.88362283e+01 2.56564567e-02 1.27066425e+02
3.82576342e-02 3.55531833e+01 2.57703424e-02 1.16324784e+02
3.84274549e-02 3.23842836e+01 2.58847336e-02 1.05956611e+02
3.85980294e-02 2.93191544e+01 2.59996326e-02 9.59279590e+01
3.87693610e-02 2.63558435e+01 2.61150416e-02 8.62324418e+01
3.89414532e-02 2.34994513e+01 2.62309628e-02 7.68867468e+01
3.91143092e-02 2.07606445e+01 2.63473987e-02 6.79257742e+01
3.92879325e-02 1.81540381e+01 2.64643514e-02 5.93973416e+01
3.94623266e-02 1.56974497e+01 2.65818232e-02 5.13597455e+01
3.96374947e-02 1.34200428e+01 2.66998164e-02 4.39084054e+01
3.98134404e-02 1.13491184e+01 2.68183334e-02 3.71326455e+01
3.99901671e-02 9.49892068e+00 2.69373765e-02 3.10790708e+01
4.01676782e-02 7.87246595e+00 2.70569480e-02 2.57575502e+01
4.03459773e-02 6.46386387e+00 2.71770503e-02 2.11488115e+01
4.05250679e-02 5.26064480e+00 2.72976857e-02 1.72120557e+01
4.07049534e-02 4.24591806e+00 2.74188566e-02 1.38920191e+01
4.08856374e-02 3.40024787e+00 2.75405653e-02 1.11251107e+01
4.10671234e-02 2.70318874e+00 2.76628143e-02 8.84443580e+00
4.12494150e-02 2.13497084e+00 2.77856060e-02 6.98531044e+00
4.14325158e-02 1.68289289e+00 2.79089426e-02 5.50617791e+00
4.16164294e-02 1.33424837e+00 2.80328268e-02 4.36546433e+00
4.18011593e-02 1.07235660e+00 2.81572609e-02 3.50859299e+00
4.19867092e-02 8.80583992e-01 2.82822473e-02 2.88114125e+00
4.21730827e-02 7.44625707e-01 2.84077885e-02 2.43630575e+00
4.23602836e-02 6.53503040e-01 2.85338870e-02 2.13816579e+00
4.25483153e-02 5.99937784e-01 2.86605452e-02 1.96290815e+00
4.27371818e-02 5.80658116e-01 2.87877657e-02 1.89982792e+00
4.29268866e-02 5.97168841e-01 2.89155508e-02 1.95384858e+00
4.31174334e-02 6.57401651e-01 2.90439032e-02 2.15092147e+00
4.33088261e-02 7.72882079e-01 2.91728253e-02 2.52875644e+00
4.35010684e-02 9.59569737e-01 2.93023197e-02 3.13957099e+00
4.36941640e-02 1.24368258e+00 2.94323888e-02 4.06914640e+00
4.38881167e-02 1.66341688e+00 2.95630354e-02 5.44245527e+00
4.40829303e-02 2.26955152e+00 2.96942619e-02 7.42563864e+00
4.42786087e-02 3.12259184e+00 2.98260708e-02 1.02166610e+01
4.44751557e-02 4.28267847e+00 2.99584649e-02 1.40122938e+01
4.46725751e-02 5.78801488e+00 3.00914466e-02 1.89375330e+01
4.48708709e-02 7.61985259e+00 3.02250186e-02 2.49310365e+01
4.50700468e-02 9.66258760e+00 3.03591836e-02 3.16145649e+01
4.52701069e-02 1.17618244e+01 3.04939440e-02 3.84829590e+01
4.54710550e-02 1.38065226e+01 3.06293027e-02 4.51729103e+01
4.56728951e-02 1.57064155e+01 3.07652622e-02 5.13890803e+01
4.58756312e-02 1.74023466e+01 3.09018252e-02 5.69379173e+01
4.60792671e-02 1.88725810e+01 3.10389943e-02 6.17483082e+01
4.62838070e-02 2.01327145e+01 3.11767724e-02 6.58712796e+01
4.64892548e-02 2.12312575e+01 3.13151620e-02 6.94655507e+01
4.66956146e-02 2.22436598e+01 3.14541660e-02 7.27779820e+01
4.69028903e-02 2.32674458e+01 3.15937869e-02 7.61276592e+01
4.71110862e-02 2.44185763e+01 3.17340276e-02 7.98939886e+01
4.73202062e-02 2.57682714e+01 3.18748909e-02 8.43099924e+01
4.75302544e-02 2.73191317e+01 3.20163794e-02 8.93841791e+01
4.77412350e-02 2.90678628e+01 3.21584959e-02 9.51057701e+01
4.79531522e-02 3.10078649e+01 3.23012433e-02 1.01453171e+02
4.81660100e-02 3.31276875e+01 3.24446243e-02 1.08388919e+02
4.83798126e-02 3.54094206e+01 3.25886418e-02 1.15854414e+02
4.85945643e-02 3.78270878e+01 3.27332985e-02 1.23764665e+02
4.88102693e-02 4.03451495e+01 3.28785974e-02 1.32003393e+02
4.90269317e-02 4.29172641e+01 3.30245412e-02 1.40418973e+02
4.92445559e-02 4.54861783e+01 3.31711328e-02 1.48824083e+02
4.94631461e-02 4.80114782e+01 3.33183752e-02 1.57086492e+02
4.96827065e-02 5.04866976e+01 3.34662711e-02 1.65185046e+02
4.99032416e-02 5.29109940e+01 3.36148235e-02 1.73116987e+02
5.01247556e-02 5.52869665e+01 3.37640354e-02 1.80890819e+02
5.03472529e-02 5.76206695e+01 3.39139095e-02 1.88526352e+02
5.05707378e-02 5.99215928e+01 3.40644490e-02 1.96054635e+02
5.07952147e-02 6.22026261e+01 3.42156566e-02 2.03517840e+02
5.10206881e-02 6.44800297e+01 3.43675355e-02 2.10969170e+02
5.12471623e-02 6.67734302e+01 3.45200885e-02 2.18472838e+02
5.14746418e-02 6.91056414e+01 3.46733187e-02 2.26103490e+02
5.17031310e-02 7.14907726e+01 3.48272290e-02 2.33907289e+02
5.19326345e-02 7.39263262e+01 3.49818226e-02 2.41876062e+02
5.21631567e-02 7.64078686e+01 3.51371023e-02 2.49995303e+02
5.23947022e-02 7.89303548e+01 3.52930714e-02 2.58248507e+02
5.26272754e-02 8.14881043e+01 3.54497327e-02 2.66617087e+02
5.28608811e-02 8.40747813e+01 3.56070895e-02 2.75080314e+02
5.30955236e-02 8.66833788e+01 3.57651447e-02 2.83615261e+02
5.33312078e-02 8.93062084e+01 3.59239015e-02 2.92196773e+02
5.35679381e-02 9.19348958e+01 3.60833631e-02 3.00797452e+02
5.38057192e-02 9.45604240e+01 3.62435324e-02 3.09387794e+02
5.40445558e-02 9.71761929e+01 3.64044128e-02 3.17946205e+02
5.42844525e-02 9.97805577e+01 3.65660072e-02 3.26467303e+02
5.45254141e-02 1.02372629e+02 3.67283190e-02 3.34948178e+02
5.47674454e-02 1.04951819e+02 3.68913512e-02 3.43386908e+02
5.50105509e-02 1.07517851e+02 3.70551071e-02 3.51782587e+02
5.52547356e-02 1.10070762e+02 3.72195899e-02 3.60135338e+02
5.55000042e-02 1.12610912e+02 3.73848028e-02 3.68446333e+02
5.57463615e-02 1.15138980e+02 3.75507491e-02 3.76717802e+02
5.59938124e-02 1.17655977e+02 3.77174320e-02 3.84953044e+02
5.62423616e-02 1.20163230e+02 3.78848548e-02 3.93156409e+02
5.64920141e-02 1.22661554e+02 3.80530207e-02 4.01330556e+02
5.67427748e-02 1.25150397e+02 3.82219331e-02 4.09473684e+02
5.69946486e-02 1.27629161e+02 3.83915953e-02 4.17583834e+02
5.72476405e-02 1.30097371e+02 3.85620106e-02 4.25659454e+02
5.75017553e-02 1.32554679e+02 3.87331824e-02 4.33699405e+02
5.77569981e-02 1.35000865e+02 3.89051139e-02 4.41702966e+02
5.80133739e-02 1.37435839e+02 3.90778087e-02 4.49669844e+02
5.82708877e-02 1.39859643e+02 3.92512700e-02 4.57600174e+02
5.85295446e-02 1.42272452e+02 3.94255013e-02 4.65494527e+02
5.87893497e-02 1.44674568e+02 3.96005059e-02 4.73353900e+02
5.90503080e-02 1.47065794e+02 3.97762874e-02 4.81177638e+02
5.93124246e-02 1.49444637e+02 3.99528492e-02 4.88960862e+02
5.95757047e-02 1.51809433e+02 4.01301947e-02 4.96698126e+02
5.98401535e-02 1.54158513e+02 4.03083274e-02 5.04383973e+02
6.01057762e-02 1.56490212e+02 4.04872508e-02 5.12012946e+02
6.03725779e-02 1.58802861e+02 4.06669685e-02 5.19579596e+02
6.06405639e-02 1.61094800e+02 4.08474839e-02 5.27078483e+02
6.09097395e-02 1.63364374e+02 4.10288005e-02 5.34504193e+02
6.11801099e-02 1.65609933e+02 4.12109221e-02 5.41851334e+02
6.14516805e-02 1.67829844e+02 4.13938520e-02 5.49114555e+02
6.17244565e-02 1.70022689e+02 4.15775939e-02 5.56289220e+02
6.19984433e-02 1.72187584e+02 4.17621514e-02 5.63372439e+02
6.22736464e-02 1.74323774e+02 4.19475282e-02 5.70361739e+02
6.25500710e-02 1.76430561e+02 4.21337278e-02 5.77254837e+02
6.28277226e-02 1.78507305e+02 4.23207540e-02 5.84049635e+02
6.31066067e-02 1.80553421e+02 4.25086103e-02 5.90744227e+02
6.33867287e-02 1.82568386e+02 4.26973005e-02 5.97336895e+02
6.36680942e-02 1.84551733e+02 4.28868282e-02 6.03826114e+02
6.39507086e-02 1.86503054e+02 4.30771973e-02 6.10210551e+02
6.42345775e-02 1.88422001e+02 4.32684114e-02 6.16489064e+02
6.45197064e-02 1.90308435e+02 4.34604742e-02 6.22661198e+02
6.48061010e-02 1.92162703e+02 4.36533896e-02 6.28728090e+02
6.50937668e-02 1.93985306e+02 4.38471613e-02 6.34691378e+02
6.53827096e-02 1.95776824e+02 4.40417932e-02 6.40552961e+02
6.56729350e-02 1.97537917e+02 4.42372890e-02 6.46314999e+02
6.59644486e-02 1.99269323e+02 4.44336526e-02 6.51979905e+02
6.62572562e-02 2.00971856e+02 4.46308878e-02 6.57550342e+02
6.65513635e-02 2.02646403e+02 4.48289985e-02 6.63029214e+02
6.68467764e-02 2.04293925e+02 4.50279886e-02 6.68419662e+02
6.71435005e-02 2.05915452e+02 4.52278620e-02 6.73725059e+02
6.74415418e-02 2.07511572e+02 4.54286225e-02 6.78947329e+02
6.77409060e-02 2.09081303e+02 4.56302743e-02 6.84083258e+02
6.80415991e-02 2.10623345e+02 4.58328212e-02 6.89128592e+02
6.83436269e-02 2.12136391e+02 4.60362671e-02 6.94079057e+02
6.86469954e-02 2.13619132e+02 4.62406161e-02 6.98930368e+02
6.89517105e-02 2.15070255e+02 4.64458722e-02 7.03678228e+02
6.92577781e-02 2.16488445e+02 4.66520394e-02 7.08318338e+02
6.95652044e-02 2.17872389e+02 4.68591217e-02 7.12846399e+02
6.98739953e-02 2.19220775e+02 4.70671232e-02 7.17258118e+02
7.01841569e-02 2.20532293e+02 4.72760481e-02 7.21549213e+02
7.04956952e-02 2.21805897e+02 4.74859003e-02 7.25716258e+02
7.08086165e-02 2.23041483e+02 4.76966840e-02 7.29758914e+02
7.11229267e-02 2.24239191e+02 4.79084034e-02 7.33677640e+02
7.14386321e-02 2.25399200e+02 4.81210626e-02 7.37473017e+02
7.17557389e-02 2.26521723e+02 4.83346657e-02 7.41145746e+02
7.20742533e-02 2.27607010e+02 4.85492170e-02 7.44696647e+02
7.23941816e-02 2.28655347e+02 4.87647207e-02 7.48126652e+02
7.27155299e-02 2.29667053e+02 4.89811810e-02 7.51436805e+02
7.30383047e-02 2.30642481e+02 4.91986020e-02 7.54628260e+02
7.33625122e-02 2.31582014e+02 4.94169882e-02 7.57702275e+02
7.36881589e-02 2.32486087e+02 4.96363438e-02 7.60660267e+02
7.40152510e-02 2.33355234e+02 4.98566731e-02 7.63503991e+02
7.43437951e-02 2.34190043e+02 5.00779804e-02 7.66235363e+02
7.46737976e-02 2.34991129e+02 5.03002700e-02 7.68856396e+02
7.50052648e-02 2.35759134e+02 5.05235464e-02 7.71369196e+02
7.53382035e-02 2.36494730e+02 5.07478138e-02 7.73775958e+02
7.56726199e-02 2.37198614e+02 5.09730768e-02 7.76078964e+02
7.60085209e-02 2.37871509e+02 5.11993397e-02 7.78280577e+02
7.63459128e-02 2.38514161e+02 5.14266069e-02 7.80383239e+02
7.66848024e-02 2.39127338e+02 5.16548829e-02 7.82389466e+02
7.70251962e-02 2.39711756e+02 5.18841722e-02 7.84301593e+02
7.73671011e-02 2.40267782e+02 5.21144793e-02 7.86120830e+02
7.77105236e-02 2.40795696e+02 5.23458087e-02 7.87848086e+02
7.80554705e-02 2.41295789e+02 5.25781649e-02 7.89484316e+02
7.84019486e-02 2.41768366e+02 5.28115526e-02 7.91030519e+02
7.87499646e-02 2.42213747e+02 5.30459762e-02 7.92487741e+02
7.90995255e-02 2.42632264e+02 5.32814404e-02 7.93857066e+02
7.94506380e-02 2.43024260e+02 5.35179497e-02 7.95139621e+02
7.98033090e-02 2.43390093e+02 5.37555090e-02 7.96336571e+02
8.01575456e-02 2.43730129e+02 5.39941227e-02 7.97449120e+02
8.05133545e-02 2.44044568e+02 5.42337956e-02 7.98477918e+02
8.08707428e-02 2.44332648e+02 5.44745323e-02 7.99420472e+02
8.12297175e-02 2.44593282e+02 5.47163377e-02 8.00273229e+02
8.15902856e-02 2.44825390e+02 5.49592164e-02 8.01032651e+02
8.19524543e-02 2.45027896e+02 5.52031732e-02 8.01695223e+02
8.23162306e-02 2.45199734e+02 5.54482129e-02 8.02257449e+02
8.26816216e-02 2.45339843e+02 5.56943403e-02 8.02715865e+02
8.30486346e-02 2.45447174e+02 5.59415603e-02 8.03067037e+02
8.34172767e-02 2.45520688e+02 5.61898776e-02 8.03307566e+02
8.37875552e-02 2.45559361e+02 5.64392971e-02 8.03434097e+02
8.41594772e-02 2.45562474e+02 5.66898239e-02 8.03444283e+02
8.45330502e-02 2.45531159e+02 5.69414626e-02 8.03341826e+02
8.49082814e-02 2.45467267e+02 5.71942184e-02 8.03132781e+02
8.52851782e-02 2.45372662e+02 5.74480961e-02 8.02823246e+02
8.56637480e-02 2.45249216e+02 5.77031007e-02 8.02419348e+02
8.60439983e-02 2.45098808e+02 5.79592372e-02 8.01927237e+02
8.64259364e-02 2.44923324e+02 5.82165108e-02 8.01353079e+02
8.68095699e-02 2.44724651e+02 5.84749263e-02 8.00703050e+02
8.71949063e-02 2.44504677e+02 5.87344889e-02 7.99983326e+02
8.75819531e-02 2.44265289e+02 5.89952036e-02 7.99200086e+02
8.79707180e-02 2.44008124e+02 5.92570757e-02 7.98358678e+02
8.83612086e-02 2.43733019e+02 5.95201101e-02 7.97458574e+02
8.87534325e-02 2.43439034e+02 5.97843122e-02 7.96496700e+02
8.91473975e-02 2.43125237e+02 6.00496869e-02 7.95470001e+02
8.95431112e-02 2.42790703e+02 6.03162397e-02 7.94375455e+02
8.99405814e-02 2.42434519e+02 6.05839756e-02 7.93210073e+02
9.03398160e-02 2.42055783e+02 6.08529000e-02 7.91970905e+02
9.07408227e-02 2.41653606e+02 6.11230181e-02 7.90655042e+02
9.11436094e-02 2.41227112e+02 6.13943353e-02 7.89259615e+02
9.15481840e-02 2.40775438e+02 6.16668567e-02 7.87781806e+02
9.19545545e-02 2.40297877e+02 6.19405879e-02 7.86219295e+02
9.23627288e-02 2.39794875e+02 6.22155341e-02 7.84573549e+02
9.27727149e-02 2.39267455e+02 6.24917008e-02 7.82847906e+02
9.31845210e-02 2.38716639e+02 6.27690933e-02 7.81045717e+02
9.35981549e-02 2.38143450e+02 6.30477172e-02 7.79170328e+02
9.40136250e-02 2.37548910e+02 6.33275778e-02 7.77225081e+02
9.44309392e-02 2.36934038e+02 6.36086807e-02 7.75213310e+02
9.48501059e-02 2.36299848e+02 6.38910313e-02 7.73138334e+02
9.52711332e-02 2.35647352e+02 6.41746353e-02 7.71003463e+02
9.56940293e-02 2.34977555e+02 6.44594982e-02 7.68811986e+02
9.61188027e-02 2.34291389e+02 6.47456255e-02 7.66566952e+02
9.65454616e-02 2.33589122e+02 6.50330229e-02 7.64269237e+02
9.69740143e-02 2.32870654e+02 6.53216960e-02 7.61918514e+02
9.74044693e-02 2.32135887e+02 6.56116506e-02 7.59514466e+02
9.78368351e-02 2.31384732e+02 6.59028921e-02 7.57056797e+02
9.82711201e-02 2.30617105e+02 6.61954265e-02 7.54545233e+02
9.87073328e-02 2.29832928e+02 6.64892594e-02 7.51979523e+02
9.91454818e-02 2.29032133e+02 6.67843966e-02 7.49359439e+02
9.95855758e-02 2.28214656e+02 6.70808438e-02 7.46684776e+02
1.00027623e-01 2.27380442e+02 6.73786070e-02 7.43955351e+02
1.00471633e-01 2.26529458e+02 6.76776918e-02 7.41171056e+02
1.00917613e-01 2.25661848e+02 6.79781043e-02 7.38332363e+02
1.01365573e-01 2.24777868e+02 6.82798503e-02 7.35440112e+02
1.01815522e-01 2.23877780e+02 6.85829357e-02 7.32495156e+02
1.02267468e-01 2.22961848e+02 6.88873664e-02 7.29498359e+02
1.02721420e-01 2.22030336e+02 6.91931485e-02 7.26450590e+02
1.03177387e-01 2.21083515e+02 6.95002878e-02 7.23352731e+02
1.03635378e-01 2.20121655e+02 6.98087906e-02 7.20205666e+02
1.04095402e-01 2.19145029e+02 7.01186627e-02 7.17010290e+02
1.04557468e-01 2.18153913e+02 7.04299104e-02 7.13767504e+02
1.05021585e-01 2.17148585e+02 7.07425396e-02 7.10478218e+02
1.05487762e-01 2.16129345e+02 7.10565565e-02 7.07143415e+02
1.05956008e-01 2.15096508e+02 7.13719673e-02 7.03764124e+02
1.06426333e-01 2.14050389e+02 7.16887782e-02 7.00341378e+02
1.06898746e-01 2.12991306e+02 7.20069954e-02 6.96876214e+02
1.07373256e-01 2.11919576e+02 7.23266251e-02 6.93369670e+02
1.07849872e-01 2.10835516e+02 7.26476735e-02 6.89822787e+02
1.08328603e-01 2.09739446e+02 7.29701471e-02 6.86236605e+02
1.08809460e-01 2.08631683e+02 7.32940521e-02 6.82612167e+02
1.09292451e-01 2.07512545e+02 7.36193949e-02 6.78950515e+02
1.09777586e-01 2.06382344e+02 7.39461818e-02 6.75252663e+02
1.10264874e-01 2.05241255e+02 7.42744193e-02 6.71519186e+02
1.10754326e-01 2.04089347e+02 7.46041138e-02 6.67750314e+02
1.11245950e-01 2.02926694e+02 7.49352717e-02 6.63946285e+02
1.11739756e-01 2.01753374e+02 7.52678997e-02 6.60107355e+02
1.12235754e-01 2.00569471e+02 7.56020041e-02 6.56233798e+02
1.12733954e-01 1.99375074e+02 7.59375915e-02 6.52325905e+02
1.13234366e-01 1.98170276e+02 7.62746686e-02 6.48383984e+02
1.13736998e-01 1.96955178e+02 7.66132420e-02 6.44408363e+02
1.14241862e-01 1.95729885e+02 7.69533182e-02 6.40399385e+02
1.14748967e-01 1.94494516e+02 7.72949040e-02 6.36357438e+02
1.15258322e-01 1.93249349e+02 7.76380060e-02 6.32283436e+02
1.15769939e-01 1.91994805e+02 7.79826310e-02 6.28178753e+02
1.16283827e-01 1.90731307e+02 7.83287858e-02 6.24044772e+02
1.16799996e-01 1.89459274e+02 7.86764771e-02 6.19882866e+02
1.17318456e-01 1.88179122e+02 7.90257117e-02 6.15694397e+02
1.17839217e-01 1.86891264e+02 7.93764966e-02 6.11480717e+02
1.18362290e-01 1.85596110e+02 7.97288385e-02 6.07243164e+02
1.18887685e-01 1.84294066e+02 8.00827445e-02 6.02983067e+02
1.19415412e-01 1.82985533e+02 8.04382214e-02 5.98701741e+02
1.19945481e-01 1.81670905e+02 8.07952762e-02 5.94400470e+02
1.20477904e-01 1.80350441e+02 8.11539159e-02 5.90080107e+02
1.21012689e-01 1.79024273e+02 8.15141476e-02 5.85741079e+02
1.21549849e-01 1.77692528e+02 8.18759783e-02 5.81383806e+02
1.22089393e-01 1.76355339e+02 8.22394151e-02 5.77008721e+02
1.22631332e-01 1.75012842e+02 8.26044652e-02 5.72616267e+02
1.23175676e-01 1.73665175e+02 8.29711356e-02 5.68206898e+02
1.23722437e-01 1.72312480e+02 8.33394337e-02 5.63781081e+02
1.24271625e-01 1.70954905e+02 8.37093666e-02 5.59339294e+02
1.24823251e-01 1.69592597e+02 8.40809416e-02 5.54882023e+02
1.25377325e-01 1.68225714e+02 8.44541660e-02 5.50409783e+02
1.25933858e-01 1.66854530e+02 8.48290470e-02 5.45923473e+02
1.26492862e-01 1.65479454e+02 8.52055922e-02 5.41424424e+02
1.27054348e-01 1.64100892e+02 8.55838087e-02 5.36913972e+02
1.27618326e-01 1.62719248e+02 8.59637041e-02 5.32393436e+02
1.28184807e-01 1.61334919e+02 8.63452858e-02 5.27864115e+02
1.28753802e-01 1.59948296e+02 8.67285613e-02 5.23327290e+02
1.29325324e-01 1.58559765e+02 8.71135381e-02 5.18784221e+02
1.29899382e-01 1.57169705e+02 8.75002238e-02 5.14236148e+02
1.30475989e-01 1.55778489e+02 8.78886259e-02 5.09684294e+02
1.31055155e-01 1.54386479e+02 8.82787521e-02 5.05129842e+02
1.31636891e-01 1.52993841e+02 8.86706100e-02 5.00573335e+02
1.32221210e-01 1.51600497e+02 8.90642073e-02 4.96014520e+02
1.32808123e-01 1.50206365e+02 8.94595517e-02 4.91453125e+02
1.33397641e-01 1.48811371e+02 8.98566510e-02 4.86888911e+02
1.33989776e-01 1.47415453e+02 9.02555130e-02 4.82321671e+02
1.34584539e-01 1.46018556e+02 9.06561455e-02 4.77751232e+02
1.35181942e-01 1.44620639e+02 9.10585564e-02 4.73177453e+02
1.35781997e-01 1.43221669e+02 9.14627534e-02 4.68600226e+02
1.36384716e-01 1.41821621e+02 9.18687447e-02 4.64019476e+02
1.36990110e-01 1.40420488e+02 9.22765381e-02 4.59435174e+02
1.37598191e-01 1.39018504e+02 9.26861417e-02 4.54848090e+02
1.38208972e-01 1.37616244e+02 9.30975634e-02 4.50260101e+02
1.38822463e-01 1.36214293e+02 9.35108114e-02 4.45673123e+02
1.39438678e-01 1.34813221e+02 9.39258937e-02 4.41089024e+02
1.40057628e-01 1.33413586e+02 9.43428185e-02 4.36509622e+02
1.40679326e-01 1.32015927e+02 9.47615941e-02 4.31936687e+02
1.41303783e-01 1.30620769e+02 9.51822284e-02 4.27371936e+02
1.41931012e-01 1.29228623e+02 9.56047300e-02 4.22817039e+02
1.42561026e-01 1.27839984e+02 9.60291069e-02 4.18273616e+02
1.43193836e-01 1.26455328e+02 9.64553677e-02 4.13743228e+02
1.43829454e-01 1.25074920e+02 9.68835205e-02 4.09226736e+02
1.44467895e-01 1.23698696e+02 9.73135738e-02 4.04723932e+02
1.45109169e-01 1.22326569e+02 9.77455361e-02 4.00234534e+02
1.45753290e-01 1.20958463e+02 9.81794159e-02 3.95758293e+02
1.46400269e-01 1.19594310e+02 9.86152215e-02 3.91294987e+02
1.47050121e-01 1.18234053e+02 9.90529617e-02 3.86844425e+02
1.47702858e-01 1.16877641e+02 9.94926449e-02 3.82406444e+02
1.48358491e-01 1.15525034e+02 9.99342798e-02 3.77980912e+02
1.49017035e-01 1.14176199e+02 1.00377875e-01 3.73567723e+02
1.49678503e-01 1.12831114e+02 1.00823439e-01 3.69166802e+02
1.50342906e-01 1.11489886e+02 1.01270982e-01 3.64778502e+02
1.51010259e-01 1.10152851e+02 1.01720510e-01 3.60403920e+02
1.51680574e-01 1.08820358e+02 1.02172034e-01 3.56044200e+02
1.52353864e-01 1.07492748e+02 1.02625563e-01 3.51700456e+02
1.53030143e-01 1.06170352e+02 1.03081104e-01 3.47373769e+02
1.53709424e-01 1.04853489e+02 1.03538668e-01 3.43065186e+02
1.54391720e-01 1.03542470e+02 1.03998263e-01 3.38775725e+02
1.55077045e-01 1.02237596e+02 1.04459897e-01 3.34506370e+02
1.55765412e-01 1.00939157e+02 1.04923581e-01 3.30258071e+02
1.56456834e-01 9.96474356e+01 1.05389323e-01 3.26031747e+02
1.57151326e-01 9.83626160e+01 1.05857133e-01 3.21828007e+02
1.57848900e-01 9.70847027e+01 1.06327019e-01 3.17646862e+02
1.58549571e-01 9.58136815e+01 1.06798991e-01 3.13488268e+02
1.59253352e-01 9.45495436e+01 1.07273058e-01 3.09352194e+02
1.59960256e-01 9.32922849e+01 1.07749229e-01 3.05238629e+02
1.60670299e-01 9.20419064e+01 1.08227514e-01 3.01147575e+02
1.61383494e-01 9.07984137e+01 1.08707921e-01 2.97079050e+02
1.62099854e-01 8.95618169e+01 1.09190462e-01 2.93033087e+02
1.62819394e-01 8.83321305e+01 1.09675144e-01 2.89009734e+02
1.63542128e-01 8.71093737e+01 1.10161978e-01 2.85009053e+02
1.64268071e-01 8.58936376e+01 1.10650972e-01 2.81031344e+02
1.64997235e-01 8.46851737e+01 1.11142138e-01 2.77077428e+02
1.65729637e-01 8.34842475e+01 1.11635483e-01 2.73148174e+02
1.66465289e-01 8.22911142e+01 1.12131019e-01 2.69244417e+02
1.67204207e-01 8.11060189e+01 1.12628754e-01 2.65366960e+02
1.67946404e-01 7.99291964e+01 1.13128698e-01 2.61516570e+02
1.68691897e-01 7.87608716e+01 1.13630862e-01 2.57693983e+02
1.69440698e-01 7.76012593e+01 1.14135254e-01 2.53899902e+02
1.70192823e-01 7.64505648e+01 1.14641886e-01 2.50134999e+02
1.70948287e-01 7.53089833e+01 1.15150766e-01 2.46399912e+02
1.71707104e-01 7.41766397e+01 1.15661905e-01 2.42695051e+02
1.72469290e-01 7.30534902e+01 1.16175314e-01 2.39020271e+02
1.73234859e-01 7.19394681e+01 1.16691001e-01 2.35375355e+02
1.74003826e-01 7.08345127e+01 1.17208977e-01 2.31760103e+02
1.74776206e-01 6.97385686e+01 1.17729252e-01 2.28174335e+02
1.75552015e-01 6.86515858e+01 1.18251837e-01 2.24617887e+02
1.76331267e-01 6.75735197e+01 1.18776742e-01 2.21090614e+02
1.77113979e-01 6.65043304e+01 1.19303976e-01 2.17592384e+02
1.77900165e-01 6.54439831e+01 1.19833551e-01 2.14123083e+02
1.78689840e-01 6.43924473e+01 1.20365477e-01 2.10682613e+02
1.79483021e-01 6.33497222e+01 1.20899763e-01 2.07270970e+02
1.80279723e-01 6.23158853e+01 1.21436422e-01 2.03888407e+02
1.81079962e-01 6.12910261e+01 1.21975462e-01 2.00535219e+02
1.81883752e-01 6.02752309e+01 1.22516895e-01 1.97211686e+02
1.82691110e-01 5.92685820e+01 1.23060732e-01 1.93918079e+02
1.83502052e-01 5.82711585e+01 1.23606982e-01 1.90654657e+02
1.84316594e-01 5.72830361e+01 1.24155658e-01 1.87421665e+02
1.85134751e-01 5.63042867e+01 1.24706769e-01 1.84219341e+02
1.85956541e-01 5.53349789e+01 1.25260326e-01 1.81047909e+02
1.86781977e-01 5.43751776e+01 1.25816340e-01 1.77907580e+02
1.87611078e-01 5.34249316e+01 1.26374822e-01 1.74798515e+02
1.88443860e-01 5.24842429e+01 1.26935784e-01 1.71720720e+02
1.89280337e-01 5.15531042e+01 1.27499235e-01 1.68674171e+02
1.90120528e-01 5.06315093e+01 1.28065188e-01 1.65658849e+02
1.90964448e-01 4.97194531e+01 1.28633652e-01 1.62674735e+02
1.91812115e-01 4.88169313e+01 1.29204641e-01 1.59721816e+02
1.92663544e-01 4.79239402e+01 1.29778163e-01 1.56800081e+02
1.93518752e-01 4.70404770e+01 1.30354232e-01 1.53909519e+02
1.94377757e-01 4.61665393e+01 1.30932857e-01 1.51050124e+02
1.95240574e-01 4.53021252e+01 1.31514051e-01 1.48221888e+02
1.96107222e-01 4.44472465e+01 1.32097825e-01 1.45424850e+02
1.96977716e-01 4.36019683e+01 1.32684190e-01 1.42659225e+02
1.97852075e-01 4.27663642e+01 1.33273158e-01 1.39925251e+02
1.98730314e-01 4.19405017e+01 1.33864740e-01 1.37223150e+02
1.99612453e-01 4.11244423e+01 1.34458948e-01 1.34553124e+02
2.00498506e-01 4.03182417e+01 1.35055794e-01 1.31915354e+02
2.01388493e-01 3.95219500e+01 1.35655289e-01 1.29310005e+02
2.02282430e-01 3.87356114e+01 1.36257445e-01 1.26737221e+02
2.03180336e-01 3.79592646e+01 1.36862274e-01 1.24197128e+02
2.04082227e-01 3.71929429e+01 1.37469788e-01 1.21689837e+02
2.04988121e-01 3.64366685e+01 1.38079999e-01 1.19215418e+02
2.05898037e-01 3.56904328e+01 1.38692918e-01 1.16773844e+02
2.06811992e-01 3.49542172e+01 1.39308558e-01 1.14365055e+02
2.07730003e-01 3.42280012e+01 1.39926930e-01 1.11988984e+02
2.08652090e-01 3.35117624e+01 1.40548048e-01 1.09645556e+02
2.09578269e-01 3.28054764e+01 1.41171922e-01 1.07334692e+02
2.10508560e-01 3.21091167e+01 1.41798566e-01 1.05056305e+02
2.11442980e-01 3.14226549e+01 1.42427991e-01 1.02810303e+02
2.12381548e-01 3.07460607e+01 1.43060211e-01 1.00596587e+02
2.13324282e-01 3.00793017e+01 1.43695236e-01 9.84150494e+01
2.14271201e-01 2.94223420e+01 1.44333081e-01 9.62655740e+01
2.15222323e-01 2.87751349e+01 1.44973756e-01 9.41480075e+01
2.16177666e-01 2.81376298e+01 1.45617276e-01 9.20621847e+01
2.17137251e-01 2.75097754e+01 1.46263652e-01 9.00079374e+01
2.18101095e-01 2.68915195e+01 1.46912898e-01 8.79850950e+01
2.19069217e-01 2.62828091e+01 1.47565025e-01 8.59934840e+01
2.20041637e-01 2.56835902e+01 1.48220047e-01 8.40329282e+01
2.21018373e-01 2.50938083e+01 1.48877976e-01 8.21032483e+01
2.21999445e-01 2.45134074e+01 1.49538826e-01 8.02042622e+01
2.22984872e-01 2.39423311e+01 1.50202610e-01 7.83357845e+01
2.23974673e-01 2.33805192e+01 1.50869340e-01 7.64976187e+01
2.24968867e-01 2.28278965e+01 1.51539029e-01 7.46895184e+01
2.25967475e-01 2.22843828e+01 1.52211691e-01 7.29112215e+01
2.26970515e-01 2.17498990e+01 1.52887339e-01 7.11624691e+01
2.27978008e-01 2.12243670e+01 1.53565986e-01 6.94430058e+01
2.28989972e-01 2.07077095e+01 1.54247645e-01 6.77525785e+01
2.30006429e-01 2.01998500e+01 1.54932331e-01 6.60909370e+01
2.31027398e-01 1.97007127e+01 1.55620055e-01 6.44578332e+01
2.32052898e-01 1.92102223e+01 1.56310832e-01 6.28530207e+01
2.33082951e-01 1.87283040e+01 1.57004676e-01 6.12762549e+01
2.34117576e-01 1.82548880e+01 1.57701599e-01 5.97273074e+01
2.35156793e-01 1.77899354e+01 1.58401616e-01 5.82060509e+01
2.36200624e-01 1.73334170e+01 1.59104740e-01 5.67123900e+01
2.37249088e-01 1.68852991e+01 1.59810985e-01 5.52462142e+01
2.38302205e-01 1.64455435e+01 1.60520366e-01 5.38073985e+01
2.39359998e-01 1.60141077e+01 1.61232895e-01 5.23958040e+01
2.40422486e-01 1.55909451e+01 1.61948586e-01 5.10112782e+01
2.41489690e-01 1.51760050e+01 1.62667455e-01 4.96536554e+01
2.42561631e-01 1.47692332e+01 1.63389515e-01 4.83227579e+01
2.43638331e-01 1.43705715e+01 1.64114780e-01 4.70183956e+01
2.44719810e-01 1.39799548e+01 1.64843264e-01 4.57403550e+01
2.45806089e-01 1.35972848e+01 1.65574982e-01 4.44883152e+01
2.46897190e-01 1.32224498e+01 1.66309947e-01 4.32619102e+01
2.47993135e-01 1.28553400e+01 1.67048176e-01 4.20607808e+01
2.49093944e-01 1.24958473e+01 1.67789681e-01 4.08845738e+01
2.50199640e-01 1.21438658e+01 1.68534477e-01 3.97329422e+01
2.51310244e-01 1.17992911e+01 1.69282580e-01 3.86055444e+01
2.52425777e-01 1.14620205e+01 1.70034003e-01 3.75020444e+01
2.53546262e-01 1.11319526e+01 1.70788762e-01 3.64221110e+01
2.54671721e-01 1.08089877e+01 1.71546871e-01 3.53654174e+01
2.55802176e-01 1.04930287e+01 1.72308346e-01 3.43316460e+01
2.56937648e-01 1.01839915e+01 1.73073200e-01 3.33205216e+01
2.58078161e-01 9.88179803e+00 1.73841449e-01 3.23317892e+01
2.59223737e-01 9.58636936e+00 1.74613109e-01 3.13651900e+01
2.60374397e-01 9.29762522e+00 1.75388194e-01 3.04204616e+01
2.61530165e-01 9.01548432e+00 1.76166719e-01 2.94973382e+01
2.62691064e-01 8.73986438e+00 1.76948700e-01 2.85955503e+01
2.63857115e-01 8.47068214e+00 1.77734153e-01 2.77148256e+01
2.65028342e-01 8.20785343e+00 1.78523091e-01 2.68548887e+01
2.66204769e-01 7.95129326e+00 1.79315532e-01 2.60154616e+01
2.67386417e-01 7.70091552e+00 1.80111491e-01 2.51962625e+01
2.68573311e-01 7.45662974e+00 1.80910982e-01 2.43969953e+01
2.69765473e-01 7.21834310e+00 1.81714022e-01 2.36173565e+01
2.70962927e-01 6.98596292e+00 1.82520627e-01 2.28570427e+01
2.72165696e-01 6.75939665e+00 1.83330813e-01 2.21157512e+01
2.73373804e-01 6.53855193e+00 1.84144594e-01 2.13931798e+01
2.74587275e-01 6.32333663e+00 1.84961988e-01 2.06890270e+01
2.75806132e-01 6.11365877e+00 1.85783010e-01 2.00029919e+01
2.77030399e-01 5.90942662e+00 1.86607677e-01 1.93347744e+01
2.78260101e-01 5.71054869e+00 1.87436004e-01 1.86840751e+01
2.79495262e-01 5.51693376e+00 1.88268008e-01 1.80505955e+01
2.80735905e-01 5.32849096e+00 1.89103705e-01 1.74340384e+01
2.81982055e-01 5.14512981e+00 1.89943112e-01 1.68341077e+01
2.83233737e-01 4.96676008e+00 1.90786245e-01 1.62505082e+01
2.84490974e-01 4.79329189e+00 1.91633120e-01 1.56829458e+01
2.85753793e-01 4.62463567e+00 1.92483755e-01 1.51311274e+01
2.87022217e-01 4.46070219e+00 1.93338165e-01 1.45947612e+01
2.88296271e-01 4.30140265e+00 1.94196368e-01 1.40735566e+01
2.89575981e-01 4.14664862e+00 1.95058381e-01 1.35672241e+01
2.90861371e-01 3.99635209e+00 1.95924219e-01 1.30754760e+01
2.92152467e-01 3.85042557e+00 1.96793902e-01 1.25980259e+01
2.93449293e-01 3.70878217e+00 1.97667444e-01 1.21345895e+01
2.94751877e-01 3.57133564e+00 1.98544864e-01 1.16848847e+01
2.96060242e-01 3.43800021e+00 1.99426179e-01 1.12486308e+01
2.97374415e-01 3.30869066e+00 2.00311406e-01 1.08255490e+01
2.98694421e-01 3.18332227e+00 2.01200562e-01 1.04153621e+01
3.00020287e-01 3.06181093e+00 2.02093665e-01 1.00177948e+01
3.01352038e-01 2.94407312e+00 2.02990733e-01 9.63257407e+00
3.02689701e-01 2.83002598e+00 2.03891782e-01 9.25942859e+00
3.04033301e-01 2.71958727e+00 2.04796831e-01 8.89808939e+00
3.05382865e-01 2.61267534e+00 2.05705898e-01 8.54828927e+00
3.06738420e-01 2.50920672e+00 2.06619000e-01 8.20975519e+00
3.08099992e-01 2.40909698e+00 2.07536154e-01 7.88221085e+00
3.09467608e-01 2.31226310e+00 2.08457380e-01 7.56538462e+00
3.10841294e-01 2.21862353e+00 2.09382696e-01 7.25900973e+00
3.12221078e-01 2.12809818e+00 2.10312118e-01 6.96282412e+00
3.13606987e-01 2.04060839e+00 2.11245666e-01 6.67657039e+00
3.14999048e-01 1.95607685e+00 2.12183358e-01 6.39999563e+00
3.16397287e-01 1.87442762e+00 2.13125213e-01 6.13285138e+00
3.17801734e-01 1.79558610e+00 2.14071248e-01 5.87489352e+00
3.19212414e-01 1.71947907e+00 2.15021482e-01 5.62588250e+00
3.20629357e-01 1.64603657e+00 2.15975935e-01 5.38558945e+00
3.22052589e-01 1.57519148e+00 2.16934624e-01 5.15379476e+00
3.23482138e-01 1.50687736e+00 2.17897568e-01 4.93028101e+00
3.24918033e-01 1.44102835e+00 2.18864787e-01 4.71483272e+00
3.26360302e-01 1.37757923e+00 2.19836300e-01 4.50723656e+00
3.27808973e-01 1.31646551e+00 2.20812124e-01 4.30728144e+00
3.29264075e-01 1.25762338e+00 2.21792281e-01 4.11475865e+00
3.30725635e-01 1.20098981e+00 2.22776788e-01 3.92946196e+00
3.32193683e-01 1.14650258e+00 2.23765665e-01 3.75118776e+00
3.33668248e-01 1.09410023e+00 2.24758932e-01 3.57973495e+00
3.35149358e-01 1.04372070e+00 2.25756607e-01 3.41490057e+00
3.36637042e-01 9.95301586e-01 2.26758712e-01 3.25648034e+00
3.38131330e-01 9.48781809e-01 2.27765264e-01 3.10427447e+00
3.39632251e-01 9.04101743e-01 2.28776284e-01 2.95808787e+00
3.41139835e-01 8.61203164e-01 2.29791793e-01 2.81773004e+00
3.42654110e-01 8.20029221e-01 2.30811809e-01 2.68301495e+00
3.44175107e-01 7.80524411e-01 2.31836352e-01 2.55376103e+00
3.45702856e-01 7.42634552e-01 2.32865444e-01 2.42979098e+00
3.47237386e-01 7.06306755e-01 2.33899103e-01 2.31093178e+00
3.48778727e-01 6.71489421e-01 2.34937351e-01 2.19701458e+00
3.50326911e-01 6.38132753e-01 2.35980207e-01 2.08787647e+00
3.51881966e-01 6.06188743e-01 2.37027692e-01 1.98336037e+00
3.53443925e-01 5.75610390e-01 2.38079828e-01 1.88331250e+00
3.55012816e-01 5.46351655e-01 2.39136633e-01 1.78758222e+00
3.56588672e-01 5.18367469e-01 2.40198129e-01 1.69602209e+00
3.58171523e-01 4.91613735e-01 2.41264338e-01 1.60848780e+00
3.59761399e-01 4.66047331e-01 2.42335279e-01 1.52483829e+00
3.61358334e-01 4.41626115e-01 2.43410973e-01 1.44493567e+00
3.62962356e-01 4.18308924e-01 2.44491443e-01 1.36864525e+00
3.64573499e-01 3.96055567e-01 2.45576709e-01 1.29583554e+00
3.66191793e-01 3.74826575e-01 2.46666792e-01 1.22637740e+00
3.67817271e-01 3.54583162e-01 2.47761714e-01 1.16014393e+00
3.69449964e-01 3.35287614e-01 2.48861496e-01 1.09701174e+00
3.71089904e-01 3.16903304e-01 2.49966160e-01 1.03686098e+00
3.72737124e-01 2.99394671e-01 2.51075727e-01 9.79575309e-01
3.74391656e-01 2.82727201e-01 2.52190219e-01 9.25041801e-01
3.76053532e-01 2.66867408e-01 2.53309659e-01 8.73150893e-01
3.77722784e-01 2.51782816e-01 2.54434068e-01 8.23796326e-01
3.79399447e-01 2.37441936e-01 2.55563467e-01 7.76875079e-01
3.81083552e-01 2.23814254e-01 2.56697880e-01 7.32287306e-01
3.82775132e-01 2.10870167e-01 2.57837329e-01 6.89936157e-01
3.84474221e-01 1.98580959e-01 2.58981835e-01 6.49727680e-01
3.86180852e-01 1.86918850e-01 2.60131422e-01 6.11570974e-01
3.87895059e-01 1.75856974e-01 2.61286111e-01 5.75378144e-01
3.89616874e-01 1.65369366e-01 2.62445927e-01 5.41064232e-01
3.91346333e-01 1.55430936e-01 2.63610890e-01 5.08547152e-01
3.93083468e-01 1.46017453e-01 2.64781024e-01 4.77747620e-01
3.94828315e-01 1.37105522e-01 2.65956353e-01 4.48589093e-01
3.96580906e-01 1.28672567e-01 2.67136899e-01 4.20997706e-01
3.98341277e-01 1.20696811e-01 2.68322685e-01 3.94902205e-01
4.00109463e-01 1.13157273e-01 2.69513734e-01 3.70233948e-01
4.01885497e-01 1.06033762e-01 2.70710070e-01 3.46926868e-01
4.03669414e-01 9.93068188e-02 2.71911717e-01 3.24917299e-01
4.05461250e-01 9.29576965e-02 2.73118698e-01 3.04143905e-01
4.07261040e-01 8.69683448e-02 2.74331036e-01 2.84547628e-01
4.09068819e-01 8.13213924e-02 2.75548756e-01 2.66071630e-01
4.10884622e-01 7.60001311e-02 2.76771881e-01 2.48661246e-01
4.12708485e-01 7.09884989e-02 2.78000436e-01 2.32263923e-01
4.14540445e-01 6.62710641e-02 2.79234443e-01 2.16829171e-01
4.16380536e-01 6.18330084e-02 2.80473929e-01 2.02308505e-01
4.18228795e-01 5.76600986e-02 2.81718916e-01 1.88655359e-01
4.20085258e-01 5.37386623e-02 2.82969430e-01 1.75824996e-01
4.21949962e-01 5.00555989e-02 2.84225494e-01 1.63774554e-01
4.23822943e-01 4.65983654e-02 2.85487134e-01 1.52462995e-01
4.25704238e-01 4.33549597e-02 2.86754375e-01 1.41851049e-01
4.27593884e-01 4.03139029e-02 2.88027240e-01 1.31901158e-01
4.29491917e-01 3.74642231e-02 2.89305755e-01 1.22577426e-01
4.31398376e-01 3.47954387e-02 2.90589946e-01 1.13845556e-01
4.33313297e-01 3.22975420e-02 2.91879837e-01 1.05672805e-01
4.35236719e-01 2.99609838e-02 2.93175454e-01 9.80279307e-02
4.37168678e-01 2.77766551e-02 2.94476821e-01 9.08811285e-02
4.39109213e-01 2.57358697e-02 2.95783966e-01 8.42039789e-02
4.41058361e-01 2.38303551e-02 2.97096912e-01 7.79694154e-02
4.43016162e-01 2.20522382e-02 2.98415687e-01 7.21516786e-02
4.44982653e-01 2.03940308e-02 2.99740315e-01 6.67262679e-02
4.46957873e-01 1.88486146e-02 3.01070824e-01 6.16698937e-02
4.48941861e-01 1.74092277e-02 3.02407238e-01 5.69604313e-02
4.50934656e-01 1.60694501e-02 3.03749584e-01 5.25768762e-02
4.52936296e-01 1.48231909e-02 3.05097889e-01 4.84992996e-02
4.54946821e-01 1.36646748e-02 3.06452179e-01 4.47088054e-02
4.56966271e-01 1.25884240e-02 3.07812480e-01 4.11874710e-02
4.58994685e-01 1.15892394e-02 3.09178820e-01 3.79182860e-02
4.61032103e-01 1.06622039e-02 3.10551224e-01 3.48851624e-02
4.63078564e-01 9.80267220e-03 3.11929721e-01 3.20729011e-02
4.65134110e-01 9.00625811e-03 3.13314336e-01 2.94671514e-02
4.67198780e-01 8.26882268e-03 3.14705098e-01 2.70543711e-02
4.69272614e-01 7.58646251e-03 3.16102033e-01 2.48217891e-02
4.71355655e-01 6.95549861e-03 3.17505169e-01 2.27573680e-02
4.73447941e-01 6.37246564e-03 3.18914533e-01 2.08497699e-02
4.75549515e-01 5.83410157e-03 3.20330153e-01 1.90883219e-02
4.77660417e-01 5.33733907e-03 3.21752057e-01 1.74629881e-02
4.79780690e-01 4.87929784e-03 3.23180273e-01 1.59643446e-02
4.81910374e-01 4.45727118e-03 3.24614828e-01 1.45835355e-02
4.84049511e-01 4.06871664e-03 3.26055751e-01 1.33122422e-02
4.86198144e-01 3.71124783e-03 3.27503070e-01 1.21426568e-02
4.88356315e-01 3.38262659e-03 3.28956813e-01 1.10674565e-02
4.90524065e-01 3.08075539e-03 3.30417010e-01 1.00797783e-02
4.92701437e-01 2.80367001e-03 3.31883688e-01 9.17319574e-03
4.94888475e-01 2.54953256e-03 3.33356877e-01 8.34169541e-03
4.97085220e-01 2.31662470e-03 3.34836604e-01 7.57965516e-03
4.99291717e-01 2.10334117e-03 3.36322901e-01 6.88182281e-03
5.01508008e-01 1.90818354e-03 3.37815794e-01 6.24329577e-03
5.03734137e-01 1.72975430e-03 3.39315315e-01 5.65950154e-03
5.05970147e-01 1.56675110e-03 3.40821491e-01 5.12617906e-03
5.08216083e-01 1.41796130e-03 3.42334353e-01 4.63936073e-03
5.10471988e-01 1.28225675e-03 3.43853931e-01 4.19535543e-03
5.12737907e-01 1.15858880e-03 3.45380254e-01 3.79073208e-03
5.15013884e-01 1.04598350e-03 3.46913352e-01 3.42230412e-03
5.17299963e-01 9.43537116e-04 3.48453255e-01 3.08711461e-03
5.19596191e-01 8.50411750e-04 3.49999994e-01 2.78242212e-03
