# ell  D_l_CLASS[muK2]  D_l_mlx[muK2]  residual_pct
     2  1.025544e+03  2.512657e+03  +0.0000
     3  9.707621e+02  3.674231e+03  +0.0000
     4  9.188057e+02  7.097945e+03  +0.0000
     5  8.798002e+02  1.544097e+04  +0.0000
     6  8.529453e+02  2.400493e+04  +0.0000
     7  8.357804e+02  2.852185e+04  +0.0000
     8  8.256582e+02  2.955868e+04  +0.0000
     9  8.208464e+02  2.907897e+04  +0.0000
    10  8.199420e+02  2.819345e+04  +0.0000
    11  8.220604e+02  2.726016e+04  +0.0000
    12  8.267913e+02  2.635516e+04  +0.0000
    13  8.332369e+02  2.548897e+04  +0.0000
    14  8.408156e+02  2.465976e+04  +0.0000
    15  8.497255e+02  2.386620e+04  +0.0000
    16  8.600199e+02  2.310440e+04  +0.0000
    17  8.707355e+02  2.237428e+04  +0.0000
    18  8.822169e+02  2.167165e+04  +0.0000
    19  8.945783e+02  2.099760e+04  +0.0000
    20  9.073059e+02  2.034730e+04  +0.0000
    21  9.205066e+02  1.972199e+04  +0.0000
    22  9.342382e+02  1.911816e+04  +0.0000
    23  9.484104e+02  1.853608e+04  +0.0000
    24  9.627608e+02  1.797358e+04  +0.0000
    25  9.774385e+02  1.743001e+04  +0.0000
    26  9.925817e+02  1.690471e+04  +0.0000
    27  1.008096e+03  1.639596e+04  +0.0000
    28  1.023755e+03  1.590426e+04  +0.0000
    29  1.039613e+03  1.542636e+04  +0.0000
    30  1.055731e+03  1.496503e+04  +0.0000
    31  1.072094e+03  1.451698e+04  +1254.0769
    32  1.088717e+03  1.408161e+04  +1193.4137
    33  1.105560e+03  1.365940e+04  +1135.5188
    34  1.122540e+03  1.324982e+04  +1080.3432
    35  1.139708e+03  1.285213e+04  +1027.6692
    36  1.157124e+03  1.246581e+04  +977.3092
    37  1.174809e+03  1.209045e+04  +929.1418
    38  1.192765e+03  1.172607e+04  +883.0998
    39  1.210951e+03  1.137265e+04  +839.1501
    40  1.229275e+03  1.102980e+04  +797.2610
    41  1.247630e+03  1.069708e+04  +757.3922
    42  1.266059e+03  1.037425e+04  +719.4126
    43  1.284639e+03  1.006118e+04  +683.1917
    44  1.303428e+03  9.757984e+03  +648.6399
    45  1.322471e+03  9.464802e+03  +615.6907
    46  1.341777e+03  9.181703e+03  +584.2940
    47  1.361333e+03  8.908510e+03  +554.3961
    48  1.381098e+03  8.644148e+03  +525.8897
    49  1.401005e+03  8.387552e+03  +498.6810
    50  1.420989e+03  8.138602e+03  +472.7421
    51  1.441072e+03  7.897656e+03  +448.0402
    52  1.461299e+03  7.666050e+03  +424.6052
    53  1.481707e+03  7.444639e+03  +402.4366
    54  1.502329e+03  7.231372e+03  +381.3442
    55  1.523186e+03  7.024085e+03  +361.1443
    56  1.544291e+03  6.823084e+03  +341.8263
    57  1.565646e+03  6.629477e+03  +323.4339
    58  1.587242e+03  6.445120e+03  +306.0577
    59  1.609060e+03  6.270973e+03  +289.7290
    60  1.631068e+03  6.103655e+03  +274.2122
    61  1.653236e+03  5.940617e+03  +259.3326
    62  1.675575e+03  5.786972e+03  +245.3723
    63  1.698102e+03  5.646768e+03  +232.5340
    64  1.720833e+03  5.512105e+03  +220.3160
    65  1.743779e+03  5.375532e+03  +208.2692
    66  1.766944e+03  5.243311e+03  +196.7447
    67  1.790330e+03  5.122504e+03  +186.1207
    68  1.813936e+03  5.009637e+03  +176.1750
    69  1.837771e+03  4.900018e+03  +166.6283
    70  1.861847e+03  4.794628e+03  +157.5200
    71  1.886168e+03  4.695672e+03  +148.9531
    72  1.910737e+03  4.604596e+03  +140.9853
    73  1.935555e+03  4.521807e+03  +133.6182
    74  1.960614e+03  4.444323e+03  +126.6802
    75  1.985906e+03  4.369282e+03  +120.0146
    76  2.011420e+03  4.297689e+03  +113.6644
    77  2.037162e+03  4.231048e+03  +107.6933
    78  2.063137e+03  4.169002e+03  +102.0710
    79  2.089351e+03  4.110672e+03  +96.7439
    80  2.115805e+03  4.054965e+03  +91.6511
    81  2.142499e+03  4.001556e+03  +86.7705
    82  2.169430e+03  3.953400e+03  +82.2322
    83  2.196591e+03  3.913117e+03  +78.1450
    84  2.223977e+03  3.878708e+03  +74.4042
    85  2.251590e+03  3.847311e+03  +70.8708
    86  2.279437e+03  3.817235e+03  +67.4639
    87  2.307520e+03  3.787611e+03  +64.1420
    88  2.335842e+03  3.759707e+03  +60.9573
    89  2.364401e+03  3.734808e+03  +57.9600
    90  2.393196e+03  3.712137e+03  +55.1121
    91  2.422224e+03  3.690868e+03  +52.3752
    92  2.451478e+03  3.672050e+03  +49.7892
    93  2.480953e+03  3.657090e+03  +47.4067
    94  2.510650e+03  3.646981e+03  +45.2604
    95  2.540570e+03  3.641511e+03  +43.3344
    96  2.570714e+03  3.636096e+03  +41.4430
    97  2.601081e+03  3.626605e+03  +39.4268
    98  2.631670e+03  3.615105e+03  +37.3692
    99  2.662476e+03  3.605012e+03  +35.4007
   100  2.693494e+03  3.598936e+03  +33.6159
   101  2.724719e+03  3.598422e+03  +32.0658
   102  2.756143e+03  3.601553e+03  +30.6737
   103  2.787756e+03  3.605548e+03  +29.3351
   104  2.819549e+03  3.607626e+03  +27.9504
   105  2.851520e+03  3.605901e+03  +26.4554
   106  2.883669e+03  3.602079e+03  +24.9131
   107  2.915992e+03  3.598760e+03  +23.4146
   108  2.948488e+03  3.598544e+03  +22.0471
   109  2.981153e+03  3.603121e+03  +20.8633
   110  3.013983e+03  3.610522e+03  +19.7924
   111  3.046972e+03  3.617869e+03  +18.7365
   112  3.080114e+03  3.622282e+03  +17.6022
   113  3.113402e+03  3.621857e+03  +16.3312
   114  3.146826e+03  3.618596e+03  +14.9919
   115  3.180378e+03  3.615476e+03  +13.6807
   116  3.214049e+03  3.615475e+03  +12.4897
   117  3.247833e+03  3.620561e+03  +11.4762
   118  3.281726e+03  3.628673e+03  +10.5721
   119  3.315723e+03  3.636740e+03  +9.6817
   120  3.349820e+03  3.641692e+03  +8.7131
   121  3.384009e+03  3.641421e+03  +7.6067
   122  3.418284e+03  3.637662e+03  +6.4178
   123  3.452637e+03  3.633111e+03  +5.2271
   124  3.487061e+03  3.630467e+03  +4.1125
   125  3.521545e+03  3.631657e+03  +3.1268
   126  3.556081e+03  3.635528e+03  +2.2341
   127  3.590656e+03  3.640160e+03  +1.3787
   128  3.625261e+03  3.643631e+03  +0.5067
   129  3.659884e+03  3.644438e+03  -0.4220
   130  3.694518e+03  3.642757e+03  -1.4010
   131  3.729157e+03  3.639181e+03  -2.4128
   132  3.763793e+03  3.634305e+03  -3.4404
   133  3.798421e+03  3.628753e+03  -4.4668
   134  3.833033e+03  3.623274e+03  -5.4724
   135  3.867619e+03  3.618646e+03  -6.4374
   136  3.902174e+03  3.615648e+03  -7.3427
   137  3.936686e+03  3.614707e+03  -8.1789
   138  3.971146e+03  3.614844e+03  -8.9723
   139  4.005546e+03  3.614726e+03  -9.7570
   140  4.039873e+03  3.613021e+03  -10.5660
   141  4.074118e+03  3.608783e+03  -11.4217
   142  4.108268e+03  3.602596e+03  -12.3086
   143  4.142311e+03  3.595429e+03  -13.2023
   144  4.176235e+03  3.588252e+03  -14.0793
   145  4.210033e+03  3.581893e+03  -14.9201
   146  4.243696e+03  3.576621e+03  -15.7192
   147  4.277217e+03  3.572563e+03  -16.4746
   148  4.310586e+03  3.569848e+03  -17.1842
   149  4.343797e+03  3.568417e+03  -17.8503
   150  4.376840e+03  3.567457e+03  -18.4924
   151  4.409705e+03  3.565972e+03  -19.1336
   152  4.442384e+03  3.562960e+03  -19.7962
   153  4.474866e+03  3.557740e+03  -20.4950
   154  4.507142e+03  3.550894e+03  -21.2163
   155  4.539201e+03  3.543320e+03  -21.9396
   156  4.571033e+03  3.535915e+03  -22.6452
   157  4.602627e+03  3.529504e+03  -23.3154
   158  4.633970e+03  3.524618e+03  -23.9396
   159  4.665052e+03  3.521713e+03  -24.5086
   160  4.695860e+03  3.521248e+03  -25.0138
   161  4.726383e+03  3.523406e+03  -25.4524
   162  4.756613e+03  3.527270e+03  -25.8449
   163  4.786540e+03  3.531652e+03  -26.2170
   164  4.816158e+03  3.535363e+03  -26.5937
   165  4.845459e+03  3.537458e+03  -26.9944
   166  4.874433e+03  3.537976e+03  -27.4177
   167  4.903074e+03  3.537201e+03  -27.8575
   168  4.931372e+03  3.535417e+03  -28.3076
   169  4.959319e+03  3.533062e+03  -28.7591
   170  4.986906e+03  3.531186e+03  -29.1909
   171  5.014124e+03  3.530994e+03  -29.5790
   172  5.040965e+03  3.533692e+03  -29.9005
   173  5.067419e+03  3.540100e+03  -30.1400
   174  5.093477e+03  3.549500e+03  -30.3128
   175  5.119129e+03  3.560790e+03  -30.4415
   176  5.144367e+03  3.572866e+03  -30.5480
   177  5.169179e+03  3.584827e+03  -30.6500
   178  5.193557e+03  3.596573e+03  -30.7493
   179  5.217490e+03  3.608203e+03  -30.8441
   180  5.240969e+03  3.619819e+03  -30.9323
   181  5.263987e+03  3.631484e+03  -31.0127
   182  5.286537e+03  3.643124e+03  -31.0868
   183  5.308613e+03  3.654627e+03  -31.1567
   184  5.330209e+03  3.665882e+03  -31.2244
   185  5.351318e+03  3.676890e+03  -31.2900
   186  5.371934e+03  3.688086e+03  -31.3453
   187  5.392051e+03  3.700019e+03  -31.3801
   188  5.411662e+03  3.713236e+03  -31.3846
   189  5.430762e+03  3.728232e+03  -31.3497
   190  5.449344e+03  3.745287e+03  -31.2709
   191  5.467401e+03  3.764628e+03  -31.1441
   192  5.484928e+03  3.786485e+03  -30.9656
   193  5.501918e+03  3.810884e+03  -30.7354
   194  5.518365e+03  3.837045e+03  -30.4677
   195  5.534263e+03  3.863991e+03  -30.1806
   196  5.549606e+03  3.890741e+03  -29.8916
   197  5.564387e+03  3.916608e+03  -29.6129
   198  5.578601e+03  3.942072e+03  -29.3358
   199  5.592241e+03  3.967902e+03  -29.0463
   200  5.605302e+03  3.994870e+03  -28.7305
   201  5.617778e+03  4.023442e+03  -28.3802
   202  5.629664e+03  4.052860e+03  -28.0088
   203  5.640958e+03  4.082062e+03  -27.6353
   204  5.651657e+03  4.109984e+03  -27.2782
   205  5.661757e+03  4.135933e+03  -26.9497
   206  5.671256e+03  4.160683e+03  -26.6356
   207  5.680150e+03  4.185378e+03  -26.3157
   208  5.688438e+03  4.211160e+03  -25.9698
   209  5.696117e+03  4.238856e+03  -25.5834
   210  5.703185e+03  4.268030e+03  -25.1641
   211  5.709639e+03  4.297928e+03  -24.7251
   212  5.715477e+03  4.327796e+03  -24.2794
   213  5.720698e+03  4.357151e+03  -23.8353
   214  5.725299e+03  4.386588e+03  -23.3824
   215  5.729279e+03  4.416969e+03  -22.9053
   216  5.732636e+03  4.449158e+03  -22.3890
   217  5.735370e+03  4.483706e+03  -21.8236
   218  5.737479e+03  4.519915e+03  -21.2212
   219  5.738961e+03  4.556771e+03  -20.5994
   220  5.739817e+03  4.593264e+03  -19.9754
   221  5.740045e+03  4.628685e+03  -19.3615
   222  5.739644e+03  4.663536e+03  -18.7487
   223  5.738615e+03  4.698622e+03  -18.1227
   224  5.736957e+03  4.734750e+03  -17.4693
   225  5.734671e+03  4.772483e+03  -16.7784
   226  5.731757e+03  4.811421e+03  -16.0568
   227  5.728217e+03  4.850924e+03  -15.3153
   228  5.724053e+03  4.890350e+03  -14.5649
   229  5.719266e+03  4.929180e+03  -13.8145
   230  5.713857e+03  4.967393e+03  -13.0641
   231  5.707829e+03  5.005087e+03  -12.3119
   232  5.701184e+03  5.042363e+03  -11.5559
   233  5.693924e+03  5.079328e+03  -10.7939
   234  5.686051e+03  5.116123e+03  -10.0233
   235  5.677570e+03  5.152896e+03  -9.2412
   236  5.668481e+03  5.189794e+03  -8.4447
   237  5.658790e+03  5.226866e+03  -7.6328
   238  5.648499e+03  5.263750e+03  -6.8115
   239  5.637612e+03  5.299987e+03  -5.9888
   240  5.626133e+03  5.335116e+03  -5.1726
   241  5.614066e+03  5.368869e+03  -4.3675
   242  5.601414e+03  5.401747e+03  -3.5646
   243  5.588184e+03  5.434445e+03  -2.7511
   244  5.574379e+03  5.467656e+03  -1.9145
   245  5.560005e+03  5.501805e+03  -1.0468
   246  5.545067e+03  5.536239e+03  -0.1592
   247  5.529570e+03  5.570036e+03  +0.7318
   248  5.513519e+03  5.602276e+03  +1.6098
   249  5.496922e+03  5.632365e+03  +2.4640
   250  5.479784e+03  5.661028e+03  +3.3075
   251  5.462110e+03  5.689320e+03  +4.1597
   252  5.443905e+03  5.718295e+03  +5.0403
   253  5.425177e+03  5.748653e+03  +5.9625
   254  5.405929e+03  5.779669e+03  +6.9135
   255  5.386168e+03  5.810263e+03  +7.8738
   256  5.365902e+03  5.839356e+03  +8.8234
   257  5.345135e+03  5.866175e+03  +9.7479
   258  5.323875e+03  5.891174e+03  +10.6558
   259  5.302128e+03  5.915115e+03  +11.5612
   260  5.279903e+03  5.938760e+03  +12.4786
   261  5.257205e+03  5.962708e+03  +13.4197
   262  5.234043e+03  5.986920e+03  +14.3842
   263  5.210425e+03  6.011192e+03  +15.3686
   264  5.186358e+03  6.035324e+03  +16.3692
   265  5.161851e+03  6.059068e+03  +17.3817
   266  5.136912e+03  6.081993e+03  +18.3979
   267  5.111550e+03  6.103624e+03  +19.4085
   268  5.085773e+03  6.123484e+03  +20.4042
   269  5.059592e+03  6.141307e+03  +21.3795
   270  5.033015e+03  6.157673e+03  +22.3456
   271  5.006051e+03  6.173372e+03  +23.3182
   272  4.978712e+03  6.189193e+03  +24.3131
   273  4.951006e+03  6.205663e+03  +25.3414
   274  4.922944e+03  6.222254e+03  +26.3929
   275  4.894537e+03  6.238179e+03  +27.4519
   276  4.865796e+03  6.252646e+03  +28.5020
   277  4.836731e+03  6.265045e+03  +29.5306
   278  4.807354e+03  6.275480e+03  +30.5392
   279  4.777676e+03  6.284234e+03  +31.5333
   280  4.747705e+03  6.291590e+03  +32.5185
   281  4.717450e+03  6.297847e+03  +33.5011
   282  4.686919e+03  6.303371e+03  +34.4886
   283  4.656121e+03  6.308542e+03  +35.4892
   284  4.625065e+03  6.313742e+03  +36.5114
   285  4.593759e+03  6.319137e+03  +37.5592
   286  4.562213e+03  6.324026e+03  +38.6175
   287  4.530435e+03  6.327494e+03  +39.6664
   288  4.498436e+03  6.328625e+03  +40.6850
   289  4.466223e+03  6.326823e+03  +41.6593
   290  4.433808e+03  6.322770e+03  +42.6036
   291  4.401200e+03  6.317467e+03  +43.5396
   292  4.368409e+03  6.311916e+03  +44.4900
   293  4.335444e+03  6.306930e+03  +45.4737
   294  4.302317e+03  6.302565e+03  +46.4923
   295  4.269038e+03  6.298689e+03  +47.5435
   296  4.235616e+03  6.295169e+03  +48.6246
   297  4.202063e+03  6.291821e+03  +49.7317
   298  4.168390e+03  6.288252e+03  +50.8557
   299  4.134608e+03  6.284018e+03  +51.9858
   300  4.100727e+03  6.278673e+03  +53.1112
   301  4.066760e+03  6.271950e+03  +54.2247
   302  4.032717e+03  6.264283e+03  +55.3365
   303  3.998611e+03  6.256284e+03  +56.4614
   304  3.964453e+03  6.248565e+03  +57.6148
   305  3.930255e+03  6.241634e+03  +58.8099
   306  3.896029e+03  6.235583e+03  +60.0497
   307  3.861788e+03  6.230401e+03  +61.3346
   308  3.827543e+03  6.226078e+03  +62.6651
   309  3.793308e+03  6.222431e+03  +64.0371
   310  3.759096e+03  6.218602e+03  +65.4281
   311  3.724919e+03  6.213557e+03  +66.8105
   312  3.690789e+03  6.206267e+03  +68.1556
   313  3.656716e+03  6.195925e+03  +69.4396
   314  3.622707e+03  6.182625e+03  +70.6632
   315  3.588770e+03  6.166688e+03  +71.8329
   316  3.554914e+03  6.148431e+03  +72.9559
   317  3.521146e+03  6.128156e+03  +74.0387
   318  3.487475e+03  6.106080e+03  +75.0860
   319  3.453909e+03  6.082403e+03  +76.1020
   320  3.420457e+03  6.057325e+03  +77.0911
   321  3.387125e+03  6.031011e+03  +78.0569
   322  3.353923e+03  6.003479e+03  +78.9987
   323  3.320859e+03  5.974717e+03  +79.9148
   324  3.287940e+03  5.944709e+03  +80.8034
   325  3.255176e+03  5.913531e+03  +81.6655
   326  3.222575e+03  5.881631e+03  +82.5134
   327  3.190145e+03  5.849544e+03  +83.3629
   328  3.157895e+03  5.817809e+03  +84.2306
   329  3.125832e+03  5.786960e+03  +85.1334
   330  3.093966e+03  5.757524e+03  +86.0888
   331  3.062305e+03  5.730026e+03  +87.1148
   332  3.030856e+03  5.704990e+03  +88.2303
   333  2.999630e+03  5.682745e+03  +89.4482
   334  2.968634e+03  5.662834e+03  +90.7555
   335  2.937877e+03  5.644604e+03  +92.1321
   336  2.907367e+03  5.627401e+03  +93.5566
   337  2.877113e+03  5.610473e+03  +95.0036
   338  2.847124e+03  5.592673e+03  +96.4324
   339  2.817408e+03  5.572754e+03  +97.7972
   340  2.787974e+03  5.549470e+03  +99.0503
   341  2.758831e+03  5.521817e+03  +100.1506
   342  2.729986e+03  5.489763e+03  +101.0912
   343  2.701450e+03  5.453520e+03  +101.8738
   344  2.673230e+03  5.413301e+03  +102.5004
   345  2.645335e+03  5.369508e+03  +102.9802
   346  2.617775e+03  5.323320e+03  +103.3529
   347  2.590557e+03  5.276108e+03  +103.6669
   348  2.563691e+03  5.229241e+03  +103.9731
   349  2.537185e+03  5.183994e+03  +104.3207
   350  2.511043e+03  5.141260e+03  +104.7460
   351  2.485270e+03  5.101839e+03  +105.2831
   352  2.459870e+03  5.066527e+03  +105.9673
   353  2.434846e+03  5.035821e+03  +106.8229
   354  2.410204e+03  5.009009e+03  +107.8251
   355  2.385945e+03  4.985080e+03  +108.9352
   356  2.362075e+03  4.963019e+03  +110.1127
   357  2.338596e+03  4.941710e+03  +111.3109
   358  2.315513e+03  4.919609e+03  +112.4630
   359  2.292828e+03  4.895069e+03  +113.4948
   360  2.270545e+03  4.866444e+03  +114.3293
   361  2.248667e+03  4.832460e+03  +114.9033
   362  2.227198e+03  4.793338e+03  +115.2183
   363  2.206139e+03  4.749675e+03  +115.2935
   364  2.185494e+03  4.702066e+03  +115.1489
   365  2.165266e+03  4.651350e+03  +114.8166
   366  2.145457e+03  4.599325e+03  +114.3751
   367  2.126070e+03  4.548033e+03  +113.9173
   368  2.107107e+03  4.499514e+03  +113.5399
   369  2.088571e+03  4.455491e+03  +113.3272
   370  2.070464e+03  4.416412e+03  +113.3054
   371  2.052787e+03  4.382408e+03  +113.4857
   372  2.035544e+03  4.353608e+03  +113.8794
   373  2.018735e+03  4.329739e+03  +114.4778
   374  2.002362e+03  4.308907e+03  +115.1912
   375  1.986428e+03  4.288818e+03  +115.9061
   376  1.970933e+03  4.267175e+03  +116.5053
   377  1.955879e+03  4.241919e+03  +116.8804
   378  1.941267e+03  4.211941e+03  +116.9687
   379  1.927098e+03  4.176372e+03  +116.7182
   380  1.913373e+03  4.134341e+03  +116.0760
   381  1.900094e+03  4.085638e+03  +115.0230
   382  1.887260e+03  4.032702e+03  +113.6803
   383  1.874873e+03  3.978634e+03  +112.2082
   384  1.862933e+03  3.926533e+03  +110.7716
   385  1.851439e+03  3.879099e+03  +109.5180
   386  1.840394e+03  3.837423e+03  +108.5110
   387  1.829796e+03  3.802198e+03  +107.7936
   388  1.819645e+03  3.774115e+03  +107.4094
   389  1.809941e+03  3.753199e+03  +107.3658
   390  1.800682e+03  3.736810e+03  +107.5220
   391  1.791867e+03  3.721646e+03  +107.6965
   392  1.783495e+03  3.704399e+03  +107.7045
   393  1.775564e+03  3.682253e+03  +107.3850
   394  1.768072e+03  3.654334e+03  +106.6847
   395  1.761017e+03  3.620258e+03  +105.5776
   396  1.754398e+03  3.579638e+03  +104.0380
   397  1.748212e+03  3.532810e+03  +102.0814
   398  1.742456e+03  3.482989e+03  +99.8896
   399  1.737129e+03  3.434108e+03  +97.6888
   400  1.732227e+03  3.390104e+03  +95.7079
   401  1.727747e+03  3.354068e+03  +94.1296
   402  1.723687e+03  3.325721e+03  +92.9423
   403  1.720042e+03  3.303942e+03  +92.0849
   404  1.716811e+03  3.287610e+03  +91.4952
   405  1.713988e+03  3.275160e+03  +91.0841
   406  1.711571e+03  3.263252e+03  +90.6583
   407  1.709555e+03  3.248107e+03  +89.9972
   408  1.707937e+03  3.225941e+03  +88.8794
   409  1.706711e+03  3.194141e+03  +87.1518
   410  1.705874e+03  3.154768e+03  +84.9356
   411  1.705420e+03  3.111051e+03  +82.4214
   412  1.705346e+03  3.066218e+03  +79.8004
   413  1.705645e+03  3.023408e+03  +77.2589
   414  1.706313e+03  2.985386e+03  +74.9612
   415  1.707344e+03  2.954828e+03  +73.0657
   416  1.708734e+03  2.934408e+03  +71.7300
   417  1.710474e+03  2.925419e+03  +71.0297
   418  1.712561e+03  2.923622e+03  +70.7164
   419  1.714988e+03  2.923399e+03  +70.4618
   420  1.717748e+03  2.919128e+03  +69.9392
   421  1.720835e+03  2.906312e+03  +68.8896
   422  1.724242e+03  2.884938e+03  +67.3162
   423  1.727963e+03  2.856114e+03  +65.2879
   424  1.731989e+03  2.820950e+03  +62.8734
   425  1.736314e+03  2.781246e+03  +60.1811
   426  1.740930e+03  2.741567e+03  +57.4771
   427  1.745831e+03  2.707167e+03  +55.0647
   428  1.751010e+03  2.683302e+03  +53.2431
   429  1.756464e+03  2.673397e+03  +52.2034
   430  1.762188e+03  2.673555e+03  +51.7179
   431  1.768177e+03  2.678045e+03  +51.4580
   432  1.774427e+03  2.681141e+03  +51.0990
   433  1.780932e+03  2.677975e+03  +50.3694
   434  1.787687e+03  2.667141e+03  +49.1951
   435  1.794686e+03  2.648093e+03  +47.5519
   436  1.801926e+03  2.620286e+03  +45.4159
   437  1.809399e+03  2.584423e+03  +42.8332
   438  1.817100e+03  2.546191e+03  +40.1239
   439  1.825023e+03  2.512527e+03  +37.6710
   440  1.833162e+03  2.490367e+03  +35.8509
   441  1.841511e+03  2.484410e+03  +34.9115
   442  1.850064e+03  2.490406e+03  +34.6119
   443  1.858814e+03  2.501873e+03  +34.5952
   444  1.867754e+03  2.512325e+03  +34.5105
   445  1.876877e+03  2.516277e+03  +34.0672
   446  1.886178e+03  2.512244e+03  +33.1923
   447  1.895648e+03  2.499740e+03  +31.8673
   448  1.905280e+03  2.478278e+03  +30.0742
   449  1.915067e+03  2.448709e+03  +27.8654
   450  1.925001e+03  2.417218e+03  +25.5697
   451  1.935075e+03  2.391326e+03  +23.5779
   452  1.945281e+03  2.378554e+03  +22.2730
   453  1.955611e+03  2.383788e+03  +21.8948
   454  1.966055e+03  2.401367e+03  +22.1414
   455  1.976607e+03  2.422994e+03  +22.5835
   456  1.987258e+03  2.440375e+03  +22.8011
   457  1.997998e+03  2.446919e+03  +22.4686
   458  2.008819e+03  2.442870e+03  +21.6073
   459  2.019712e+03  2.430179e+03  +20.3230
   460  2.030668e+03  2.410795e+03  +18.7193
   461  2.041678e+03  2.387412e+03  +16.9338
   462  2.052731e+03  2.365696e+03  +15.2463
   463  2.063819e+03  2.352055e+03  +13.9662
   464  2.074931e+03  2.352899e+03  +13.3965
   465  2.086057e+03  2.371813e+03  +13.6984
   466  2.097188e+03  2.401087e+03  +14.4908
   467  2.108320e+03  2.430188e+03  +15.2666
   468  2.119447e+03  2.448581e+03  +15.5293
   469  2.130566e+03  2.448721e+03  +14.9329
   470  2.141672e+03  2.435002e+03  +13.6963
   471  2.152761e+03  2.414807e+03  +12.1725
   472  2.163829e+03  2.395517e+03  +10.7073
   473  2.174871e+03  2.383426e+03  +9.5893
   474  2.185882e+03  2.380479e+03  +8.9024
   475  2.196858e+03  2.387532e+03  +8.6794
   476  2.207795e+03  2.405439e+03  +8.9521
   477  2.218686e+03  2.433417e+03  +9.6783
   478  2.229528e+03  2.464112e+03  +10.5217
   479  2.240316e+03  2.488530e+03  +11.0794
   480  2.251044e+03  2.497676e+03  +10.9563
   481  2.261708e+03  2.486107e+03  +9.9216
   482  2.272303e+03  2.462584e+03  +8.3739
   483  2.282822e+03  2.439419e+03  +6.8598
   484  2.293262e+03  2.428924e+03  +5.9157
   485  2.303616e+03  2.439807e+03  +5.9121
   486  2.313880e+03  2.466358e+03  +6.5897
   487  2.324047e+03  2.499260e+03  +7.5391
   488  2.334113e+03  2.529200e+03  +8.3581
   489  2.344071e+03  2.548740e+03  +8.7314
   490  2.353916e+03  2.557953e+03  +8.6680
   491  2.363642e+03  2.558788e+03  +8.2562
   492  2.373243e+03  2.553197e+03  +7.5826
   493  2.382714e+03  2.543698e+03  +6.7563
   494  2.392049e+03  2.535088e+03  +5.9798
   495  2.401240e+03  2.532730e+03  +5.4759
   496  2.410283e+03  2.541991e+03  +5.4644
   497  2.419170e+03  2.566222e+03  +6.0786
   498  2.427897e+03  2.600720e+03  +7.1182
   499  2.436455e+03  2.638772e+03  +8.3038
   500  2.444840e+03  2.673664e+03  +9.3595
   501  2.453043e+03  2.700048e+03  +10.0693
   502  2.461060e+03  2.718059e+03  +10.4426
   503  2.468882e+03  2.729198e+03  +10.5439
   504  2.476504e+03  2.734967e+03  +10.4366
   505  2.483919e+03  2.736866e+03  +10.1834
   506  2.491125e+03  2.736399e+03  +9.8459
   507  2.498122e+03  2.735067e+03  +9.4849
   508  2.504908e+03  2.734372e+03  +9.1606
   509  2.511482e+03  2.735524e+03  +8.9207
   510  2.517844e+03  2.738568e+03  +8.7664
   511  2.523992e+03  2.743258e+03  +8.6873
   512  2.529925e+03  2.749348e+03  +8.6731
   513  2.535642e+03  2.756593e+03  +8.7138
   514  2.541143e+03  2.764744e+03  +8.7993
   515  2.546426e+03  2.773558e+03  +8.9196
   516  2.551490e+03  2.782787e+03  +9.0651
   517  2.556335e+03  2.792241e+03  +9.2283
   518  2.560960e+03  2.801957e+03  +9.4104
   519  2.565363e+03  2.812025e+03  +9.6151
   520  2.569545e+03  2.822539e+03  +9.8459
   521  2.573503e+03  2.833590e+03  +10.1063
   522  2.577238e+03  2.845270e+03  +10.4000
   523  2.580748e+03  2.857671e+03  +10.7304
   524  2.584032e+03  2.870885e+03  +11.1010
   525  2.587090e+03  2.884969e+03  +11.5140
   526  2.589922e+03  2.899840e+03  +11.9663
   527  2.592525e+03  2.915379e+03  +12.4533
   528  2.594900e+03  2.931469e+03  +12.9704
   529  2.597046e+03  2.947991e+03  +13.5132
   530  2.598962e+03  2.964827e+03  +14.0773
   531  2.600647e+03  2.981858e+03  +14.6583
   532  2.602101e+03  2.998967e+03  +15.2518
   533  2.603323e+03  3.016049e+03  +15.8538
   534  2.604312e+03  3.033046e+03  +16.4624
   535  2.605068e+03  3.049916e+03  +17.0762
   536  2.605590e+03  3.066615e+03  +17.6937
   537  2.605878e+03  3.083101e+03  +18.3133
   538  2.605931e+03  3.099330e+03  +18.9337
   539  2.605748e+03  3.115258e+03  +19.5533
   540  2.605329e+03  3.130842e+03  +20.1707
   541  2.604673e+03  3.146040e+03  +20.7845
   542  2.603780e+03  3.160809e+03  +21.3931
   543  2.602649e+03  3.175107e+03  +21.9952
   544  2.601281e+03  3.188893e+03  +22.5893
   545  2.599677e+03  3.202124e+03  +23.1739
   546  2.597839e+03  3.214760e+03  +23.7475
   547  2.595770e+03  3.226758e+03  +24.3083
   548  2.593473e+03  3.238077e+03  +24.8548
   549  2.590950e+03  3.248686e+03  +25.3859
   550  2.588204e+03  3.258604e+03  +25.9021
   551  2.585238e+03  3.267861e+03  +26.4047
   552  2.582053e+03  3.276487e+03  +26.8946
   553  2.578654e+03  3.284512e+03  +27.3731
   554  2.575042e+03  3.291965e+03  +27.8412
   555  2.571222e+03  3.298878e+03  +28.3000
   556  2.567195e+03  3.305279e+03  +28.7506
   557  2.562965e+03  3.311195e+03  +29.1939
   558  2.558536e+03  3.316637e+03  +29.6303
   559  2.553909e+03  3.321612e+03  +30.0599
   560  2.549089e+03  3.326126e+03  +30.4829
   561  2.544079e+03  3.330186e+03  +30.8995
   562  2.538882e+03  3.333799e+03  +31.3097
   563  2.533502e+03  3.336972e+03  +31.7138
   564  2.527942e+03  3.339711e+03  +32.1118
   565  2.522206e+03  3.342026e+03  +32.5041
   566  2.516297e+03  3.343937e+03  +32.8912
   567  2.510219e+03  3.345466e+03  +33.2739
   568  2.503976e+03  3.346637e+03  +33.6529
   569  2.497572e+03  3.347472e+03  +34.0290
   570  2.491011e+03  3.347994e+03  +34.4030
   571  2.484296e+03  3.348225e+03  +34.7756
   572  2.477431e+03  3.348188e+03  +35.1476
   573  2.470422e+03  3.347904e+03  +35.5195
   574  2.463271e+03  3.347388e+03  +35.8920
   575  2.455983e+03  3.346653e+03  +36.2653
   576  2.448563e+03  3.345710e+03  +36.6397
   577  2.441015e+03  3.344574e+03  +37.0157
   578  2.433343e+03  3.343257e+03  +37.3936
   579  2.425552e+03  3.341771e+03  +37.7736
   580  2.417646e+03  3.340130e+03  +38.1563
   581  2.409631e+03  3.338343e+03  +38.5417
   582  2.401510e+03  3.336403e+03  +38.9294
   583  2.393288e+03  3.334303e+03  +39.3189
   584  2.384970e+03  3.332032e+03  +39.7096
   585  2.376559e+03  3.329581e+03  +40.1009
   586  2.368059e+03  3.326942e+03  +40.4924
   587  2.359474e+03  3.324104e+03  +40.8833
   588  2.350808e+03  3.321059e+03  +41.2731
   589  2.342066e+03  3.317799e+03  +41.6612
   590  2.333250e+03  3.314327e+03  +42.0476
   591  2.324366e+03  3.310645e+03  +42.4322
   592  2.315418e+03  3.306759e+03  +42.8147
   593  2.306410e+03  3.302671e+03  +43.1953
   594  2.297346e+03  3.298385e+03  +43.5737
   595  2.288231e+03  3.293907e+03  +43.9499
   596  2.279070e+03  3.289238e+03  +44.3237
   597  2.269866e+03  3.284379e+03  +44.6948
   598  2.260625e+03  3.279309e+03  +45.0621
   599  2.251350e+03  3.274003e+03  +45.4239
   600  2.242048e+03  3.268435e+03  +45.7790
   601  2.232722e+03  3.262581e+03  +46.1257
   602  2.223377e+03  3.256415e+03  +46.4625
   603  2.214019e+03  3.249912e+03  +46.7879
   604  2.204652e+03  3.243047e+03  +47.1001
   605  2.195282e+03  3.235798e+03  +47.3978
   606  2.185913e+03  3.228160e+03  +47.6802
   607  2.176550e+03  3.220132e+03  +47.9466
   608  2.167199e+03  3.211711e+03  +48.1964
   609  2.157865e+03  3.202895e+03  +48.4289
   610  2.148554e+03  3.193683e+03  +48.6434
   611  2.139270e+03  3.184073e+03  +48.8393
   612  2.130019e+03  3.174064e+03  +49.0157
   613  2.120807e+03  3.163661e+03  +49.1725
   614  2.111639e+03  3.152903e+03  +49.3107
   615  2.102522e+03  3.141840e+03  +49.4320
   616  2.093459e+03  3.130517e+03  +49.5380
   617  2.084459e+03  3.118982e+03  +49.6303
   618  2.075525e+03  3.107283e+03  +49.7107
   619  2.066665e+03  3.095467e+03  +49.7808
   620  2.057883e+03  3.083582e+03  +49.8424
   621  2.049187e+03  3.071667e+03  +49.8969
   622  2.040581e+03  3.059728e+03  +49.9439
   623  2.032069e+03  3.047762e+03  +49.9832
   624  2.023654e+03  3.035768e+03  +50.0142
   625  2.015337e+03  3.023744e+03  +50.0366
   626  2.007122e+03  3.011686e+03  +50.0500
   627  1.999011e+03  2.999594e+03  +50.0539
   628  1.991006e+03  2.987465e+03  +50.0480
   629  1.983112e+03  2.975292e+03  +50.0315
   630  1.975329e+03  2.963054e+03  +50.0031
   631  1.967661e+03  2.950727e+03  +49.9612
   632  1.960110e+03  2.938284e+03  +49.9040
   633  1.952680e+03  2.925700e+03  +49.8300
   634  1.945373e+03  2.912950e+03  +49.7374
   635  1.938191e+03  2.900009e+03  +49.6245
   636  1.931139e+03  2.886851e+03  +49.4896
   637  1.924217e+03  2.873454e+03  +49.3311
   638  1.917430e+03  2.859810e+03  +49.1481
   639  1.910780e+03  2.845912e+03  +48.9398
   640  1.904270e+03  2.831756e+03  +48.7056
   641  1.897903e+03  2.817334e+03  +48.4446
   642  1.891681e+03  2.802643e+03  +48.1562
   643  1.885608e+03  2.787676e+03  +47.8396
   644  1.879687e+03  2.772427e+03  +47.4940
   645  1.873921e+03  2.756905e+03  +47.1196
   646  1.868312e+03  2.741172e+03  +46.7192
   647  1.862864e+03  2.725305e+03  +46.2965
   648  1.857580e+03  2.709380e+03  +45.8553
   649  1.852462e+03  2.693472e+03  +45.3996
   650  1.847515e+03  2.677660e+03  +44.9331
   651  1.842740e+03  2.662018e+03  +44.4598
   652  1.838141e+03  2.646623e+03  +43.9836
   653  1.833722e+03  2.631532e+03  +43.5077
   654  1.829485e+03  2.616723e+03  +43.0306
   655  1.825433e+03  2.602155e+03  +42.5500
   656  1.821571e+03  2.587786e+03  +42.0634
   657  1.817900e+03  2.573576e+03  +41.5686
   658  1.814424e+03  2.559483e+03  +41.0631
   659  1.811147e+03  2.545466e+03  +40.5444
   660  1.808072e+03  2.531484e+03  +40.0101
   661  1.805202e+03  2.517497e+03  +39.4580
   662  1.802536e+03  2.503472e+03  +38.8862
   663  1.800074e+03  2.489377e+03  +38.2931
   664  1.797816e+03  2.475181e+03  +37.6771
   665  1.795763e+03  2.460851e+03  +37.0365
   666  1.793912e+03  2.446356e+03  +36.3699
   667  1.792264e+03  2.431665e+03  +35.6756
   668  1.790818e+03  2.416745e+03  +34.9520
   669  1.789574e+03  2.401586e+03  +34.1987
   670  1.788532e+03  2.386260e+03  +33.4201
   671  1.787690e+03  2.370860e+03  +32.6215
   672  1.787048e+03  2.355481e+03  +31.8085
   673  1.786605e+03  2.340215e+03  +30.9867
   674  1.786362e+03  2.325155e+03  +30.1615
   675  1.786317e+03  2.310395e+03  +29.3385
   676  1.786469e+03  2.296028e+03  +28.5232
   677  1.786819e+03  2.282119e+03  +27.7197
   678  1.787364e+03  2.268625e+03  +26.9257
   679  1.788105e+03  2.255471e+03  +26.1375
   680  1.789041e+03  2.242585e+03  +25.3512
   681  1.790171e+03  2.229895e+03  +24.5632
   682  1.791494e+03  2.217327e+03  +23.7698
   683  1.793009e+03  2.204810e+03  +22.9670
   684  1.794715e+03  2.192269e+03  +22.1514
   685  1.796612e+03  2.179645e+03  +21.3198
   686  1.798698e+03  2.166926e+03  +20.4719
   687  1.800973e+03  2.154113e+03  +19.6083
   688  1.803436e+03  2.141206e+03  +18.7292
   689  1.806086e+03  2.128205e+03  +17.8352
   690  1.808921e+03  2.115112e+03  +16.9268
   691  1.811940e+03  2.101927e+03  +16.0042
   692  1.815143e+03  2.088650e+03  +15.0681
   693  1.818529e+03  2.075296e+03  +14.1195
   694  1.822096e+03  2.061931e+03  +13.1626
   695  1.825843e+03  2.048635e+03  +12.2022
   696  1.829769e+03  2.035489e+03  +11.2430
   697  1.833872e+03  2.022572e+03  +10.2897
   698  1.838152e+03  2.009964e+03  +9.3470
   699  1.842608e+03  1.997746e+03  +8.4195
   700  1.847237e+03  1.985997e+03  +7.5118
   701  1.852037e+03  1.974770e+03  +6.6269
   702  1.857005e+03  1.964011e+03  +5.7623
   703  1.862139e+03  1.953634e+03  +4.9135
   704  1.867435e+03  1.943559e+03  +4.0764
   705  1.872890e+03  1.933700e+03  +3.2469
   706  1.878501e+03  1.923976e+03  +2.4208
   707  1.884265e+03  1.914303e+03  +1.5941
   708  1.890179e+03  1.904598e+03  +0.7629
   709  1.896240e+03  1.894809e+03  -0.0755
   710  1.902444e+03  1.885000e+03  -0.9169
   711  1.908787e+03  1.875269e+03  -1.7560
   712  1.915268e+03  1.865711e+03  -2.5875
   713  1.921882e+03  1.856423e+03  -3.4060
   714  1.928625e+03  1.847500e+03  -4.2063
   715  1.935495e+03  1.839040e+03  -4.9835
   716  1.942487e+03  1.831137e+03  -5.7324
   717  1.949599e+03  1.823865e+03  -6.4492
   718  1.956826e+03  1.817209e+03  -7.1349
   719  1.964165e+03  1.811129e+03  -7.7914
   720  1.971612e+03  1.805587e+03  -8.4208
   721  1.979163e+03  1.800543e+03  -9.0250
   722  1.986815e+03  1.795959e+03  -9.6061
   723  1.994563e+03  1.791797e+03  -10.1659
   724  2.002403e+03  1.788016e+03  -10.7065
   725  2.010332e+03  1.784584e+03  -11.2294
   726  2.018346e+03  1.781487e+03  -11.7353
   727  2.026440e+03  1.778716e+03  -12.2246
   728  2.034611e+03  1.776263e+03  -12.6977
   729  2.042853e+03  1.774119e+03  -13.1548
   730  2.051164e+03  1.772276e+03  -13.5966
   731  2.059538e+03  1.770725e+03  -14.0232
   732  2.067971e+03  1.769459e+03  -14.4350
   733  2.076459e+03  1.768468e+03  -14.8325
   734  2.084998e+03  1.767746e+03  -15.2160
   735  2.093583e+03  1.767287e+03  -15.5855
   736  2.102209e+03  1.767086e+03  -15.9415
   737  2.110872e+03  1.767137e+03  -16.2840
   738  2.119567e+03  1.767432e+03  -16.6135
   739  2.128290e+03  1.767967e+03  -16.9302
   740  2.137037e+03  1.768736e+03  -17.2342
   741  2.145804e+03  1.769723e+03  -17.5264
   742  2.154589e+03  1.770878e+03  -17.8090
   743  2.163387e+03  1.772142e+03  -18.0848
   744  2.172195e+03  1.773455e+03  -18.3565
   745  2.181009e+03  1.774759e+03  -18.6267
   746  2.189826e+03  1.775994e+03  -18.8979
   747  2.198641e+03  1.777100e+03  -19.1728
   748  2.207452e+03  1.778019e+03  -19.4538
   749  2.216254e+03  1.778714e+03  -19.7423
   750  2.225044e+03  1.779244e+03  -20.0356
   751  2.233818e+03  1.779689e+03  -20.3297
   752  2.242571e+03  1.780131e+03  -20.6210
   753  2.251300e+03  1.780652e+03  -20.9056
   754  2.260001e+03  1.781332e+03  -21.1800
   755  2.268669e+03  1.782252e+03  -21.4406
   756  2.277302e+03  1.783495e+03  -21.6838
   757  2.285894e+03  1.785123e+03  -21.9070
   758  2.294441e+03  1.787121e+03  -22.1108
   759  2.302940e+03  1.789458e+03  -22.2968
   760  2.311386e+03  1.792101e+03  -22.4664
   761  2.319775e+03  1.795017e+03  -22.6211
   762  2.328103e+03  1.798174e+03  -22.7622
   763  2.336364e+03  1.801539e+03  -22.8913
   764  2.344556e+03  1.805081e+03  -23.0097
   765  2.352672e+03  1.808786e+03  -23.1178
   766  2.360710e+03  1.812722e+03  -23.2129
   767  2.368664e+03  1.816977e+03  -23.2911
   768  2.376530e+03  1.821640e+03  -23.3488
   769  2.384304e+03  1.826797e+03  -23.3823
   770  2.391979e+03  1.832538e+03  -23.3882
   771  2.399553e+03  1.838951e+03  -23.3628
   772  2.407020e+03  1.846122e+03  -23.3026
   773  2.414376e+03  1.854102e+03  -23.2057
   774  2.421615e+03  1.862792e+03  -23.0765
   775  2.428734e+03  1.872053e+03  -22.9206
   776  2.435726e+03  1.881748e+03  -22.7438
   777  2.442587e+03  1.891739e+03  -22.5519
   778  2.449313e+03  1.901887e+03  -22.3502
   779  2.455901e+03  1.912055e+03  -22.1444
   780  2.462349e+03  1.922106e+03  -21.9402
   781  2.468656e+03  1.931923e+03  -21.7419
   782  2.474819e+03  1.941478e+03  -21.5507
   783  2.480837e+03  1.950767e+03  -21.3666
   784  2.486707e+03  1.959781e+03  -21.1897
   785  2.492428e+03  1.968517e+03  -21.0201
   786  2.497997e+03  1.976967e+03  -20.8579
   787  2.503413e+03  1.985127e+03  -20.7032
   788  2.508674e+03  1.992989e+03  -20.5561
   789  2.513777e+03  2.000550e+03  -20.4166
   790  2.518721e+03  2.007807e+03  -20.2847
   791  2.523504e+03  2.014762e+03  -20.1601
   792  2.528123e+03  2.021415e+03  -20.0429
   793  2.532577e+03  2.027765e+03  -19.9328
   794  2.536864e+03  2.033812e+03  -19.8296
   795  2.540980e+03  2.039558e+03  -19.7334
   796  2.544925e+03  2.045001e+03  -19.6440
   797  2.548697e+03  2.050161e+03  -19.5604
   798  2.552292e+03  2.055135e+03  -19.4789
   799  2.555710e+03  2.060037e+03  -19.3947
   800  2.558947e+03  2.064983e+03  -19.3034
   801  2.562002e+03  2.070088e+03  -19.2004
   802  2.564873e+03  2.075469e+03  -19.0810
   803  2.567557e+03  2.081239e+03  -18.9409
   804  2.570053e+03  2.087515e+03  -18.7754
   805  2.572358e+03  2.094390e+03  -18.5809
   806  2.574469e+03  2.101872e+03  -18.3571
   807  2.576385e+03  2.109948e+03  -18.1043
   808  2.578104e+03  2.118603e+03  -17.8232
   809  2.579623e+03  2.127824e+03  -17.5141
   810  2.580940e+03  2.137598e+03  -17.1776
   811  2.582053e+03  2.147910e+03  -16.8139
   812  2.582960e+03  2.158746e+03  -16.4235
   813  2.583657e+03  2.170072e+03  -16.0077
   814  2.584144e+03  2.181766e+03  -15.5710
   815  2.584417e+03  2.193683e+03  -15.1189
   816  2.584475e+03  2.205680e+03  -14.6565
   817  2.584315e+03  2.217614e+03  -14.1895
   818  2.583938e+03  2.229341e+03  -13.7231
   819  2.583345e+03  2.240716e+03  -13.2630
   820  2.582535e+03  2.251598e+03  -12.8144
   821  2.581511e+03  2.261857e+03  -12.3824
   822  2.580272e+03  2.271434e+03  -11.9692
   823  2.578820e+03  2.280284e+03  -11.5764
   824  2.577155e+03  2.288363e+03  -11.2059
   825  2.575278e+03  2.295625e+03  -10.8591
   826  2.573190e+03  2.302026e+03  -10.5380
   827  2.570892e+03  2.307522e+03  -10.2443
   828  2.568384e+03  2.312068e+03  -9.9797
   829  2.565668e+03  2.315658e+03  -9.7445
   830  2.562745e+03  2.318431e+03  -9.5333
   831  2.559615e+03  2.320568e+03  -9.3392
   832  2.556279e+03  2.322247e+03  -9.1552
   833  2.552739e+03  2.323647e+03  -8.9744
   834  2.548995e+03  2.324946e+03  -8.7897
   835  2.545049e+03  2.326323e+03  -8.5942
   836  2.540901e+03  2.327958e+03  -8.3806
   837  2.536552e+03  2.330008e+03  -8.1427
   838  2.532004e+03  2.332553e+03  -7.8772
   839  2.527257e+03  2.335652e+03  -7.5815
   840  2.522313e+03  2.339365e+03  -7.2532
   841  2.517173e+03  2.343749e+03  -6.8896
   842  2.511837e+03  2.348865e+03  -6.4882
   843  2.506308e+03  2.354772e+03  -6.0462
   844  2.500586e+03  2.361529e+03  -5.5610
   845  2.494673e+03  2.369145e+03  -5.0318
   846  2.488569e+03  2.377436e+03  -4.4658
   847  2.482276e+03  2.386166e+03  -3.8718
   848  2.475796e+03  2.395103e+03  -3.2593
   849  2.469129e+03  2.404010e+03  -2.6373
   850  2.462276e+03  2.412654e+03  -2.0153
   851  2.455240e+03  2.420801e+03  -1.4027
   852  2.448021e+03  2.428215e+03  -0.8091
   853  2.440621e+03  2.434693e+03  -0.2429
   854  2.433041e+03  2.440158e+03  +0.2925
   855  2.425283e+03  2.444559e+03  +0.7948
   856  2.417348e+03  2.447850e+03  +1.2618
   857  2.409239e+03  2.449982e+03  +1.6911
   858  2.400958e+03  2.450908e+03  +2.0804
   859  2.392508e+03  2.450579e+03  +2.4272
   860  2.383892e+03  2.448947e+03  +2.7289
   861  2.375113e+03  2.446019e+03  +2.9854
   862  2.366173e+03  2.442021e+03  +3.2055
   863  2.357077e+03  2.437231e+03  +3.4006
   864  2.347825e+03  2.431929e+03  +3.5822
   865  2.338422e+03  2.426395e+03  +3.7621
   866  2.328870e+03  2.420909e+03  +3.9521
   867  2.319173e+03  2.415750e+03  +4.1643
   868  2.309333e+03  2.411198e+03  +4.4110
   869  2.299354e+03  2.407484e+03  +4.7026
   870  2.289238e+03  2.404642e+03  +5.0412
   871  2.278989e+03  2.402659e+03  +5.4265
   872  2.268610e+03  2.401520e+03  +5.8586
   873  2.258105e+03  2.401211e+03  +6.3375
   874  2.247476e+03  2.401719e+03  +6.8630
   875  2.236726e+03  2.403029e+03  +7.4351
   876  2.225860e+03  2.405127e+03  +8.0539
   877  2.214880e+03  2.407948e+03  +8.7169
   878  2.203789e+03  2.411221e+03  +9.4125
   879  2.192592e+03  2.414626e+03  +10.1265
   880  2.181292e+03  2.417839e+03  +10.8444
   881  2.169892e+03  2.420541e+03  +11.5512
   882  2.158395e+03  2.422408e+03  +12.2319
   883  2.146806e+03  2.423120e+03  +12.8709
   884  2.135128e+03  2.422355e+03  +13.4525
   885  2.123364e+03  2.419871e+03  +13.9640
   886  2.111518e+03  2.415748e+03  +14.4081
   887  2.099594e+03  2.410144e+03  +14.7910
   888  2.087596e+03  2.403219e+03  +15.1190
   889  2.075527e+03  2.395133e+03  +15.3988
   890  2.063391e+03  2.386043e+03  +15.6370
   891  2.051192e+03  2.376110e+03  +15.8405
   892  2.038934e+03  2.365493e+03  +16.0162
   893  2.026620e+03  2.354372e+03  +16.1723
   894  2.014256e+03  2.343017e+03  +16.3217
   895  2.001844e+03  2.331715e+03  +16.4784
   896  1.989387e+03  2.320758e+03  +16.6569
   897  1.976890e+03  2.310435e+03  +16.8722
   898  1.964354e+03  2.301036e+03  +17.1396
   899  1.951783e+03  2.292851e+03  +17.4747
   900  1.939180e+03  2.286170e+03  +17.8936
   901  1.926548e+03  2.281173e+03  +18.4072
   902  1.913891e+03  2.277603e+03  +19.0038
   903  1.901211e+03  2.275096e+03  +19.6656
   904  1.888512e+03  2.273285e+03  +20.3744
   905  1.875797e+03  2.271805e+03  +21.1114
   906  1.863070e+03  2.270291e+03  +21.8575
   907  1.850333e+03  2.268376e+03  +22.5928
   908  1.837590e+03  2.265695e+03  +23.2971
   909  1.824844e+03  2.261935e+03  +23.9522
   910  1.812099e+03  2.256996e+03  +24.5514
   911  1.799359e+03  2.250830e+03  +25.0907
   912  1.786626e+03  2.243390e+03  +25.5658
   913  1.773904e+03  2.234628e+03  +25.9723
   914  1.761197e+03  2.224496e+03  +26.3059
   915  1.748507e+03  2.212947e+03  +26.5620
   916  1.735840e+03  2.199932e+03  +26.7359
   917  1.723198e+03  2.185486e+03  +26.8273
   918  1.710585e+03  2.169959e+03  +26.8548
   919  1.698005e+03  2.153785e+03  +26.8421
   920  1.685460e+03  2.137397e+03  +26.8138
   921  1.672956e+03  2.121226e+03  +26.7951
   922  1.660496e+03  2.105706e+03  +26.8119
   923  1.648083e+03  2.091270e+03  +26.8910
   924  1.635721e+03  2.078349e+03  +27.0601
   925  1.623415e+03  2.067255e+03  +27.3399
   926  1.611168e+03  2.057819e+03  +27.7222
   927  1.598983e+03  2.049748e+03  +28.1907
   928  1.586865e+03  2.042751e+03  +28.7287
   929  1.574818e+03  2.036536e+03  +29.3188
   930  1.562846e+03  2.030812e+03  +29.9432
   931  1.550952e+03  2.025288e+03  +30.5835
   932  1.539141e+03  2.019672e+03  +31.2207
   933  1.527417e+03  2.013692e+03  +31.8364
   934  1.515784e+03  2.007161e+03  +32.4174
   935  1.504242e+03  1.999909e+03  +32.9513
   936  1.492796e+03  1.991770e+03  +33.4255
   937  1.481445e+03  1.982573e+03  +33.8270
   938  1.470191e+03  1.972151e+03  +34.1425
   939  1.459037e+03  1.960337e+03  +34.3582
   940  1.447984e+03  1.946960e+03  +34.4600
   941  1.437034e+03  1.931956e+03  +34.4406
   942  1.426188e+03  1.915668e+03  +34.3209
   943  1.415448e+03  1.898541e+03  +34.1301
   944  1.404816e+03  1.881022e+03  +33.8981
   945  1.394294e+03  1.863554e+03  +33.6558
   946  1.383883e+03  1.846585e+03  +33.4350
   947  1.373585e+03  1.830559e+03  +33.2687
   948  1.363403e+03  1.815923e+03  +33.1905
   949  1.353337e+03  1.803002e+03  +33.2264
   950  1.343389e+03  1.791648e+03  +33.3677
   951  1.333562e+03  1.781591e+03  +33.5964
   952  1.323857e+03  1.772562e+03  +33.8937
   953  1.314276e+03  1.764293e+03  +34.2406
   954  1.304821e+03  1.756514e+03  +34.6172
   955  1.295494e+03  1.748958e+03  +35.0032
   956  1.286296e+03  1.741354e+03  +35.3775
   957  1.277229e+03  1.733462e+03  +35.7206
   958  1.268295e+03  1.725146e+03  +36.0209
   959  1.259497e+03  1.716298e+03  +36.2685
   960  1.250836e+03  1.706810e+03  +36.4535
   961  1.242313e+03  1.696572e+03  +36.5656
   962  1.233932e+03  1.685478e+03  +36.5941
   963  1.225693e+03  1.673419e+03  +36.5284
   964  1.217598e+03  1.660286e+03  +36.3574
   965  1.209651e+03  1.646051e+03  +36.0766
   966  1.201851e+03  1.631002e+03  +35.7074
   967  1.194203e+03  1.615506e+03  +35.2790
   968  1.186706e+03  1.599931e+03  +34.8212
   969  1.179364e+03  1.584646e+03  +34.3644
   970  1.172179e+03  1.570017e+03  +33.9400
   971  1.165152e+03  1.556412e+03  +33.5802
   972  1.158285e+03  1.544199e+03  +33.3177
   973  1.151580e+03  1.533628e+03  +33.1760
   974  1.145037e+03  1.524484e+03  +33.1384
   975  1.138656e+03  1.516433e+03  +33.1775
   976  1.132435e+03  1.509142e+03  +33.2652
   977  1.126376e+03  1.502278e+03  +33.3727
   978  1.120477e+03  1.495508e+03  +33.4706
   979  1.114738e+03  1.488498e+03  +33.5290
   980  1.109158e+03  1.480915e+03  +33.5171
   981  1.103737e+03  1.472497e+03  +33.4102
   982  1.098474e+03  1.463259e+03  +33.2083
   983  1.093370e+03  1.453288e+03  +32.9182
   984  1.088422e+03  1.442669e+03  +32.5468
   985  1.083632e+03  1.431489e+03  +32.1010
   986  1.078999e+03  1.419834e+03  +31.5881
   987  1.074521e+03  1.407790e+03  +31.0156
   988  1.070198e+03  1.395443e+03  +30.3911
   989  1.066030e+03  1.382901e+03  +29.7244
   990  1.062017e+03  1.370357e+03  +29.0334
   991  1.058157e+03  1.358023e+03  +28.3386
   992  1.054450e+03  1.346116e+03  +27.6604
   993  1.050896e+03  1.334848e+03  +27.0200
   994  1.047494e+03  1.324434e+03  +26.4384
   995  1.044242e+03  1.315088e+03  +25.9371
   996  1.041142e+03  1.307024e+03  +25.5376
   997  1.038191e+03  1.300363e+03  +25.2527
   998  1.035390e+03  1.294851e+03  +25.0592
   999  1.032738e+03  1.290141e+03  +24.9243
  1000  1.030233e+03  1.285885e+03  +24.8150
  1001  1.027876e+03  1.281738e+03  +24.6978
  1002  1.025665e+03  1.277352e+03  +24.5389
  1003  1.023600e+03  1.272380e+03  +24.3043
  1004  1.021681e+03  1.266474e+03  +23.9599
  1005  1.019906e+03  1.259394e+03  +23.4814
  1006  1.018274e+03  1.251317e+03  +22.8860
  1007  1.016786e+03  1.242527e+03  +22.2014
  1008  1.015440e+03  1.233307e+03  +21.4555
  1009  1.014235e+03  1.223943e+03  +20.6765
  1010  1.013171e+03  1.214716e+03  +19.8926
  1011  1.012246e+03  1.205911e+03  +19.1322
  1012  1.011461e+03  1.197812e+03  +18.4239
  1013  1.010812e+03  1.190634e+03  +17.7898
  1014  1.010299e+03  1.184323e+03  +17.2250
  1015  1.009919e+03  1.178759e+03  +16.7182
  1016  1.009671e+03  1.173821e+03  +16.2577
  1017  1.009551e+03  1.169385e+03  +15.8322
  1018  1.009559e+03  1.165332e+03  +15.4298
  1019  1.009692e+03  1.161540e+03  +15.0390
  1020  1.009949e+03  1.157888e+03  +14.6482
  1021  1.010326e+03  1.154263e+03  +14.2466
  1022  1.010823e+03  1.150589e+03  +13.8270
  1023  1.011436e+03  1.146800e+03  +13.3834
  1024  1.012164e+03  1.142828e+03  +12.9094
  1025  1.013005e+03  1.138607e+03  +12.3990
  1026  1.013956e+03  1.134070e+03  +11.8461
  1027  1.015015e+03  1.129149e+03  +11.2446
  1028  1.016180e+03  1.123778e+03  +10.5885
  1029  1.017449e+03  1.117943e+03  +9.8770
  1030  1.018820e+03  1.111836e+03  +9.1298
  1031  1.020290e+03  1.105704e+03  +8.3715
  1032  1.021856e+03  1.099791e+03  +7.6268
  1033  1.023518e+03  1.094345e+03  +6.9200
  1034  1.025271e+03  1.089610e+03  +6.2753
  1035  1.027115e+03  1.085833e+03  +5.7168
  1036  1.029046e+03  1.083259e+03  +5.2683
  1037  1.031062e+03  1.082037e+03  +4.9439
  1038  1.033160e+03  1.081931e+03  +4.7205
  1039  1.035339e+03  1.082608e+03  +4.5655
  1040  1.037596e+03  1.083734e+03  +4.4467
  1041  1.039928e+03  1.084978e+03  +4.3321
  1042  1.042332e+03  1.086006e+03  +4.1900
  1043  1.044807e+03  1.086485e+03  +3.9891
  1044  1.047349e+03  1.086082e+03  +3.6982
  1045  1.049956e+03  1.084570e+03  +3.2967
  1046  1.052626e+03  1.082143e+03  +2.8042
  1047  1.055356e+03  1.079102e+03  +2.2501
  1048  1.058142e+03  1.075747e+03  +1.6638
  1049  1.060983e+03  1.072379e+03  +1.0741
  1050  1.063876e+03  1.069297e+03  +0.5095
  1051  1.066818e+03  1.066802e+03  -0.0016
  1052  1.069807e+03  1.065193e+03  -0.4313
  1053  1.072841e+03  1.064691e+03  -0.7597
  1054  1.075917e+03  1.065182e+03  -0.9978
  1055  1.079034e+03  1.066476e+03  -1.1639
  1056  1.082189e+03  1.068378e+03  -1.2763
  1057  1.085381e+03  1.070696e+03  -1.3529
  1058  1.088606e+03  1.073238e+03  -1.4117
  1059  1.091862e+03  1.075810e+03  -1.4702
  1060  1.095148e+03  1.078220e+03  -1.5458
  1061  1.098461e+03  1.080306e+03  -1.6527
  1062  1.101799e+03  1.082038e+03  -1.7935
  1063  1.105159e+03  1.083414e+03  -1.9676
  1064  1.108539e+03  1.084434e+03  -2.1744
  1065  1.111936e+03  1.085100e+03  -2.4135
  1066  1.115349e+03  1.085409e+03  -2.6844
  1067  1.118775e+03  1.085363e+03  -2.9865
  1068  1.122212e+03  1.084961e+03  -3.3194
  1069  1.125657e+03  1.084237e+03  -3.6796
  1070  1.129107e+03  1.083358e+03  -4.0518
  1071  1.132560e+03  1.082525e+03  -4.4179
  1072  1.136014e+03  1.081938e+03  -4.7602
  1073  1.139467e+03  1.081799e+03  -5.0610
  1074  1.142915e+03  1.082307e+03  -5.3029
  1075  1.146356e+03  1.083665e+03  -5.4687
  1076  1.149787e+03  1.086072e+03  -5.5415
  1077  1.153207e+03  1.089639e+03  -5.5123
  1078  1.156612e+03  1.094112e+03  -5.4037
  1079  1.160000e+03  1.099147e+03  -5.2459
  1080  1.163368e+03  1.104399e+03  -5.0688
  1081  1.166713e+03  1.109524e+03  -4.9017
  1082  1.170033e+03  1.114177e+03  -4.7739
  1083  1.173326e+03  1.118015e+03  -4.7140
  1084  1.176587e+03  1.120692e+03  -4.7507
  1085  1.179816e+03  1.121986e+03  -4.9016
  1086  1.183008e+03  1.122162e+03  -5.1434
  1087  1.186162e+03  1.121607e+03  -5.4424
  1088  1.189274e+03  1.120707e+03  -5.7654
  1089  1.192341e+03  1.119850e+03  -6.0798
  1090  1.195362e+03  1.119421e+03  -6.3529
  1091  1.198334e+03  1.119809e+03  -6.5529
  1092  1.201257e+03  1.121399e+03  -6.6479
  1093  1.204129e+03  1.124458e+03  -6.6164
  1094  1.206949e+03  1.128777e+03  -6.4768
  1095  1.209717e+03  1.134025e+03  -6.2570
  1096  1.212430e+03  1.139872e+03  -5.9846
  1097  1.215089e+03  1.145987e+03  -5.6870
  1098  1.217691e+03  1.152041e+03  -5.3913
  1099  1.220235e+03  1.157703e+03  -5.1246
  1100  1.222721e+03  1.162643e+03  -4.9134
  1101  1.225147e+03  1.166615e+03  -4.7775
  1102  1.227512e+03  1.169706e+03  -4.7093
  1103  1.229815e+03  1.172085e+03  -4.6942
  1104  1.232055e+03  1.173923e+03  -4.7182
  1105  1.234230e+03  1.175391e+03  -4.7672
  1106  1.236339e+03  1.176660e+03  -4.8271
  1107  1.238381e+03  1.177898e+03  -4.8840
  1108  1.240355e+03  1.179277e+03  -4.9242
  1109  1.242259e+03  1.180943e+03  -4.9358
  1110  1.244093e+03  1.182941e+03  -4.9153
  1111  1.245854e+03  1.185294e+03  -4.8609
  1112  1.247543e+03  1.188024e+03  -4.7709
  1113  1.249156e+03  1.191150e+03  -4.6436
  1114  1.250695e+03  1.194696e+03  -4.4774
  1115  1.252156e+03  1.198684e+03  -4.2704
  1116  1.253539e+03  1.203133e+03  -4.0211
  1117  1.254842e+03  1.208027e+03  -3.7308
  1118  1.256064e+03  1.213184e+03  -3.4139
  1119  1.257205e+03  1.218384e+03  -3.0879
  1120  1.258262e+03  1.223405e+03  -2.7702
  1121  1.259233e+03  1.228027e+03  -2.4782
  1122  1.260119e+03  1.232030e+03  -2.2291
  1123  1.260918e+03  1.235192e+03  -2.0403
  1124  1.261627e+03  1.237292e+03  -1.9289
  1125  1.262247e+03  1.238207e+03  -1.9045
  1126  1.262775e+03  1.238199e+03  -1.9462
  1127  1.263210e+03  1.237628e+03  -2.0251
  1128  1.263551e+03  1.236854e+03  -2.1128
  1129  1.263797e+03  1.236237e+03  -2.1807
  1130  1.263947e+03  1.236136e+03  -2.2003
  1131  1.264003e+03  1.236911e+03  -2.1433
  1132  1.263964e+03  1.238922e+03  -1.9813
  1133  1.263832e+03  1.242397e+03  -1.6960
  1134  1.263605e+03  1.247038e+03  -1.3111
  1135  1.263285e+03  1.252416e+03  -0.8604
  1136  1.262872e+03  1.258102e+03  -0.3777
  1137  1.262367e+03  1.263666e+03  +0.1030
  1138  1.261769e+03  1.268681e+03  +0.5478
  1139  1.261080e+03  1.272715e+03  +0.9226
  1140  1.260299e+03  1.275341e+03  +1.1935
  1141  1.259428e+03  1.276268e+03  +1.3371
  1142  1.258466e+03  1.275766e+03  +1.3747
  1143  1.257414e+03  1.274241e+03  +1.3382
  1144  1.256272e+03  1.272102e+03  +1.2601
  1145  1.255041e+03  1.269757e+03  +1.1726
  1146  1.253722e+03  1.267615e+03  +1.1081
  1147  1.252314e+03  1.266082e+03  +1.0994
  1148  1.250818e+03  1.265567e+03  +1.1792
  1149  1.249235e+03  1.266358e+03  +1.3707
  1150  1.247564e+03  1.268257e+03  +1.6586
  1151  1.245808e+03  1.270947e+03  +2.0179
  1152  1.243965e+03  1.274111e+03  +2.4234
  1153  1.242037e+03  1.277431e+03  +2.8496
  1154  1.240024e+03  1.280589e+03  +3.2713
  1155  1.237927e+03  1.283269e+03  +3.6627
  1156  1.235745e+03  1.285152e+03  +3.9981
  1157  1.233480e+03  1.286003e+03  +4.2581
  1158  1.231132e+03  1.285912e+03  +4.4496
  1159  1.228701e+03  1.285054e+03  +4.5864
  1160  1.226189e+03  1.283601e+03  +4.6822
  1161  1.223595e+03  1.281725e+03  +4.7508
  1162  1.220920e+03  1.279600e+03  +4.8062
  1163  1.218164e+03  1.277398e+03  +4.8626
  1164  1.215329e+03  1.275293e+03  +4.9340
  1165  1.212414e+03  1.273428e+03  +5.0324
  1166  1.209421e+03  1.271828e+03  +5.1600
  1167  1.206350e+03  1.270489e+03  +5.3168
  1168  1.203201e+03  1.269406e+03  +5.5024
  1169  1.199976e+03  1.268577e+03  +5.7169
  1170  1.196676e+03  1.267996e+03  +5.9599
  1171  1.193302e+03  1.267659e+03  +6.2312
  1172  1.189857e+03  1.267563e+03  +6.5307
  1173  1.186341e+03  1.267677e+03  +6.8561
  1174  1.182755e+03  1.267868e+03  +7.1962
  1175  1.179103e+03  1.267977e+03  +7.5375
  1176  1.175383e+03  1.267846e+03  +7.8666
  1177  1.171599e+03  1.267314e+03  +8.1695
  1178  1.167752e+03  1.266223e+03  +8.4325
  1179  1.163843e+03  1.264414e+03  +8.6413
  1180  1.159874e+03  1.261728e+03  +8.7815
  1181  1.155846e+03  1.258083e+03  +8.8453
  1182  1.151760e+03  1.253707e+03  +8.8513
  1183  1.147619e+03  1.248903e+03  +8.8255
  1184  1.143424e+03  1.243975e+03  +8.7938
  1185  1.139177e+03  1.239229e+03  +8.7829
  1186  1.134878e+03  1.234968e+03  +8.8194
  1187  1.130530e+03  1.231497e+03  +8.9309
  1188  1.126134e+03  1.229119e+03  +9.1450
  1189  1.121692e+03  1.228019e+03  +9.4792
  1190  1.117205e+03  1.227898e+03  +9.9080
  1191  1.112675e+03  1.228336e+03  +10.3948
  1192  1.108104e+03  1.228913e+03  +10.9023
  1193  1.103494e+03  1.229211e+03  +11.3926
  1194  1.098845e+03  1.228809e+03  +11.8273
  1195  1.094161e+03  1.227287e+03  +12.1670
  1196  1.089441e+03  1.224227e+03  +12.3720
  1197  1.084689e+03  1.219363e+03  +12.4159
  1198  1.079906e+03  1.213042e+03  +12.3285
  1199  1.075093e+03  1.205768e+03  +12.1548
  1200  1.070252e+03  1.198043e+03  +11.9402
  1201  1.065386e+03  1.190369e+03  +11.7313
  1202  1.060495e+03  1.183248e+03  +11.5751
  1203  1.055582e+03  1.177184e+03  +11.5198
  1204  1.050649e+03  1.172677e+03  +11.6146
  1205  1.045696e+03  1.170055e+03  +11.8925
  1206  1.040727e+03  1.168943e+03  +12.3198
  1207  1.035742e+03  1.168787e+03  +12.8454
  1208  1.030744e+03  1.169037e+03  +13.4168
  1209  1.025733e+03  1.169141e+03  +13.9810
  1210  1.020712e+03  1.168548e+03  +14.4836
  1211  1.015682e+03  1.166705e+03  +14.8692
  1212  1.010643e+03  1.163061e+03  +15.0813
  1213  1.005598e+03  1.157253e+03  +15.0811
  1214  1.000549e+03  1.149674e+03  +14.9044
  1215  9.954955e+02  1.140904e+03  +14.6067
  1216  9.904406e+02  1.131526e+03  +14.2447
  1217  9.853855e+02  1.122119e+03  +13.8761
  1218  9.803316e+02  1.113264e+03  +13.5600
  1219  9.752805e+02  1.105544e+03  +13.3565
  1220  9.702338e+02  1.099539e+03  +13.3272
  1221  9.651929e+02  1.095637e+03  +13.5149
  1222  9.601596e+02  1.093456e+03  +13.8827
  1223  9.551354e+02  1.092419e+03  +14.3732
  1224  9.501218e+02  1.091951e+03  +14.9275
  1225  9.451206e+02  1.091476e+03  +15.4854
  1226  9.401333e+02  1.090419e+03  +15.9855
  1227  9.351615e+02  1.088202e+03  +16.3652
  1228  9.302068e+02  1.084251e+03  +16.5602
  1229  9.252710e+02  1.078180e+03  +16.5258
  1230  9.203557e+02  1.070359e+03  +16.2984
  1231  9.154626e+02  1.061349e+03  +15.9358
  1232  9.105933e+02  1.051712e+03  +15.4975
  1233  9.057495e+02  1.042008e+03  +15.0438
  1234  9.009329e+02  1.032799e+03  +14.6366
  1235  8.961452e+02  1.024645e+03  +14.3392
  1236  8.913882e+02  1.018107e+03  +14.2159
  1237  8.866635e+02  1.013562e+03  +14.3119
  1238  8.819730e+02  1.010655e+03  +14.5902
  1239  8.773183e+02  1.008845e+03  +14.9919
  1240  8.727012e+02  1.007593e+03  +15.4568
  1241  8.681235e+02  1.006359e+03  +15.9235
  1242  8.635870e+02  1.004603e+03  +16.3291
  1243  8.590934e+02  1.001786e+03  +16.6097
  1244  8.546446e+02  9.973677e+02  +16.6997
  1245  8.502424e+02  9.909861e+02  +16.5534
  1246  8.458883e+02  9.829895e+02  +16.2080
  1247  8.415833e+02  9.739038e+02  +15.7228
  1248  8.373280e+02  9.642550e+02  +15.1586
  1249  8.331230e+02  9.545688e+02  +14.5772
  1250  8.289691e+02  9.453714e+02  +14.0418
  1251  8.248668e+02  9.371884e+02  +13.6169
  1252  8.208168e+02  9.305459e+02  +13.3683
  1253  8.168198e+02  9.257996e+02  +13.3420
  1254  8.128765e+02  9.226246e+02  +13.5012
  1255  8.089876e+02  9.205260e+02  +13.7874
  1256  8.051536e+02  9.190086e+02  +14.1408
  1257  8.013754e+02  9.175775e+02  +14.5003
  1258  7.976535e+02  9.157376e+02  +14.8039
  1259  7.939888e+02  9.129939e+02  +14.9883
  1260  7.903817e+02  9.088515e+02  +14.9889
  1261  7.868331e+02  9.029746e+02  +14.7606
  1262  7.833437e+02  8.956657e+02  +14.3388
  1263  7.799141e+02  8.873865e+02  +13.7800
  1264  7.765450e+02  8.785989e+02  +13.1420
  1265  7.732371e+02  8.697645e+02  +12.4835
  1266  7.699912e+02  8.613453e+02  +11.8643
  1267  7.668079e+02  8.538030e+02  +11.3451
  1268  7.636880e+02  8.475993e+02  +10.9876
  1269  7.606322e+02  8.430490e+02  +10.8353
  1270  7.576411e+02  8.398791e+02  +10.8545
  1271  7.547156e+02  8.376691e+02  +10.9914
  1272  7.518563e+02  8.359989e+02  +11.1913
  1273  7.490639e+02  8.344483e+02  +11.3988
  1274  7.463392e+02  8.325971e+02  +11.5575
  1275  7.436829e+02  8.300250e+02  +11.6101
  1276  7.410958e+02  8.263118e+02  +11.4986
  1277  7.385785e+02  8.211708e+02  +11.1826
  1278  7.361319e+02  8.148490e+02  +10.6933
  1279  7.337566e+02  8.077273e+02  +10.0811
  1280  7.314535e+02  8.001860e+02  +9.3967
  1281  7.292232e+02  7.926060e+02  +8.6918
  1282  7.270665e+02  7.853678e+02  +8.0187
  1283  7.249842e+02  7.788520e+02  +7.4302
  1284  7.229769e+02  7.734392e+02  +6.9798
  1285  7.210454e+02  7.693919e+02  +6.7051
  1286  7.191894e+02  7.664999e+02  +6.5783
  1287  7.174083e+02  7.644345e+02  +6.5550
  1288  7.157019e+02  7.628675e+02  +6.5901
  1289  7.140698e+02  7.614703e+02  +6.6381
  1290  7.125113e+02  7.599143e+02  +6.6529
  1291  7.110262e+02  7.578713e+02  +6.5884
  1292  7.096140e+02  7.550127e+02  +6.3977
  1293  7.082742e+02  7.511112e+02  +6.0481
  1294  7.070065e+02  7.463448e+02  +5.5641
  1295  7.058103e+02  7.409925e+02  +4.9847
  1296  7.046851e+02  7.353332e+02  +4.3492
  1297  7.036306e+02  7.296462e+02  +3.6973
  1298  7.026462e+02  7.242105e+02  +3.0690
  1299  7.017315e+02  7.193051e+02  +2.5043
  1300  7.008860e+02  7.152091e+02  +2.0436
  1301  7.001093e+02  7.121152e+02  +1.7149
  1302  6.994008e+02  7.098709e+02  +1.4970
  1303  6.987600e+02  7.082373e+02  +1.3563
  1304  6.981865e+02  7.069756e+02  +1.2588
  1305  6.976798e+02  7.058468e+02  +1.1706
  1306  6.972393e+02  7.046121e+02  +1.0574
  1307  6.968645e+02  7.030325e+02  +0.8851
  1308  6.965550e+02  7.008693e+02  +0.6194
  1309  6.963102e+02  6.979582e+02  +0.2367
  1310  6.961297e+02  6.944341e+02  -0.2436
  1311  6.960127e+02  6.905065e+02  -0.7911
  1312  6.959590e+02  6.863849e+02  -1.3757
  1313  6.959678e+02  6.822789e+02  -1.9669
  1314  6.960387e+02  6.783979e+02  -2.5345
  1315  6.961712e+02  6.749516e+02  -3.0480
  1316  6.963646e+02  6.721494e+02  -3.4774
  1317  6.966184e+02  6.701372e+02  -3.8014
  1318  6.969321e+02  6.688059e+02  -4.0357
  1319  6.973051e+02  6.679828e+02  -4.2051
  1320  6.977368e+02  6.674952e+02  -4.3342
  1321  6.982267e+02  6.671704e+02  -4.4479
  1322  6.987742e+02  6.668355e+02  -4.5707
  1323  6.993786e+02  6.663179e+02  -4.7272
  1324  7.000394e+02  6.654449e+02  -4.9418
  1325  7.007556e+02  6.640924e+02  -5.2319
  1326  7.015259e+02  6.623317e+02  -5.5870
  1327  7.023493e+02  6.602827e+02  -5.9894
  1328  7.032246e+02  6.580653e+02  -6.4217
  1329  7.041508e+02  6.557995e+02  -6.8666
  1330  7.051266e+02  6.536053e+02  -7.3067
  1331  7.061509e+02  6.516025e+02  -7.7247
  1332  7.072226e+02  6.499113e+02  -8.1037
  1333  7.083405e+02  6.486218e+02  -8.4308
  1334  7.095034e+02  6.477063e+02  -8.7099
  1335  7.107101e+02  6.471074e+02  -8.9492
  1336  7.119595e+02  6.467675e+02  -9.1567
  1337  7.132503e+02  6.466293e+02  -9.3405
  1338  7.145813e+02  6.466353e+02  -9.5085
  1339  7.159513e+02  6.467280e+02  -9.6687
  1340  7.173591e+02  6.468501e+02  -9.8290
  1341  7.188035e+02  6.469525e+02  -9.9959
  1342  7.202832e+02  6.470197e+02  -10.1715
  1343  7.217970e+02  6.470444e+02  -10.3565
  1344  7.233436e+02  6.470197e+02  -10.5515
  1345  7.249217e+02  6.469384e+02  -10.7575
  1346  7.265301e+02  6.467934e+02  -10.9750
  1347  7.281675e+02  6.465775e+02  -11.2048
  1348  7.298326e+02  6.462835e+02  -11.4477
  1349  7.315241e+02  6.459150e+02  -11.7028
  1350  7.332407e+02  6.455172e+02  -11.9638
  1351  7.349811e+02  6.451461e+02  -12.2228
  1352  7.367439e+02  6.448575e+02  -12.4720
  1353  7.385279e+02  6.447072e+02  -12.7037
  1354  7.403317e+02  6.447512e+02  -12.9105
  1355  7.421539e+02  6.450454e+02  -13.0847
  1356  7.439933e+02  6.456456e+02  -13.2189
  1357  7.458484e+02  6.465823e+02  -13.3091
  1358  7.477178e+02  6.477851e+02  -13.3650
  1359  7.496002e+02  6.491579e+02  -13.3995
  1360  7.514942e+02  6.506049e+02  -13.4252
  1361  7.533984e+02  6.520301e+02  -13.4548
  1362  7.553114e+02  6.533377e+02  -13.5009
  1363  7.572319e+02  6.544318e+02  -13.5758
  1364  7.591586e+02  6.552164e+02  -13.6918
  1365  7.610905e+02  6.556335e+02  -13.8560
  1366  7.630266e+02  6.557765e+02  -14.0559
  1367  7.649656e+02  6.557767e+02  -14.2737
  1368  7.669066e+02  6.557652e+02  -14.4922
  1369  7.688484e+02  6.558734e+02  -14.6940
  1370  7.707898e+02  6.562325e+02  -14.8623
  1371  7.727298e+02  6.569738e+02  -14.9801
  1372  7.746671e+02  6.582285e+02  -15.0308
  1373  7.766008e+02  6.600764e+02  -15.0044
  1374  7.785296e+02  6.623918e+02  -14.9176
  1375  7.804523e+02  6.649974e+02  -14.7933
  1376  7.823678e+02  6.677159e+02  -14.6545
  1377  7.842750e+02  6.703702e+02  -14.5236
  1378  7.861727e+02  6.727830e+02  -14.4230
  1379  7.880596e+02  6.747770e+02  -14.3749
  1380  7.899347e+02  6.761750e+02  -14.4011
  1381  7.917967e+02  6.768643e+02  -14.5154
  1382  7.936443e+02  6.769898e+02  -14.6986
  1383  7.954765e+02  6.767610e+02  -14.9238
  1384  7.972920e+02  6.763872e+02  -15.1644
  1385  7.990895e+02  6.760780e+02  -15.3940
  1386  8.008679e+02  6.760427e+02  -15.5862
  1387  8.026259e+02  6.764907e+02  -15.7153
  1388  8.043623e+02  6.776315e+02  -15.7554
  1389  8.060758e+02  6.796016e+02  -15.6901
  1390  8.077652e+02  6.822454e+02  -15.5391
  1391  8.094292e+02  6.853342e+02  -15.3312
  1392  8.110665e+02  6.886395e+02  -15.0946
  1393  8.126759e+02  6.919327e+02  -14.8575
  1394  8.142561e+02  6.949853e+02  -14.6478
  1395  8.158058e+02  6.975686e+02  -14.4933
  1396  8.173237e+02  6.994541e+02  -14.4214
  1397  8.188086e+02  7.004894e+02  -14.4502
  1398  8.202590e+02  7.008263e+02  -14.5604
  1399  8.216737e+02  7.006929e+02  -14.7237
  1400  8.230514e+02  7.003171e+02  -14.9121
  1401  8.243908e+02  6.999270e+02  -15.0977
  1402  8.256906e+02  6.997506e+02  -15.2527
  1403  8.269502e+02  7.000160e+02  -15.3497
  1404  8.281692e+02  7.009511e+02  -15.3614
  1405  8.293472e+02  7.027086e+02  -15.2697
  1406  8.304836e+02  7.051394e+02  -15.0929
  1407  8.315780e+02  7.080189e+02  -14.8584
  1408  8.326299e+02  7.111228e+02  -14.5932
  1409  8.336389e+02  7.142265e+02  -14.3242
  1410  8.346045e+02  7.171055e+02  -14.0784
  1411  8.355262e+02  7.195354e+02  -13.8824
  1412  8.364035e+02  7.212916e+02  -13.7627
  1413  8.372360e+02  7.222223e+02  -13.7373
  1414  8.380232e+02  7.224653e+02  -13.7893
  1415  8.387646e+02  7.222314e+02  -13.8934
  1416  8.394596e+02  7.217310e+02  -14.0243
  1417  8.401080e+02  7.211747e+02  -14.1569
  1418  8.407090e+02  7.207731e+02  -14.2660
  1419  8.412623e+02  7.207367e+02  -14.3268
  1420  8.417674e+02  7.212761e+02  -14.3141
  1421  8.422238e+02  7.225380e+02  -14.2107
  1422  8.426309e+02  7.244145e+02  -14.0294
  1423  8.429883e+02  7.267338e+02  -13.7908
  1424  8.432955e+02  7.293242e+02  -13.5150
  1425  8.435520e+02  7.320137e+02  -13.2225
  1426  8.437573e+02  7.346307e+02  -12.9334
  1427  8.439108e+02  7.370035e+02  -12.6681
  1428  8.440121e+02  7.389601e+02  -12.4467
  1429  8.440607e+02  7.403732e+02  -12.2844
  1430  8.440560e+02  7.412927e+02  -12.1749
  1431  8.439976e+02  7.418126e+02  -12.1073
  1432  8.438849e+02  7.420271e+02  -12.0701
  1433  8.437174e+02  7.420304e+02  -12.0523
  1434  8.434946e+02  7.419166e+02  -12.0425
  1435  8.432160e+02  7.417799e+02  -12.0297
  1436  8.428811e+02  7.417145e+02  -12.0025
  1437  8.424892e+02  7.417980e+02  -11.9516
  1438  8.420400e+02  7.420427e+02  -11.8756
  1439  8.415328e+02  7.424440e+02  -11.7748
  1440  8.409672e+02  7.429978e+02  -11.6496
  1441  8.403428e+02  7.436997e+02  -11.5004
  1442  8.396597e+02  7.445454e+02  -11.3277
  1443  8.389183e+02  7.455306e+02  -11.1319
  1444  8.381189e+02  7.466508e+02  -10.9135
  1445  8.372619e+02  7.478858e+02  -10.6748
  1446  8.363476e+02  7.491504e+02  -10.4260
  1447  8.353763e+02  7.503435e+02  -10.1790
  1448  8.343485e+02  7.513640e+02  -9.9460
  1449  8.332645e+02  7.521107e+02  -9.7393
  1450  8.321246e+02  7.524825e+02  -9.5709
  1451  8.309292e+02  7.523783e+02  -9.4534
  1452  8.296786e+02  7.516968e+02  -9.3990
  1453  8.283732e+02  7.503883e+02  -9.4142
  1454  8.270135e+02  7.486083e+02  -9.4805
  1455  8.255997e+02  7.465636e+02  -9.5732
  1456  8.241322e+02  7.444611e+02  -9.6673
  1457  8.226115e+02  7.425075e+02  -9.7378
  1458  8.210378e+02  7.409098e+02  -9.7594
  1459  8.194116e+02  7.398748e+02  -9.7066
  1460  8.177333e+02  7.396092e+02  -9.5537
  1461  8.160032e+02  7.402374e+02  -9.2850
  1462  8.142218e+02  7.415531e+02  -8.9249
  1463  8.123894e+02  7.432674e+02  -8.5085
  1464  8.105065e+02  7.450915e+02  -8.0709
  1465  8.085734e+02  7.467366e+02  -7.6476
  1466  8.065905e+02  7.479137e+02  -7.2747
  1467  8.045583e+02  7.483341e+02  -6.9882
  1468  8.024771e+02  7.477089e+02  -6.8249
  1469  8.003475e+02  7.458516e+02  -6.8090
  1470  7.981697e+02  7.429846e+02  -6.9140
  1471  7.959442e+02  7.394329e+02  -7.0999
  1472  7.936714e+02  7.355214e+02  -7.3267
  1473  7.913518e+02  7.315748e+02  -7.5538
  1474  7.889858e+02  7.279182e+02  -7.7400
  1475  7.865738e+02  7.248762e+02  -7.8438
  1476  7.841163e+02  7.227739e+02  -7.8231
  1477  7.816136e+02  7.218323e+02  -7.6484
  1478  7.790663e+02  7.218582e+02  -7.3432
  1479  7.764747e+02  7.225544e+02  -6.9443
  1480  7.738395e+02  7.236239e+02  -6.4891
  1481  7.711612e+02  7.247696e+02  -6.0158
  1482  7.684409e+02  7.256945e+02  -5.5627
  1483  7.656793e+02  7.261016e+02  -5.1690
  1484  7.628773e+02  7.256937e+02  -4.8741
  1485  7.600357e+02  7.242606e+02  -4.7070
  1486  7.571554e+02  7.219392e+02  -4.6511
  1487  7.542374e+02  7.189530e+02  -4.6782
  1488  7.512823e+02  7.155257e+02  -4.7594
  1489  7.482912e+02  7.118809e+02  -4.8658
  1490  7.452649e+02  7.082422e+02  -4.9677
  1491  7.422043e+02  7.048333e+02  -5.0351
  1492  7.391102e+02  7.018777e+02  -5.0375
  1493  7.359837e+02  6.995378e+02  -4.9520
  1494  7.328255e+02  6.977302e+02  -4.7890
  1495  7.296366e+02  6.963106e+02  -4.5675
  1496  7.264180e+02  6.951343e+02  -4.3066
  1497  7.231704e+02  6.940568e+02  -4.0258
  1498  7.198950e+02  6.929336e+02  -3.7452
  1499  7.165925e+02  6.916202e+02  -3.4849
  1500  7.132639e+02  6.899719e+02  -3.2656
  1501  7.099101e+02  6.878797e+02  -3.1033
  1502  7.065322e+02  6.853766e+02  -2.9943
  1503  7.031310e+02  6.825310e+02  -2.9298
  1504  6.997075e+02  6.794113e+02  -2.9007
  1505  6.962627e+02  6.760859e+02  -2.8979
  1506  6.927976e+02  6.726233e+02  -2.9120
  1507  6.893130e+02  6.690919e+02  -2.9335
  1508  6.858100e+02  6.655600e+02  -2.9527
  1509  6.822896e+02  6.620962e+02  -2.9597
  1510  6.787528e+02  6.587689e+02  -2.9442
  1511  6.752005e+02  6.556463e+02  -2.8960
  1512  6.716337e+02  6.527971e+02  -2.8046
  1513  6.680535e+02  6.502687e+02  -2.6622
  1514  6.644609e+02  6.480249e+02  -2.4736
  1515  6.608569e+02  6.460086e+02  -2.2468
  1516  6.572424e+02  6.441627e+02  -1.9901
  1517  6.536186e+02  6.424300e+02  -1.7118
  1518  6.499864e+02  6.407536e+02  -1.4205
  1519  6.463469e+02  6.390762e+02  -1.1249
  1520  6.427009e+02  6.373409e+02  -0.8340
  1521  6.390493e+02  6.354904e+02  -0.5569
  1522  6.353928e+02  6.334677e+02  -0.3030
  1523  6.317322e+02  6.312156e+02  -0.0818
  1524  6.280686e+02  6.286771e+02  +0.0969
  1525  6.244025e+02  6.258121e+02  +0.2257
  1526  6.207350e+02  6.226483e+02  +0.3082
  1527  6.170668e+02  6.192305e+02  +0.3506
  1528  6.133989e+02  6.156034e+02  +0.3594
  1529  6.097319e+02  6.118119e+02  +0.3411
  1530  6.060669e+02  6.079007e+02  +0.3026
  1531  6.024047e+02  6.039146e+02  +0.2506
  1532  5.987462e+02  5.998983e+02  +0.1924
  1533  5.950921e+02  5.958966e+02  +0.1352
  1534  5.914435e+02  5.919542e+02  +0.0864
  1535  5.878012e+02  5.881161e+02  +0.0536
  1536  5.841660e+02  5.844268e+02  +0.0446
  1537  5.805389e+02  5.809209e+02  +0.0658
  1538  5.769207e+02  5.775914e+02  +0.1162
  1539  5.733124e+02  5.744210e+02  +0.1934
  1540  5.697149e+02  5.713926e+02  +0.2945
  1541  5.661290e+02  5.684887e+02  +0.4168
  1542  5.625557e+02  5.656923e+02  +0.5576
  1543  5.589959e+02  5.629859e+02  +0.7138
  1544  5.554506e+02  5.603524e+02  +0.8825
  1545  5.519205e+02  5.577745e+02  +1.0606
  1546  5.484068e+02  5.552349e+02  +1.2451
  1547  5.449103e+02  5.527163e+02  +1.4325
  1548  5.414319e+02  5.502015e+02  +1.6197
  1549  5.379727e+02  5.476742e+02  +1.8033
  1550  5.345335e+02  5.451214e+02  +1.9808
  1551  5.311152e+02  5.425313e+02  +2.1494
  1552  5.277190e+02  5.398918e+02  +2.3067
  1553  5.243457e+02  5.371912e+02  +2.4498
  1554  5.209962e+02  5.344174e+02  +2.5761
  1555  5.176716e+02  5.315584e+02  +2.6826
  1556  5.143729e+02  5.286024e+02  +2.7664
  1557  5.111009e+02  5.255375e+02  +2.8246
  1558  5.078567e+02  5.223516e+02  +2.8541
  1559  5.046407e+02  5.190328e+02  +2.8520
  1560  5.014531e+02  5.155692e+02  +2.8150
  1561  4.982945e+02  5.119564e+02  +2.7417
  1562  4.951652e+02  5.082205e+02  +2.6365
  1563  4.920656e+02  5.043949e+02  +2.5056
  1564  4.889960e+02  5.005132e+02  +2.3553
  1565  4.859568e+02  4.966090e+02  +2.1920
  1566  4.829484e+02  4.927157e+02  +2.0224
  1567  4.799712e+02  4.888671e+02  +1.8534
  1568  4.770255e+02  4.850966e+02  +1.6920
  1569  4.741118e+02  4.814377e+02  +1.5452
  1570  4.712304e+02  4.779240e+02  +1.4205
  1571  4.683818e+02  4.745892e+02  +1.3253
  1572  4.655662e+02  4.714666e+02  +1.2674
  1573  4.627841e+02  4.685795e+02  +1.2523
  1574  4.600359e+02  4.659092e+02  +1.2767
  1575  4.573220e+02  4.634266e+02  +1.3349
  1576  4.546428e+02  4.611026e+02  +1.4209
  1577  4.519986e+02  4.589081e+02  +1.5287
  1578  4.493899e+02  4.568140e+02  +1.6521
  1579  4.468170e+02  4.547913e+02  +1.7847
  1580  4.442804e+02  4.528107e+02  +1.9200
  1581  4.417804e+02  4.508434e+02  +2.0515
  1582  4.393175e+02  4.488600e+02  +2.1721
  1583  4.368921e+02  4.468317e+02  +2.2751
  1584  4.345045e+02  4.447292e+02  +2.3532
  1585  4.321552e+02  4.425302e+02  +2.4007
  1586  4.298446e+02  4.402390e+02  +2.4182
  1587  4.275731e+02  4.378668e+02  +2.4075
  1588  4.253411e+02  4.354247e+02  +2.3707
  1589  4.231490e+02  4.329238e+02  +2.3100
  1590  4.209972e+02  4.303752e+02  +2.2276
  1591  4.188861e+02  4.277900e+02  +2.1256
  1592  4.168163e+02  4.251793e+02  +2.0064
  1593  4.147880e+02  4.225541e+02  +1.8723
  1594  4.128017e+02  4.199257e+02  +1.7258
  1595  4.108578e+02  4.173050e+02  +1.5692
  1596  4.089567e+02  4.147033e+02  +1.4052
  1597  4.070988e+02  4.121312e+02  +1.2362
  1598  4.052840e+02  4.095987e+02  +1.0646
  1599  4.035120e+02  4.071152e+02  +0.8929
  1600  4.017827e+02  4.046901e+02  +0.7236
  1601  4.000959e+02  4.023330e+02  +0.5591
  1602  3.984514e+02  4.000533e+02  +0.4020
  1603  3.968489e+02  3.978606e+02  +0.2549
  1604  3.952883e+02  3.957643e+02  +0.1204
  1605  3.937693e+02  3.937740e+02  +0.0012
  1606  3.922918e+02  3.918990e+02  -0.1001
  1607  3.908555e+02  3.901490e+02  -0.1808
  1608  3.894602e+02  3.885333e+02  -0.2380
  1609  3.881057e+02  3.870559e+02  -0.2705
  1610  3.867918e+02  3.856979e+02  -0.2828
  1611  3.855183e+02  3.844350e+02  -0.2810
  1612  3.842850e+02  3.832428e+02  -0.2712
  1613  3.830916e+02  3.820969e+02  -0.2596
  1614  3.819379e+02  3.809729e+02  -0.2527
  1615  3.808237e+02  3.798463e+02  -0.2566
  1616  3.797487e+02  3.786928e+02  -0.2781
  1617  3.787128e+02  3.774879e+02  -0.3234
  1618  3.777157e+02  3.762074e+02  -0.3993
  1619  3.767572e+02  3.748267e+02  -0.5124
  1620  3.758370e+02  3.733214e+02  -0.6693
  1621  3.749549e+02  3.716768e+02  -0.8743
  1622  3.741108e+02  3.699165e+02  -1.1211
  1623  3.733042e+02  3.680736e+02  -1.4012
  1624  3.725351e+02  3.661812e+02  -1.7056
  1625  3.718031e+02  3.642726e+02  -2.0254
  1626  3.711080e+02  3.623810e+02  -2.3516
  1627  3.704496e+02  3.605395e+02  -2.6752
  1628  3.698276e+02  3.587812e+02  -2.9869
  1629  3.692418e+02  3.571394e+02  -3.2776
  1630  3.686919e+02  3.556473e+02  -3.5381
  1631  3.681777e+02  3.543380e+02  -3.7590
  1632  3.676990e+02  3.532446e+02  -3.9310
  1633  3.672554e+02  3.523887e+02  -4.0481
  1634  3.668467e+02  3.517445e+02  -4.1167
  1635  3.664726e+02  3.512749e+02  -4.1470
  1636  3.661329e+02  3.509423e+02  -4.1489
  1637  3.658271e+02  3.507096e+02  -4.1324
  1638  3.655545e+02  3.505393e+02  -4.1075
  1639  3.653147e+02  3.503941e+02  -4.0843
  1640  3.651070e+02  3.502366e+02  -4.0729
  1641  3.649310e+02  3.500295e+02  -4.0834
  1642  3.647859e+02  3.497355e+02  -4.1258
  1643  3.646713e+02  3.493171e+02  -4.2104
  1644  3.645866e+02  3.487372e+02  -4.3472
  1645  3.645312e+02  3.479712e+02  -4.5428
  1646  3.645045e+02  3.470461e+02  -4.7896
  1647  3.645060e+02  3.460020e+02  -5.0765
  1648  3.645350e+02  3.448787e+02  -5.3922
  1649  3.645910e+02  3.437163e+02  -5.7255
  1650  3.646733e+02  3.425548e+02  -6.0653
  1651  3.647814e+02  3.414339e+02  -6.4004
  1652  3.649146e+02  3.403938e+02  -6.7196
  1653  3.650724e+02  3.394744e+02  -7.0118
  1654  3.652542e+02  3.387156e+02  -7.2658
  1655  3.654593e+02  3.381574e+02  -7.4706
  1656  3.656871e+02  3.378398e+02  -7.6151
  1657  3.659370e+02  3.377886e+02  -7.6922
  1658  3.662085e+02  3.379732e+02  -7.7102
  1659  3.665008e+02  3.383492e+02  -7.6812
  1660  3.668133e+02  3.388719e+02  -7.6173
  1661  3.671454e+02  3.394967e+02  -7.5307
  1662  3.674965e+02  3.401790e+02  -7.4334
  1663  3.678659e+02  3.408742e+02  -7.3374
  1664  3.682530e+02  3.415378e+02  -7.2546
  1665  3.686572e+02  3.421250e+02  -7.1970
  1666  3.690778e+02  3.425914e+02  -7.1764
  1667  3.695141e+02  3.428923e+02  -7.2045
  1668  3.699655e+02  3.429831e+02  -7.2932
  1669  3.704314e+02  3.428339e+02  -7.4501
  1670  3.709110e+02  3.424732e+02  -7.6670
  1671  3.714038e+02  3.419444e+02  -7.9319
  1672  3.719090e+02  3.412908e+02  -8.2327
  1673  3.724260e+02  3.405556e+02  -8.5575
  1674  3.729541e+02  3.397821e+02  -8.8944
  1675  3.734926e+02  3.390136e+02  -9.2315
  1676  3.740410e+02  3.382933e+02  -9.5572
  1677  3.745988e+02  3.376645e+02  -9.8597
  1678  3.751653e+02  3.371705e+02  -10.1275
  1679  3.757400e+02  3.368546e+02  -10.3490
  1680  3.763223e+02  3.367601e+02  -10.5129
  1681  3.769118e+02  3.369166e+02  -10.6113
  1682  3.775077e+02  3.372997e+02  -10.6509
  1683  3.781096e+02  3.378714e+02  -10.6420
  1684  3.787169e+02  3.385937e+02  -10.5945
  1685  3.793290e+02  3.394285e+02  -10.5187
  1686  3.799453e+02  3.403379e+02  -10.4245
  1687  3.805652e+02  3.412837e+02  -10.3219
  1688  3.811881e+02  3.422281e+02  -10.2207
  1689  3.818136e+02  3.431330e+02  -10.1308
  1690  3.824409e+02  3.439603e+02  -10.0619
  1691  3.830695e+02  3.446720e+02  -10.0236
  1692  3.836988e+02  3.452302e+02  -10.0257
  1693  3.843282e+02  3.456072e+02  -10.0750
  1694  3.849570e+02  3.458173e+02  -10.1673
  1695  3.855848e+02  3.458851e+02  -10.2960
  1696  3.862108e+02  3.458353e+02  -10.4543
  1697  3.868345e+02  3.456926e+02  -10.6355
  1698  3.874553e+02  3.454816e+02  -10.8332
  1699  3.880725e+02  3.452270e+02  -11.0406
  1700  3.886855e+02  3.449534e+02  -11.2513
  1701  3.892937e+02  3.446856e+02  -11.4587
  1702  3.898965e+02  3.444481e+02  -11.6565
  1703  3.904933e+02  3.442656e+02  -11.8383
  1704  3.910834e+02  3.441629e+02  -11.9976
  1705  3.916662e+02  3.441591e+02  -12.1295
  1706  3.922410e+02  3.442512e+02  -12.2348
  1707  3.928073e+02  3.444310e+02  -12.3155
  1708  3.933643e+02  3.446901e+02  -12.3738
  1709  3.939115e+02  3.450202e+02  -12.4117
  1710  3.944481e+02  3.454128e+02  -12.4314
  1711  3.949736e+02  3.458597e+02  -12.4347
  1712  3.954873e+02  3.463525e+02  -12.4239
  1713  3.959885e+02  3.468828e+02  -12.4008
  1714  3.964767e+02  3.474422e+02  -12.3675
  1715  3.969515e+02  3.480225e+02  -12.3262
  1716  3.974126e+02  3.486152e+02  -12.2788
  1717  3.978599e+02  3.492116e+02  -12.2275
  1718  3.982930e+02  3.498008e+02  -12.1750
  1719  3.987117e+02  3.503717e+02  -12.1241
  1720  3.991158e+02  3.509130e+02  -12.0774
  1721  3.995049e+02  3.514134e+02  -12.0378
  1722  3.998789e+02  3.518618e+02  -12.0079
  1723  4.002375e+02  3.522470e+02  -11.9905
  1724  4.005803e+02  3.525576e+02  -11.9883
  1725  4.009073e+02  3.527825e+02  -12.0040
  1726  4.012180e+02  3.529105e+02  -12.0402
  1727  4.015122e+02  3.529302e+02  -12.0998
  1728  4.017897e+02  3.528305e+02  -12.1853
  1729  4.020502e+02  3.526067e+02  -12.2978
  1730  4.022934e+02  3.522800e+02  -12.4321
  1731  4.025191e+02  3.518782e+02  -12.5810
  1732  4.027269e+02  3.514292e+02  -12.7376
  1733  4.029167e+02  3.509605e+02  -12.8950
  1734  4.030881e+02  3.505002e+02  -13.0463
  1735  4.032410e+02  3.500758e+02  -13.1845
  1736  4.033749e+02  3.497153e+02  -13.3027
  1737  4.034896e+02  3.494463e+02  -13.3940
  1738  4.035849e+02  3.492968e+02  -13.4515
  1739  4.036605e+02  3.492944e+02  -13.4683
  1740  4.037160e+02  3.494669e+02  -13.4375
  1741  4.037513e+02  3.498304e+02  -13.3550
  1742  4.037661e+02  3.503544e+02  -13.2284
  1743  4.037600e+02  3.509964e+02  -13.0681
  1744  4.037328e+02  3.517142e+02  -12.8844
  1745  4.036842e+02  3.524654e+02  -12.6878
  1746  4.036139e+02  3.532077e+02  -12.4887
  1747  4.035216e+02  3.538989e+02  -12.2974
  1748  4.034071e+02  3.544965e+02  -12.1244
  1749  4.032700e+02  3.549582e+02  -11.9800
  1750  4.031102e+02  3.552419e+02  -11.8747
  1751  4.029272e+02  3.553050e+02  -11.8190
  1752  4.027207e+02  3.551053e+02  -11.8234
  1753  4.024907e+02  3.546161e+02  -11.8946
  1754  4.022371e+02  3.538723e+02  -12.0240
  1755  4.019601e+02  3.529246e+02  -12.1991
  1756  4.016597e+02  3.518237e+02  -12.4075
  1757  4.013361e+02  3.506201e+02  -12.6368
  1758  4.009895e+02  3.493645e+02  -12.8744
  1759  4.006200e+02  3.481075e+02  -13.1078
  1760  4.002276e+02  3.468996e+02  -13.3244
  1761  3.998126e+02  3.457916e+02  -13.5116
  1762  3.993751e+02  3.448340e+02  -13.6566
  1763  3.989151e+02  3.440774e+02  -13.7467
  1764  3.984329e+02  3.435724e+02  -13.7691
  1765  3.979285e+02  3.433524e+02  -13.7151
  1766  3.974022e+02  3.433808e+02  -13.5936
  1767  3.968540e+02  3.436040e+02  -13.4180
  1768  3.962840e+02  3.439680e+02  -13.2016
  1769  3.956925e+02  3.444192e+02  -12.9579
  1770  3.950795e+02  3.449038e+02  -12.7002
  1771  3.944452e+02  3.453679e+02  -12.4421
  1772  3.937898e+02  3.457579e+02  -12.1973
  1773  3.931133e+02  3.460198e+02  -11.9796
  1774  3.924160e+02  3.461000e+02  -11.8028
  1775  3.916979e+02  3.459447e+02  -11.6807
  1776  3.909592e+02  3.455000e+02  -11.6276
  1777  3.902001e+02  3.447299e+02  -11.6530
  1778  3.894206e+02  3.436687e+02  -11.7487
  1779  3.886210e+02  3.423686e+02  -11.9017
  1780  3.878014e+02  3.408816e+02  -12.0989
  1781  3.869620e+02  3.392598e+02  -12.3274
  1782  3.861028e+02  3.375552e+02  -12.5737
  1783  3.852241e+02  3.358200e+02  -12.8248
  1784  3.843259e+02  3.341061e+02  -13.0670
  1785  3.834085e+02  3.324658e+02  -13.2868
  1786  3.824720e+02  3.309510e+02  -13.4705
  1787  3.815166e+02  3.296138e+02  -13.6043
  1788  3.805423e+02  3.285064e+02  -13.6742
  1789  3.795495e+02  3.276644e+02  -13.6702
  1790  3.785381e+02  3.270584e+02  -13.5996
  1791  3.775084e+02  3.266426e+02  -13.4741
  1792  3.764606e+02  3.263712e+02  -13.3054
  1793  3.753950e+02  3.261984e+02  -13.1053
  1794  3.743119e+02  3.260785e+02  -12.8859
  1795  3.732118e+02  3.259657e+02  -12.6593
  1796  3.720950e+02  3.258141e+02  -12.4379
  1797  3.709618e+02  3.255780e+02  -12.2341
  1798  3.698127e+02  3.252117e+02  -12.0604
  1799  3.686479e+02  3.246692e+02  -11.9297
  1800  3.674680e+02  3.239049e+02  -11.8549
  1801  3.662732e+02  3.228869e+02  -11.8453
  1802  3.650639e+02  3.216395e+02  -11.8950
  1803  3.638405e+02  3.202007e+02  -11.9942
  1804  3.626035e+02  3.186088e+02  -12.1330
  1805  3.613531e+02  3.169020e+02  -12.3013
  1806  3.600898e+02  3.151184e+02  -12.4889
  1807  3.588139e+02  3.132962e+02  -12.6856
  1808  3.575259e+02  3.114735e+02  -12.8808
  1809  3.562261e+02  3.096886e+02  -13.0640
  1810  3.549149e+02  3.079796e+02  -13.2244
  1811  3.535928e+02  3.063847e+02  -13.3510
  1812  3.522600e+02  3.049421e+02  -13.4327
  1813  3.509171e+02  3.036788e+02  -13.4614
  1814  3.495644e+02  3.025771e+02  -13.4417
  1815  3.482023e+02  3.016084e+02  -13.3813
  1816  3.468312e+02  3.007437e+02  -13.2882
  1817  3.454516e+02  2.999544e+02  -13.1704
  1818  3.440638e+02  2.992117e+02  -13.0360
  1819  3.426682e+02  2.984867e+02  -12.8934
  1820  3.412653e+02  2.977508e+02  -12.7509
  1821  3.398554e+02  2.969751e+02  -12.6172
  1822  3.384390e+02  2.961309e+02  -12.5010
  1823  3.370166e+02  2.951894e+02  -12.4110
  1824  3.355884e+02  2.941218e+02  -12.3564
  1825  3.341550e+02  2.929077e+02  -12.3437
  1826  3.327167e+02  2.915599e+02  -12.3699
  1827  3.312740e+02  2.900993e+02  -12.4292
  1828  3.298273e+02  2.885472e+02  -12.5157
  1829  3.283771e+02  2.869246e+02  -12.6234
  1830  3.269237e+02  2.852526e+02  -12.7464
  1831  3.254676e+02  2.835523e+02  -12.8785
  1832  3.240092e+02  2.818447e+02  -13.0133
  1833  3.225488e+02  2.801511e+02  -13.1446
  1834  3.210867e+02  2.784924e+02  -13.2657
  1835  3.196233e+02  2.768898e+02  -13.3700
  1836  3.181591e+02  2.753644e+02  -13.4507
  1837  3.166942e+02  2.739315e+02  -13.5028
  1838  3.152292e+02  2.725843e+02  -13.5282
  1839  3.137643e+02  2.713101e+02  -13.5306
  1840  3.123000e+02  2.700962e+02  -13.5139
  1841  3.108365e+02  2.689301e+02  -13.4818
  1842  3.093743e+02  2.677991e+02  -13.4385
  1843  3.079138e+02  2.666905e+02  -13.3879
  1844  3.064552e+02  2.655918e+02  -13.3342
  1845  3.049990e+02  2.644904e+02  -13.2816
  1846  3.035456e+02  2.633735e+02  -13.2343
  1847  3.020953e+02  2.622286e+02  -13.1967
  1848  3.006485e+02  2.610431e+02  -13.1733
  1849  2.992056e+02  2.598074e+02  -13.1676
  1850  2.977669e+02  2.585248e+02  -13.1788
  1851  2.963329e+02  2.572013e+02  -13.2053
  1852  2.949039e+02  2.558434e+02  -13.2452
  1853  2.934804e+02  2.544573e+02  -13.2967
  1854  2.920626e+02  2.530491e+02  -13.3579
  1855  2.906510e+02  2.516253e+02  -13.4270
  1856  2.892460e+02  2.501921e+02  -13.5020
  1857  2.878480e+02  2.487557e+02  -13.5809
  1858  2.864573e+02  2.473224e+02  -13.6617
  1859  2.850744e+02  2.458985e+02  -13.7424
  1860  2.836997e+02  2.444902e+02  -13.8208
  1861  2.823335e+02  2.431027e+02  -13.8952
  1862  2.809762e+02  2.417372e+02  -13.9653
  1863  2.796283e+02  2.403935e+02  -14.0311
  1864  2.782902e+02  2.390718e+02  -14.0926
  1865  2.769622e+02  2.377720e+02  -14.1500
  1866  2.756448e+02  2.364942e+02  -14.2033
  1867  2.743384e+02  2.352383e+02  -14.2525
  1868  2.730434e+02  2.340045e+02  -14.2977
  1869  2.717601e+02  2.327926e+02  -14.3390
  1870  2.704891e+02  2.316027e+02  -14.3763
  1871  2.692303e+02  2.304348e+02  -14.4098
  1872  2.679841e+02  2.292890e+02  -14.4393
  1873  2.667506e+02  2.281647e+02  -14.4651
  1874  2.655298e+02  2.270599e+02  -14.4880
  1875  2.643220e+02  2.259717e+02  -14.5089
  1876  2.631272e+02  2.248975e+02  -14.5290
  1877  2.619457e+02  2.238346e+02  -14.5492
  1878  2.607777e+02  2.227805e+02  -14.5707
  1879  2.596231e+02  2.217323e+02  -14.5946
  1880  2.584823e+02  2.206874e+02  -14.6219
  1881  2.573553e+02  2.196431e+02  -14.6537
  1882  2.562423e+02  2.185968e+02  -14.6913
  1883  2.551434e+02  2.175458e+02  -14.7359
  1884  2.540589e+02  2.164874e+02  -14.7885
  1885  2.529888e+02  2.154199e+02  -14.8500
  1886  2.519333e+02  2.143447e+02  -14.9200
  1887  2.508926e+02  2.132646e+02  -14.9977
  1888  2.498668e+02  2.121819e+02  -15.0820
  1889  2.488561e+02  2.110993e+02  -15.1721
  1890  2.478606e+02  2.100193e+02  -15.2672
  1891  2.468805e+02  2.089443e+02  -15.3662
  1892  2.459159e+02  2.078769e+02  -15.4683
  1893  2.449671e+02  2.068197e+02  -15.5725
  1894  2.440341e+02  2.057751e+02  -15.6777
  1895  2.431171e+02  2.047457e+02  -15.7831
  1896  2.422163e+02  2.037340e+02  -15.8876
  1897  2.413319e+02  2.027423e+02  -15.9903
  1898  2.404639e+02  2.017720e+02  -16.0905
  1899  2.396126e+02  2.008242e+02  -16.1880
  1900  2.387781e+02  1.999002e+02  -16.2820
  1901  2.379605e+02  1.990010e+02  -16.3723
  1902  2.371602e+02  1.981279e+02  -16.4582
  1903  2.363771e+02  1.972820e+02  -16.5393
  1904  2.356115e+02  1.964645e+02  -16.6150
  1905  2.348635e+02  1.956766e+02  -16.6850
  1906  2.341333e+02  1.949194e+02  -16.7485
  1907  2.334210e+02  1.941940e+02  -16.8053
  1908  2.327269e+02  1.935017e+02  -16.8546
  1909  2.320510e+02  1.928425e+02  -16.8965
  1910  2.313933e+02  1.922118e+02  -16.9328
  1911  2.307536e+02  1.916042e+02  -16.9659
  1912  2.301319e+02  1.910140e+02  -16.9980
  1913  2.295281e+02  1.904356e+02  -17.0317
  1914  2.289420e+02  1.898634e+02  -17.0692
  1915  2.283735e+02  1.892917e+02  -17.1131
  1916  2.278225e+02  1.887151e+02  -17.1657
  1917  2.272889e+02  1.881279e+02  -17.2296
  1918  2.267726e+02  1.875245e+02  -17.3073
  1919  2.262735e+02  1.868992e+02  -17.4012
  1920  2.257914e+02  1.862466e+02  -17.5139
  1921  2.253263e+02  1.855635e+02  -17.6468
  1922  2.248780e+02  1.848568e+02  -17.7968
  1923  2.244464e+02  1.841362e+02  -17.9598
  1924  2.240314e+02  1.834111e+02  -18.1315
  1925  2.236328e+02  1.826910e+02  -18.3076
  1926  2.232507e+02  1.819854e+02  -18.4838
  1927  2.228847e+02  1.813038e+02  -18.6558
  1928  2.225348e+02  1.806558e+02  -18.8191
  1929  2.222010e+02  1.800508e+02  -18.9694
  1930  2.218830e+02  1.794984e+02  -19.1022
  1931  2.215808e+02  1.790081e+02  -19.2132
  1932  2.212942e+02  1.785893e+02  -19.2978
  1933  2.210230e+02  1.782479e+02  -19.3532
  1934  2.207673e+02  1.779754e+02  -19.3833
  1935  2.205268e+02  1.777592e+02  -19.3934
  1936  2.203015e+02  1.775871e+02  -19.3890
  1937  2.200911e+02  1.774469e+02  -19.3757
  1938  2.198956e+02  1.773261e+02  -19.3590
  1939  2.197149e+02  1.772125e+02  -19.3443
  1940  2.195487e+02  1.770937e+02  -19.3374
  1941  2.193971e+02  1.769574e+02  -19.3438
  1942  2.192598e+02  1.767913e+02  -19.3690
  1943  2.191368e+02  1.765831e+02  -19.4188
  1944  2.190278e+02  1.763205e+02  -19.4986
  1945  2.189328e+02  1.759952e+02  -19.6122
  1946  2.188517e+02  1.756154e+02  -19.7560
  1947  2.187842e+02  1.751934e+02  -19.9241
  1948  2.187303e+02  1.747416e+02  -20.1109
  1949  2.186897e+02  1.742722e+02  -20.3107
  1950  2.186621e+02  1.737975e+02  -20.5178
  1951  2.186473e+02  1.733299e+02  -20.7263
  1952  2.186450e+02  1.728815e+02  -20.9305
  1953  2.186550e+02  1.724648e+02  -21.1247
  1954  2.186769e+02  1.720920e+02  -21.3031
  1955  2.187105e+02  1.717753e+02  -21.4599
  1956  2.187555e+02  1.715272e+02  -21.5895
  1957  2.188117e+02  1.713560e+02  -21.6879
  1958  2.188788e+02  1.712545e+02  -21.7583
  1959  2.189564e+02  1.712116e+02  -21.8056
  1960  2.190444e+02  1.712162e+02  -21.8349
  1961  2.191425e+02  1.712572e+02  -21.8512
  1962  2.192503e+02  1.713236e+02  -21.8593
  1963  2.193676e+02  1.714042e+02  -21.8644
  1964  2.194941e+02  1.714880e+02  -21.8713
  1965  2.196295e+02  1.715638e+02  -21.8849
  1966  2.197736e+02  1.716205e+02  -21.9103
  1967  2.199260e+02  1.716472e+02  -21.9523
  1968  2.200865e+02  1.716325e+02  -22.0159
  1969  2.202547e+02  1.715692e+02  -22.1042
  1970  2.204305e+02  1.714639e+02  -22.2141
  1971  2.206134e+02  1.713270e+02  -22.3406
  1972  2.208033e+02  1.711690e+02  -22.4790
  1973  2.209998e+02  1.710002e+02  -22.6243
  1974  2.212026e+02  1.708310e+02  -22.7717
  1975  2.214114e+02  1.706718e+02  -22.9164
  1976  2.216259e+02  1.705329e+02  -23.0537
  1977  2.218459e+02  1.704248e+02  -23.1787
  1978  2.220710e+02  1.703578e+02  -23.2868
  1979  2.223009e+02  1.703424e+02  -23.3731
  1980  2.225354e+02  1.703889e+02  -23.4329
  1981  2.227741e+02  1.705036e+02  -23.4635
  1982  2.230167e+02  1.706769e+02  -23.4690
  1983  2.232629e+02  1.708952e+02  -23.4556
  1984  2.235125e+02  1.711447e+02  -23.4295
  1985  2.237650e+02  1.714117e+02  -23.3966
  1986  2.240202e+02  1.716826e+02  -23.3629
  1987  2.242779e+02  1.719436e+02  -23.3346
  1988  2.245376e+02  1.721810e+02  -23.3175
  1989  2.247993e+02  1.723813e+02  -23.3177
  1990  2.250625e+02  1.725306e+02  -23.3410
  1991  2.253271e+02  1.726154e+02  -23.3934
  1992  2.255929e+02  1.726218e+02  -23.4808
  1993  2.258595e+02  1.725416e+02  -23.6067
  1994  2.261267e+02  1.723874e+02  -23.7651
  1995  2.263943e+02  1.721773e+02  -23.9480
  1996  2.266620e+02  1.719294e+02  -24.1472
  1997  2.269295e+02  1.716616e+02  -24.3546
  1998  2.271966e+02  1.713922e+02  -24.5622
  1999  2.274630e+02  1.711389e+02  -24.7618
  2000  2.277284e+02  1.709201e+02  -24.9456
  2001  2.279926e+02  1.707535e+02  -25.1057
  2002  2.282553e+02  1.706575e+02  -25.2340
  2003  2.285163e+02  1.706498e+02  -25.3227
  2004  2.287753e+02  1.707487e+02  -25.3640
  2005  2.290320e+02  1.709653e+02  -25.3531
  2006  2.292861e+02  1.712832e+02  -25.2972
  2007  2.295374e+02  1.716793e+02  -25.2064
  2008  2.297857e+02  1.721303e+02  -25.0909
  2009  2.300305e+02  1.726132e+02  -24.9608
  2010  2.302718e+02  1.731046e+02  -24.8259
  2011  2.305091e+02  1.735815e+02  -24.6965
  2012  2.307422e+02  1.740205e+02  -24.5823
  2013  2.309709e+02  1.743986e+02  -24.4932
  2014  2.311948e+02  1.746925e+02  -24.4392
  2015  2.314137e+02  1.748791e+02  -24.4301
  2016  2.316273e+02  1.749351e+02  -24.4756
  2017  2.318354e+02  1.748455e+02  -24.5820
  2018  2.320375e+02  1.746277e+02  -24.7416
  2019  2.322336e+02  1.743074e+02  -24.9431
  2020  2.324232e+02  1.739100e+02  -25.1753
  2021  2.326061e+02  1.734611e+02  -25.4271
  2022  2.327820e+02  1.729864e+02  -25.6874
  2023  2.329506e+02  1.725113e+02  -25.9451
  2024  2.331116e+02  1.720615e+02  -26.1892
  2025  2.332648e+02  1.716625e+02  -26.4087
  2026  2.334098e+02  1.713400e+02  -26.5927
  2027  2.335466e+02  1.711194e+02  -26.7301
  2028  2.336751e+02  1.710263e+02  -26.8102
  2029  2.337951e+02  1.710780e+02  -26.8257
  2030  2.339065e+02  1.712583e+02  -26.7834
  2031  2.340092e+02  1.715428e+02  -26.6940
  2032  2.341032e+02  1.719069e+02  -26.5679
  2033  2.341882e+02  1.723262e+02  -26.4155
  2034  2.342643e+02  1.727761e+02  -26.2474
  2035  2.343313e+02  1.732322e+02  -26.0738
  2036  2.343891e+02  1.736701e+02  -25.9052
  2037  2.344376e+02  1.740651e+02  -25.7521
  2038  2.344766e+02  1.743928e+02  -25.6247
  2039  2.345061e+02  1.746287e+02  -25.5334
  2040  2.345260e+02  1.747484e+02  -25.4887
  2041  2.345362e+02  1.747345e+02  -25.4978
  2042  2.345365e+02  1.745985e+02  -25.5560
  2043  2.345268e+02  1.743588e+02  -25.6551
  2044  2.345071e+02  1.740342e+02  -25.7872
  2045  2.344772e+02  1.736432e+02  -25.9445
  2046  2.344370e+02  1.732045e+02  -26.1190
  2047  2.343864e+02  1.727365e+02  -26.3027
  2048  2.343253e+02  1.722579e+02  -26.4877
  2049  2.342536e+02  1.717873e+02  -26.6661
  2050  2.341712e+02  1.713432e+02  -26.8299
  2051  2.340779e+02  1.709444e+02  -26.9711
  2052  2.339736e+02  1.706093e+02  -27.0818
  2053  2.338583e+02  1.703513e+02  -27.1562
  2054  2.337318e+02  1.701628e+02  -27.1974
  2055  2.335940e+02  1.700310e+02  -27.2109
  2056  2.334448e+02  1.699430e+02  -27.2021
  2057  2.332840e+02  1.698860e+02  -27.1763
  2058  2.331117e+02  1.698472e+02  -27.1391
  2059  2.329275e+02  1.698137e+02  -27.0959
  2060  2.327315e+02  1.697727e+02  -27.0521
  2061  2.325236e+02  1.697114e+02  -27.0133
  2062  2.323035e+02  1.696169e+02  -26.9848
  2063  2.320712e+02  1.694763e+02  -26.9723
  2064  2.318266e+02  1.692769e+02  -26.9812
  2065  2.315696e+02  1.690096e+02  -27.0156
  2066  2.313002e+02  1.686809e+02  -27.0727
  2067  2.310185e+02  1.683009e+02  -27.1483
  2068  2.307246e+02  1.678798e+02  -27.2380
  2069  2.304185e+02  1.674279e+02  -27.3375
  2070  2.301004e+02  1.669554e+02  -27.4424
  2071  2.297703e+02  1.664724e+02  -27.5483
  2072  2.294282e+02  1.659893e+02  -27.6509
  2073  2.290744e+02  1.655162e+02  -27.7456
  2074  2.287087e+02  1.650634e+02  -27.8281
  2075  2.283314e+02  1.646411e+02  -27.8938
  2076  2.279425e+02  1.642594e+02  -27.9382
  2077  2.275420e+02  1.639254e+02  -27.9582
  2078  2.271301e+02  1.636334e+02  -27.9561
  2079  2.267069e+02  1.633746e+02  -27.9357
  2080  2.262723e+02  1.631401e+02  -27.9010
  2081  2.258265e+02  1.629210e+02  -27.8557
  2082  2.253697e+02  1.627084e+02  -27.8038
  2083  2.249017e+02  1.624934e+02  -27.7492
  2084  2.244228e+02  1.622672e+02  -27.6958
  2085  2.239331e+02  1.620209e+02  -27.6476
  2086  2.234325e+02  1.617457e+02  -27.6087
  2087  2.229212e+02  1.614325e+02  -27.5831
  2088  2.223993e+02  1.610727e+02  -27.5750
  2089  2.218668e+02  1.606596e+02  -27.5874
  2090  2.213239e+02  1.601961e+02  -27.6191
  2091  2.207706e+02  1.596874e+02  -27.6682
  2092  2.202070e+02  1.591386e+02  -27.7322
  2093  2.196331e+02  1.585550e+02  -27.8092
  2094  2.190492e+02  1.579418e+02  -27.8967
  2095  2.184552e+02  1.573041e+02  -27.9925
  2096  2.178513e+02  1.566471e+02  -28.0945
  2097  2.172375e+02  1.559760e+02  -28.2002
  2098  2.166139e+02  1.552960e+02  -28.3075
  2099  2.159807e+02  1.546124e+02  -28.4138
  2100  2.153378e+02  1.539302e+02  -28.5169
  2101  2.146854e+02  1.532542e+02  -28.6145
  2102  2.140236e+02  1.525873e+02  -28.7054
  2103  2.133525e+02  1.519320e+02  -28.7883
  2104  2.126721e+02  1.512905e+02  -28.8621
  2105  2.119827e+02  1.506654e+02  -28.9256
  2106  2.112844e+02  1.500590e+02  -28.9777
  2107  2.105774e+02  1.494738e+02  -29.0172
  2108  2.098619e+02  1.489123e+02  -29.0427
  2109  2.091381e+02  1.483767e+02  -29.0533
  2110  2.084062e+02  1.478695e+02  -29.0474
  2111  2.076663e+02  1.473932e+02  -29.0240
  2112  2.069187e+02  1.469501e+02  -28.9817
  2113  2.061635e+02  1.465407e+02  -28.9201
  2114  2.054009e+02  1.461575e+02  -28.8428
  2115  2.046312e+02  1.457909e+02  -28.7543
  2116  2.038544e+02  1.454314e+02  -28.6592
  2117  2.030709e+02  1.450695e+02  -28.5622
  2118  2.022808e+02  1.446956e+02  -28.4679
  2119  2.014843e+02  1.443004e+02  -28.3813
  2120  2.006816e+02  1.438741e+02  -28.3073
  2121  1.998728e+02  1.434074e+02  -28.2507
  2122  1.990583e+02  1.428906e+02  -28.2167
  2123  1.982381e+02  1.423143e+02  -28.2104
  2124  1.974125e+02  1.416690e+02  -28.2371
  2125  1.965817e+02  1.409489e+02  -28.3001
  2126  1.957459e+02  1.401641e+02  -28.3949
  2127  1.949053e+02  1.393283e+02  -28.5148
  2128  1.940601e+02  1.384554e+02  -28.6533
  2129  1.932104e+02  1.375590e+02  -28.8035
  2130  1.923565e+02  1.366530e+02  -28.9585
  2131  1.914987e+02  1.357512e+02  -29.1111
  2132  1.906370e+02  1.348674e+02  -29.2543
  2133  1.897718e+02  1.340154e+02  -29.3807
  2134  1.889031e+02  1.332090e+02  -29.4829
  2135  1.880313e+02  1.324619e+02  -29.5533
  2136  1.871565e+02  1.317880e+02  -29.5841
  2137  1.862790e+02  1.311962e+02  -29.5701
  2138  1.853989e+02  1.306761e+02  -29.5162
  2139  1.845164e+02  1.302126e+02  -29.4303
  2140  1.836319e+02  1.297904e+02  -29.3203
  2141  1.827454e+02  1.293944e+02  -29.1942
  2142  1.818572e+02  1.290092e+02  -29.0602
  2143  1.809675e+02  1.286197e+02  -28.9266
  2144  1.800766e+02  1.282108e+02  -28.8021
  2145  1.791844e+02  1.277670e+02  -28.6952
  2146  1.782914e+02  1.272734e+02  -28.6149
  2147  1.773975e+02  1.267146e+02  -28.5703
  2148  1.765031e+02  1.260754e+02  -28.5704
  2149  1.756083e+02  1.253460e+02  -28.6218
  2150  1.747132e+02  1.245374e+02  -28.7189
  2151  1.738181e+02  1.236663e+02  -28.8531
  2152  1.729231e+02  1.227489e+02  -29.0153
  2153  1.720285e+02  1.218019e+02  -29.1966
  2154  1.711344e+02  1.208418e+02  -29.3878
  2155  1.702410e+02  1.198848e+02  -29.5793
  2156  1.693484e+02  1.189477e+02  -29.7616
  2157  1.684570e+02  1.180467e+02  -29.9247
  2158  1.675668e+02  1.171984e+02  -30.0587
  2159  1.666780e+02  1.164194e+02  -30.1531
  2160  1.657909e+02  1.157259e+02  -30.1977
  2161  1.649056e+02  1.151293e+02  -30.1847
  2162  1.640223e+02  1.146193e+02  -30.1197
  2163  1.631413e+02  1.141806e+02  -30.0112
  2164  1.622626e+02  1.137978e+02  -29.8681
  2165  1.613866e+02  1.134554e+02  -29.6996
  2166  1.605133e+02  1.131380e+02  -29.5149
  2167  1.596430e+02  1.128302e+02  -29.3235
  2168  1.587759e+02  1.125165e+02  -29.1350
  2169  1.579122e+02  1.121816e+02  -28.9595
  2170  1.570520e+02  1.118099e+02  -28.8071
  2171  1.561956e+02  1.113862e+02  -28.6880
  2172  1.553432e+02  1.108950e+02  -28.6129
  2173  1.544949e+02  1.103253e+02  -28.5897
  2174  1.536510e+02  1.096849e+02  -28.6143
  2175  1.528117e+02  1.089859e+02  -28.6796
  2176  1.519771e+02  1.082404e+02  -28.7785
  2177  1.511475e+02  1.074606e+02  -28.9035
  2178  1.503230e+02  1.066588e+02  -29.0470
  2179  1.495039e+02  1.058469e+02  -29.2013
  2180  1.486904e+02  1.050373e+02  -29.3584
  2181  1.478827e+02  1.042421e+02  -29.5103
  2182  1.470809e+02  1.034734e+02  -29.6487
  2183  1.462852e+02  1.027434e+02  -29.7650
  2184  1.454956e+02  1.020643e+02  -29.8506
  2185  1.447122e+02  1.014453e+02  -29.8986
  2186  1.439352e+02  1.008832e+02  -29.9107
  2187  1.431645e+02  1.003721e+02  -29.8904
  2188  1.424003e+02  9.990596e+01  -29.8415
  2189  1.416427e+02  9.947862e+01  -29.7679
  2190  1.408917e+02  9.908410e+01  -29.6736
  2191  1.401474e+02  9.871632e+01  -29.5625
  2192  1.394099e+02  9.836925e+01  -29.4388
  2193  1.386793e+02  9.803683e+01  -29.3068
  2194  1.379557e+02  9.771302e+01  -29.1707
  2195  1.372391e+02  9.739176e+01  -29.0350
  2196  1.365297e+02  9.706701e+01  -28.9041
  2197  1.358274e+02  9.673365e+01  -28.7820
  2198  1.351325e+02  9.639033e+01  -28.6698
  2199  1.344450e+02  9.603665e+01  -28.5681
  2200  1.337650e+02  9.567219e+01  -28.4774
  2201  1.330925e+02  9.529655e+01  -28.3982
  2202  1.324277e+02  9.490932e+01  -28.3312
  2203  1.317706e+02  9.451008e+01  -28.2768
  2204  1.311213e+02  9.409843e+01  -28.2356
  2205  1.304799e+02  9.367396e+01  -28.2081
  2206  1.298466e+02  9.323626e+01  -28.1950
  2207  1.292213e+02  9.278492e+01  -28.1969
  2208  1.286042e+02  9.231953e+01  -28.2142
  2209  1.279953e+02  9.184024e+01  -28.2472
  2210  1.273948e+02  9.134939e+01  -28.2942
  2211  1.268027e+02  9.084991e+01  -28.3533
  2212  1.262191e+02  9.034469e+01  -28.4224
  2213  1.256442e+02  8.983666e+01  -28.4992
  2214  1.250779e+02  8.932871e+01  -28.5816
  2215  1.245205e+02  8.882377e+01  -28.6673
  2216  1.239719e+02  8.832473e+01  -28.7542
  2217  1.234323e+02  8.783451e+01  -28.8399
  2218  1.229017e+02  8.735602e+01  -28.9221
  2219  1.223803e+02  8.689217e+01  -28.9982
  2220  1.218681e+02  8.644586e+01  -29.0661
  2221  1.213653e+02  8.601922e+01  -29.1237
  2222  1.208717e+02  8.561125e+01  -29.1718
  2223  1.203874e+02  8.522015e+01  -29.2117
  2224  1.199122e+02  8.484413e+01  -29.2448
  2225  1.194463e+02  8.448138e+01  -29.2725
  2226  1.189894e+02  8.413013e+01  -29.2961
  2227  1.185417e+02  8.378858e+01  -29.3172
  2228  1.181030e+02  8.345493e+01  -29.3372
  2229  1.176733e+02  8.312740e+01  -29.3575
  2230  1.172525e+02  8.280418e+01  -29.3796
  2231  1.168407e+02  8.248348e+01  -29.4052
  2232  1.164378e+02  8.216352e+01  -29.4357
  2233  1.160437e+02  8.184303e+01  -29.4722
  2234  1.156583e+02  8.152287e+01  -29.5141
  2235  1.152818e+02  8.120445e+01  -29.5600
  2236  1.149139e+02  8.088915e+01  -29.6089
  2237  1.145547e+02  8.057838e+01  -29.6595
  2238  1.142041e+02  8.027353e+01  -29.7105
  2239  1.138621e+02  7.997600e+01  -29.7606
  2240  1.135286e+02  7.968718e+01  -29.8087
  2241  1.132036e+02  7.940847e+01  -29.8534
  2242  1.128870e+02  7.914128e+01  -29.8934
  2243  1.125789e+02  7.888698e+01  -29.9274
  2244  1.122791e+02  7.864699e+01  -29.9540
  2245  1.119876e+02  7.842222e+01  -29.9724
  2246  1.117043e+02  7.821169e+01  -29.9833
  2247  1.114293e+02  7.801392e+01  -29.9880
  2248  1.111624e+02  7.782746e+01  -29.9876
  2249  1.109037e+02  7.765085e+01  -29.9835
  2250  1.106531e+02  7.748262e+01  -29.9770
  2251  1.104104e+02  7.732130e+01  -29.9692
  2252  1.101758e+02  7.716543e+01  -29.9615
  2253  1.099491e+02  7.701356e+01  -29.9553
  2254  1.097303e+02  7.686421e+01  -29.9517
  2255  1.095193e+02  7.671592e+01  -29.9522
  2256  1.093162e+02  7.656724e+01  -29.9580
  2257  1.091208e+02  7.641692e+01  -29.9703
  2258  1.089330e+02  7.626468e+01  -29.9894
  2259  1.087530e+02  7.611047e+01  -30.0153
  2260  1.085805e+02  7.595424e+01  -30.0480
  2261  1.084155e+02  7.579592e+01  -30.0876
  2262  1.082579e+02  7.563546e+01  -30.1340
  2263  1.081076e+02  7.547282e+01  -30.1873
  2264  1.079643e+02  7.530793e+01  -30.2474
  2265  1.078281e+02  7.514074e+01  -30.3143
  2266  1.076988e+02  7.497119e+01  -30.3881
  2267  1.075762e+02  7.479924e+01  -30.4686
  2268  1.074603e+02  7.462483e+01  -30.5559
  2269  1.073510e+02  7.444825e+01  -30.6497
  2270  1.072480e+02  7.427124e+01  -30.7482
  2271  1.071514e+02  7.409587e+01  -30.8494
  2272  1.070609e+02  7.392422e+01  -30.9512
  2273  1.069765e+02  7.375837e+01  -31.0518
  2274  1.068979e+02  7.360041e+01  -31.1489
  2275  1.068252e+02  7.345240e+01  -31.2406
  2276  1.067582e+02  7.331643e+01  -31.3248
  2277  1.066967e+02  7.319459e+01  -31.3994
  2278  1.066406e+02  7.308894e+01  -31.4624
  2279  1.065898e+02  7.300156e+01  -31.5117
  2280  1.065442e+02  7.293455e+01  -31.5453
  2281  1.065037e+02  7.288889e+01  -31.5621
  2282  1.064680e+02  7.286125e+01  -31.5651
  2283  1.064372e+02  7.284720e+01  -31.5585
  2284  1.064110e+02  7.284234e+01  -31.5463
  2285  1.063894e+02  7.284224e+01  -31.5324
  2286  1.063722e+02  7.284248e+01  -31.5211
  2287  1.063592e+02  7.283864e+01  -31.5164
  2288  1.063504e+02  7.282630e+01  -31.5223
  2289  1.063456e+02  7.280105e+01  -31.5430
  2290  1.063447e+02  7.275847e+01  -31.5824
  2291  1.063476e+02  7.269413e+01  -31.6448
  2292  1.063540e+02  7.260362e+01  -31.7340
  2293  1.063640e+02  7.248412e+01  -31.8528
  2294  1.063773e+02  7.233921e+01  -31.9975
  2295  1.063939e+02  7.217407e+01  -32.1633
  2296  1.064135e+02  7.199389e+01  -32.3452
  2297  1.064361e+02  7.180384e+01  -32.5381
  2298  1.064616e+02  7.160911e+01  -32.7371
  2299  1.064897e+02  7.141488e+01  -32.9373
  2300  1.065203e+02  7.122634e+01  -33.1336
  2301  1.065535e+02  7.104866e+01  -33.3211
  2302  1.065889e+02  7.088703e+01  -33.4949
  2303  1.066266e+02  7.074663e+01  -33.6501
  2304  1.066664e+02  7.063265e+01  -33.7817
  2305  1.067081e+02  7.054872e+01  -33.8863
  2306  1.067517e+02  7.049239e+01  -33.9660
  2307  1.067971e+02  7.045964e+01  -34.0247
  2308  1.068440e+02  7.044647e+01  -34.0660
  2309  1.068924e+02  7.044888e+01  -34.0937
  2310  1.069422e+02  7.046287e+01  -34.1113
  2311  1.069933e+02  7.048442e+01  -34.1226
  2312  1.070454e+02  7.050954e+01  -34.1312
  2313  1.070986e+02  7.053422e+01  -34.1408
  2314  1.071526e+02  7.055446e+01  -34.1552
  2315  1.072074e+02  7.056625e+01  -34.1778
  2316  1.072628e+02  7.056559e+01  -34.2124
  2317  1.073187e+02  7.054919e+01  -34.2620
  2318  1.073750e+02  7.051665e+01  -34.3268
  2319  1.074315e+02  7.046828e+01  -34.4063
  2320  1.074882e+02  7.040440e+01  -34.5003
  2321  1.075449e+02  7.032531e+01  -34.6084
  2322  1.076014e+02  7.023134e+01  -34.7301
  2323  1.076576e+02  7.012279e+01  -34.8650
  2324  1.077135e+02  6.999997e+01  -35.0128
  2325  1.077689e+02  6.986321e+01  -35.1731
  2326  1.078236e+02  6.971281e+01  -35.3455
  2327  1.078775e+02  6.954908e+01  -35.5296
  2328  1.079305e+02  6.937235e+01  -35.7250
  2329  1.079825e+02  6.918357e+01  -35.9308
  2330  1.080333e+02  6.898636e+01  -36.1435
  2331  1.080829e+02  6.878495e+01  -36.3591
  2332  1.081310e+02  6.858361e+01  -36.5736
  2333  1.081775e+02  6.838659e+01  -36.7830
  2334  1.082223e+02  6.819814e+01  -36.9833
  2335  1.082653e+02  6.802252e+01  -37.1705
  2336  1.083064e+02  6.786399e+01  -37.3407
  2337  1.083454e+02  6.772678e+01  -37.4899
  2338  1.083821e+02  6.761517e+01  -37.6141
  2339  1.084165e+02  6.753340e+01  -37.7093
  2340  1.084486e+02  6.748573e+01  -37.7717
  2341  1.084784e+02  6.747444e+01  -37.7992
  2342  1.085056e+02  6.749393e+01  -37.7968
  2343  1.085303e+02  6.753661e+01  -37.7717
  2344  1.085525e+02  6.759491e+01  -37.7307
  2345  1.085720e+02  6.766126e+01  -37.6807
  2346  1.085888e+02  6.772807e+01  -37.6289
  2347  1.086029e+02  6.778776e+01  -37.5820
  2348  1.086142e+02  6.783277e+01  -37.5470
  2349  1.086226e+02  6.785551e+01  -37.5309
  2350  1.086280e+02  6.784841e+01  -37.5406
  2351  1.086305e+02  6.780388e+01  -37.5830
  2352  1.086299e+02  6.771436e+01  -37.6651
  2353  1.086263e+02  6.757491e+01  -37.7914
  2354  1.086194e+02  6.739118e+01  -37.9566
  2355  1.086094e+02  6.717150e+01  -38.1531
  2356  1.085960e+02  6.692415e+01  -38.3733
  2357  1.085793e+02  6.665744e+01  -38.6094
  2358  1.085592e+02  6.637969e+01  -38.8539
  2359  1.085356e+02  6.609920e+01  -39.0991
  2360  1.085085e+02  6.582427e+01  -39.3372
  2361  1.084778e+02  6.556320e+01  -39.5607
  2362  1.084435e+02  6.532431e+01  -39.7619
  2363  1.084054e+02  6.511590e+01  -39.9330
  2364  1.083636e+02  6.494627e+01  -40.0663
  2365  1.083179e+02  6.482118e+01  -40.1565
  2366  1.082683e+02  6.473618e+01  -40.2077
  2367  1.082148e+02  6.468427e+01  -40.2260
  2368  1.081572e+02  6.465845e+01  -40.2181
  2369  1.080956e+02  6.465171e+01  -40.1902
  2370  1.080298e+02  6.465707e+01  -40.1489
  2371  1.079598e+02  6.466751e+01  -40.1004
  2372  1.078855e+02  6.467604e+01  -40.0512
  2373  1.078069e+02  6.467566e+01  -40.0078
  2374  1.077238e+02  6.465937e+01  -39.9767
  2375  1.076363e+02  6.462016e+01  -39.9644
  2376  1.075443e+02  6.455104e+01  -39.9773
  2377  1.074477e+02  6.444661e+01  -40.0205
  2378  1.073465e+02  6.430791e+01  -40.0932
  2379  1.072408e+02  6.413757e+01  -40.1929
  2380  1.071305e+02  6.393822e+01  -40.3174
  2381  1.070157e+02  6.371250e+01  -40.4644
  2382  1.068965e+02  6.346306e+01  -40.6313
  2383  1.067727e+02  6.319252e+01  -40.8159
  2384  1.066445e+02  6.290352e+01  -41.0157
  2385  1.065119e+02  6.259870e+01  -41.2285
  2386  1.063749e+02  6.228070e+01  -41.4517
  2387  1.062335e+02  6.195215e+01  -41.6831
  2388  1.060878e+02  6.161569e+01  -41.9201
  2389  1.059377e+02  6.127410e+01  -42.1603
  2390  1.057833e+02  6.093076e+01  -42.4004
  2391  1.056247e+02  6.058917e+01  -42.6373
  2392  1.054617e+02  6.025285e+01  -42.8676
  2393  1.052945e+02  5.992533e+01  -43.0879
  2394  1.051231e+02  5.961011e+01  -43.2949
  2395  1.049475e+02  5.931071e+01  -43.4853
  2396  1.047677e+02  5.903065e+01  -43.6557
  2397  1.045838e+02  5.877345e+01  -43.8025
  2398  1.043957e+02  5.854262e+01  -43.9224
  2399  1.042035e+02  5.834167e+01  -44.0118
  2400  1.040072e+02  5.817412e+01  -44.0672
  2401  1.038069e+02  5.804175e+01  -44.0868
  2402  1.036026e+02  5.793934e+01  -44.0754
  2403  1.033942e+02  5.785993e+01  -44.0395
  2404  1.031818e+02  5.779658e+01  -43.9857
  2405  1.029655e+02  5.774231e+01  -43.9207
  2406  1.027452e+02  5.769018e+01  -43.8512
  2407  1.025210e+02  5.763323e+01  -43.7840
  2408  1.022930e+02  5.756450e+01  -43.7259
  2409  1.020610e+02  5.747703e+01  -43.6837
  2410  1.018252e+02  5.736387e+01  -43.6644
  2411  1.015856e+02  5.721806e+01  -43.6750
  2412  1.013422e+02  5.703265e+01  -43.7227
  2413  1.010950e+02  5.680306e+01  -43.8122
  2414  1.008441e+02  5.653424e+01  -43.9390
  2415  1.005895e+02  5.623351e+01  -44.0960
  2416  1.003312e+02  5.590823e+01  -44.2763
  2417  1.000692e+02  5.556570e+01  -44.4727
  2418  9.980370e+01  5.521328e+01  +0.0000
  2419  9.953470e+01  5.485828e+01  +0.0000
  2420  9.926230e+01  5.450805e+01  +0.0000
  2421  9.898656e+01  5.416991e+01  +0.0000
  2422  9.870755e+01  5.385119e+01  +0.0000
  2423  9.842534e+01  5.355923e+01  +0.0000
  2424  9.814002e+01  5.330136e+01  +0.0000
  2425  9.785164e+01  5.308264e+01  +0.0000
  2426  9.756028e+01  5.289902e+01  +0.0000
  2427  9.726601e+01  5.274419e+01  +0.0000
  2428  9.696892e+01  5.261184e+01  +0.0000
  2429  9.666907e+01  5.249565e+01  +0.0000
  2430  9.636653e+01  5.238931e+01  +0.0000
  2431  9.606139e+01  5.228650e+01  +0.0000
  2432  9.575371e+01  5.218090e+01  +0.0000
  2433  9.544357e+01  5.206621e+01  +0.0000
  2434  9.513104e+01  5.193610e+01  +0.0000
  2435  9.481621e+01  5.178427e+01  +0.0000
  2436  9.449914e+01  5.160439e+01  +0.0000
  2437  9.417991e+01  5.139179e+01  +0.0000
  2438  9.385860e+01  5.114835e+01  +0.0000
  2439  9.353528e+01  5.087756e+01  +0.0000
  2440  9.321003e+01  5.058295e+01  +0.0000
  2441  9.288293e+01  5.026802e+01  +0.0000
  2442  9.255405e+01  4.993627e+01  +0.0000
  2443  9.222348e+01  4.959122e+01  +0.0000
  2444  9.189128e+01  4.923638e+01  +0.0000
  2445  9.155754e+01  4.887526e+01  +0.0000
  2446  9.122233e+01  4.851137e+01  +0.0000
  2447  9.088574e+01  4.814821e+01  +0.0000
  2448  9.054784e+01  4.778929e+01  +0.0000
  2449  9.020871e+01  4.743776e+01  +0.0000
  2450  8.986843e+01  4.709532e+01  +0.0000
  2451  8.952708e+01  4.676329e+01  +0.0000
  2452  8.918473e+01  4.644299e+01  +0.0000
  2453  8.884148e+01  4.613575e+01  +0.0000
  2454  8.849739e+01  4.584291e+01  +0.0000
  2455  8.815256e+01  4.556579e+01  +0.0000
  2456  8.780705e+01  4.530571e+01  +0.0000
  2457  8.746094e+01  4.506401e+01  +0.0000
  2458  8.711430e+01  4.484201e+01  +0.0000
  2459  8.676722e+01  4.464104e+01  +0.0000
  2460  8.641976e+01  4.446243e+01  +0.0000
  2461  8.607201e+01  4.430657e+01  +0.0000
  2462  8.572404e+01  4.417017e+01  +0.0000
  2463  8.537592e+01  4.404899e+01  +0.0000
  2464  8.502775e+01  4.393881e+01  +0.0000
  2465  8.467958e+01  4.383539e+01  +0.0000
  2466  8.433151e+01  4.373450e+01  +0.0000
  2467  8.398360e+01  4.363191e+01  +0.0000
  2468  8.363594e+01  4.352339e+01  +0.0000
  2469  8.328860e+01  4.340472e+01  +0.0000
  2470  8.294167e+01  4.327165e+01  +0.0000
  2471  8.259522e+01  4.311997e+01  +0.0000
  2472  8.224933e+01  4.294543e+01  +0.0000
  2473  8.190408e+01  4.274497e+01  +0.0000
  2474  8.155955e+01  4.252019e+01  +0.0000
  2475  8.121583e+01  4.227384e+01  +0.0000
  2476  8.087298e+01  4.200867e+01  +0.0000
  2477  8.053109e+01  4.172743e+01  +0.0000
  2478  8.019025e+01  4.143288e+01  +0.0000
  2479  7.985053e+01  4.112778e+01  +0.0000
  2480  7.951201e+01  4.081488e+01  +0.0000
  2481  7.917477e+01  4.049693e+01  +0.0000
  2482  7.883891e+01  4.017668e+01  +0.0000
  2483  7.850449e+01  3.985690e+01  +0.0000
  2484  7.817160e+01  3.954033e+01  +0.0000
  2485  7.784033e+01  3.922973e+01  +0.0000
  2486  7.751075e+01  3.892786e+01  +0.0000
  2487  7.718295e+01  3.863746e+01  +0.0000
  2488  7.685702e+01  3.836130e+01  +0.0000
  2489  7.653303e+01  3.810212e+01  +0.0000
  2490  7.621107e+01  3.786269e+01  +0.0000
  2491  7.589122e+01  3.764575e+01  +0.0000
  2492  7.557357e+01  3.745406e+01  +0.0000
  2493  7.525820e+01  3.729037e+01  +0.0000
  2494  7.494516e+01  3.715744e+01  +0.0000
  2495  7.463428e+01  3.705802e+01  +0.0000
  2496  7.432539e+01  3.699487e+01  +0.0000
