# ell  Dl_CLASS  Dl_mlx_final  residual_pct
    30  1.055731e+03  1.418361e+03  +34.3487
    31  1.072094e+03  1.424768e+03  +32.8958
    32  1.088717e+03  1.430565e+03  +31.3992
    33  1.105560e+03  1.436673e+03  +29.9497
    34  1.122540e+03  1.442992e+03  +28.5471
    35  1.139708e+03  1.449252e+03  +27.1600
    36  1.157124e+03  1.455519e+03  +25.7877
    37  1.174809e+03  1.461936e+03  +24.4403
    38  1.192765e+03  1.468615e+03  +23.1269
    39  1.210951e+03  1.475622e+03  +21.8564
    40  1.229275e+03  1.482867e+03  +20.6295
    41  1.247630e+03  1.490238e+03  +19.4456
    42  1.266059e+03  1.497702e+03  +18.2963
    43  1.284639e+03  1.505304e+03  +17.1772
    44  1.303428e+03  1.513329e+03  +16.1038
    45  1.322471e+03  1.522064e+03  +15.0925
    46  1.341777e+03  1.531554e+03  +14.1437
    47  1.361333e+03  1.541611e+03  +13.2427
    48  1.381098e+03  1.551350e+03  +12.3273
    49  1.401005e+03  1.560046e+03  +11.3519
    50  1.420989e+03  1.568297e+03  +10.3666
    51  1.441072e+03  1.576999e+03  +9.4323
    52  1.461299e+03  1.586895e+03  +8.5948
    53  1.481707e+03  1.598166e+03  +7.8598
    54  1.502329e+03  1.608892e+03  +7.0933
    55  1.523186e+03  1.617510e+03  +6.1925
    56  1.544291e+03  1.625992e+03  +5.2905
    57  1.565646e+03  1.636577e+03  +4.5304
    58  1.587242e+03  1.649026e+03  +3.8925
    59  1.609060e+03  1.662250e+03  +3.3057
    60  1.631068e+03  1.674245e+03  +2.6471
    61  1.653236e+03  1.684246e+03  +1.8757
    62  1.675575e+03  1.697374e+03  +1.3010
    63  1.698102e+03  1.717069e+03  +1.1170
    64  1.720833e+03  1.734171e+03  +0.7751
    65  1.743779e+03  1.740540e+03  -0.1857
    66  1.766944e+03  1.744721e+03  -1.2577
    67  1.790330e+03  1.756193e+03  -1.9067
    68  1.813936e+03  1.771485e+03  -2.3402
    69  1.837771e+03  1.785387e+03  -2.8504
    70  1.861847e+03  1.798662e+03  -3.3937
    71  1.886168e+03  1.813067e+03  -3.8756
    72  1.910737e+03  1.828347e+03  -4.3120
    73  1.935555e+03  1.843885e+03  -4.7361
    74  1.960614e+03  1.859627e+03  -5.1508
    75  1.985906e+03  1.875368e+03  -5.5661
    76  2.011420e+03  1.889732e+03  -6.0498
    77  2.037162e+03  1.901783e+03  -6.6455
    78  2.063137e+03  1.913514e+03  -7.2522
    79  2.089351e+03  1.926874e+03  -7.7764
    80  2.115805e+03  1.940695e+03  -8.2763
    81  2.142499e+03  1.953965e+03  -8.7997
    82  2.169430e+03  1.969404e+03  -9.2202
    83  2.196591e+03  1.989276e+03  -9.4380
    84  2.223977e+03  2.010267e+03  -9.6093
    85  2.251590e+03  2.028499e+03  -9.9082
    86  2.279437e+03  2.043418e+03  -10.3543
    87  2.307520e+03  2.055780e+03  -10.9095
    88  2.335842e+03  2.068262e+03  -11.4554
    89  2.364401e+03  2.083104e+03  -11.8972
    90  2.393196e+03  2.098888e+03  -12.2977
    91  2.422224e+03  2.114111e+03  -12.7203
    92  2.451478e+03  2.130576e+03  -13.0901
    93  2.480953e+03  2.150177e+03  -13.3326
    94  2.510650e+03  2.171838e+03  -13.4950
    95  2.540570e+03  2.193264e+03  -13.6704
    96  2.570714e+03  2.210227e+03  -14.0228
    97  2.601081e+03  2.220224e+03  -14.6423
    98  2.631670e+03  2.229575e+03  -15.2791
    99  2.662476e+03  2.244989e+03  -15.6804
   100  2.693494e+03  2.265893e+03  -15.8753
   101  2.724719e+03  2.289916e+03  -15.9577
   102  2.756143e+03  2.314771e+03  -16.0141
   103  2.787756e+03  2.338193e+03  -16.1263
   104  2.819549e+03  2.357918e+03  -16.3725
   105  2.851520e+03  2.372611e+03  -16.7949
   106  2.883669e+03  2.384669e+03  -17.3043
   107  2.915992e+03  2.397417e+03  -17.7838
   108  2.948488e+03  2.414185e+03  -18.1213
   109  2.981153e+03  2.437164e+03  -18.2476
   110  3.013983e+03  2.464018e+03  -18.2471
   111  3.046972e+03  2.491274e+03  -18.2377
   112  3.080114e+03  2.515461e+03  -18.3322
   113  3.113402e+03  2.534208e+03  -18.6033
   114  3.146826e+03  2.549547e+03  -18.9804
   115  3.180378e+03  2.564613e+03  -19.3614
   116  3.214049e+03  2.582541e+03  -19.6484
   117  3.247833e+03  2.605535e+03  -19.7762
   118  3.281726e+03  2.632093e+03  -19.7954
   119  3.315723e+03  2.659785e+03  -19.7827
   120  3.349820e+03  2.686179e+03  -19.8112
   121  3.384009e+03  2.709509e+03  -19.9320
   122  3.418284e+03  2.730664e+03  -20.1160
   123  3.452637e+03  2.751195e+03  -20.3161
   124  3.487061e+03  2.772657e+03  -20.4873
   125  3.521545e+03  2.796309e+03  -20.5943
   126  3.556081e+03  2.822243e+03  -20.6361
   127  3.590656e+03  2.850259e+03  -20.6201
   128  3.625261e+03  2.880156e+03  -20.5532
   129  3.659884e+03  2.911472e+03  -20.4491
   130  3.694518e+03  2.942694e+03  -20.3497
   131  3.729157e+03  2.972049e+03  -20.3024
   132  3.763793e+03  2.997764e+03  -20.3526
   133  3.798421e+03  3.018904e+03  -20.5221
   134  3.833033e+03  3.037899e+03  -20.7442
   135  3.867619e+03  3.058018e+03  -20.9328
   136  3.902174e+03  3.082532e+03  -21.0047
   137  3.936686e+03  3.113727e+03  -20.9049
   138  3.971146e+03  3.149962e+03  -20.6788
   139  4.005546e+03  3.188613e+03  -20.3950
   140  4.039873e+03  3.227056e+03  -20.1199
   141  4.074118e+03  3.263083e+03  -19.9070
   142  4.108268e+03  3.296159e+03  -19.7677
   143  4.142311e+03  3.326165e+03  -19.7027
   144  4.176235e+03  3.352982e+03  -19.7128
   145  4.210033e+03  3.376988e+03  -19.7871
   146  4.243696e+03  3.400549e+03  -19.8682
   147  4.277217e+03  3.426530e+03  -19.8888
   148  4.310586e+03  3.457793e+03  -19.7837
   149  4.343797e+03  3.496178e+03  -19.5133
   150  4.376840e+03  3.539426e+03  -19.1328
   151  4.409705e+03  3.584254e+03  -18.7190
   152  4.442384e+03  3.627377e+03  -18.3462
   153  4.474866e+03  3.666176e+03  -18.0718
   154  4.507142e+03  3.700685e+03  -17.8929
   155  4.539201e+03  3.731605e+03  -17.7916
   156  4.571033e+03  3.759633e+03  -17.7509
   157  4.602627e+03  3.785725e+03  -17.7486
   158  4.633970e+03  3.811871e+03  -17.7407
   159  4.665052e+03  3.840315e+03  -17.6790
   160  4.695860e+03  3.873306e+03  -17.5166
   161  4.726383e+03  3.912305e+03  -17.2241
   162  4.756613e+03  3.955645e+03  -16.8390
   163  4.786540e+03  4.000872e+03  -16.4141
   164  4.816158e+03  4.045536e+03  -16.0008
   165  4.845459e+03  4.087607e+03  -15.6405
   166  4.874433e+03  4.126741e+03  -15.3391
   167  4.903074e+03  4.163018e+03  -15.0937
   168  4.931372e+03  4.196517e+03  -14.9016
   169  4.959319e+03  4.227516e+03  -14.7561
   170  4.986906e+03  4.257088e+03  -14.6347
   171  5.014124e+03  4.286507e+03  -14.5114
   172  5.040965e+03  4.317045e+03  -14.3607
   173  5.067419e+03  4.349690e+03  -14.1636
   174  5.093477e+03  4.384290e+03  -13.9234
   175  5.119129e+03  4.420407e+03  -13.6492
   176  5.144367e+03  4.457604e+03  -13.3498
   177  5.169179e+03  4.495517e+03  -13.0323
   178  5.193557e+03  4.534075e+03  -12.6981
   179  5.217490e+03  4.573279e+03  -12.3472
   180  5.240969e+03  4.613131e+03  -11.9794
   181  5.263987e+03  4.653413e+03  -11.5991
   182  5.286537e+03  4.693019e+03  -11.2270
   183  5.308613e+03  4.730623e+03  -10.8878
   184  5.330209e+03  4.764898e+03  -10.6058
   185  5.351318e+03  4.795005e+03  -10.3958
   186  5.371934e+03  4.822053e+03  -10.2362
   187  5.392051e+03  4.847642e+03  -10.0965
   188  5.411662e+03  4.873368e+03  -9.9469
   189  5.430762e+03  4.900468e+03  -9.7646
   190  5.449344e+03  4.928733e+03  -9.5536
   191  5.467401e+03  4.957596e+03  -9.3245
   192  5.484928e+03  4.986486e+03  -9.0875
   193  5.501918e+03  5.014997e+03  -8.8500
   194  5.518365e+03  5.043361e+03  -8.6077
   195  5.534263e+03  5.071974e+03  -8.3532
   196  5.549606e+03  5.101230e+03  -8.0794
   197  5.564387e+03  5.131387e+03  -7.7816
   198  5.578601e+03  5.162147e+03  -7.4652
   199  5.592241e+03  5.193077e+03  -7.1378
   200  5.605302e+03  5.223743e+03  -6.8071
   201  5.617778e+03  5.253703e+03  -6.4808
   202  5.629664e+03  5.282484e+03  -6.1670
   203  5.640958e+03  5.309604e+03  -5.8741
   204  5.651657e+03  5.334584e+03  -5.6103
   205  5.661757e+03  5.357091e+03  -5.3811
   206  5.671256e+03  5.377382e+03  -5.1818
   207  5.680150e+03  5.395863e+03  -5.0049
   208  5.688438e+03  5.412941e+03  -4.8431
   209  5.696117e+03  5.428966e+03  -4.6901
   210  5.703185e+03  5.444068e+03  -4.5434
   211  5.709639e+03  5.458322e+03  -4.4016
   212  5.715477e+03  5.471804e+03  -4.2634
   213  5.720698e+03  5.484571e+03  -4.1276
   214  5.725299e+03  5.496612e+03  -3.9943
   215  5.729279e+03  5.507898e+03  -3.8640
   216  5.732636e+03  5.518403e+03  -3.7371
   217  5.735370e+03  5.528152e+03  -3.6130
   218  5.737479e+03  5.537394e+03  -3.4873
   219  5.738961e+03  5.546432e+03  -3.3548
   220  5.739817e+03  5.555571e+03  -3.2100
   221  5.740045e+03  5.564992e+03  -3.0497
   222  5.739644e+03  5.574389e+03  -2.8792
   223  5.738615e+03  5.583335e+03  -2.7059
   224  5.736957e+03  5.591402e+03  -2.5371
   225  5.734671e+03  5.598336e+03  -2.3774
   226  5.731757e+03  5.604586e+03  -2.2187
   227  5.728217e+03  5.610771e+03  -2.0503
   228  5.724053e+03  5.617513e+03  -1.8613
   229  5.719266e+03  5.625132e+03  -1.6459
   230  5.713857e+03  5.632731e+03  -1.4198
   231  5.707829e+03  5.639113e+03  -1.2039
   232  5.701184e+03  5.643080e+03  -1.0192
   233  5.693924e+03  5.643883e+03  -0.8788
   234  5.686051e+03  5.642569e+03  -0.7647
   235  5.677570e+03  5.640633e+03  -0.6506
   236  5.668481e+03  5.639572e+03  -0.5100
   237  5.658790e+03  5.640349e+03  -0.3259
   238  5.648499e+03  5.641794e+03  -0.1187
   239  5.637612e+03  5.642205e+03  +0.0815
   240  5.626133e+03  5.639878e+03  +0.2443
   241  5.614066e+03  5.633691e+03  +0.3496
   242  5.601414e+03  5.624830e+03  +0.4180
   243  5.588184e+03  5.615063e+03  +0.4810
   244  5.574379e+03  5.606155e+03  +0.5700
   245  5.560005e+03  5.599318e+03  +0.7071
   246  5.545067e+03  5.593541e+03  +0.8742
   247  5.529570e+03  5.587255e+03  +1.0432
   248  5.513519e+03  5.578895e+03  +1.1857
   249  5.496922e+03  5.567358e+03  +1.2814
   250  5.479784e+03  5.553400e+03  +1.3434
   251  5.462110e+03  5.538240e+03  +1.3938
   252  5.443905e+03  5.523100e+03  +1.4547
   253  5.425177e+03  5.508887e+03  +1.5430
   254  5.405929e+03  5.495266e+03  +1.6526
   255  5.386168e+03  5.481587e+03  +1.7716
   256  5.365902e+03  5.467204e+03  +1.8879
   257  5.345135e+03  5.451569e+03  +1.9912
   258  5.323875e+03  5.434539e+03  +2.0786
   259  5.302128e+03  5.416072e+03  +2.1490
   260  5.279903e+03  5.396125e+03  +2.2012
   261  5.257205e+03  5.374808e+03  +2.2370
   262  5.234043e+03  5.352832e+03  +2.2695
   263  5.210425e+03  5.331061e+03  +2.3153
   264  5.186358e+03  5.310359e+03  +2.3909
   265  5.161851e+03  5.291222e+03  +2.5063
   266  5.136912e+03  5.272681e+03  +2.6430
   267  5.111550e+03  5.253403e+03  +2.7752
   268  5.085773e+03  5.232053e+03  +2.8762
   269  5.059592e+03  5.207703e+03  +2.9273
   270  5.033015e+03  5.181059e+03  +2.9415
   271  5.006051e+03  5.153237e+03  +2.9402
   272  4.978712e+03  5.125349e+03  +2.9453
   273  4.951006e+03  5.098275e+03  +2.9745
   274  4.922944e+03  5.071956e+03  +3.0269
   275  4.894537e+03  5.046100e+03  +3.0966
   276  4.865796e+03  5.020412e+03  +3.1776
   277  4.836731e+03  4.994557e+03  +3.2631
   278  4.807354e+03  4.968026e+03  +3.3422
   279  4.777676e+03  4.940268e+03  +3.4032
   280  4.747705e+03  4.910730e+03  +3.4338
   281  4.717450e+03  4.879123e+03  +3.4271
   282  4.686919e+03  4.846197e+03  +3.3983
   283  4.656121e+03  4.812966e+03  +3.3686
   284  4.625065e+03  4.780442e+03  +3.3595
   285  4.593759e+03  4.749353e+03  +3.3871
   286  4.562213e+03  4.719281e+03  +3.4428
   287  4.530435e+03  4.689524e+03  +3.5116
   288  4.498436e+03  4.659379e+03  +3.5778
   289  4.466223e+03  4.628297e+03  +3.6289
   290  4.433808e+03  4.596336e+03  +3.6656
   291  4.401200e+03  4.563711e+03  +3.6924
   292  4.368409e+03  4.530633e+03  +3.7136
   293  4.335444e+03  4.497357e+03  +3.7346
   294  4.302317e+03  4.464292e+03  +3.7648
   295  4.269038e+03  4.431889e+03  +3.8147
   296  4.235616e+03  4.400601e+03  +3.8952
   297  4.202063e+03  4.370738e+03  +4.0141
   298  4.168390e+03  4.342059e+03  +4.1663
   299  4.134608e+03  4.314182e+03  +4.3432
   300  4.100727e+03  4.286727e+03  +4.5358
   301  4.066760e+03  4.259344e+03  +4.7356
   302  4.032717e+03  4.231811e+03  +4.9370
   303  3.998611e+03  4.203936e+03  +5.1349
   304  3.964453e+03  4.175528e+03  +5.3242
   305  3.930255e+03  4.146507e+03  +5.5023
   306  3.896029e+03  4.117237e+03  +5.6778
   307  3.861788e+03  4.088191e+03  +5.8627
   308  3.827543e+03  4.059845e+03  +6.0692
   309  3.793308e+03  4.032485e+03  +6.3052
   310  3.759096e+03  4.005651e+03  +6.5589
   311  3.724919e+03  3.978693e+03  +6.8129
   312  3.690789e+03  3.950963e+03  +7.0493
   313  3.656716e+03  3.921897e+03  +7.2519
   314  3.622707e+03  3.891270e+03  +7.4133
   315  3.588770e+03  3.858942e+03  +7.5283
   316  3.554914e+03  3.824771e+03  +7.5911
   317  3.521146e+03  3.788738e+03  +7.5996
   318  3.487475e+03  3.751303e+03  +7.5650
   319  3.453909e+03  3.713047e+03  +7.5027
   320  3.420457e+03  3.674549e+03  +7.4286
   321  3.387125e+03  3.636362e+03  +7.3584
   322  3.353923e+03  3.598927e+03  +7.3050
   323  3.320859e+03  3.562655e+03  +7.2812
   324  3.287940e+03  3.527960e+03  +7.3000
   325  3.255176e+03  3.495127e+03  +7.3714
   326  3.222575e+03  3.463942e+03  +7.4899
   327  3.190145e+03  3.434065e+03  +7.6460
   328  3.157895e+03  3.405155e+03  +7.8299
   329  3.125832e+03  3.376945e+03  +8.0335
   330  3.093966e+03  3.349463e+03  +8.2579
   331  3.062305e+03  3.322813e+03  +8.5069
   332  3.030856e+03  3.297096e+03  +8.7843
   333  2.999630e+03  3.272362e+03  +9.0922
   334  2.968634e+03  3.248453e+03  +9.4259
   335  2.937877e+03  3.225157e+03  +9.7785
   336  2.907367e+03  3.202263e+03  +10.1431
   337  2.877113e+03  3.179476e+03  +10.5092
   338  2.847124e+03  3.156167e+03  +10.8546
   339  2.817408e+03  3.131626e+03  +11.1527
   340  2.787974e+03  3.105139e+03  +11.3762
   341  2.758831e+03  3.076185e+03  +11.5032
   342  2.729986e+03  3.045003e+03  +11.5391
   343  2.701450e+03  3.012022e+03  +11.4965
   344  2.673230e+03  2.977669e+03  +11.3884
   345  2.645335e+03  2.942445e+03  +11.2314
   346  2.617775e+03  2.907127e+03  +11.0533
   347  2.590557e+03  2.872563e+03  +10.8859
   348  2.563691e+03  2.839602e+03  +10.7622
   349  2.537185e+03  2.809000e+03  +10.7133
   350  2.511043e+03  2.781148e+03  +10.7567
   351  2.485270e+03  2.756342e+03  +10.9071
   352  2.459870e+03  2.734881e+03  +11.1799
   353  2.434846e+03  2.716817e+03  +11.5806
   354  2.410204e+03  2.701222e+03  +12.0744
   355  2.385945e+03  2.686923e+03  +12.6146
   356  2.362075e+03  2.672747e+03  +13.1525
   357  2.338596e+03  2.657615e+03  +13.6415
   358  2.315513e+03  2.640834e+03  +14.0496
   359  2.292828e+03  2.621806e+03  +14.3481
   360  2.270545e+03  2.599931e+03  +14.5069
   361  2.248667e+03  2.574821e+03  +14.5043
   362  2.227198e+03  2.546929e+03  +14.3558
   363  2.206139e+03  2.516918e+03  +14.0870
   364  2.185494e+03  2.485449e+03  +13.7248
   365  2.165266e+03  2.453318e+03  +13.3033
   366  2.145457e+03  2.421848e+03  +12.8826
   367  2.126070e+03  2.392497e+03  +12.5314
   368  2.107107e+03  2.366719e+03  +12.3208
   369  2.088571e+03  2.345616e+03  +12.3072
   370  2.070464e+03  2.328867e+03  +12.4805
   371  2.052787e+03  2.315797e+03  +12.8123
   372  2.035544e+03  2.305728e+03  +13.2733
   373  2.018735e+03  2.297821e+03  +13.8248
   374  2.002362e+03  2.290579e+03  +14.3938
   375  1.986428e+03  2.282340e+03  +14.8967
   376  1.970933e+03  2.271443e+03  +15.2471
   377  1.955879e+03  2.256582e+03  +15.3743
   378  1.941267e+03  2.237876e+03  +15.2792
   379  1.927098e+03  2.215800e+03  +14.9812
   380  1.913373e+03  2.190828e+03  +14.5008
   381  1.900094e+03  2.163675e+03  +13.8720
   382  1.887260e+03  2.136008e+03  +13.1804
   383  1.874873e+03  2.109735e+03  +12.5268
   384  1.862933e+03  2.086764e+03  +12.0150
   385  1.851439e+03  2.068590e+03  +11.7288
   386  1.840394e+03  2.055068e+03  +11.6646
   387  1.829796e+03  2.045641e+03  +11.7961
   388  1.819645e+03  2.039749e+03  +12.0960
   389  1.809941e+03  2.036569e+03  +12.5213
   390  1.800682e+03  2.034203e+03  +12.9685
   391  1.791867e+03  2.030484e+03  +13.3167
   392  1.783495e+03  2.023247e+03  +13.4429
   393  1.775564e+03  2.010904e+03  +13.2544
   394  1.768072e+03  1.994174e+03  +12.7881
   395  1.761017e+03  1.974355e+03  +12.1145
   396  1.754398e+03  1.952744e+03  +11.3057
   397  1.748212e+03  1.930746e+03  +10.4412
   398  1.742456e+03  1.910192e+03  +9.6264
   399  1.737129e+03  1.893023e+03  +8.9742
   400  1.732227e+03  1.881177e+03  +8.5988
   401  1.727747e+03  1.875907e+03  +8.5753
   402  1.723687e+03  1.875719e+03  +8.8202
   403  1.720042e+03  1.878430e+03  +9.2083
   404  1.716811e+03  1.881857e+03  +9.6135
   405  1.713988e+03  1.883956e+03  +9.9165
   406  1.711571e+03  1.883226e+03  +10.0291
   407  1.709555e+03  1.878304e+03  +9.8709
   408  1.707937e+03  1.867824e+03  +9.3615
   409  1.706711e+03  1.851171e+03  +8.4642
   410  1.705874e+03  1.830711e+03  +7.3181
   411  1.705420e+03  1.809559e+03  +6.1063
   412  1.705346e+03  1.790828e+03  +5.0126
   413  1.705645e+03  1.777122e+03  +4.1906
   414  1.706313e+03  1.768994e+03  +3.6735
   415  1.707344e+03  1.766488e+03  +3.4641
   416  1.708734e+03  1.769649e+03  +3.5649
   417  1.710474e+03  1.777915e+03  +3.9428
   418  1.712561e+03  1.788317e+03  +4.4235
   419  1.714988e+03  1.797279e+03  +4.7983
   420  1.717748e+03  1.801228e+03  +4.8599
   421  1.720835e+03  1.797586e+03  +4.4601
   422  1.724242e+03  1.787755e+03  +3.6835
   423  1.727963e+03  1.774134e+03  +2.6720
   424  1.731989e+03  1.759121e+03  +1.5665
   425  1.736314e+03  1.745099e+03  +0.5059
   426  1.740930e+03  1.734384e+03  -0.3760
   427  1.745831e+03  1.729277e+03  -0.9482
   428  1.751010e+03  1.732079e+03  -1.0812
   429  1.756464e+03  1.743890e+03  -0.7159
   430  1.762188e+03  1.761019e+03  -0.0663
   431  1.768177e+03  1.778572e+03  +0.5879
   432  1.774427e+03  1.791658e+03  +0.9711
   433  1.780932e+03  1.796511e+03  +0.8748
   434  1.787687e+03  1.793873e+03  +0.3460
   435  1.794686e+03  1.785609e+03  -0.5058
   436  1.801926e+03  1.773589e+03  -1.5726
   437  1.809399e+03  1.759968e+03  -2.7319
   438  1.817100e+03  1.748062e+03  -3.7993
   439  1.825023e+03  1.741478e+03  -4.5778
   440  1.833162e+03  1.743820e+03  -4.8737
   441  1.841511e+03  1.757149e+03  -4.5811
   442  1.850064e+03  1.777348e+03  -3.9304
   443  1.858814e+03  1.798754e+03  -3.2311
   444  1.867754e+03  1.815704e+03  -2.7868
   445  1.876877e+03  1.823827e+03  -2.8265
   446  1.886178e+03  1.823918e+03  -3.3008
   447  1.895648e+03  1.818065e+03  -4.0927
   448  1.905280e+03  1.808355e+03  -5.0872
   449  1.915067e+03  1.797181e+03  -6.1557
   450  1.925001e+03  1.788164e+03  -7.1084
   451  1.935075e+03  1.785230e+03  -7.7437
   452  1.945281e+03  1.792305e+03  -7.8640
   453  1.955611e+03  1.811510e+03  -7.3686
   454  1.966055e+03  1.837742e+03  -6.5264
   455  1.976607e+03  1.864092e+03  -5.6923
   456  1.987258e+03  1.883651e+03  -5.2135
   457  1.997998e+03  1.891371e+03  -5.3367
   458  2.008819e+03  1.889648e+03  -5.9324
   459  2.019712e+03  1.882741e+03  -6.7817
   460  2.030668e+03  1.874906e+03  -7.6705
   461  2.041678e+03  1.869998e+03  -8.4087
   462  2.052731e+03  1.870261e+03  -8.8891
   463  2.063819e+03  1.877535e+03  -9.0262
   464  2.074931e+03  1.893660e+03  -8.7362
   465  2.086057e+03  1.919032e+03  -8.0067
   466  2.097188e+03  1.948275e+03  -7.1006
   467  2.108320e+03  1.974567e+03  -6.3440
   468  2.119447e+03  1.991088e+03  -6.0562
   469  2.130566e+03  1.993338e+03  -6.4409
   470  2.141672e+03  1.986099e+03  -7.2641
   471  2.152761e+03  1.976476e+03  -8.1888
   472  2.163829e+03  1.971570e+03  -8.8851
   473  2.174871e+03  1.976850e+03  -9.1049
   474  2.185882e+03  1.991239e+03  -8.9045
   475  2.196858e+03  2.012025e+03  -8.4135
   476  2.207795e+03  2.036495e+03  -7.7589
   477  2.218686e+03  2.061791e+03  -7.0715
   478  2.229528e+03  2.084480e+03  -6.5058
   479  2.240316e+03  2.100982e+03  -6.2194
   480  2.251044e+03  2.107719e+03  -6.3671
   481  2.261708e+03  2.103049e+03  -7.0150
   482  2.272303e+03  2.093090e+03  -7.8868
   483  2.282822e+03  2.085895e+03  -8.6265
   484  2.293262e+03  2.089519e+03  -8.8844
   485  2.303616e+03  2.109267e+03  -8.4367
   486  2.313880e+03  2.139437e+03  -7.5390
   487  2.324047e+03  2.171578e+03  -6.5605
   488  2.334113e+03  2.197238e+03  -5.8641
   489  2.344071e+03  2.210172e+03  -5.7122
   490  2.353916e+03  2.212960e+03  -5.9881
   491  2.363642e+03  2.210389e+03  -6.4838
   492  2.373243e+03  2.207245e+03  -6.9946
   493  2.382714e+03  2.207596e+03  -7.3495
   494  2.392049e+03  2.212629e+03  -7.5007
   495  2.401240e+03  2.222811e+03  -7.4307
   496  2.410283e+03  2.238609e+03  -7.1226
   497  2.419170e+03  2.259956e+03  -6.5814
   498  2.427897e+03  2.284645e+03  -5.9002
   499  2.436455e+03  2.309935e+03  -5.1928
   500  2.444840e+03  2.333083e+03  -4.5711
   501  2.453043e+03  2.351913e+03  -4.1226
   502  2.461060e+03  2.366507e+03  -3.8419
   503  2.468882e+03  2.377513e+03  -3.7008
   504  2.476504e+03  2.385577e+03  -3.6716
   505  2.483919e+03  2.391348e+03  -3.7268
   506  2.491125e+03  2.395472e+03  -3.8398
   507  2.498122e+03  2.398596e+03  -3.9840
   508  2.504908e+03  2.401369e+03  -4.1334
   509  2.511482e+03  2.404322e+03  -4.2668
   510  2.517844e+03  2.407525e+03  -4.3815
   511  2.523992e+03  2.410931e+03  -4.4794
   512  2.529925e+03  2.414496e+03  -4.5625
   513  2.535642e+03  2.418174e+03  -4.6327
   514  2.541143e+03  2.421918e+03  -4.6918
   515  2.546426e+03  2.425684e+03  -4.7416
   516  2.551490e+03  2.429425e+03  -4.7841
   517  2.556335e+03  2.433115e+03  -4.8202
   518  2.560960e+03  2.436811e+03  -4.8478
   519  2.565363e+03  2.440586e+03  -4.8639
   520  2.569545e+03  2.444516e+03  -4.8658
   521  2.573503e+03  2.448676e+03  -4.8505
   522  2.577238e+03  2.453141e+03  -4.8151
   523  2.580748e+03  2.457986e+03  -4.7568
   524  2.584032e+03  2.463286e+03  -4.6728
   525  2.587090e+03  2.469091e+03  -4.5611
   526  2.589922e+03  2.475348e+03  -4.4238
   527  2.592525e+03  2.481982e+03  -4.2639
   528  2.594900e+03  2.488913e+03  -4.0844
   529  2.597046e+03  2.496066e+03  -3.8883
   530  2.598962e+03  2.503363e+03  -3.6784
   531  2.600647e+03  2.510726e+03  -3.4576
   532  2.602101e+03  2.518079e+03  -3.2290
   533  2.603323e+03  2.525353e+03  -2.9950
   534  2.604312e+03  2.532512e+03  -2.7570
   535  2.605068e+03  2.539527e+03  -2.5159
   536  2.605590e+03  2.546372e+03  -2.2727
   537  2.605878e+03  2.553019e+03  -2.0284
   538  2.605931e+03  2.559441e+03  -1.7840
   539  2.605748e+03  2.565609e+03  -1.5404
   540  2.605329e+03  2.571497e+03  -1.2986
   541  2.604673e+03  2.577076e+03  -1.0595
   542  2.603780e+03  2.582324e+03  -0.8240
   543  2.602649e+03  2.587216e+03  -0.5930
   544  2.601281e+03  2.591729e+03  -0.3672
   545  2.599677e+03  2.595840e+03  -0.1476
   546  2.597839e+03  2.599525e+03  +0.0649
   547  2.595770e+03  2.602760e+03  +0.2693
   548  2.593473e+03  2.605523e+03  +0.4646
   549  2.590950e+03  2.607792e+03  +0.6500
   550  2.588204e+03  2.609560e+03  +0.8251
   551  2.585238e+03  2.610822e+03  +0.9896
   552  2.582053e+03  2.611574e+03  +1.1433
   553  2.578654e+03  2.611811e+03  +1.2858
   554  2.575042e+03  2.611528e+03  +1.4169
   555  2.571222e+03  2.610721e+03  +1.5362
   556  2.567195e+03  2.609385e+03  +1.6434
   557  2.562965e+03  2.607525e+03  +1.7386
   558  2.558536e+03  2.605181e+03  +1.8231
   559  2.553909e+03  2.602404e+03  +1.8989
   560  2.549089e+03  2.599245e+03  +1.9676
   561  2.544079e+03  2.595753e+03  +2.0311
   562  2.538882e+03  2.591978e+03  +2.0913
   563  2.533502e+03  2.587972e+03  +2.1500
   564  2.527942e+03  2.583783e+03  +2.2090
   565  2.522206e+03  2.579453e+03  +2.2697
   566  2.516297e+03  2.574983e+03  +2.3322
   567  2.510219e+03  2.570363e+03  +2.3960
   568  2.503976e+03  2.565586e+03  +2.4605
   569  2.497572e+03  2.560642e+03  +2.5252
   570  2.491011e+03  2.555522e+03  +2.5898
   571  2.484296e+03  2.550219e+03  +2.6536
   572  2.477431e+03  2.544722e+03  +2.7162
   573  2.470422e+03  2.539027e+03  +2.7771
   574  2.463271e+03  2.533139e+03  +2.8364
   575  2.455983e+03  2.527066e+03  +2.8943
   576  2.448563e+03  2.520817e+03  +2.9509
   577  2.441015e+03  2.514400e+03  +3.0063
   578  2.433343e+03  2.507825e+03  +3.0609
   579  2.425552e+03  2.501098e+03  +3.1146
   580  2.417646e+03  2.494229e+03  +3.1677
   581  2.409631e+03  2.487230e+03  +3.2204
   582  2.401510e+03  2.480124e+03  +3.2735
   583  2.393288e+03  2.472937e+03  +3.3280
   584  2.384970e+03  2.465696e+03  +3.3848
   585  2.376559e+03  2.458428e+03  +3.4449
   586  2.368059e+03  2.451160e+03  +3.5092
   587  2.359474e+03  2.443917e+03  +3.5789
   588  2.350808e+03  2.436727e+03  +3.6549
   589  2.342066e+03  2.429606e+03  +3.7378
   590  2.333250e+03  2.422532e+03  +3.8265
   591  2.324366e+03  2.415472e+03  +3.9196
   592  2.315418e+03  2.408394e+03  +4.0155
   593  2.306410e+03  2.401265e+03  +4.1126
   594  2.297346e+03  2.394052e+03  +4.2094
   595  2.288231e+03  2.386722e+03  +4.3042
   596  2.279070e+03  2.379245e+03  +4.3954
   597  2.269866e+03  2.371589e+03  +4.4815
   598  2.260625e+03  2.363744e+03  +4.5616
   599  2.251350e+03  2.355700e+03  +4.6350
   600  2.242048e+03  2.347448e+03  +4.7011
   601  2.232722e+03  2.338980e+03  +4.7591
   602  2.223377e+03  2.330287e+03  +4.8084
   603  2.214019e+03  2.321360e+03  +4.8482
   604  2.204652e+03  2.312190e+03  +4.8778
   605  2.195282e+03  2.302781e+03  +4.8968
   606  2.185913e+03  2.293186e+03  +4.9075
   607  2.176550e+03  2.283472e+03  +4.9125
   608  2.167199e+03  2.273704e+03  +4.9144
   609  2.157865e+03  2.263949e+03  +4.9161
   610  2.148554e+03  2.254271e+03  +4.9204
   611  2.139270e+03  2.244738e+03  +4.9301
   612  2.130019e+03  2.235416e+03  +4.9481
   613  2.120807e+03  2.226354e+03  +4.9767
   614  2.111639e+03  2.217548e+03  +5.0155
   615  2.102522e+03  2.208975e+03  +5.0631
   616  2.093459e+03  2.200615e+03  +5.1186
   617  2.084459e+03  2.192446e+03  +5.1806
   618  2.075525e+03  2.184447e+03  +5.2479
   619  2.066665e+03  2.176596e+03  +5.3193
   620  2.057883e+03  2.168873e+03  +5.3934
   621  2.049187e+03  2.161253e+03  +5.4688
   622  2.040581e+03  2.153706e+03  +5.5438
   623  2.032069e+03  2.146197e+03  +5.6163
   624  2.023654e+03  2.138693e+03  +5.6847
   625  2.015337e+03  2.131159e+03  +5.7470
   626  2.007122e+03  2.123561e+03  +5.8013
   627  1.999011e+03  2.115866e+03  +5.8457
   628  1.991006e+03  2.108040e+03  +5.8781
   629  1.983112e+03  2.100061e+03  +5.8973
   630  1.975329e+03  2.091950e+03  +5.9039
   631  1.967661e+03  2.083741e+03  +5.8994
   632  1.960110e+03  2.075468e+03  +5.8853
   633  1.952680e+03  2.067165e+03  +5.8630
   634  1.945373e+03  2.058865e+03  +5.8340
   635  1.938191e+03  2.050603e+03  +5.7998
   636  1.931139e+03  2.042411e+03  +5.7620
   637  1.924217e+03  2.034321e+03  +5.7220
   638  1.917430e+03  2.026349e+03  +5.6805
   639  1.910780e+03  2.018509e+03  +5.6380
   640  1.904270e+03  2.010816e+03  +5.5951
   641  1.897903e+03  2.003282e+03  +5.5524
   642  1.891681e+03  1.995923e+03  +5.5105
   643  1.885608e+03  1.988751e+03  +5.4700
   644  1.879687e+03  1.981781e+03  +5.4314
   645  1.873921e+03  1.975021e+03  +5.3951
   646  1.868312e+03  1.968463e+03  +5.3605
   647  1.862864e+03  1.962093e+03  +5.3267
   648  1.857580e+03  1.955896e+03  +5.2927
   649  1.852462e+03  1.949858e+03  +5.2576
   650  1.847515e+03  1.943965e+03  +5.2206
   651  1.842740e+03  1.938204e+03  +5.1805
   652  1.838141e+03  1.932559e+03  +5.1366
   653  1.833722e+03  1.927019e+03  +5.0878
   654  1.829485e+03  1.921570e+03  +5.0334
   655  1.825433e+03  1.916204e+03  +4.9725
   656  1.821571e+03  1.910908e+03  +4.9044
   657  1.817900e+03  1.905673e+03  +4.8283
   658  1.814424e+03  1.900488e+03  +4.7433
   659  1.811147e+03  1.895341e+03  +4.6486
   660  1.808072e+03  1.890223e+03  +4.5436
   661  1.805202e+03  1.885129e+03  +4.4276
   662  1.802536e+03  1.880078e+03  +4.3019
   663  1.800074e+03  1.875098e+03  +4.1678
   664  1.797816e+03  1.870213e+03  +4.0269
   665  1.795763e+03  1.865451e+03  +3.8807
   666  1.793912e+03  1.860837e+03  +3.7307
   667  1.792264e+03  1.856397e+03  +3.5783
   668  1.790818e+03  1.852157e+03  +3.4252
   669  1.789574e+03  1.848137e+03  +3.2724
   670  1.788532e+03  1.844327e+03  +3.1196
   671  1.787690e+03  1.840711e+03  +2.9659
   672  1.787048e+03  1.837272e+03  +2.8105
   673  1.786605e+03  1.833995e+03  +2.6525
   674  1.786362e+03  1.830864e+03  +2.4912
   675  1.786317e+03  1.827861e+03  +2.3257
   676  1.786469e+03  1.824971e+03  +2.1552
   677  1.786819e+03  1.822181e+03  +1.9790
   678  1.787364e+03  1.819489e+03  +1.7973
   679  1.788105e+03  1.816899e+03  +1.6103
   680  1.789041e+03  1.814412e+03  +1.4181
   681  1.790171e+03  1.812031e+03  +1.2211
   682  1.791494e+03  1.809759e+03  +1.0195
   683  1.793009e+03  1.807597e+03  +0.8136
   684  1.794715e+03  1.805548e+03  +0.6036
   685  1.796612e+03  1.803616e+03  +0.3899
   686  1.798698e+03  1.801815e+03  +0.1733
   687  1.800973e+03  1.800158e+03  -0.0453
   688  1.803436e+03  1.798660e+03  -0.2648
   689  1.806086e+03  1.797336e+03  -0.4844
   690  1.808921e+03  1.796200e+03  -0.7032
   691  1.811940e+03  1.795267e+03  -0.9202
   692  1.815143e+03  1.794552e+03  -1.1344
   693  1.818529e+03  1.794065e+03  -1.3453
   694  1.822096e+03  1.793807e+03  -1.5526
   695  1.825843e+03  1.793773e+03  -1.7565
   696  1.829769e+03  1.793959e+03  -1.9570
   697  1.833872e+03  1.794362e+03  -2.1544
   698  1.838152e+03  1.794979e+03  -2.3487
   699  1.842608e+03  1.795805e+03  -2.5401
   700  1.847237e+03  1.796836e+03  -2.7285
   701  1.852037e+03  1.798069e+03  -2.9140
   702  1.857005e+03  1.799501e+03  -3.0966
   703  1.862139e+03  1.801132e+03  -3.2762
   704  1.867435e+03  1.802957e+03  -3.4527
   705  1.872890e+03  1.804976e+03  -3.6262
   706  1.878501e+03  1.807186e+03  -3.7964
   707  1.884265e+03  1.809585e+03  -3.9634
   708  1.890179e+03  1.812171e+03  -4.1270
   709  1.896240e+03  1.814949e+03  -4.2870
   710  1.902444e+03  1.817949e+03  -4.4414
   711  1.908787e+03  1.821208e+03  -4.5882
   712  1.915268e+03  1.824765e+03  -4.7253
   713  1.921882e+03  1.828656e+03  -4.8508
   714  1.928625e+03  1.832918e+03  -4.9624
   715  1.935495e+03  1.837590e+03  -5.0584
   716  1.942487e+03  1.842709e+03  -5.1366
   717  1.949599e+03  1.848295e+03  -5.1961
   718  1.956826e+03  1.854311e+03  -5.2389
   719  1.964165e+03  1.860699e+03  -5.2677
   720  1.971612e+03  1.867404e+03  -5.2854
   721  1.979163e+03  1.874372e+03  -5.2947
   722  1.986815e+03  1.881546e+03  -5.2984
   723  1.994563e+03  1.888871e+03  -5.2990
   724  2.002403e+03  1.896291e+03  -5.2992
   725  2.010332e+03  1.903764e+03  -5.3010
   726  2.018346e+03  1.911293e+03  -5.3040
   727  2.026440e+03  1.918894e+03  -5.3071
   728  2.034611e+03  1.926585e+03  -5.3094
   729  2.042853e+03  1.934381e+03  -5.3099
   730  2.051164e+03  1.942298e+03  -5.3075
   731  2.059538e+03  1.950353e+03  -5.3014
   732  2.067971e+03  1.958562e+03  -5.2906
   733  2.076459e+03  1.966933e+03  -5.2747
   734  2.084998e+03  1.975432e+03  -5.2550
   735  2.093583e+03  1.984020e+03  -5.2333
   736  2.102209e+03  1.992655e+03  -5.2114
   737  2.110872e+03  2.001296e+03  -5.1910
   738  2.119567e+03  2.009902e+03  -5.1739
   739  2.128290e+03  2.018432e+03  -5.1618
   740  2.137037e+03  2.026845e+03  -5.1563
   741  2.145804e+03  2.035108e+03  -5.1587
   742  2.154589e+03  2.043220e+03  -5.1689
   743  2.163387e+03  2.051190e+03  -5.1862
   744  2.172195e+03  2.059026e+03  -5.2099
   745  2.181009e+03  2.066735e+03  -5.2395
   746  2.189826e+03  2.074327e+03  -5.2744
   747  2.198641e+03  2.081807e+03  -5.3139
   748  2.207452e+03  2.089186e+03  -5.3576
   749  2.216254e+03  2.096474e+03  -5.4047
   750  2.225044e+03  2.103700e+03  -5.4536
   751  2.233818e+03  2.110897e+03  -5.5027
   752  2.242571e+03  2.118098e+03  -5.5505
   753  2.251300e+03  2.125335e+03  -5.5952
   754  2.260001e+03  2.132640e+03  -5.6354
   755  2.268669e+03  2.140048e+03  -5.6695
   756  2.277302e+03  2.147589e+03  -5.6959
   757  2.285894e+03  2.155291e+03  -5.7134
   758  2.294441e+03  2.163157e+03  -5.7219
   759  2.302940e+03  2.171182e+03  -5.7213
   760  2.311386e+03  2.179364e+03  -5.7118
   761  2.319775e+03  2.187699e+03  -5.6935
   762  2.328103e+03  2.196184e+03  -5.6664
   763  2.336364e+03  2.204815e+03  -5.6305
   764  2.344556e+03  2.213588e+03  -5.5860
   765  2.352672e+03  2.222503e+03  -5.5328
   766  2.360710e+03  2.231565e+03  -5.4706
   767  2.368664e+03  2.240782e+03  -5.3989
   768  2.376530e+03  2.250162e+03  -5.3174
   769  2.384304e+03  2.259712e+03  -5.2255
   770  2.391979e+03  2.269440e+03  -5.1229
   771  2.399553e+03  2.279355e+03  -5.0092
   772  2.407020e+03  2.289464e+03  -4.8839
   773  2.414376e+03  2.299760e+03  -4.7473
   774  2.421615e+03  2.310173e+03  -4.6020
   775  2.428734e+03  2.320621e+03  -4.4514
   776  2.435726e+03  2.331019e+03  -4.2988
   777  2.442587e+03  2.341284e+03  -4.1474
   778  2.449313e+03  2.351331e+03  -4.0004
   779  2.455901e+03  2.361077e+03  -3.8610
   780  2.462349e+03  2.370439e+03  -3.7326
   781  2.468656e+03  2.379348e+03  -3.6177
   782  2.474819e+03  2.387801e+03  -3.5161
   783  2.480837e+03  2.395811e+03  -3.4273
   784  2.486707e+03  2.403392e+03  -3.3504
   785  2.492428e+03  2.410556e+03  -3.2848
   786  2.497997e+03  2.417317e+03  -3.2298
   787  2.503413e+03  2.423686e+03  -3.1847
   788  2.508674e+03  2.429678e+03  -3.1489
   789  2.513777e+03  2.435307e+03  -3.1216
   790  2.518721e+03  2.440594e+03  -3.1019
   791  2.523504e+03  2.445562e+03  -3.0887
   792  2.528123e+03  2.450232e+03  -3.0810
   793  2.532577e+03  2.454627e+03  -3.0779
   794  2.536864e+03  2.458770e+03  -3.0784
   795  2.540980e+03  2.462683e+03  -3.0814
   796  2.544925e+03  2.466389e+03  -3.0860
   797  2.548697e+03  2.469914e+03  -3.0911
   798  2.552292e+03  2.473303e+03  -3.0948
   799  2.555710e+03  2.476605e+03  -3.0952
   800  2.558947e+03  2.479867e+03  -3.0903
   801  2.562002e+03  2.483140e+03  -3.0782
   802  2.564873e+03  2.486471e+03  -3.0568
   803  2.567557e+03  2.489909e+03  -3.0242
   804  2.570053e+03  2.493503e+03  -2.9785
   805  2.572358e+03  2.497287e+03  -2.9184
   806  2.574469e+03  2.501229e+03  -2.8449
   807  2.576385e+03  2.505286e+03  -2.7596
   808  2.578104e+03  2.509413e+03  -2.6644
   809  2.579623e+03  2.513564e+03  -2.5608
   810  2.580940e+03  2.517694e+03  -2.4505
   811  2.582053e+03  2.521759e+03  -2.3351
   812  2.582960e+03  2.525713e+03  -2.2163
   813  2.583657e+03  2.529508e+03  -2.0958
   814  2.584144e+03  2.533085e+03  -1.9759
   815  2.584417e+03  2.536381e+03  -1.8587
   816  2.584475e+03  2.539334e+03  -1.7466
   817  2.584315e+03  2.541882e+03  -1.6420
   818  2.583938e+03  2.543961e+03  -1.5472
   819  2.583345e+03  2.545509e+03  -1.4646
   820  2.582535e+03  2.546464e+03  -1.3967
   821  2.581511e+03  2.546784e+03  -1.3452
   822  2.580272e+03  2.546509e+03  -1.3085
   823  2.578820e+03  2.545699e+03  -1.2843
   824  2.577155e+03  2.544416e+03  -1.2703
   825  2.575278e+03  2.542721e+03  -1.2642
   826  2.573190e+03  2.540674e+03  -1.2637
   827  2.570892e+03  2.538335e+03  -1.2664
   828  2.568384e+03  2.535766e+03  -1.2700
   829  2.565668e+03  2.533021e+03  -1.2725
   830  2.562745e+03  2.530125e+03  -1.2728
   831  2.559615e+03  2.527100e+03  -1.2703
   832  2.556279e+03  2.523964e+03  -1.2642
   833  2.552739e+03  2.520738e+03  -1.2536
   834  2.548995e+03  2.517441e+03  -1.2379
   835  2.545049e+03  2.514093e+03  -1.2163
   836  2.540901e+03  2.510714e+03  -1.1880
   837  2.536552e+03  2.507316e+03  -1.1526
   838  2.532004e+03  2.503879e+03  -1.1108
   839  2.527257e+03  2.500374e+03  -1.0637
   840  2.522313e+03  2.496775e+03  -1.0125
   841  2.517173e+03  2.493052e+03  -0.9583
   842  2.511837e+03  2.489177e+03  -0.9021
   843  2.506308e+03  2.485124e+03  -0.8452
   844  2.500586e+03  2.480863e+03  -0.7887
   845  2.494673e+03  2.476371e+03  -0.7336
   846  2.488569e+03  2.471636e+03  -0.6804
   847  2.482276e+03  2.466652e+03  -0.6294
   848  2.475796e+03  2.461411e+03  -0.5810
   849  2.469129e+03  2.455907e+03  -0.5355
   850  2.462276e+03  2.450132e+03  -0.4932
   851  2.455240e+03  2.444079e+03  -0.4546
   852  2.448021e+03  2.437742e+03  -0.4199
   853  2.440621e+03  2.431120e+03  -0.3893
   854  2.433041e+03  2.424239e+03  -0.3618
   855  2.425283e+03  2.417132e+03  -0.3361
   856  2.417348e+03  2.409834e+03  -0.3108
   857  2.409239e+03  2.402377e+03  -0.2848
   858  2.400958e+03  2.394795e+03  -0.2567
   859  2.392508e+03  2.387120e+03  -0.2252
   860  2.383892e+03  2.379386e+03  -0.1890
   861  2.375113e+03  2.371615e+03  -0.1473
   862  2.366173e+03  2.363776e+03  -0.1013
   863  2.357077e+03  2.355830e+03  -0.0529
   864  2.347825e+03  2.347734e+03  -0.0039
   865  2.338422e+03  2.339448e+03  +0.0439
   866  2.328870e+03  2.330931e+03  +0.0885
   867  2.319173e+03  2.322141e+03  +0.1280
   868  2.309333e+03  2.313037e+03  +0.1604
   869  2.299354e+03  2.303592e+03  +0.1843
   870  2.289238e+03  2.293834e+03  +0.2007
   871  2.278989e+03  2.283803e+03  +0.2112
   872  2.268610e+03  2.273542e+03  +0.2174
   873  2.258105e+03  2.263091e+03  +0.2208
   874  2.247476e+03  2.252492e+03  +0.2232
   875  2.236726e+03  2.241786e+03  +0.2262
   876  2.225860e+03  2.231015e+03  +0.2316
   877  2.214880e+03  2.220219e+03  +0.2411
   878  2.203789e+03  2.209428e+03  +0.2558
   879  2.192592e+03  2.198672e+03  +0.2773
   880  2.181292e+03  2.187981e+03  +0.3067
   881  2.169892e+03  2.177385e+03  +0.3453
   882  2.158395e+03  2.166913e+03  +0.3946
   883  2.146806e+03  2.156595e+03  +0.4560
   884  2.135128e+03  2.146460e+03  +0.5307
   885  2.123364e+03  2.136517e+03  +0.6195
   886  2.111518e+03  2.126692e+03  +0.7186
   887  2.099594e+03  2.116889e+03  +0.8237
   888  2.087596e+03  2.107012e+03  +0.9301
   889  2.075527e+03  2.096966e+03  +1.0330
   890  2.063391e+03  2.086656e+03  +1.1275
   891  2.051192e+03  2.075985e+03  +1.2087
   892  2.038934e+03  2.064858e+03  +1.2715
   893  2.026620e+03  2.053209e+03  +1.3120
   894  2.014256e+03  2.041091e+03  +1.3323
   895  2.001844e+03  2.028585e+03  +1.3359
   896  1.989387e+03  2.015774e+03  +1.3264
   897  1.976890e+03  2.002738e+03  +1.3075
   898  1.964354e+03  1.989561e+03  +1.2832
   899  1.951783e+03  1.976323e+03  +1.2573
   900  1.939180e+03  1.963107e+03  +1.2339
   901  1.926548e+03  1.949987e+03  +1.2166
   902  1.913891e+03  1.937001e+03  +1.2075
   903  1.901211e+03  1.924183e+03  +1.2083
   904  1.888512e+03  1.911563e+03  +1.2206
   905  1.875797e+03  1.899174e+03  +1.2462
   906  1.863070e+03  1.887047e+03  +1.2870
   907  1.850333e+03  1.875214e+03  +1.3447
   908  1.837590e+03  1.863707e+03  +1.4212
   909  1.824844e+03  1.852536e+03  +1.5175
   910  1.812099e+03  1.841636e+03  +1.6299
   911  1.799359e+03  1.830916e+03  +1.7538
   912  1.786626e+03  1.820289e+03  +1.8842
   913  1.773904e+03  1.809666e+03  +2.0160
   914  1.761197e+03  1.798960e+03  +2.1442
   915  1.748507e+03  1.788082e+03  +2.2633
   916  1.735840e+03  1.776944e+03  +2.3680
   917  1.723198e+03  1.765480e+03  +2.4537
   918  1.710585e+03  1.753711e+03  +2.5211
   919  1.698005e+03  1.741681e+03  +2.5722
   920  1.685460e+03  1.729434e+03  +2.6090
   921  1.672956e+03  1.717013e+03  +2.6335
   922  1.660496e+03  1.704463e+03  +2.6478
   923  1.648083e+03  1.691826e+03  +2.6541
   924  1.635721e+03  1.679146e+03  +2.6548
   925  1.623415e+03  1.666469e+03  +2.6521
   926  1.611168e+03  1.653847e+03  +2.6490
   927  1.598983e+03  1.641333e+03  +2.6486
   928  1.586865e+03  1.628982e+03  +2.6541
   929  1.574818e+03  1.616847e+03  +2.6688
   930  1.562846e+03  1.604983e+03  +2.6962
   931  1.550952e+03  1.593442e+03  +2.7396
   932  1.539141e+03  1.582279e+03  +2.8027
   933  1.527417e+03  1.571528e+03  +2.8879
   934  1.515784e+03  1.561141e+03  +2.9924
   935  1.504242e+03  1.551053e+03  +3.1119
   936  1.492796e+03  1.541197e+03  +3.2423
   937  1.481445e+03  1.531506e+03  +3.3792
   938  1.470191e+03  1.521914e+03  +3.5181
   939  1.459037e+03  1.512353e+03  +3.6542
   940  1.447984e+03  1.502758e+03  +3.7828
   941  1.437034e+03  1.493071e+03  +3.8995
   942  1.426188e+03  1.483264e+03  +4.0020
   943  1.415448e+03  1.473322e+03  +4.0887
   944  1.404816e+03  1.463226e+03  +4.1578
   945  1.394294e+03  1.452959e+03  +4.2075
   946  1.383883e+03  1.442504e+03  +4.2360
   947  1.373585e+03  1.431844e+03  +4.2414
   948  1.363403e+03  1.420960e+03  +4.2216
   949  1.353337e+03  1.409860e+03  +4.1766
   950  1.343389e+03  1.398645e+03  +4.1131
   951  1.333562e+03  1.387439e+03  +4.0400
   952  1.323857e+03  1.376367e+03  +3.9664
   953  1.314276e+03  1.365556e+03  +3.9017
   954  1.304821e+03  1.355129e+03  +3.8555
   955  1.295494e+03  1.345212e+03  +3.8378
   956  1.286296e+03  1.335930e+03  +3.8587
   957  1.277229e+03  1.327368e+03  +3.9256
   958  1.268295e+03  1.319456e+03  +4.0338
   959  1.259497e+03  1.312081e+03  +4.1750
   960  1.250836e+03  1.305134e+03  +4.3410
   961  1.242313e+03  1.298504e+03  +4.5230
   962  1.233932e+03  1.292079e+03  +4.7123
   963  1.225693e+03  1.285749e+03  +4.8998
   964  1.217598e+03  1.279403e+03  +5.0759
   965  1.209651e+03  1.272941e+03  +5.2321
   966  1.201851e+03  1.266307e+03  +5.3630
   967  1.194203e+03  1.259456e+03  +5.4642
   968  1.186706e+03  1.252344e+03  +5.5311
   969  1.179364e+03  1.244925e+03  +5.5590
   970  1.172179e+03  1.237154e+03  +5.5431
   971  1.165152e+03  1.228987e+03  +5.4787
   972  1.158285e+03  1.220379e+03  +5.3609
   973  1.151580e+03  1.211328e+03  +5.1884
   974  1.145037e+03  1.202010e+03  +4.9756
   975  1.138656e+03  1.192643e+03  +4.7413
   976  1.132435e+03  1.183446e+03  +4.5045
   977  1.126376e+03  1.174639e+03  +4.2848
   978  1.120477e+03  1.166439e+03  +4.1020
   979  1.114738e+03  1.159067e+03  +3.9767
   980  1.109158e+03  1.152740e+03  +3.9293
   981  1.103737e+03  1.147603e+03  +3.9743
   982  1.098474e+03  1.143494e+03  +4.0984
   983  1.093370e+03  1.140181e+03  +4.2813
   984  1.088422e+03  1.137426e+03  +4.5022
   985  1.083632e+03  1.134995e+03  +4.7399
   986  1.078999e+03  1.132653e+03  +4.9726
   987  1.074521e+03  1.130165e+03  +5.1785
   988  1.070198e+03  1.127295e+03  +5.3352
   989  1.066030e+03  1.123859e+03  +5.4247
   990  1.062017e+03  1.119876e+03  +5.4481
   991  1.058157e+03  1.115416e+03  +5.4112
   992  1.054450e+03  1.110547e+03  +5.3200
   993  1.050896e+03  1.105340e+03  +5.1808
   994  1.047494e+03  1.099865e+03  +4.9997
   995  1.044242e+03  1.094190e+03  +4.7831
   996  1.041142e+03  1.088385e+03  +4.5376
   997  1.038191e+03  1.082535e+03  +4.2713
   998  1.035390e+03  1.076785e+03  +3.9980
   999  1.032738e+03  1.071293e+03  +3.7333
  1000  1.030233e+03  1.066220e+03  +3.4931
  1001  1.027876e+03  1.061724e+03  +3.2931
  1002  1.025665e+03  1.057966e+03  +3.1493
  1003  1.023600e+03  1.055105e+03  +3.0778
  1004  1.021681e+03  1.053300e+03  +3.0948
  1005  1.019906e+03  1.052633e+03  +3.2089
  1006  1.018274e+03  1.052875e+03  +3.3980
  1007  1.016786e+03  1.053720e+03  +3.6325
  1008  1.015440e+03  1.054862e+03  +3.8823
  1009  1.014235e+03  1.055993e+03  +4.1172
  1010  1.013171e+03  1.056808e+03  +4.3070
  1011  1.012246e+03  1.057000e+03  +4.4212
  1012  1.011461e+03  1.056262e+03  +4.4294
  1013  1.010812e+03  1.054380e+03  +4.3101
  1014  1.010299e+03  1.051504e+03  +4.0785
  1015  1.009919e+03  1.047879e+03  +3.7586
  1016  1.009671e+03  1.043746e+03  +3.3749
  1017  1.009551e+03  1.039348e+03  +2.9515
  1018  1.009559e+03  1.034929e+03  +2.5130
  1019  1.009692e+03  1.030732e+03  +2.0837
  1020  1.009949e+03  1.026998e+03  +1.6881
  1021  1.010326e+03  1.023933e+03  +1.3467
  1022  1.010823e+03  1.021583e+03  +1.0645
  1023  1.011436e+03  1.019956e+03  +0.8424
  1024  1.012164e+03  1.019062e+03  +0.6816
  1025  1.013005e+03  1.018909e+03  +0.5828
  1026  1.013956e+03  1.019504e+03  +0.5472
  1027  1.015015e+03  1.020857e+03  +0.5755
  1028  1.016180e+03  1.022975e+03  +0.6686
  1029  1.017449e+03  1.025817e+03  +0.8224
  1030  1.018820e+03  1.029146e+03  +1.0135
  1031  1.020290e+03  1.032672e+03  +1.2136
  1032  1.021856e+03  1.036108e+03  +1.3947
  1033  1.023518e+03  1.039166e+03  +1.5289
  1034  1.025271e+03  1.041557e+03  +1.5885
  1035  1.027115e+03  1.042995e+03  +1.5461
  1036  1.029046e+03  1.043190e+03  +1.3745
  1037  1.031062e+03  1.041981e+03  +1.0590
  1038  1.033160e+03  1.039709e+03  +0.6339
  1039  1.035339e+03  1.036844e+03  +0.1454
  1040  1.037596e+03  1.033854e+03  -0.3606
  1041  1.039928e+03  1.031207e+03  -0.8386
  1042  1.042332e+03  1.029371e+03  -1.2435
  1043  1.044807e+03  1.028815e+03  -1.5306
  1044  1.047349e+03  1.030006e+03  -1.6559
  1045  1.049956e+03  1.033249e+03  -1.5912
  1046  1.052626e+03  1.038186e+03  -1.3718
  1047  1.055356e+03  1.044295e+03  -1.0481
  1048  1.058142e+03  1.051053e+03  -0.6700
  1049  1.060983e+03  1.057938e+03  -0.2870
  1050  1.063876e+03  1.064429e+03  +0.0519
  1051  1.066818e+03  1.070002e+03  +0.2984
  1052  1.069807e+03  1.074135e+03  +0.4046
  1053  1.072841e+03  1.076458e+03  +0.3371
  1054  1.075917e+03  1.077202e+03  +0.1194
  1055  1.079034e+03  1.076751e+03  -0.2116
  1056  1.082189e+03  1.075488e+03  -0.6193
  1057  1.085381e+03  1.073796e+03  -1.0673
  1058  1.088606e+03  1.072059e+03  -1.5200
  1059  1.091862e+03  1.070659e+03  -1.9419
  1060  1.095148e+03  1.069980e+03  -2.2981
  1061  1.098461e+03  1.070327e+03  -2.5613
  1062  1.101799e+03  1.071684e+03  -2.7332
  1063  1.105159e+03  1.073959e+03  -2.8231
  1064  1.108539e+03  1.077057e+03  -2.8399
  1065  1.111936e+03  1.080887e+03  -2.7924
  1066  1.115349e+03  1.085354e+03  -2.6893
  1067  1.118775e+03  1.090365e+03  -2.5394
  1068  1.122212e+03  1.095827e+03  -2.3512
  1069  1.125657e+03  1.101618e+03  -2.1355
  1070  1.129107e+03  1.107508e+03  -1.9130
  1071  1.132560e+03  1.113237e+03  -1.7062
  1072  1.136014e+03  1.118546e+03  -1.5377
  1073  1.139467e+03  1.123178e+03  -1.4295
  1074  1.142915e+03  1.126872e+03  -1.4037
  1075  1.146356e+03  1.129370e+03  -1.4817
  1076  1.149787e+03  1.130413e+03  -1.6850
  1077  1.153207e+03  1.129876e+03  -2.0231
  1078  1.156612e+03  1.128173e+03  -2.4588
  1079  1.160000e+03  1.125850e+03  -2.9439
  1080  1.163368e+03  1.123454e+03  -3.4309
  1081  1.166713e+03  1.121533e+03  -3.8725
  1082  1.170033e+03  1.120632e+03  -4.2222
  1083  1.173326e+03  1.121300e+03  -4.4340
  1084  1.176587e+03  1.124084e+03  -4.4623
  1085  1.179816e+03  1.129327e+03  -4.2794
  1086  1.183008e+03  1.136557e+03  -3.9265
  1087  1.186162e+03  1.145101e+03  -3.4616
  1088  1.189274e+03  1.154285e+03  -2.9421
  1089  1.192341e+03  1.163433e+03  -2.4245
  1090  1.195362e+03  1.171871e+03  -1.9651
  1091  1.198334e+03  1.178926e+03  -1.6196
  1092  1.201257e+03  1.183922e+03  -1.4430
  1093  1.204129e+03  1.186392e+03  -1.4730
  1094  1.206949e+03  1.186699e+03  -1.6778
  1095  1.209717e+03  1.185410e+03  -2.0093
  1096  1.212430e+03  1.183096e+03  -2.4194
  1097  1.215089e+03  1.180325e+03  -2.8610
  1098  1.217691e+03  1.177666e+03  -3.2869
  1099  1.220235e+03  1.175688e+03  -3.6507
  1100  1.222721e+03  1.174960e+03  -3.9061
  1101  1.225147e+03  1.175904e+03  -4.0194
  1102  1.227512e+03  1.178349e+03  -4.0051
  1103  1.229815e+03  1.181978e+03  -3.8898
  1104  1.232055e+03  1.186473e+03  -3.6996
  1105  1.234230e+03  1.191517e+03  -3.4607
  1106  1.236339e+03  1.196792e+03  -3.1987
  1107  1.238381e+03  1.201981e+03  -2.9393
  1108  1.240355e+03  1.206765e+03  -2.7081
  1109  1.242259e+03  1.210878e+03  -2.5261
  1110  1.244093e+03  1.214257e+03  -2.3982
  1111  1.245854e+03  1.216888e+03  -2.3250
  1112  1.247543e+03  1.218759e+03  -2.3072
  1113  1.249156e+03  1.219857e+03  -2.3455
  1114  1.250695e+03  1.220170e+03  -2.4406
  1115  1.252156e+03  1.219684e+03  -2.5932
  1116  1.253539e+03  1.218388e+03  -2.8041
  1117  1.254842e+03  1.216330e+03  -3.0691
  1118  1.256064e+03  1.213815e+03  -3.3637
  1119  1.257205e+03  1.211207e+03  -3.6587
  1120  1.258262e+03  1.208873e+03  -3.9251
  1121  1.259233e+03  1.207179e+03  -4.1338
  1122  1.260119e+03  1.206490e+03  -4.2559
  1123  1.260918e+03  1.207173e+03  -4.2623
  1124  1.261627e+03  1.209593e+03  -4.1244
  1125  1.262247e+03  1.213944e+03  -3.8267
  1126  1.262775e+03  1.219735e+03  -3.4083
  1127  1.263210e+03  1.226302e+03  -2.9218
  1128  1.263551e+03  1.232980e+03  -2.4195
  1129  1.263797e+03  1.239107e+03  -1.9536
  1130  1.263947e+03  1.244018e+03  -1.5768
  1131  1.264003e+03  1.247050e+03  -1.3412
  1132  1.263964e+03  1.247539e+03  -1.2995
  1133  1.263832e+03  1.245070e+03  -1.4845
  1134  1.263605e+03  1.240226e+03  -1.8502
  1135  1.263285e+03  1.233836e+03  -2.3312
  1136  1.262872e+03  1.226732e+03  -2.8618
  1137  1.262367e+03  1.219745e+03  -3.3764
  1138  1.261769e+03  1.213705e+03  -3.8093
  1139  1.261080e+03  1.209443e+03  -4.0947
  1140  1.260299e+03  1.207790e+03  -4.1664
  1141  1.259428e+03  1.209280e+03  -3.9818
  1142  1.258466e+03  1.213260e+03  -3.5922
  1143  1.257414e+03  1.218779e+03  -3.0726
  1144  1.256272e+03  1.224887e+03  -2.4983
  1145  1.255041e+03  1.230635e+03  -1.9447
  1146  1.253722e+03  1.235072e+03  -1.4876
  1147  1.252314e+03  1.237247e+03  -1.2031
  1148  1.250818e+03  1.236211e+03  -1.1677
  1149  1.249235e+03  1.231353e+03  -1.4314
  1150  1.247564e+03  1.223411e+03  -1.9360
  1151  1.245808e+03  1.213466e+03  -2.5960
  1152  1.243965e+03  1.202597e+03  -3.3255
  1153  1.242037e+03  1.191882e+03  -4.0381
  1154  1.240024e+03  1.182401e+03  -4.6470
  1155  1.237927e+03  1.175232e+03  -5.0645
  1156  1.235745e+03  1.171454e+03  -5.2026
  1157  1.233480e+03  1.171797e+03  -5.0008
  1158  1.231132e+03  1.175585e+03  -4.5118
  1159  1.228701e+03  1.181798e+03  -3.8173
  1160  1.226189e+03  1.189409e+03  -2.9995
  1161  1.223595e+03  1.197396e+03  -2.1411
  1162  1.220920e+03  1.204736e+03  -1.3255
  1163  1.218164e+03  1.210404e+03  -0.6371
  1164  1.215329e+03  1.213377e+03  -0.1606
  1165  1.212414e+03  1.212912e+03  +0.0410
  1166  1.209421e+03  1.209390e+03  -0.0026
  1167  1.206350e+03  1.203473e+03  -0.2385
  1168  1.203201e+03  1.195822e+03  -0.6132
  1169  1.199976e+03  1.187101e+03  -1.0729
  1170  1.196676e+03  1.177969e+03  -1.5632
  1171  1.193302e+03  1.169090e+03  -2.0290
  1172  1.189857e+03  1.161125e+03  -2.4147
  1173  1.186341e+03  1.154591e+03  -2.6763
  1174  1.182755e+03  1.149422e+03  -2.8183
  1175  1.179103e+03  1.145408e+03  -2.8577
  1176  1.175383e+03  1.142338e+03  -2.8114
  1177  1.171599e+03  1.140003e+03  -2.6969
  1178  1.167752e+03  1.138192e+03  -2.5314
  1179  1.163843e+03  1.136694e+03  -2.3327
  1180  1.159874e+03  1.135299e+03  -2.1187
  1181  1.155846e+03  1.133802e+03  -1.9072
  1182  1.151760e+03  1.132011e+03  -1.7147
  1183  1.147619e+03  1.129744e+03  -1.5576
  1184  1.143424e+03  1.126814e+03  -1.4527
  1185  1.139177e+03  1.123036e+03  -1.4168
  1186  1.134878e+03  1.118226e+03  -1.4673
  1187  1.130530e+03  1.112198e+03  -1.6215
  1188  1.126134e+03  1.104768e+03  -1.8973
  1189  1.121692e+03  1.095888e+03  -2.3004
  1190  1.117205e+03  1.086066e+03  -2.7872
  1191  1.112675e+03  1.075946e+03  -3.3010
  1192  1.108104e+03  1.066173e+03  -3.7841
  1193  1.103494e+03  1.057393e+03  -4.1777
  1194  1.098845e+03  1.050250e+03  -4.4224
  1195  1.094161e+03  1.045389e+03  -4.4574
  1196  1.089441e+03  1.043456e+03  -4.2210
  1197  1.084689e+03  1.044822e+03  -3.6754
  1198  1.079906e+03  1.048763e+03  -2.8839
  1199  1.075093e+03  1.054281e+03  -1.9358
  1200  1.070252e+03  1.060380e+03  -0.9224
  1201  1.065386e+03  1.066063e+03  +0.0636
  1202  1.060495e+03  1.070331e+03  +0.9275
  1203  1.055582e+03  1.072189e+03  +1.5732
  1204  1.050649e+03  1.070638e+03  +1.9025
  1205  1.045696e+03  1.065022e+03  +1.8482
  1206  1.040727e+03  1.056053e+03  +1.4727
  1207  1.035742e+03  1.044783e+03  +0.8729
  1208  1.030744e+03  1.032264e+03  +0.1475
  1209  1.025733e+03  1.019548e+03  -0.6030
  1210  1.020712e+03  1.007687e+03  -1.2761
  1211  1.015682e+03  9.977340e+02  -1.7670
  1212  1.010643e+03  9.907408e+02  -1.9693
  1213  1.005598e+03  9.874015e+02  -1.8095
  1214  1.000549e+03  9.869779e+02  -1.3563
  1215  9.954955e+02  9.883735e+02  -0.7154
  1216  9.904406e+02  9.904920e+02  +0.0052
  1217  9.853855e+02  9.922368e+02  +0.6953
  1218  9.803316e+02  9.925117e+02  +1.2424
  1219  9.752805e+02  9.902201e+02  +1.5318
  1220  9.702338e+02  9.842657e+02  +1.4462
  1221  9.651929e+02  9.739655e+02  +0.9089
  1222  9.601596e+02  9.602900e+02  +0.0136
  1223  9.551354e+02  9.446233e+02  -1.1006
  1224  9.501218e+02  9.283494e+02  -2.2915
  1225  9.451206e+02  9.128523e+02  -3.4142
  1226  9.401333e+02  8.995162e+02  -4.3204
  1227  9.351615e+02  8.897248e+02  -4.8587
  1228  9.302068e+02  8.848625e+02  -4.8747
  1229  9.252710e+02  8.858106e+02  -4.2647
  1230  9.203557e+02  8.914413e+02  -3.1417
  1231  9.154626e+02  9.001243e+02  -1.6755
  1232  9.105933e+02  9.102292e+02  -0.0400
  1233  9.057495e+02  9.201257e+02  +1.5872
  1234  9.009329e+02  9.281833e+02  +3.0247
  1235  8.961452e+02  9.327719e+02  +4.0871
  1236  8.913882e+02  9.322609e+02  +4.5853
  1237  8.866635e+02  9.255697e+02  +4.3879
  1238  8.819730e+02  9.138159e+02  +3.6104
  1239  8.773183e+02  8.986667e+02  +2.4334
  1240  8.727012e+02  8.817892e+02  +1.0414
  1241  8.681235e+02  8.648507e+02  -0.3770
  1242  8.635870e+02  8.495184e+02  -1.6291
  1243  8.590934e+02  8.374594e+02  -2.5182
  1244  8.546446e+02  8.303410e+02  -2.8437
  1245  8.502424e+02  8.292920e+02  -2.4640
  1246  8.458883e+02  8.332874e+02  -1.4897
  1247  8.415833e+02  8.407639e+02  -0.0974
  1248  8.373280e+02  8.501580e+02  +1.5323
  1249  8.331230e+02  8.599066e+02  +3.2148
  1250  8.289691e+02  8.684462e+02  +4.7622
  1251  8.248668e+02  8.742135e+02  +5.9824
  1252  8.208168e+02  8.756451e+02  +6.6797
  1253  8.168198e+02  8.716586e+02  +6.7137
  1254  8.128765e+02  8.630946e+02  +6.1778
  1255  8.089876e+02  8.512749e+02  +5.2272
  1256  8.051536e+02  8.375210e+02  +4.0200
  1257  8.013754e+02  8.231545e+02  +2.7177
  1258  7.976535e+02  8.094971e+02  +1.4848
  1259  7.939888e+02  7.978703e+02  +0.4889
  1260  7.903817e+02  7.895958e+02  -0.0994
  1261  7.868331e+02  7.855988e+02  -0.1569
  1262  7.833437e+02  7.852188e+02  +0.2394
  1263  7.799141e+02  7.873989e+02  +0.9597
  1264  7.765450e+02  7.910823e+02  +1.8720
  1265  7.732371e+02  7.952120e+02  +2.8419
  1266  7.699912e+02  7.987311e+02  +3.7325
  1267  7.668079e+02  8.005828e+02  +4.4046
  1268  7.636880e+02  7.997102e+02  +4.7169
  1269  7.606322e+02  7.953937e+02  +4.5701
  1270  7.576411e+02  7.882628e+02  +4.0417
  1271  7.547156e+02  7.792845e+02  +3.2554
  1272  7.518563e+02  7.694255e+02  +2.3368
  1273  7.490639e+02  7.596529e+02  +1.4136
  1274  7.463392e+02  7.509335e+02  +0.6156
  1275  7.436829e+02  7.442341e+02  +0.0741
  1276  7.410958e+02  7.405216e+02  -0.0775
  1277  7.385785e+02  7.404502e+02  +0.2534
  1278  7.361319e+02  7.434233e+02  +0.9905
  1279  7.337566e+02  7.485316e+02  +2.0136
  1280  7.314535e+02  7.548656e+02  +3.2008
  1281  7.292232e+02  7.615161e+02  +4.4284
  1282  7.270665e+02  7.675738e+02  +5.5713
  1283  7.249842e+02  7.721293e+02  +6.5029
  1284  7.229769e+02  7.742732e+02  +7.0951
  1285  7.210454e+02  7.733648e+02  +7.2560
  1286  7.191894e+02  7.698372e+02  +7.0423
  1287  7.174083e+02  7.643919e+02  +6.5491
  1288  7.157019e+02  7.577306e+02  +5.8724
  1289  7.140698e+02  7.505549e+02  +5.1095
  1290  7.125113e+02  7.435664e+02  +4.3585
  1291  7.110262e+02  7.374667e+02  +3.7186
  1292  7.096140e+02  7.329574e+02  +3.2896
  1293  7.082742e+02  7.305454e+02  +3.1444
  1294  7.070065e+02  7.299582e+02  +3.2463
  1295  7.058103e+02  7.307286e+02  +3.5305
  1296  7.046851e+02  7.323894e+02  +3.9314
  1297  7.036306e+02  7.344735e+02  +4.3834
  1298  7.026462e+02  7.365136e+02  +4.8200
  1299  7.017315e+02  7.380426e+02  +5.1745
  1300  7.008860e+02  7.385933e+02  +5.3799
  1301  7.001093e+02  7.378272e+02  +5.3874
  1302  6.994008e+02  7.359212e+02  +5.2217
  1303  6.987600e+02  7.331811e+02  +4.9260
  1304  6.981865e+02  7.299126e+02  +4.5441
  1305  6.976798e+02  7.264214e+02  +4.1196
  1306  6.972393e+02  7.230131e+02  +3.6966
  1307  6.968645e+02  7.199936e+02  +3.3190
  1308  6.965550e+02  7.176684e+02  +3.0311
  1309  6.963102e+02  7.162721e+02  +2.8668
  1310  6.961297e+02  7.157540e+02  +2.8191
  1311  6.960127e+02  7.159925e+02  +2.8706
  1312  6.959590e+02  7.168656e+02  +3.0040
  1313  6.959678e+02  7.182516e+02  +3.2018
  1314  6.960387e+02  7.200286e+02  +3.4466
  1315  6.961712e+02  7.220750e+02  +3.7209
  1316  6.963646e+02  7.242687e+02  +4.0071
  1317  6.966184e+02  7.264882e+02  +4.2878
  1318  6.969321e+02  7.286115e+02  +4.5456
  1319  6.973051e+02  7.305171e+02  +4.7629
  1320  6.977368e+02  7.320830e+02  +4.9225
  1321  6.982267e+02  7.331876e+02  +5.0071
  1322  6.987742e+02  7.337091e+02  +4.9995
  1323  6.993786e+02  7.335259e+02  +4.8825
  1324  7.000394e+02  7.325160e+02  +4.6393
  1325  7.007556e+02  7.306369e+02  +4.2642
  1326  7.015259e+02  7.281615e+02  +3.7968
  1327  7.023493e+02  7.254419e+02  +3.2879
  1328  7.032246e+02  7.228302e+02  +2.7880
  1329  7.041508e+02  7.206785e+02  +2.3472
  1330  7.051266e+02  7.193388e+02  +2.0156
  1331  7.061509e+02  7.191631e+02  +1.8427
  1332  7.072226e+02  7.205036e+02  +1.8779
  1333  7.083405e+02  7.235585e+02  +2.1484
  1334  7.095034e+02  7.279116e+02  +2.5945
  1335  7.107101e+02  7.329925e+02  +3.1352
  1336  7.119595e+02  7.382313e+02  +3.6901
  1337  7.132503e+02  7.430577e+02  +4.1791
  1338  7.145813e+02  7.469016e+02  +4.5230
  1339  7.159513e+02  7.491930e+02  +4.6430
  1340  7.173591e+02  7.493616e+02  +4.4612
  1341  7.188035e+02  7.470697e+02  +3.9324
  1342  7.202832e+02  7.429082e+02  +3.1411
  1343  7.217970e+02  7.377008e+02  +2.2034
  1344  7.233436e+02  7.322706e+02  +1.2341
  1345  7.249217e+02  7.274413e+02  +0.3476
  1346  7.265301e+02  7.240360e+02  -0.3433
  1347  7.281675e+02  7.228784e+02  -0.7264
  1348  7.298326e+02  7.247916e+02  -0.6907
  1349  7.315241e+02  7.302739e+02  -0.1709
  1350  7.332407e+02  7.385215e+02  +0.7202
  1351  7.349811e+02  7.484056e+02  +1.8265
  1352  7.367439e+02  7.587972e+02  +2.9933
  1353  7.385279e+02  7.685674e+02  +4.0675
  1354  7.403317e+02  7.765871e+02  +4.8972
  1355  7.421539e+02  7.817275e+02  +5.3323
  1356  7.439933e+02  7.828597e+02  +5.2240
  1357  7.458484e+02  7.792737e+02  +4.4815
  1358  7.477178e+02  7.719367e+02  +3.2390
  1359  7.496002e+02  7.622347e+02  +1.6855
  1360  7.514942e+02  7.515539e+02  +0.0079
  1361  7.533984e+02  7.412804e+02  -1.6084
  1362  7.553114e+02  7.328004e+02  -2.9804
  1363  7.572319e+02  7.275000e+02  -3.9264
  1364  7.591586e+02  7.267654e+02  -4.2670
  1365  7.610905e+02  7.315029e+02  -3.8875
  1366  7.630266e+02  7.407005e+02  -2.9260
  1367  7.649656e+02  7.528662e+02  -1.5817
  1368  7.669066e+02  7.665083e+02  -0.0519
  1369  7.688484e+02  7.801347e+02  +1.4680
  1370  7.707898e+02  7.922537e+02  +2.7847
  1371  7.727298e+02  8.013733e+02  +3.7068
  1372  7.746671e+02  8.060018e+02  +4.0449
  1373  7.766008e+02  8.051447e+02  +3.6755
  1374  7.785296e+02  7.997980e+02  +2.7319
  1375  7.804523e+02  7.914550e+02  +1.4098
  1376  7.823678e+02  7.816091e+02  -0.0970
  1377  7.842750e+02  7.717538e+02  -1.5965
  1378  7.861727e+02  7.633824e+02  -2.8989
  1379  7.880596e+02  7.579883e+02  -3.8159
  1380  7.899347e+02  7.570649e+02  -4.1611
  1381  7.917967e+02  7.615956e+02  -3.8142
  1382  7.936443e+02  7.705232e+02  -2.9133
  1383  7.954765e+02  7.822808e+02  -1.6588
  1384  7.972920e+02  7.953010e+02  -0.2497
  1385  7.990895e+02  8.080169e+02  +1.1172
  1386  8.008679e+02  8.188612e+02  +2.2467
  1387  8.026259e+02  8.262669e+02  +2.9455
  1388  8.043623e+02  8.286668e+02  +3.0216
  1389  8.060758e+02  8.250441e+02  +2.3532
  1390  8.077652e+02  8.165830e+02  +1.0916
  1391  8.094292e+02  8.050179e+02  -0.5450
  1392  8.110665e+02  7.920833e+02  -2.3405
  1393  8.126759e+02  7.795138e+02  -4.0806
  1394  8.142561e+02  7.690437e+02  -5.5526
  1395  8.158058e+02  7.624076e+02  -6.5455
  1396  8.173237e+02  7.613399e+02  -6.8497
  1397  8.188086e+02  7.669830e+02  -6.3294
  1398  8.202590e+02  7.781104e+02  -5.1385
  1399  8.216737e+02  7.929037e+02  -3.5014
  1400  8.230514e+02  8.095443e+02  -1.6411
  1401  8.243908e+02  8.262137e+02  +0.2211
  1402  8.256906e+02  8.410934e+02  +1.8655
  1403  8.269502e+02  8.523649e+02  +3.0733
  1404  8.281692e+02  8.582095e+02  +3.6273
  1405  8.293472e+02  8.573786e+02  +3.3799
  1406  8.304836e+02  8.509027e+02  +2.4587
  1407  8.315780e+02  8.403821e+02  +1.0587
  1408  8.326299e+02  8.274170e+02  -0.6261
  1409  8.336389e+02  8.136078e+02  -2.4029
  1410  8.346045e+02  8.005548e+02  -4.0797
  1411  8.355262e+02  7.898582e+02  -5.4658
  1412  8.364035e+02  7.831183e+02  -6.3708
  1413  8.372360e+02  7.814871e+02  -6.6587
  1414  8.380232e+02  7.843225e+02  -6.4080
  1415  8.387646e+02  7.905341e+02  -5.7502
  1416  8.394596e+02  7.990316e+02  -4.8160
  1417  8.401080e+02  8.087245e+02  -3.7357
  1418  8.407090e+02  8.185224e+02  -2.6390
  1419  8.412623e+02  8.273350e+02  -1.6555
  1420  8.417674e+02  8.340718e+02  -0.9142
  1421  8.422238e+02  8.378929e+02  -0.5142
  1422  8.426309e+02  8.389603e+02  -0.4356
  1423  8.429883e+02  8.376865e+02  -0.6289
  1424  8.432955e+02  8.344840e+02  -1.0449
  1425  8.435520e+02  8.297652e+02  -1.6344
  1426  8.437573e+02  8.239428e+02  -2.3484
  1427  8.439108e+02  8.174290e+02  -3.1380
  1428  8.440121e+02  8.106365e+02  -3.9544
  1429  8.440607e+02  8.039664e+02  -4.7502
  1430  8.440560e+02  7.977751e+02  -5.4832
  1431  8.439976e+02  7.924077e+02  -6.1126
  1432  8.438849e+02  7.882092e+02  -6.5976
  1433  8.437174e+02  7.855247e+02  -6.8972
  1434  8.434946e+02  7.846992e+02  -6.9705
  1435  8.432160e+02  7.860778e+02  -6.7762
  1436  8.428811e+02  7.900056e+02  -6.2732
  1437  8.424892e+02  7.965985e+02  -5.4470
  1438  8.420400e+02  8.050549e+02  -4.3923
  1439  8.415328e+02  8.143445e+02  -3.2308
  1440  8.409672e+02  8.234365e+02  -2.0846
  1441  8.403428e+02  8.313004e+02  -1.0760
  1442  8.396597e+02  8.369056e+02  -0.3280
  1443  8.389183e+02  8.392215e+02  +0.0361
  1444  8.381189e+02  8.372175e+02  -0.1075
  1445  8.372619e+02  8.302942e+02  -0.8322
  1446  8.363476e+02  8.195772e+02  -2.0052
  1447  8.353763e+02  8.066231e+02  -3.4420
  1448  8.343485e+02  7.929886e+02  -4.9572
  1449  8.332645e+02  7.802304e+02  -6.3646
  1450  8.321246e+02  7.699053e+02  -7.4772
  1451  8.309292e+02  7.635699e+02  -8.1065
  1452  8.296786e+02  7.627810e+02  -8.0631
  1453  8.283732e+02  7.684959e+02  -7.2283
  1454  8.270135e+02  7.792746e+02  -5.7724
  1455  8.255997e+02  7.930778e+02  -3.9392
  1456  8.241322e+02  8.078661e+02  -1.9737
  1457  8.226115e+02  8.216002e+02  -0.1229
  1458  8.210378e+02  8.322406e+02  +1.3645
  1459  8.194116e+02  8.377481e+02  +2.2378
  1460  8.177333e+02  8.360833e+02  +2.2440
  1461  8.160032e+02  8.259529e+02  +1.2193
  1462  8.142218e+02  8.090484e+02  -0.6354
  1463  8.123894e+02  7.878070e+02  -3.0259
  1464  8.105065e+02  7.646664e+02  -5.6557
  1465  8.085734e+02  7.420638e+02  -8.2255
  1466  8.065905e+02  7.224368e+02  -10.4333
  1467  8.045583e+02  7.082229e+02  -11.9737
  1468  8.024771e+02  7.018593e+02  -12.5384
  1469  8.003475e+02  7.049662e+02  -11.9175
  1470  7.981697e+02  7.158930e+02  -10.3082
  1471  7.959442e+02  7.321719e+02  -8.0121
  1472  7.936714e+02  7.513351e+02  -5.3342
  1473  7.913518e+02  7.709146e+02  -2.5826
  1474  7.889858e+02  7.884425e+02  -0.0689
  1475  7.865738e+02  8.014509e+02  +1.8914
  1476  7.841163e+02  8.074719e+02  +2.9786
  1477  7.816136e+02  8.047871e+02  +2.9648
  1478  7.790663e+02  7.946759e+02  +2.0036
  1479  7.764747e+02  7.791671e+02  +0.3467
  1480  7.738395e+02  7.602895e+02  -1.7510
  1481  7.711612e+02  7.400719e+02  -4.0315
  1482  7.684409e+02  7.205433e+02  -6.2331
  1483  7.656793e+02  7.037324e+02  -8.0904
  1484  7.628773e+02  6.916681e+02  -9.3343
  1485  7.600357e+02  6.858267e+02  -9.7639
  1486  7.571554e+02  6.854746e+02  -9.4671
  1487  7.542374e+02  6.893258e+02  -8.6063
  1488  7.512823e+02  6.960942e+02  -7.3459
  1489  7.482912e+02  7.044938e+02  -5.8530
  1490  7.452649e+02  7.132385e+02  -4.2973
  1491  7.422043e+02  7.210422e+02  -2.8513
  1492  7.391102e+02  7.266188e+02  -1.6901
  1493  7.359837e+02  7.289975e+02  -0.9492
  1494  7.328255e+02  7.284675e+02  -0.5947
  1495  7.296366e+02  7.256330e+02  -0.5487
  1496  7.264180e+02  7.210986e+02  -0.7323
  1497  7.231704e+02  7.154686e+02  -1.0650
  1498  7.198950e+02  7.093473e+02  -1.4652
  1499  7.165925e+02  7.033392e+02  -1.8495
  1500  7.132639e+02  6.980485e+02  -2.1332
  1501  7.099101e+02  6.939422e+02  -2.2493
  1502  7.065322e+02  6.909372e+02  -2.2073
  1503  7.031310e+02  6.888130e+02  -2.0363
  1504  6.997075e+02  6.873491e+02  -1.7662
  1505  6.962627e+02  6.863250e+02  -1.4273
  1506  6.927976e+02  6.855201e+02  -1.0504
  1507  6.893130e+02  6.847140e+02  -0.6672
  1508  6.858100e+02  6.836861e+02  -0.3097
  1509  6.822896e+02  6.822159e+02  -0.0108
  1510  6.787528e+02  6.800829e+02  +0.1960
  1511  6.752005e+02  6.770666e+02  +0.2764
  1512  6.716337e+02  6.729464e+02  +0.1954
  1513  6.680535e+02  6.675788e+02  -0.0711
  1514  6.644609e+02  6.611279e+02  -0.5016
  1515  6.608569e+02  6.538345e+02  -1.0626
  1516  6.572424e+02  6.459397e+02  -1.7197
  1517  6.536186e+02  6.376845e+02  -2.4378
  1518  6.499864e+02  6.293098e+02  -3.1811
  1519  6.463469e+02  6.210566e+02  -3.9128
  1520  6.427009e+02  6.131659e+02  -4.5954
  1521  6.390493e+02  6.058787e+02  -5.1906
  1522  6.353928e+02  5.994360e+02  -5.6590
  1523  6.317322e+02  5.940787e+02  -5.9604
  1524  6.280686e+02  5.900479e+02  -6.0536
  1525  6.244025e+02  5.875042e+02  -5.9094
  1526  6.207350e+02  5.862877e+02  -5.5494
  1527  6.170668e+02  5.861580e+02  -5.0090
  1528  6.133989e+02  5.868750e+02  -4.3241
  1529  6.097319e+02  5.881983e+02  -3.5317
  1530  6.060669e+02  5.898877e+02  -2.6695
  1531  6.024047e+02  5.917029e+02  -1.7765
  1532  5.987462e+02  5.934037e+02  -0.8923
  1533  5.950921e+02  5.947498e+02  -0.0575
  1534  5.914435e+02  5.955009e+02  +0.6860
  1535  5.878012e+02  5.954168e+02  +1.2956
  1536  5.841660e+02  5.942572e+02  +1.7275
  1537  5.805389e+02  5.918494e+02  +1.9483
  1538  5.769207e+02  5.882907e+02  +1.9708
  1539  5.733124e+02  5.837458e+02  +1.8198
  1540  5.697149e+02  5.783797e+02  +1.5209
  1541  5.661290e+02  5.723570e+02  +1.1001
  1542  5.625557e+02  5.658428e+02  +0.5843
  1543  5.589959e+02  5.590017e+02  +0.0010
  1544  5.554506e+02  5.519985e+02  -0.6215
  1545  5.519205e+02  5.449982e+02  -1.2542
  1546  5.484068e+02  5.381655e+02  -1.8675
  1547  5.449103e+02  5.316653e+02  -2.4307
  1548  5.414319e+02  5.256623e+02  -2.9126
  1549  5.379727e+02  5.202905e+02  -3.2868
  1550  5.345335e+02  5.155609e+02  -3.5494
  1551  5.311152e+02  5.114533e+02  -3.7020
  1552  5.277190e+02  5.079477e+02  -3.7466
  1553  5.243457e+02  5.050241e+02  -3.6849
  1554  5.209962e+02  5.026625e+02  -3.5190
  1555  5.176716e+02  5.008429e+02  -3.2509
  1556  5.143729e+02  4.995452e+02  -2.8827
  1557  5.111009e+02  4.987494e+02  -2.4167
  1558  5.078567e+02  4.984356e+02  -1.8551
  1559  5.046407e+02  4.985836e+02  -1.2003
  1560  5.014531e+02  4.991735e+02  -0.4546
  1561  4.982945e+02  5.001682e+02  +0.3760
  1562  4.951652e+02  5.014622e+02  +1.2717
  1563  4.920656e+02  5.029332e+02  +2.2086
  1564  4.889960e+02  5.044586e+02  +3.1621
  1565  4.859568e+02  5.059159e+02  +4.1072
  1566  4.829484e+02  5.071827e+02  +5.0180
  1567  4.799712e+02  5.081365e+02  +5.8681
  1568  4.770255e+02  5.086549e+02  +6.6305
  1569  4.741118e+02  5.086152e+02  +7.2775
  1570  4.712304e+02  5.078952e+02  +7.7806
  1571  4.683818e+02  5.063722e+02  +8.1110
  1572  4.655662e+02  5.039238e+02  +8.2389
  1573  4.627841e+02  5.004779e+02  +8.1450
  1574  4.600359e+02  4.961636e+02  +7.8532
  1575  4.573220e+02  4.911601e+02  +7.3992
  1576  4.546428e+02  4.856471e+02  +6.8195
  1577  4.519986e+02  4.798038e+02  +6.1516
  1578  4.493899e+02  4.738097e+02  +5.4340
  1579  4.468170e+02  4.678442e+02  +4.7060
  1580  4.442804e+02  4.620867e+02  +4.0079
  1581  4.417804e+02  4.567165e+02  +3.3809
  1582  4.393175e+02  4.519132e+02  +2.8671
  1583  4.368921e+02  4.478561e+02  +2.5095
  1584  4.345045e+02  4.447245e+02  +2.3521
  1585  4.321552e+02  4.426419e+02  +2.4266
  1586  4.298446e+02  4.415065e+02  +2.7130
  1587  4.275731e+02  4.411606e+02  +3.1778
  1588  4.253411e+02  4.414466e+02  +3.7865
  1589  4.231490e+02  4.422067e+02  +4.5038
  1590  4.209972e+02  4.432832e+02  +5.2936
  1591  4.188861e+02  4.445182e+02  +6.1191
  1592  4.168163e+02  4.457542e+02  +6.9426
  1593  4.147880e+02  4.468334e+02  +7.7257
  1594  4.128017e+02  4.475980e+02  +8.4293
  1595  4.108578e+02  4.478903e+02  +9.0135
  1596  4.089567e+02  4.475526e+02  +9.4376
  1597  4.070988e+02  4.464693e+02  +9.6710
  1598  4.052840e+02  4.446937e+02  +9.7240
  1599  4.035120e+02  4.423212e+02  +9.6178
  1600  4.017827e+02  4.394472e+02  +9.3743
  1601  4.000959e+02  4.361671e+02  +9.0156
  1602  3.984514e+02  4.325763e+02  +8.5644
  1603  3.968489e+02  4.287703e+02  +8.0437
  1604  3.952883e+02  4.248444e+02  +7.4771
  1605  3.937693e+02  4.208941e+02  +6.8885
  1606  3.922918e+02  4.170149e+02  +6.3022
  1607  3.908555e+02  4.133020e+02  +5.7429
  1608  3.894602e+02  4.098510e+02  +5.2357
  1609  3.881057e+02  4.067427e+02  +4.8020
  1610  3.867918e+02  4.039994e+02  +4.4488
  1611  3.855183e+02  4.016291e+02  +4.1790
  1612  3.842850e+02  3.996396e+02  +3.9956
  1613  3.830916e+02  3.980387e+02  +3.9017
  1614  3.819379e+02  3.968342e+02  +3.9002
  1615  3.808237e+02  3.960340e+02  +3.9941
  1616  3.797487e+02  3.956460e+02  +4.1863
  1617  3.787128e+02  3.956779e+02  +4.4797
  1618  3.777157e+02  3.961376e+02  +4.8772
  1619  3.767572e+02  3.970330e+02  +5.3817
  1620  3.758370e+02  3.983718e+02  +5.9959
  1621  3.749549e+02  4.001391e+02  +6.7166
  1622  3.741108e+02  4.022280e+02  +7.5157
  1623  3.733042e+02  4.045087e+02  +8.3590
  1624  3.725351e+02  4.068517e+02  +9.2116
  1625  3.718031e+02  4.091271e+02  +10.0386
  1626  3.711080e+02  4.112052e+02  +10.8047
  1627  3.704496e+02  4.129564e+02  +11.4744
  1628  3.698276e+02  4.142509e+02  +12.0119
  1629  3.692418e+02  4.149589e+02  +12.3814
  1630  3.686919e+02  4.149509e+02  +12.5468
  1631  3.681777e+02  4.140970e+02  +12.4720
  1632  3.676990e+02  4.122676e+02  +12.1209
  1633  3.672554e+02  4.093930e+02  +11.4737
  1634  3.668467e+02  4.056441e+02  +10.5759
  1635  3.664726e+02  4.012519e+02  +9.4903
  1636  3.661329e+02  3.964473e+02  +8.2796
  1637  3.658271e+02  3.914614e+02  +7.0072
  1638  3.655545e+02  3.865252e+02  +5.7367
  1639  3.653147e+02  3.818695e+02  +4.5317
  1640  3.651070e+02  3.777255e+02  +3.4561
  1641  3.649310e+02  3.743240e+02  +2.5739
  1642  3.647859e+02  3.718960e+02  +1.9491
  1643  3.646713e+02  3.706726e+02  +1.6457
  1644  3.645866e+02  3.708846e+02  +1.7274
  1645  3.645312e+02  3.726717e+02  +2.2331
  1646  3.645045e+02  3.758074e+02  +3.1009
  1647  3.645060e+02  3.799738e+02  +4.2435
  1648  3.645350e+02  3.848531e+02  +5.5737
  1649  3.645910e+02  3.901273e+02  +7.0041
  1650  3.646733e+02  3.954786e+02  +8.4474
  1651  3.647814e+02  4.005891e+02  +9.8162
  1652  3.649146e+02  4.051408e+02  +11.0235
  1653  3.650724e+02  4.088161e+02  +11.9822
  1654  3.652542e+02  4.112969e+02  +12.6056
  1655  3.654593e+02  4.122653e+02  +12.8074
  1656  3.656871e+02  4.114035e+02  +12.5015
  1657  3.659370e+02  4.085124e+02  +11.6346
  1658  3.662085e+02  4.038676e+02  +10.2835
  1659  3.665008e+02  3.978634e+02  +8.5573
  1660  3.668133e+02  3.908944e+02  +6.5649
  1661  3.671454e+02  3.833548e+02  +4.4150
  1662  3.674965e+02  3.756391e+02  +2.2157
  1663  3.678659e+02  3.681417e+02  +0.0750
  1664  3.682530e+02  3.612570e+02  -1.8998
  1665  3.686572e+02  3.553794e+02  -3.6017
  1666  3.690778e+02  3.509032e+02  -4.9243
  1667  3.695141e+02  3.482229e+02  -5.7619
  1668  3.699655e+02  3.477329e+02  -6.0094
  1669  3.704314e+02  3.496876e+02  -5.5999
  1670  3.709110e+02  3.537822e+02  -4.6180
  1671  3.714038e+02  3.595719e+02  -3.1857
  1672  3.719090e+02  3.666120e+02  -1.4243
  1673  3.724260e+02  3.744576e+02  +0.5455
  1674  3.729541e+02  3.826639e+02  +2.6035
  1675  3.734926e+02  3.907862e+02  +4.6302
  1676  3.740410e+02  3.983798e+02  +6.5070
  1677  3.745988e+02  4.049997e+02  +8.1156
  1678  3.751653e+02  4.102013e+02  +9.3388
  1679  3.757400e+02  4.135398e+02  +10.0601
  1680  3.763223e+02  4.145703e+02  +10.1636
  1681  3.769118e+02  4.129989e+02  +9.5744
  1682  3.775077e+02  4.091345e+02  +8.3778
  1683  3.781096e+02  4.034367e+02  +6.6983
  1684  3.787169e+02  3.963652e+02  +4.6600
  1685  3.793290e+02  3.883797e+02  +2.3860
  1686  3.799453e+02  3.799398e+02  -0.0014
  1687  3.805652e+02  3.715051e+02  -2.3807
  1688  3.811881e+02  3.635354e+02  -4.6310
  1689  3.818136e+02  3.564904e+02  -6.6323
  1690  3.824409e+02  3.508296e+02  -8.2657
  1691  3.830695e+02  3.470127e+02  -9.4126
  1692  3.836988e+02  3.454994e+02  -9.9556
  1693  3.843282e+02  3.466030e+02  -9.8159
  1694  3.849570e+02  3.500508e+02  -9.0676
  1695  3.855848e+02  3.554240e+02  -7.8221
  1696  3.862108e+02  3.623036e+02  -6.1902
  1697  3.868345e+02  3.702705e+02  -4.2819
  1698  3.874553e+02  3.789059e+02  -2.2065
  1699  3.880725e+02  3.877907e+02  -0.0726
  1700  3.886855e+02  3.965061e+02  +2.0121
  1701  3.892937e+02  4.046330e+02  +3.9403
  1702  3.898965e+02  4.117524e+02  +5.6056
  1703  3.904933e+02  4.174455e+02  +6.9021
  1704  3.910834e+02  4.212932e+02  +7.7247
  1705  3.916662e+02  4.229919e+02  +7.9981
  1706  3.922410e+02  4.226988e+02  +7.7651
  1707  3.928073e+02  4.206864e+02  +7.0974
  1708  3.933643e+02  4.172275e+02  +6.0664
  1709  3.939115e+02  4.125944e+02  +4.7429
  1710  3.944481e+02  4.070598e+02  +3.1973
  1711  3.949736e+02  4.008962e+02  +1.4995
  1712  3.954873e+02  3.943762e+02  -0.2810
  1713  3.959885e+02  3.877723e+02  -2.0749
  1714  3.964767e+02  3.813571e+02  -3.8135
  1715  3.969515e+02  3.754032e+02  -5.4284
  1716  3.974126e+02  3.701831e+02  -6.8517
  1717  3.978599e+02  3.659171e+02  -8.0286
  1718  3.982930e+02  3.626172e+02  -8.9572
  1719  3.987117e+02  3.602430e+02  -9.6483
  1720  3.991158e+02  3.587540e+02  -10.1128
  1721  3.995049e+02  3.581099e+02  -10.3616
  1722  3.998789e+02  3.582704e+02  -10.4053
  1723  4.002375e+02  3.591951e+02  -10.2545
  1724  4.005803e+02  3.608437e+02  -9.9198
  1725  4.009073e+02  3.631757e+02  -9.4115
  1726  4.012180e+02  3.661508e+02  -8.7402
  1727  4.015122e+02  3.697287e+02  -7.9159
  1728  4.017897e+02  3.738691e+02  -6.9491
  1729  4.020502e+02  3.785050e+02  -5.8563
  1730  4.022934e+02  3.834641e+02  -4.6805
  1731  4.025191e+02  3.885475e+02  -3.4710
  1732  4.027269e+02  3.935563e+02  -2.2771
  1733  4.029167e+02  3.982916e+02  -1.1479
  1734  4.030881e+02  4.025546e+02  -0.1324
  1735  4.032410e+02  4.061464e+02  +0.7205
  1736  4.033749e+02  4.088681e+02  +1.3618
  1737  4.034896e+02  4.105207e+02  +1.7426
  1738  4.035849e+02  4.109056e+02  +1.8139
  1739  4.036605e+02  4.098237e+02  +1.5268
  1740  4.037160e+02  4.070762e+02  +0.8323
  1741  4.037513e+02  4.025667e+02  -0.2934
  1742  4.037661e+02  3.966095e+02  -1.7725
  1743  4.037600e+02  3.896210e+02  -3.5018
  1744  4.037328e+02  3.820180e+02  -5.3785
  1745  4.036842e+02  3.742170e+02  -7.2996
  1746  4.036139e+02  3.666347e+02  -9.1620
  1747  4.035216e+02  3.596878e+02  -10.8628
  1748  4.034071e+02  3.537929e+02  -12.2988
  1749  4.032700e+02  3.493666e+02  -13.3666
  1750  4.031102e+02  3.468256e+02  -13.9626
  1751  4.029272e+02  3.465865e+02  -13.9828
  1752  4.027207e+02  3.490660e+02  -13.3231
  1753  4.024907e+02  3.545043e+02  -11.9224
  1754  4.022371e+02  3.624364e+02  -9.8948
  1755  4.019601e+02  3.722210e+02  -7.3985
  1756  4.016597e+02  3.832165e+02  -4.5917
  1757  4.013361e+02  3.947817e+02  -1.6332
  1758  4.009895e+02  4.062752e+02  +1.3181
  1759  4.006200e+02  4.170554e+02  +4.1025
  1760  4.002276e+02  4.264812e+02  +6.5597
  1761  3.998126e+02  4.339111e+02  +8.5286
  1762  3.993751e+02  4.387036e+02  +9.8475
  1763  3.989151e+02  4.402174e+02  +10.3537
  1764  3.984329e+02  4.378111e+02  +9.8833
  1765  3.979285e+02  4.310863e+02  +8.3326
  1766  3.974022e+02  4.206161e+02  +5.8414
  1767  3.968540e+02  4.072168e+02  +2.6112
  1768  3.962840e+02  3.917045e+02  -1.1556
  1769  3.956925e+02  3.748953e+02  -5.2559
  1770  3.950795e+02  3.576053e+02  -9.4852
  1771  3.944452e+02  3.406508e+02  -13.6380
  1772  3.937898e+02  3.248480e+02  -17.5073
  1773  3.931133e+02  3.110128e+02  -20.8847
  1774  3.924160e+02  2.999616e+02  -23.5603
  1775  3.916979e+02  2.925104e+02  -25.3224
  1776  3.909592e+02  2.894755e+02  -25.9576
  1777  3.902001e+02  2.913936e+02  -25.3220
  1778  3.894206e+02  2.976846e+02  -23.5571
  1779  3.886210e+02  3.074889e+02  -20.8769
  1780  3.878014e+02  3.199470e+02  -17.4972
  1781  3.869620e+02  3.341995e+02  -13.6351
  1782  3.861028e+02  3.493867e+02  -9.5094
  1783  3.852241e+02  3.646493e+02  -5.3410
  1784  3.843259e+02  3.791276e+02  -1.3526
  1785  3.834085e+02  3.919621e+02  +2.2309
  1786  3.824720e+02  4.022934e+02  +5.1824
  1787  3.815166e+02  4.092619e+02  +7.2724
  1788  3.805423e+02  4.120081e+02  +8.2687
  1789  3.795495e+02  4.099544e+02  +8.0108
  1790  3.785381e+02  4.036506e+02  +6.6341
  1791  3.775084e+02  3.939286e+02  +4.3496
  1792  3.764606e+02  3.816202e+02  +1.3705
  1793  3.753950e+02  3.675570e+02  -2.0879
  1794  3.743119e+02  3.525709e+02  -5.8083
  1795  3.732118e+02  3.374936e+02  -9.5705
  1796  3.720950e+02  3.231570e+02  -13.1520
  1797  3.709618e+02  3.103928e+02  -16.3276
  1798  3.698127e+02  3.000327e+02  -18.8690
  1799  3.686479e+02  2.929086e+02  -20.5452
  1800  3.674680e+02  2.898523e+02  -21.1218
  1801  3.662732e+02  2.914239e+02  -20.4354
  1802  3.650639e+02  2.970977e+02  -18.6176
  1803  3.638405e+02  3.060763e+02  -15.8763
  1804  3.626035e+02  3.175623e+02  -12.4216
  1805  3.613531e+02  3.307584e+02  -8.4667
  1806  3.600898e+02  3.448673e+02  -4.2274
  1807  3.588139e+02  3.590915e+02  +0.0774
  1808  3.575259e+02  3.726338e+02  +4.2257
  1809  3.562261e+02  3.846968e+02  +7.9923
  1810  3.549149e+02  3.944831e+02  +11.1486
  1811  3.535928e+02  4.011954e+02  +13.4626
  1812  3.522600e+02  4.040363e+02  +14.6983
  1813  3.509171e+02  4.024593e+02  +14.6879
  1814  3.495644e+02  3.969212e+02  +13.5474
  1815  3.482023e+02  3.881297e+02  +11.4667
  1816  3.468312e+02  3.767923e+02  +8.6385
  1817  3.454516e+02  3.636166e+02  +5.2583
  1818  3.440638e+02  3.493104e+02  +1.5249
  1819  3.426682e+02  3.345812e+02  -2.3600
  1820  3.412653e+02  3.201367e+02  -6.1912
  1821  3.398554e+02  3.066845e+02  -9.7603
  1822  3.384390e+02  2.949323e+02  -12.8551
  1823  3.370166e+02  2.855875e+02  -15.2601
  1824  3.355884e+02  2.793580e+02  -16.7558
  1825  3.341550e+02  2.767410e+02  -17.1818
  1826  3.327167e+02  2.773926e+02  -16.6280
  1827  3.312740e+02  2.807588e+02  -15.2488
  1828  3.298273e+02  2.862853e+02  -13.2015
  1829  3.283771e+02  2.934181e+02  -10.6460
  1830  3.269237e+02  3.016029e+02  -7.7452
  1831  3.254676e+02  3.102856e+02  -4.6647
  1832  3.240092e+02  3.189122e+02  -1.5731
  1833  3.225488e+02  3.269283e+02  +1.3578
  1834  3.210867e+02  3.337800e+02  +3.9532
  1835  3.196233e+02  3.389130e+02  +6.0351
  1836  3.181591e+02  3.417732e+02  +7.4221
  1837  3.166942e+02  3.419658e+02  +7.9798
  1838  3.152292e+02  3.397334e+02  +7.7735
  1839  3.137643e+02  3.354780e+02  +6.9204
  1840  3.123000e+02  3.296016e+02  +5.5401
  1841  3.108365e+02  3.225062e+02  +3.7543
  1842  3.093743e+02  3.145937e+02  +1.6871
  1843  3.079138e+02  3.062662e+02  -0.5351
  1844  3.064552e+02  2.979256e+02  -2.7833
  1845  3.049990e+02  2.899739e+02  -4.9263
  1846  3.035456e+02  2.828130e+02  -6.8301
  1847  3.020953e+02  2.768451e+02  -8.3584
  1848  3.006485e+02  2.724719e+02  -9.3719
  1849  2.992056e+02  2.699846e+02  -9.7662
  1850  2.977669e+02  2.692301e+02  -9.5836
  1851  2.963329e+02  2.699444e+02  -8.9050
  1852  2.949039e+02  2.718635e+02  -7.8128
  1853  2.934804e+02  2.747234e+02  -6.3912
  1854  2.920626e+02  2.782601e+02  -4.7259
  1855  2.906510e+02  2.822095e+02  -2.9044
  1856  2.892460e+02  2.863076e+02  -1.0159
  1857  2.878480e+02  2.902904e+02  +0.8485
  1858  2.864573e+02  2.938940e+02  +2.5961
  1859  2.850744e+02  2.968543e+02  +4.1322
  1860  2.836997e+02  2.989072e+02  +5.3605
  1861  2.823335e+02  2.998596e+02  +6.2076
  1862  2.809762e+02  2.998008e+02  +6.6997
  1863  2.796283e+02  2.988911e+02  +6.8887
  1864  2.782902e+02  2.972908e+02  +6.8276
  1865  2.769622e+02  2.951599e+02  +6.5705
  1866  2.756448e+02  2.926588e+02  +6.1724
  1867  2.743384e+02  2.899476e+02  +5.6898
  1868  2.730434e+02  2.871866e+02  +5.1798
  1869  2.717601e+02  2.845359e+02  +4.7011
  1870  2.704891e+02  2.821558e+02  +4.3132
  1871  2.692303e+02  2.802065e+02  +4.0769
  1872  2.679841e+02  2.788482e+02  +4.0540
  1873  2.667506e+02  2.781920e+02  +4.2892
  1874  2.655298e+02  2.781528e+02  +4.7539
  1875  2.643220e+02  2.785967e+02  +5.4005
  1876  2.631272e+02  2.793893e+02  +6.1803
  1877  2.619457e+02  2.803967e+02  +7.0438
  1878  2.607777e+02  2.814846e+02  +7.9405
  1879  2.596231e+02  2.825190e+02  +8.8189
  1880  2.584823e+02  2.833657e+02  +9.6268
  1881  2.573553e+02  2.838907e+02  +10.3108
  1882  2.562423e+02  2.839597e+02  +10.8169
  1883  2.551434e+02  2.834386e+02  +11.0899
  1884  2.540589e+02  2.821934e+02  +11.0740
  1885  2.529888e+02  2.801389e+02  +10.7317
  1886  2.519333e+02  2.773860e+02  +10.1029
  1887  2.508926e+02  2.740945e+02  +9.2477
  1888  2.498668e+02  2.704243e+02  +8.2274
  1889  2.488561e+02  2.665354e+02  +7.1042
  1890  2.478606e+02  2.625875e+02  +5.9416
  1891  2.468805e+02  2.587406e+02  +4.8040
  1892  2.459159e+02  2.551545e+02  +3.7568
  1893  2.449671e+02  2.519891e+02  +2.8665
  1894  2.440341e+02  2.494043e+02  +2.2006
  1895  2.431171e+02  2.475599e+02  +1.8274
  1896  2.422163e+02  2.466158e+02  +1.8164
  1897  2.413319e+02  2.466737e+02  +2.2135
  1898  2.404639e+02  2.476017e+02  +2.9684
  1899  2.396126e+02  2.492101e+02  +4.0054
  1900  2.387781e+02  2.513088e+02  +5.2479
  1901  2.379605e+02  2.537079e+02  +6.6176
  1902  2.371602e+02  2.562175e+02  +8.0356
  1903  2.363771e+02  2.586476e+02  +9.4216
  1904  2.356115e+02  2.608082e+02  +10.6942
  1905  2.348635e+02  2.625094e+02  +11.7711
  1906  2.341333e+02  2.635614e+02  +12.5690
  1907  2.334210e+02  2.637740e+02  +13.0035
  1908  2.327269e+02  2.629574e+02  +12.9897
  1909  2.320510e+02  2.609926e+02  +12.4721
  1910  2.313933e+02  2.580444e+02  +11.5177
  1911  2.307536e+02  2.543488e+02  +10.2253
  1912  2.301319e+02  2.501415e+02  +8.6948
  1913  2.295281e+02  2.456585e+02  +7.0276
  1914  2.289420e+02  2.411355e+02  +5.3260
  1915  2.283735e+02  2.368084e+02  +3.6935
  1916  2.278225e+02  2.329131e+02  +2.2344
  1917  2.272889e+02  2.296854e+02  +1.0544
  1918  2.267726e+02  2.273611e+02  +0.2595
  1919  2.262735e+02  2.261762e+02  -0.0430
  1920  2.257914e+02  2.263664e+02  +0.2546
  1921  2.253263e+02  2.280793e+02  +1.2218
  1922  2.248780e+02  2.311095e+02  +2.7711
  1923  2.244464e+02  2.351634e+02  +4.7749
  1924  2.240314e+02  2.399471e+02  +7.1042
  1925  2.236328e+02  2.451671e+02  +9.6293
  1926  2.232507e+02  2.505295e+02  +12.2189
  1927  2.228847e+02  2.557407e+02  +14.7413
  1928  2.225348e+02  2.605070e+02  +17.0635
  1929  2.222010e+02  2.645347e+02  +19.0520
  1930  2.218830e+02  2.675300e+02  +20.5726
  1931  2.215808e+02  2.691994e+02  +21.4904
  1932  2.212942e+02  2.692490e+02  +21.6702
  1933  2.210230e+02  2.674881e+02  +21.0227
  1934  2.207673e+02  2.641373e+02  +19.6451
  1935  2.205268e+02  2.595203e+02  +17.6820
  1936  2.203015e+02  2.539607e+02  +15.2787
  1937  2.200911e+02  2.477820e+02  +12.5816
  1938  2.198956e+02  2.413079e+02  +9.7375
  1939  2.197149e+02  2.348619e+02  +6.8940
  1940  2.195487e+02  2.287677e+02  +4.1990
  1941  2.193971e+02  2.233488e+02  +1.8012
  1942  2.192598e+02  2.189288e+02  -0.1510
  1943  2.191368e+02  2.158314e+02  -1.5084
  1944  2.190278e+02  2.143801e+02  -2.1220
  1945  2.189328e+02  2.147895e+02  -1.8925
  1946  2.188517e+02  2.168389e+02  -0.9197
  1947  2.187842e+02  2.201983e+02  +0.6463
  1948  2.187303e+02  2.245379e+02  +2.6551
  1949  2.186897e+02  2.295278e+02  +4.9559
  1950  2.186621e+02  2.348382e+02  +7.3977
  1951  2.186473e+02  2.401392e+02  +9.8295
  1952  2.186450e+02  2.451011e+02  +12.1000
  1953  2.186550e+02  2.493940e+02  +14.0582
  1954  2.186769e+02  2.526879e+02  +15.5531
  1955  2.187105e+02  2.546532e+02  +16.4339
  1956  2.187555e+02  2.549598e+02  +16.5501
  1957  2.188117e+02  2.533924e+02  +15.8039
  1958  2.188788e+02  2.501929e+02  +14.3066
  1959  2.189564e+02  2.457176e+02  +12.2221
  1960  2.190444e+02  2.403227e+02  +9.7141
  1961  2.191425e+02  2.343645e+02  +6.9462
  1962  2.192503e+02  2.281994e+02  +4.0817
  1963  2.193676e+02  2.221835e+02  +1.2837
  1964  2.194941e+02  2.166733e+02  -1.2851
  1965  2.196295e+02  2.120249e+02  -3.4625
  1966  2.197736e+02  2.085947e+02  -5.0866
  1967  2.199260e+02  2.067389e+02  -5.9962
  1968  2.200865e+02  2.068138e+02  -6.0307
  1969  2.202547e+02  2.090448e+02  -5.0895
  1970  2.204305e+02  2.131334e+02  -3.3104
  1971  2.206134e+02  2.186503e+02  -0.8898
  1972  2.208033e+02  2.251661e+02  +1.9759
  1973  2.209998e+02  2.322513e+02  +5.0912
  1974  2.212026e+02  2.394766e+02  +8.2612
  1975  2.214114e+02  2.464127e+02  +11.2918
  1976  2.216259e+02  2.526300e+02  +13.9894
  1977  2.218459e+02  2.576994e+02  +16.1614
  1978  2.220710e+02  2.611912e+02  +17.6161
  1979  2.223009e+02  2.626763e+02  +18.1625
  1980  2.225354e+02  2.617252e+02  +17.6106
  1981  2.227741e+02  2.580727e+02  +15.8450
  1982  2.230167e+02  2.521107e+02  +13.0457
  1983  2.232629e+02  2.443953e+02  +9.4652
  1984  2.235125e+02  2.354825e+02  +5.3554
  1985  2.237650e+02  2.259283e+02  +0.9668
  1986  2.240202e+02  2.162888e+02  -3.4512
  1987  2.242779e+02  2.071202e+02  -7.6502
  1988  2.245376e+02  1.989783e+02  -11.3831
  1989  2.247993e+02  1.924194e+02  -14.4039
  1990  2.250625e+02  1.879995e+02  -16.4679
  1991  2.253271e+02  1.862746e+02  -17.3315
  1992  2.255929e+02  1.878008e+02  -16.7523
  1993  2.258595e+02  1.929222e+02  -14.5831
  1994  2.261267e+02  2.011350e+02  -11.0521
  1995  2.263943e+02  2.117236e+02  -6.4802
  1996  2.266620e+02  2.239720e+02  -1.1868
  1997  2.269295e+02  2.371648e+02  +4.5103
  1998  2.271966e+02  2.505860e+02  +10.2948
  1999  2.274630e+02  2.635199e+02  +15.8518
  2000  2.277284e+02  2.752510e+02  +20.8681
  2001  2.279926e+02  2.850633e+02  +25.0318
  2002  2.282553e+02  2.922412e+02  +28.0326
  2003  2.285163e+02  2.960690e+02  +29.5614
  2004  2.287753e+02  2.958308e+02  +29.3107
  2005  2.290320e+02  2.910620e+02  +27.0835
  2006  2.292861e+02  2.823009e+02  +23.1217
  2007  2.295374e+02  2.703371e+02  +17.7747
  2008  2.297857e+02  2.559600e+02  +11.3907
  2009  2.300305e+02  2.399590e+02  +4.3161
  2010  2.302718e+02  2.231235e+02  -3.1043
  2011  2.305091e+02  2.062431e+02  -10.5271
  2012  2.307422e+02  1.901071e+02  -17.6106
  2013  2.309709e+02  1.755050e+02  -24.0142
  2014  2.311948e+02  1.632262e+02  -29.3988
  2015  2.314137e+02  1.540602e+02  -33.4265
  2016  2.316273e+02  1.487963e+02  -35.7605
  2017  2.318354e+02  1.479789e+02  -36.1707
  2018  2.320375e+02  1.511712e+02  -34.8505
  2019  2.322336e+02  1.576916e+02  -32.0979
  2020  2.324232e+02  1.668580e+02  -28.2094
  2021  2.326061e+02  1.779887e+02  -23.4806
  2022  2.327820e+02  1.904019e+02  -18.2059
  2023  2.329506e+02  2.034158e+02  -12.6786
  2024  2.331116e+02  2.163484e+02  -7.1910
  2025  2.332648e+02  2.285181e+02  -2.0349
  2026  2.334098e+02  2.392429e+02  +2.4991
  2027  2.335466e+02  2.478410e+02  +6.1206
  2028  2.336751e+02  2.536306e+02  +8.5398
  2029  2.337951e+02  2.561252e+02  +9.5512
  2030  2.339065e+02  2.556197e+02  +9.2829
  2031  2.340092e+02  2.526045e+02  +7.9464
  2032  2.341032e+02  2.475698e+02  +5.7524
  2033  2.341882e+02  2.410059e+02  +2.9112
  2034  2.342643e+02  2.334031e+02  -0.3676
  2035  2.343313e+02  2.252516e+02  -3.8747
  2036  2.343891e+02  2.170418e+02  -7.4011
  2037  2.344376e+02  2.092639e+02  -10.7379
  2038  2.344766e+02  2.024083e+02  -13.6766
  2039  2.345061e+02  1.969651e+02  -16.0085
  2040  2.345260e+02  1.934248e+02  -17.5252
  2041  2.345362e+02  1.921397e+02  -18.0767
  2042  2.345365e+02  1.929114e+02  -17.7478
  2043  2.345268e+02  1.954034e+02  -16.6818
  2044  2.345071e+02  1.992795e+02  -15.0220
  2045  2.344772e+02  2.042032e+02  -12.9113
  2046  2.344370e+02  2.098382e+02  -10.4927
  2047  2.343864e+02  2.158482e+02  -7.9093
  2048  2.343253e+02  2.218967e+02  -5.3040
  2049  2.342536e+02  2.276475e+02  -2.8201
  2050  2.341712e+02  2.327642e+02  -0.6008
  2051  2.340779e+02  2.369104e+02  +1.2101
  2052  2.339736e+02  2.397498e+02  +2.4687
  2053  2.338583e+02  2.410386e+02  +3.0704
  2054  2.337318e+02  2.409041e+02  +3.0686
  2055  2.335940e+02  2.395658e+02  +2.5565
  2056  2.334448e+02  2.372436e+02  +1.6273
  2057  2.332840e+02  2.341573e+02  +0.3743
  2058  2.331117e+02  2.305264e+02  -1.1090
  2059  2.329275e+02  2.265709e+02  -2.7290
  2060  2.327315e+02  2.225104e+02  -4.3918
  2061  2.325236e+02  2.185646e+02  -6.0032
  2062  2.323035e+02  2.149534e+02  -7.4687
  2063  2.320712e+02  2.118965e+02  -8.6933
  2064  2.318266e+02  2.096136e+02  -9.5817
  2065  2.315696e+02  2.082654e+02  -10.0636
  2066  2.313002e+02  2.077760e+02  -10.1704
  2067  2.310185e+02  2.080105e+02  -9.9594
  2068  2.307246e+02  2.088341e+02  -9.4877
  2069  2.304185e+02  2.101117e+02  -8.8130
  2070  2.301004e+02  2.117084e+02  -7.9930
  2071  2.297703e+02  2.134894e+02  -7.0857
  2072  2.294282e+02  2.153198e+02  -6.1494
  2073  2.290744e+02  2.170645e+02  -5.2428
  2074  2.287087e+02  2.185887e+02  -4.4249
  2075  2.283314e+02  2.197574e+02  -3.7551
  2076  2.279425e+02  2.204358e+02  -3.2933
  2077  2.275420e+02  2.205201e+02  -3.0860
  2078  2.271301e+02  2.200321e+02  -3.1251
  2079  2.267069e+02  2.190245e+02  -3.3887
  2080  2.262723e+02  2.175504e+02  -3.8546
  2081  2.258265e+02  2.156625e+02  -4.5008
  2082  2.253697e+02  2.134138e+02  -5.3050
  2083  2.249017e+02  2.108572e+02  -6.2448
  2084  2.244228e+02  2.080455e+02  -7.2975
  2085  2.239331e+02  2.050317e+02  -8.4406
  2086  2.234325e+02  2.018686e+02  -9.6512
  2087  2.229212e+02  1.986092e+02  -10.9061
  2088  2.223993e+02  1.953063e+02  -12.1822
  2089  2.218668e+02  1.920247e+02  -13.4504
  2090  2.213239e+02  1.888772e+02  -14.6603
  2091  2.207706e+02  1.859881e+02  -15.7550
  2092  2.202070e+02  1.834820e+02  -16.6775
  2093  2.196331e+02  1.814834e+02  -17.3697
  2094  2.190492e+02  1.801169e+02  -17.7733
  2095  2.184552e+02  1.795070e+02  -17.8289
  2096  2.178513e+02  1.797781e+02  -17.4767
  2097  2.172375e+02  1.810549e+02  -16.6558
  2098  2.166139e+02  1.834618e+02  -15.3047
  2099  2.159807e+02  1.871234e+02  -13.3610
  2100  2.153378e+02  1.921642e+02  -10.7615
  2101  2.146854e+02  1.986196e+02  -7.4834
  2102  2.140236e+02  2.061684e+02  -3.6702
  2103  2.133525e+02  2.144006e+02  +0.4912
  2104  2.126721e+02  2.229058e+02  +4.8119
  2105  2.119827e+02  2.312739e+02  +9.1003
  2106  2.112844e+02  2.390945e+02  +13.1624
  2107  2.105774e+02  2.459576e+02  +16.8015
  2108  2.098619e+02  2.514529e+02  +19.8183
  2109  2.091381e+02  2.551701e+02  +22.0103
  2110  2.084062e+02  2.566991e+02  +23.1725
  2111  2.076663e+02  2.556296e+02  +23.0964
  2112  2.069187e+02  2.515515e+02  +21.5702
  2113  2.061635e+02  2.442289e+02  +18.4637
  2114  2.054009e+02  2.341246e+02  +13.9842
  2115  2.046312e+02  2.218755e+02  +8.4270
  2116  2.038544e+02  2.081189e+02  +2.0919
  2117  2.030709e+02  1.934916e+02  -4.7172
  2118  2.022808e+02  1.786310e+02  -11.6916
  2119  2.014843e+02  1.641740e+02  -18.5177
  2120  2.006816e+02  1.507578e+02  -24.8771
  2121  1.998728e+02  1.390195e+02  -30.4460
  2122  1.990583e+02  1.295960e+02  -34.8954
  2123  1.982381e+02  1.231247e+02  -37.8905
  2124  1.974125e+02  1.202425e+02  -39.0908
  2125  1.965817e+02  1.213709e+02  -38.2593
  2126  1.957459e+02  1.260689e+02  -35.5956
  2127  1.949053e+02  1.336801e+02  -31.4128
  2128  1.940601e+02  1.435478e+02  -26.0292
  2129  1.932104e+02  1.550156e+02  -19.7685
  2130  1.923565e+02  1.674267e+02  -12.9602
  2131  1.914987e+02  1.801247e+02  -5.9394
  2132  1.906370e+02  1.924530e+02  +0.9526
  2133  1.897718e+02  2.037551e+02  +7.3685
  2134  1.889031e+02  2.133743e+02  +12.9543
  2135  1.880313e+02  2.206541e+02  +17.3497
  2136  1.871565e+02  2.249380e+02  +20.1871
  2137  1.862790e+02  2.257682e+02  +21.1990
  2138  1.853989e+02  2.234828e+02  +20.5416
  2139  1.845164e+02  2.186184e+02  +18.4818
  2140  1.836319e+02  2.117118e+02  +15.2914
  2141  1.827454e+02  2.032999e+02  +11.2476
  2142  1.818572e+02  1.939193e+02  +6.6327
  2143  1.809675e+02  1.841070e+02  +1.7348
  2144  1.800766e+02  1.743997e+02  -3.1525
  2145  1.791844e+02  1.653341e+02  -7.7296
  2146  1.782914e+02  1.574471e+02  -11.6911
  2147  1.773975e+02  1.512754e+02  -14.7252
  2148  1.765031e+02  1.473559e+02  -16.5137
  2149  1.756083e+02  1.460658e+02  -16.8229
  2150  1.747132e+02  1.471450e+02  -15.7791
  2151  1.738181e+02  1.501737e+02  -13.6030
  2152  1.729231e+02  1.547321e+02  -10.5197
  2153  1.720285e+02  1.604006e+02  -6.7593
  2154  1.711344e+02  1.667595e+02  -2.5564
  2155  1.702410e+02  1.733891e+02  +1.8492
  2156  1.693484e+02  1.798696e+02  +6.2128
  2157  1.684570e+02  1.857814e+02  +10.2842
  2158  1.675668e+02  1.907048e+02  +13.8082
  2159  1.666780e+02  1.942199e+02  +16.5240
  2160  1.657909e+02  1.959072e+02  +18.1653
  2161  1.649056e+02  1.954744e+02  +18.5372
  2162  1.640223e+02  1.931389e+02  +17.7516
  2163  1.631413e+02  1.892457e+02  +16.0011
  2164  1.622626e+02  1.841396e+02  +13.4824
  2165  1.613866e+02  1.781655e+02  +10.3968
  2166  1.605133e+02  1.716685e+02  +6.9497
  2167  1.596430e+02  1.649934e+02  +3.3514
  2168  1.587759e+02  1.584850e+02  -0.1832
  2169  1.579122e+02  1.524884e+02  -3.4347
  2170  1.570520e+02  1.473484e+02  -6.1786
  2171  1.561956e+02  1.434099e+02  -8.1857
  2172  1.553432e+02  1.410179e+02  -9.2217
  2173  1.544949e+02  1.404128e+02  -9.1149
  2174  1.536510e+02  1.414177e+02  -7.9618
  2175  1.528117e+02  1.437509e+02  -5.9294
  2176  1.519771e+02  1.471312e+02  -3.1886
  2177  1.511475e+02  1.512769e+02  +0.0856
  2178  1.503230e+02  1.559066e+02  +3.7144
  2179  1.495039e+02  1.607390e+02  +7.5149
  2180  1.486904e+02  1.654924e+02  +11.3000
  2181  1.478827e+02  1.698855e+02  +14.8785
  2182  1.470809e+02  1.736367e+02  +18.0552
  2183  1.462852e+02  1.764646e+02  +20.6306
  2184  1.454956e+02  1.780878e+02  +22.4008
  2185  1.447122e+02  1.782997e+02  +23.2098
  2186  1.439352e+02  1.771936e+02  +23.1065
  2187  1.431645e+02  1.749375e+02  +22.1933
  2188  1.424003e+02  1.716997e+02  +20.5753
  2189  1.416427e+02  1.676483e+02  +18.3600
  2190  1.408917e+02  1.629514e+02  +15.6572
  2191  1.401474e+02  1.577773e+02  +12.5796
  2192  1.394099e+02  1.522941e+02  +9.2420
  2193  1.386793e+02  1.466700e+02  +5.7620
  2194  1.379557e+02  1.410731e+02  +2.2597
  2195  1.372391e+02  1.356715e+02  -1.1422
  2196  1.365297e+02  1.306335e+02  -4.3186
  2197  1.358274e+02  1.261021e+02  -7.1601
  2198  1.351325e+02  1.221204e+02  -9.6292
  2199  1.344450e+02  1.187064e+02  -11.7064
  2200  1.337650e+02  1.158780e+02  -13.3719
  2201  1.330925e+02  1.136533e+02  -14.6057
  2202  1.324277e+02  1.120503e+02  -15.3875
  2203  1.317706e+02  1.110869e+02  -15.6967
  2204  1.311213e+02  1.107811e+02  -15.5125
  2205  1.304799e+02  1.111509e+02  -14.8138
  2206  1.298466e+02  1.122144e+02  -13.5792
  2207  1.292213e+02  1.139894e+02  -11.7874
  2208  1.286042e+02  1.164941e+02  -9.4165
  2209  1.279953e+02  1.197164e+02  -6.4682
  2210  1.273948e+02  1.235244e+02  -3.0381
  2211  1.268027e+02  1.277564e+02  +0.7521
  2212  1.262191e+02  1.322505e+02  +4.7785
  2213  1.256442e+02  1.368450e+02  +8.9147
  2214  1.250779e+02  1.413780e+02  +13.0319
  2215  1.245205e+02  1.456877e+02  +16.9990
  2216  1.239719e+02  1.496124e+02  +20.6825
  2217  1.234323e+02  1.529901e+02  +23.9466
  2218  1.229017e+02  1.556590e+02  +26.6533
  2219  1.223803e+02  1.574575e+02  +28.6624
  2220  1.218681e+02  1.582236e+02  +29.8318
  2221  1.213653e+02  1.578524e+02  +30.0639
  2222  1.208717e+02  1.564667e+02  +29.4486
  2223  1.203874e+02  1.542461e+02  +28.1248
  2224  1.199122e+02  1.513701e+02  +26.2340
  2225  1.194463e+02  1.480183e+02  +23.9204
  2226  1.189894e+02  1.443705e+02  +21.3305
  2227  1.185417e+02  1.406061e+02  +18.6132
  2228  1.181030e+02  1.369048e+02  +15.9198
  2229  1.176733e+02  1.334462e+02  +13.4040
  2230  1.172525e+02  1.304099e+02  +11.2214
  2231  1.168407e+02  1.279755e+02  +9.5299
  2232  1.164378e+02  1.263226e+02  +8.4894
  2233  1.160437e+02  1.255821e+02  +8.2197
  2234  1.156583e+02  1.256898e+02  +8.6734
  2235  1.152818e+02  1.265328e+02  +9.7596
  2236  1.149139e+02  1.279981e+02  +11.3861
  2237  1.145547e+02  1.299729e+02  +13.4592
  2238  1.142041e+02  1.323441e+02  +15.8839
  2239  1.138621e+02  1.349989e+02  +18.5636
  2240  1.135286e+02  1.378244e+02  +21.4006
  2241  1.132036e+02  1.407076e+02  +24.2961
  2242  1.128870e+02  1.435357e+02  +27.1498
  2243  1.125789e+02  1.461956e+02  +29.8606
  2244  1.122791e+02  1.485744e+02  +32.3260
  2245  1.119876e+02  1.505715e+02  +34.4538
  2246  1.117043e+02  1.521346e+02  +36.1940
  2247  1.114293e+02  1.532237e+02  +37.5075
  2248  1.111624e+02  1.537988e+02  +38.3550
  2249  1.109037e+02  1.538199e+02  +38.6968
  2250  1.106531e+02  1.532471e+02  +38.4933
  2251  1.104104e+02  1.520402e+02  +37.7045
  2252  1.101758e+02  1.501593e+02  +36.2906
  2253  1.099491e+02  1.475643e+02  +34.2115
  2254  1.097303e+02  1.442154e+02  +31.4271
  2255  1.095193e+02  1.400724e+02  +27.8974
  2256  1.093162e+02  1.350953e+02  +23.5822
  2257  1.091208e+02  1.292897e+02  +18.4831
  2258  1.089330e+02  1.228429e+02  +12.7692
  2259  1.087530e+02  1.159878e+02  +6.6525
  2260  1.085805e+02  1.089572e+02  +0.3470
  2261  1.084155e+02  1.019842e+02  -5.9321
  2262  1.082579e+02  9.530143e+01  -11.9682
  2263  1.081076e+02  8.914191e+01  -17.5433
  2264  1.079643e+02  8.373848e+01  -22.4387
  2265  1.078281e+02  7.932402e+01  -26.4347
  2266  1.076988e+02  7.613142e+01  -29.3108
  2267  1.075762e+02  7.439355e+01  -30.8457
  2268  1.074603e+02  7.434328e+01  -30.8179
  2269  1.073510e+02  7.612320e+01  -29.0894
  2270  1.072480e+02  7.951464e+01  -25.8591
  2271  1.071514e+02  8.420862e+01  -21.4115
  2272  1.070609e+02  8.989620e+01  -16.0326
  2273  1.069765e+02  9.626838e+01  -10.0097
  2274  1.068979e+02  1.030162e+02  -3.6312
  2275  1.068252e+02  1.098307e+02  +2.8135
  2276  1.067582e+02  1.164030e+02  +9.0342
  2277  1.066967e+02  1.224239e+02  +14.7402
  2278  1.066406e+02  1.275847e+02  +19.6399
  2279  1.065898e+02  1.315762e+02  +23.4416
  2280  1.065442e+02  1.340896e+02  +25.8535
  2281  1.065037e+02  1.349115e+02  +26.6731
  2282  1.064680e+02  1.342113e+02  +26.0578
  2283  1.064372e+02  1.322540e+02  +24.2555
  2284  1.064110e+02  1.293047e+02  +21.5144
  2285  1.063894e+02  1.256283e+02  +18.0835
  2286  1.063722e+02  1.214899e+02  +14.2121
  2287  1.063592e+02  1.171544e+02  +10.1498
  2288  1.063504e+02  1.128870e+02  +6.1463
  2289  1.063456e+02  1.089526e+02  +2.4514
  2290  1.063447e+02  1.056162e+02  -0.6850
  2291  1.063476e+02  1.031430e+02  -3.0133
  2292  1.063540e+02  1.017978e+02  -4.2841
  2293  1.063640e+02  1.017718e+02  -4.3175
  2294  1.063773e+02  1.029603e+02  -3.2121
  2295  1.063939e+02  1.051850e+02  -1.1363
  2296  1.064135e+02  1.082671e+02  +1.7418
  2297  1.064361e+02  1.120282e+02  +5.2539
  2298  1.064616e+02  1.162897e+02  +9.2317
  2299  1.064897e+02  1.208732e+02  +13.5070
  2300  1.065203e+02  1.256000e+02  +17.9117
  2301  1.065535e+02  1.302916e+02  +22.2782
  2302  1.065889e+02  1.347696e+02  +26.4386
  2303  1.066266e+02  1.388553e+02  +30.2258
  2304  1.066664e+02  1.423703e+02  +33.4725
  2305  1.067081e+02  1.451622e+02  +36.0367
  2306  1.067517e+02  1.471834e+02  +37.8745
  2307  1.067971e+02  1.484128e+02  +38.9671
  2308  1.068440e+02  1.488289e+02  +39.2956
  2309  1.068924e+02  1.484106e+02  +38.8411
  2310  1.069422e+02  1.471364e+02  +37.5849
  2311  1.069933e+02  1.449850e+02  +35.5086
  2312  1.070454e+02  1.419353e+02  +32.5935
  2313  1.070986e+02  1.379658e+02  +28.8213
  2314  1.071526e+02  1.330552e+02  +24.1735
  2315  1.072074e+02  1.271823e+02  +18.6320
  2316  1.072628e+02  1.203257e+02  +12.1784
  2317  1.073187e+02  1.125279e+02  +4.8539
  2318  1.073750e+02  1.040858e+02  -3.0633
  2319  1.074315e+02  9.536014e+01  -11.2364
  2320  1.074882e+02  8.671172e+01  -19.3291
  2321  1.075449e+02  7.850123e+01  -27.0061
  2322  1.076014e+02  7.108938e+01  -33.9326
  2323  1.076576e+02  6.483689e+01  -39.7749
  2324  1.077135e+02  6.010449e+01  -44.1997
  2325  1.077689e+02  5.725291e+01  -46.8743
  2326  1.078236e+02  5.664285e+01  -47.4671
  2327  1.078775e+02  5.863505e+01  -45.6466
  2328  1.079305e+02  6.359022e+01  -41.0823
  2329  1.079825e+02  7.169710e+01  -33.6030
  2330  1.080333e+02  8.245653e+01  -23.6749
  2331  1.080829e+02  9.519736e+01  -11.9219
  2332  1.081310e+02  1.092484e+02  +1.0334
  2333  1.081775e+02  1.239386e+02  +14.5697
  2334  1.082223e+02  1.385967e+02  +28.0666
  2335  1.082653e+02  1.525516e+02  +40.9053
  2336  1.083064e+02  1.651321e+02  +52.4676
  2337  1.083454e+02  1.756671e+02  +62.1363
  2338  1.083821e+02  1.834855e+02  +69.2950
  2339  1.084165e+02  1.879160e+02  +73.3278
  2340  1.084486e+02  1.882876e+02  +73.6192
  2341  1.084784e+02  1.841791e+02  +69.7842
  2342  1.085056e+02  1.761692e+02  +62.3595
  2343  1.085303e+02  1.650866e+02  +52.1110
  2344  1.085525e+02  1.517601e+02  +39.8034
  2345  1.085720e+02  1.370184e+02  +26.2005
  2346  1.085888e+02  1.216903e+02  +12.0652
  2347  1.086029e+02  1.066045e+02  -1.8401
  2348  1.086142e+02  9.258965e+01  -14.7536
  2349  1.086226e+02  8.047458e+01  -25.9136
  2350  1.086280e+02  7.108799e+01  -34.5583
  2351  1.086305e+02  6.525862e+01  -39.9261
  2352  1.086299e+02  6.381519e+01  -41.2545
  2353  1.086263e+02  6.732004e+01  -38.0260
  2354  1.086194e+02  7.526987e+01  -30.7031
  2355  1.086094e+02  8.689498e+01  -19.9931
  2356  1.085960e+02  1.014257e+02  -6.6028
  2357  1.085793e+02  1.180922e+02  +8.7612
  2358  1.085592e+02  1.361249e+02  +25.3923
  2359  1.085356e+02  1.547541e+02  +42.5837
  2360  1.085085e+02  1.732101e+02  +59.6281
  2361  1.084778e+02  1.907231e+02  +75.8176
  2362  1.084435e+02  2.065235e+02  +90.4434
  2363  1.084054e+02  2.198415e+02  +102.7957
  2364  1.083636e+02  2.299075e+02  +112.1631
  2365  1.083179e+02  2.361497e+02  +118.0153
  2366  1.082683e+02  2.387877e+02  +120.5517
  2367  1.082148e+02  2.382392e+02  +120.1540
  2368  1.081572e+02  2.349219e+02  +117.2040
  2369  1.080956e+02  2.292533e+02  +112.0838
  2370  1.080298e+02  2.216511e+02  +105.1759
  2371  1.079598e+02  2.125329e+02  +96.8630
  2372  1.078855e+02  2.023163e+02  +87.5287
  2373  1.078069e+02  1.914190e+02  +77.5573
  2374  1.077238e+02  1.802585e+02  +67.3339
  2375  1.076363e+02  1.692526e+02  +57.2448
  2376  1.075443e+02  1.588188e+02  +47.6775
  2377  1.074477e+02  1.493296e+02  +38.9789
  2378  1.073465e+02  1.409775e+02  +31.3293
  2379  1.072408e+02  1.339095e+02  +24.8680
  2380  1.071305e+02  1.282728e+02  +19.7351
  2381  1.070157e+02  1.242147e+02  +16.0715
  2382  1.068965e+02  1.218824e+02  +14.0191
  2383  1.067727e+02  1.214230e+02  +13.7210
  2384  1.066445e+02  1.229839e+02  +15.3213
  2385  1.065119e+02  1.267121e+02  +18.9651
  2386  1.063749e+02  1.327548e+02  +24.7990
  2387  1.062335e+02  1.412594e+02  +32.9706
  2388  1.060878e+02  1.523729e+02  +43.6291
  2389  1.059377e+02  1.660921e+02  +56.7828
  2390  1.057833e+02  1.818118e+02  +71.8719
  2391  1.056247e+02  1.987763e+02  +88.1912
  2392  1.054617e+02  2.162298e+02  +105.0316
  2393  1.052945e+02  2.334166e+02  +121.6797
  2394  1.051231e+02  2.495810e+02  +137.4179
  2395  1.049475e+02  2.639674e+02  +151.5233
  2396  1.047677e+02  2.758199e+02  +163.2681
  2397  1.045838e+02  2.843829e+02  +171.9188
  2398  1.043957e+02  2.889006e+02  +176.7361
  2399  1.042035e+02  2.886174e+02  +176.9747
  2400  1.040072e+02  2.827774e+02  +171.8825
  2401  1.038069e+02  2.709332e+02  +160.9973
  2402  1.036026e+02  2.538694e+02  +145.0416
  2403  1.033942e+02  2.326788e+02  +125.0405
  2404  1.031818e+02  2.084542e+02  +102.0261
  2405  1.029655e+02  1.822884e+02  +77.0384
  2406  1.027452e+02  1.552743e+02  +51.1255
  2407  1.025210e+02  1.285045e+02  +25.3445
  2408  1.022930e+02  1.030719e+02  +0.7615
  2409  1.020610e+02  8.006937e+01  -21.5475
  2410  1.018252e+02  6.058963e+01  -40.4964
  2411  1.015856e+02  4.572550e+01  -54.9882
  2412  1.013422e+02  3.656977e+01  -63.9146
  2413  1.010950e+02  3.388638e+01  -66.4807
  2414  1.008441e+02  3.712374e+01  -63.1870
  2415  1.005895e+02  4.540140e+01  -54.8647
  2416  1.003312e+02  5.783891e+01  -42.3520
  2417  1.000692e+02  7.355580e+01  -26.4951
  2418  9.980370e+01  9.167163e+01  -8.1481
  2419  9.953470e+01  1.113059e+02  +11.8263
  2420  9.926230e+01  1.315783e+02  +32.5561
  2421  9.898656e+01  1.516082e+02  +53.1603
  2422  9.870755e+01  1.705152e+02  +72.7478
  2423  9.842534e+01  1.874188e+02  +90.4172
  2424  9.814002e+01  2.014387e+02  +105.2564
  2425  9.785164e+01  2.118928e+02  +116.5449
  2426  9.756028e+01  2.188929e+02  +124.3668
  2427  9.726601e+01  2.227494e+02  +129.0105
  2428  9.696892e+01  2.237725e+02  +130.7672
  2429  9.666907e+01  2.222726e+02  +129.9314
  2430  9.636653e+01  2.185599e+02  +126.8006
  2431  9.606139e+01  2.129448e+02  +121.6757
  2432  9.575371e+01  2.057375e+02  +114.8611
  2433  9.544357e+01  1.972484e+02  +106.6649
  2434  9.513104e+01  1.877877e+02  +97.3990
  2435  9.481621e+01  1.776658e+02  +87.3792
  2436  9.449914e+01  1.671930e+02  +76.9254
  2437  9.417991e+01  1.566575e+02  +66.3385
  2438  9.385860e+01  1.462595e+02  +55.8296
  2439  9.353528e+01  1.361772e+02  +45.5891
  2440  9.321003e+01  1.265887e+02  +35.8102
  2441  9.288293e+01  1.176723e+02  +26.6888
  2442  9.255405e+01  1.096061e+02  +18.4238
  2443  9.222348e+01  1.025682e+02  +11.2170
  2444  9.189128e+01  9.673681e+01  +5.2731
  2445  9.155754e+01  9.229013e+01  +0.8001
  2446  9.122233e+01  8.940630e+01  -1.9908
  2447  9.088574e+01  8.826349e+01  -2.8852
  2448  9.054784e+01  8.903986e+01  -1.6654
  2449  9.020871e+01  9.181264e+01  +1.7780
  2450  8.986843e+01  9.625532e+01  +7.1069
  2451  8.952708e+01  1.019404e+02  +13.8655
  2452  8.918473e+01  1.084405e+02  +21.5909
  2453  8.884148e+01  1.153282e+02  +29.8134
  2454  8.849739e+01  1.221759e+02  +38.0559
  2455  8.815256e+01  1.285562e+02  +45.8337
  2456  8.780705e+01  1.340416e+02  +52.6548
  2457  8.746094e+01  1.382048e+02  +58.0189
  2458  8.711430e+01  1.406183e+02  +61.4181
  2459  8.676722e+01  1.408545e+02  +62.3361
  2460  8.641976e+01  1.384861e+02  +60.2482
  2461  8.607201e+01  1.332295e+02  +54.7884
  2462  8.572404e+01  1.253768e+02  +46.2563
  2463  8.537592e+01  1.153641e+02  +35.1249
  2464  8.502775e+01  1.036275e+02  +21.8750
  2465  8.467958e+01  9.060304e+01  +6.9951
  2466  8.433151e+01  7.672674e+01  -9.0177
  2467  8.398360e+01  6.243468e+01  -25.6585
  2468  8.363594e+01  4.816291e+01  -42.4136
  2469  8.328860e+01  3.434750e+01  -58.7609
  2470  8.294167e+01  2.142451e+01  -74.1692
  2471  8.259522e+01  9.829987e+00  -88.0986
  2472  8.224933e+01  1.170410e-14  -100.0000
  2473  8.190408e+01  -7.732635e+00  -109.4411
  2474  8.155955e+01  -1.344806e+01  -116.4886
  2475  8.121583e+01  -1.732966e+01  -121.3378
  2476  8.087298e+01  -1.956082e+01  -124.1871
  2477  8.053109e+01  -2.032491e+01  -125.2386
  2478  8.019025e+01  -1.980533e+01  -124.6979
  2479  7.985053e+01  -1.818545e+01  -122.7744
  2480  7.951201e+01  -1.564865e+01  -119.6809
  2481  7.917477e+01  -1.237833e+01  -115.6342
  2482  7.883891e+01  -8.557857e+00  -110.8549
  2483  7.850449e+01  -4.370620e+00  -105.5674
  2484  7.817160e+01  1.192039e-14  -100.0000
  2485  7.784033e+01  4.370620e+00  -94.3851
  2486  7.751075e+01  8.557857e+00  -88.9591
  2487  7.718295e+01  1.237833e+01  -83.9624
  2488  7.685702e+01  1.564865e+01  -79.6393
  2489  7.653303e+01  1.818545e+01  -76.2384
  2490  7.621107e+01  1.980533e+01  -74.0125
  2491  7.589122e+01  2.032491e+01  -73.2184
  2492  7.557357e+01  1.956082e+01  -74.1169
  2493  7.525820e+01  1.732966e+01  -76.9731
  2494  7.494516e+01  1.344806e+01  -82.0561
  2495  7.463428e+01  7.732635e+00  -89.6393
  2496  7.432539e+01  0.000000e+00  -100.0000
  2497  7.401828e+01  -9.933227e+00  -113.4200
  2498  7.371276e+01  -2.225043e+01  -130.1853
  2499  7.340864e+01  -3.713499e+01  -150.5867
  2500  7.310571e+01  -5.477028e+01  -174.9193
