rank,material_id,formula,space_group,theta_D_K,lambda,lambda_source,Tc_estimated_K,Tc_experimental_K,R_tau,R_tau_multi,n_channels,channels,channels_needed_300K,pressure_GPa,notes
1,mp-1205815,Eu2H6Ir,Fm-3m,275.1,1.800,hydride heuristic (H_count=6),31.23,0.0,0.095467,0.381868,4,phonon+spin+topological+orbital,10,0.0,
2,mp-1201730,Er3Al2Ni6H7,Im-3m,277.5,1.900,hydride heuristic (H_count=7),33.16,0.0,0.102250,0.306750,3,phonon+spin+orbital,10,0.0,
3,mp-570653,LaFe5H12,P6/mmm,249.5,2.400,hydride heuristic (H_count=12),36.35,0.0,0.100787,0.302360,3,phonon+spin+orbital,9,0.0,
4,mp-1207411,Zr6Ga2NiH10,P-62c,255.0,2.200,hydride heuristic (H_count=10),34.64,0.0,0.098131,0.294394,3,phonon+spin+orbital,9,0.0,
5,mp-1207506,Zr6Ga2FeH10,P-62c,254.7,2.200,hydride heuristic (H_count=10),34.60,0.0,0.097908,0.293724,3,phonon+spin+orbital,9,0.0,
6,mp-24672,Zr6Ni(SnH5)2,P-62c,261.0,1.500,hydride heuristic (H_count=5),24.42,0.0,0.070813,0.283254,4,phonon+spin+topological+orbital,13,0.0,
7,mp-1207523,Zr6Fe(SnH5)2,P-62c,260.5,1.500,hydride heuristic (H_count=5),24.37,0.0,0.070535,0.282140,4,phonon+spin+topological+orbital,13,0.0,
8,mp-1178617,Zr4Ni2H9,P-1,253.5,2.100,hydride heuristic (H_count=9),33.12,0.0,0.093302,0.279905,3,phonon+spin+orbital,10,0.0,
9,mp-23671,LaNi5H7,P6_3mc,263.8,1.900,hydride heuristic (H_count=7),31.52,0.0,0.092407,0.277221,3,phonon+spin+orbital,10,0.0,
10,mp-1192500,LaNi5H7,P31c,261.9,1.900,hydride heuristic (H_count=7),31.29,0.0,0.091069,0.273207,3,phonon+spin+orbital,10,0.0,
11,mp-1222987,LaNi5H6,P3m1,266.8,1.800,hydride heuristic (H_count=6),30.28,0.0,0.089745,0.269234,3,phonon+spin+orbital,10,0.0,
12,mp-1196871,KCu24Ag9H48Pb26(Cl31O24)2,Pm-3m,235.3,2.400,hydride heuristic (H_count=48),34.28,0.0,0.089601,0.268804,3,phonon+spin+topological,9,0.0,
13,mp-1222892,LaNi5H6,P6mm,266.0,1.800,hydride heuristic (H_count=6),30.19,0.0,0.089211,0.267632,3,phonon+spin+orbital,10,0.0,
14,mp-1196234,Fe3H16C4(SeN)4,C2/c,200.9,2.400,hydride heuristic (H_count=16),29.27,0.0,0.065329,0.261317,4,phonon+spin+topological+orbital,11,0.0,
15,mp-1194198,LaFe5H7,Cccm,255.1,1.900,hydride heuristic (H_count=7),30.48,0.0,0.086418,0.259253,3,phonon+spin+orbital,10,0.0,
16,mp-570943,LaFe5H7,P6_3mc,254.5,1.900,hydride heuristic (H_count=7),30.41,0.0,0.086017,0.258050,3,phonon+spin+orbital,10,0.0,
17,mp-1104718,NdMgNi4H7,F-43m,253.0,1.900,hydride heuristic (H_count=7),30.22,0.0,0.084953,0.254858,3,phonon+spin+orbital,10,0.0,
18,mp-634945,Eu2H6Ru,Fm-3m,259.1,1.800,hydride heuristic (H_count=6),29.41,0.0,0.084680,0.254039,3,phonon+spin+orbital,11,0.0,
19,mp-1079126,Eu2FeH6,Fm-3m,256.4,1.800,hydride heuristic (H_count=6),29.11,0.0,0.082933,0.248799,3,phonon+spin+orbital,11,0.0,
20,mp-1196193,FeSn4H24C8(Se5N)2,I-4,193.8,2.400,hydride heuristic (H_count=24),28.24,0.0,0.060825,0.243300,4,phonon+spin+topological+orbital,11,0.0,
21,mp-1208611,Th6Mn23H44,Fm-3m,270.7,2.400,hydride heuristic (H_count=44),39.44,0.0,0.118652,0.237305,2,phonon+spin,8,0.0,
22,mp-1178328,Fe2H6(SeO4)3,R3c,207.9,1.800,hydride heuristic (H_count=6),23.59,0.0,0.054502,0.218007,4,phonon+spin+topological+orbital,13,0.0,
23,mp-24003,CoSnH12(OF)6,R-3,183.2,2.400,hydride heuristic (H_count=12),26.70,0.0,0.054348,0.217393,4,phonon+spin+topological+orbital,12,0.0,
24,mp-32565,Tb4H9,I4/mmm,272.5,2.100,hydride heuristic (H_count=9),35.60,0.0,0.107801,0.215602,2,phonon+spin,9,0.0,
25,mp-1212422,Ho2Fe17H3,P6_3/mmc,280.0,1.350,hydride heuristic (H_count=4),23.05,0.0,0.071729,0.215188,3,phonon+spin+orbital,14,0.0,
26,mp-1202248,ReH30Ru2(NCl)10,C2/m,182.2,2.400,hydride heuristic (H_count=30),26.54,0.0,0.053726,0.214902,4,phonon+spin+topological+orbital,12,0.0,
27,mp-1207462,Zr6Co(SnH5)2,P-62c,261.1,1.500,hydride heuristic (H_count=5),24.44,0.0,0.070899,0.212698,3,phonon+spin+topological,13,0.0,
28,mp-1227207,CaEuH6Ru,F-43m,235.9,1.800,hydride heuristic (H_count=6),26.77,0.0,0.070185,0.210554,3,phonon+spin+orbital,12,0.0,
29,mp-1201322,Ce2TeMo6(H6O7)6,P-1,201.3,1.800,hydride heuristic (H_count=6),22.85,0.0,0.051098,0.204392,4,phonon+spin+topological+charge,14,0.0,
30,mp-1018647,YbNiH3,Pm-3m,294.0,1.200,hydride heuristic (H_count=3),20.60,0.0,0.067272,0.201815,3,phonon+spin+orbital,15,0.0,
31,mp-626855,Fe4H14O13,P1,203.4,2.400,hydride heuristic (H_count=14),29.63,0.0,0.066967,0.200900,3,phonon+spin+orbital,11,0.0,
32,mp-643907,Zr2FeH5,P4/ncc,253.1,1.500,hydride heuristic (H_count=5),23.69,0.0,0.066625,0.199874,3,phonon+spin+orbital,13,0.0,
33,mp-1210396,NaCu5Sb2As6(H9O17)2,P-1,214.0,2.100,hydride heuristic (H_count=9),27.95,0.0,0.066462,0.199386,3,phonon+spin+topological,11,0.0,
34,mp-709886,CuH5Pb4SO11,P2_1/c,252.8,1.500,hydride heuristic (H_count=5),23.66,0.0,0.066451,0.199354,3,phonon+spin+topological,13,0.0,
35,mp-24122,CoSiH12(OF)6,R-3,174.7,2.400,hydride heuristic (H_count=12),25.45,0.0,0.049411,0.197645,4,phonon+spin+topological+orbital,12,0.0,
36,mp-505576,Zr6Al7Cu16H9,Fm-3m,260.1,2.100,hydride heuristic (H_count=9),33.98,0.0,0.098219,0.196438,2,phonon+spin,9,0.0,
37,mp-1207445,Zr6Ga2CoH10,P-62c,254.8,2.200,hydride heuristic (H_count=10),34.61,0.0,0.097981,0.195961,2,phonon+spin,9,0.0,
38,mp-1221452,NaFe6H12S4O29,P2/m,200.1,2.400,hydride heuristic (H_count=12),29.16,0.0,0.064841,0.194523,3,phonon+spin+orbital,11,0.0,
39,mp-1224807,K2Fe9H18S6O43,C2/m,199.0,2.400,hydride heuristic (H_count=18),29.00,0.0,0.064130,0.192389,3,phonon+spin+orbital,11,0.0,
40,mp-1238517,NaFe9H18(S3O22)2,C2/m,199.0,2.400,hydride heuristic (H_count=18),28.99,0.0,0.064106,0.192318,3,phonon+spin+orbital,11,0.0,
41,mp-1226890,Ce4H11,I4/mmm,247.9,2.300,hydride heuristic (H_count=11),34.92,0.0,0.096156,0.192312,2,phonon+spin,9,0.0,
42,mp-1191470,Th2Fe17H3,R-3m,286.9,1.200,hydride heuristic (H_count=3),20.10,0.0,0.064068,0.192204,3,phonon+spin+orbital,15,0.0,
43,mp-1224576,KFe6H12S4O29,P2/m,198.9,2.400,hydride heuristic (H_count=12),28.98,0.0,0.064044,0.192133,3,phonon+spin+orbital,11,0.0,
44,mp-1223165,NaFe9H18(S3O22)2,C2/m,198.5,2.400,hydride heuristic (H_count=18),28.93,0.0,0.063815,0.191446,3,phonon+spin+orbital,11,0.0,
45,mp-1199324,Na2Cu3H8(SeO4)4,P2_1/c,210.5,2.000,hydride heuristic (H_count=8),26.35,0.0,0.061629,0.184888,3,phonon+spin+topological,12,0.0,
46,mp-1208090,Tm2Fe17H3,P6_3/mmc,281.0,1.200,hydride heuristic (H_count=3),19.69,0.0,0.061466,0.184398,3,phonon+spin+orbital,16,0.0,
47,mp-1213007,Er2Fe17H3,P6_3/mmc,280.7,1.200,hydride heuristic (H_count=3),19.67,0.0,0.061336,0.184009,3,phonon+spin+orbital,16,0.0,
48,mp-1213248,Dy2Fe17H3,P6_3/mmc,278.8,1.200,hydride heuristic (H_count=3),19.53,0.0,0.060493,0.181480,3,phonon+spin+orbital,16,0.0,
49,mp-1208578,Tb2Fe17H3,P6_3/mmc,278.7,1.200,hydride heuristic (H_count=3),19.52,0.0,0.060456,0.181369,3,phonon+spin+orbital,16,0.0,
50,mp-1195193,Ag12Sn7H16(Se11N2)2,C2/c,235.3,2.400,hydride heuristic (H_count=16),34.29,0.0,0.089642,0.179285,2,phonon+topological,9,0.0,
51,mp-1190514,Sm2Fe17H3,R-3m,276.6,1.200,hydride heuristic (H_count=3),19.38,0.0,0.059576,0.178729,3,phonon+spin+orbital,16,0.0,
52,mp-1190701,Ce2Fe17H3,R-3m,275.0,1.200,hydride heuristic (H_count=3),19.27,0.0,0.058877,0.176631,3,phonon+spin+orbital,16,0.0,
53,mp-542856,CeNiSnH2,P6_3/mmc,273.5,1.000,light-element hydride heuristic,14.52,0.0,0.044112,0.176449,4,phonon+spin+topological+orbital,21,0.0,
54,mp-1104290,Ti3H3Au,Pm-3n,274.8,1.200,hydride heuristic (H_count=3),19.25,0.0,0.058763,0.176290,3,phonon+spin+topological,16,0.0,
55,mp-510582,NdNiSnH2,P6_3/mmc,272.2,1.000,light-element hydride heuristic,14.44,0.0,0.043681,0.174723,4,phonon+spin+topological+orbital,21,0.0,
56,mp-1201346,Na2U2FeH8(C3O7)4,P-1,204.5,2.000,hydride heuristic (H_count=8),25.59,0.0,0.058146,0.174438,3,phonon+spin+orbital,12,0.0,
57,mp-557210,Cu3NiH6(ClO3)2,R-3m,213.3,1.800,hydride heuristic (H_count=6),24.21,0.0,0.057382,0.172145,3,phonon+spin+orbital,13,0.0,
58,mp-510581,PrNiSnH2,P6_3/mmc,269.9,1.000,light-element hydride heuristic,14.32,0.0,0.042940,0.171760,4,phonon+spin+topological+orbital,21,0.0,
59,mp-729033,MnCuH10Se2(ClO5)2,Pnma,194.3,2.200,hydride heuristic (H_count=10),26.40,0.0,0.056990,0.170970,3,phonon+spin+topological,12,0.0,
60,mp-759221,Li3Fe4P3H12O19,R3c,187.2,2.400,hydride heuristic (H_count=12),27.28,0.0,0.056745,0.170235,3,phonon+spin+orbital,11,0.0,
61,mp-24805,LaNiSnH2,P6_3/mmc,266.7,1.000,light-element hydride heuristic,14.15,0.0,0.041946,0.167784,4,phonon+spin+topological+orbital,22,0.0,
62,mp-1207771,Y2Fe17H3,P6_3/mmc,267.7,1.200,hydride heuristic (H_count=3),18.76,0.0,0.055798,0.167393,3,phonon+spin+orbital,16,0.0,
63,mp-1189370,Ce2Zn2Sn2H3,P6_3mc,267.3,1.200,hydride heuristic (H_count=3),18.73,0.0,0.055625,0.166875,3,phonon+spin+topological,17,0.0,
64,mp-24135,AlH18Ru(NF)6,Pa-3,184.8,2.400,hydride heuristic (H_count=18),26.92,0.0,0.055263,0.165788,3,phonon+spin+orbital,12,0.0,
65,mp-23975,NiH12C2(SN3)2,C2/m,159.9,2.400,hydride heuristic (H_count=12),23.30,0.0,0.041385,0.165540,4,phonon+spin+topological+orbital,13,0.0,
66,mp-1207559,Yb3H2Pb,Cmcm,305.6,1.000,light-element hydride heuristic,16.22,0.0,0.055085,0.165256,3,phonon+spin+topological,19,0.0,
67,mp-643656,Li5H9Pt2,I4/mcm,236.6,2.100,hydride heuristic (H_count=9),30.91,0.0,0.081256,0.162511,2,phonon+topological,10,0.0,
68,mp-863429,CuH10SeO9,P-1,189.2,2.200,hydride heuristic (H_count=10),25.71,0.0,0.054058,0.162173,3,phonon+spin+topological,12,0.0,
69,mp-40573,FeCu2H21(O5F4)2,P1,182.7,2.400,hydride heuristic (H_count=21),26.61,0.0,0.054012,0.162036,3,phonon+spin+orbital,12,0.0,
70,mp-697962,Eu6Mg7H26,C2/m,223.4,2.400,hydride heuristic (H_count=26),32.56,0.0,0.080831,0.161662,2,phonon+spin,10,0.0,
71,mp-1202295,CoH10SeO9,P-1,187.1,2.200,hydride heuristic (H_count=10),25.42,0.0,0.052830,0.158491,3,phonon+spin+topological,12,0.0,
72,mp-643378,CuH4Pb2(ClO2)2,P4mm,239.8,1.350,hydride heuristic (H_count=4),19.74,0.0,0.052616,0.157847,3,phonon+spin+topological,16,0.0,
73,mp-703398,CuH20Se2(NO7)2,P2_1/c,180.1,2.400,hydride heuristic (H_count=20),26.25,0.0,0.052539,0.157616,3,phonon+spin+topological,12,0.0,
74,mp-743972,K2NaNb2Fe7Si8H4O31,P-1,207.3,1.350,hydride heuristic (H_count=4),17.07,0.0,0.039318,0.157274,4,phonon+spin+charge+orbital,18,0.0,
75,mp-733650,CuH6(SeO4)2,P2_1/c,203.7,1.800,hydride heuristic (H_count=6),23.11,0.0,0.052302,0.156907,3,phonon+spin+topological,13,0.0,
76,mp-29658,ZrNiH3,Cmcm,258.0,1.200,hydride heuristic (H_count=3),18.08,0.0,0.051830,0.155490,3,phonon+spin+orbital,17,0.0,
77,mp-1217816,TaVH4,R-3m,290.9,1.350,hydride heuristic (H_count=4),23.95,0.0,0.077432,0.154864,2,phonon+topological,13,0.0,
78,mp-1207571,Yb3SnH2,Cmcm,295.1,1.000,light-element hydride heuristic,15.66,0.0,0.051343,0.154030,3,phonon+spin+topological,20,0.0,
79,mp-722787,K4P4H7(RuO9)2,P2_1/c,196.4,1.900,hydride heuristic (H_count=7),23.46,0.0,0.051200,0.153600,3,phonon+spin+orbital,13,0.0,
80,mp-1102484,ThCoH4,Cmcm,289.4,1.350,hydride heuristic (H_count=4),23.83,0.0,0.076613,0.153226,2,phonon+spin,13,0.0,
81,mp-758573,H16Ru3C6(Cl3O7)2,P-1,177.2,2.400,hydride heuristic (H_count=16),25.82,0.0,0.050838,0.152515,3,phonon+spin+orbital,12,0.0,
82,mp-1196537,FeAs2H18(C2I)3,Pnma,176.7,2.400,hydride heuristic (H_count=18),25.75,0.0,0.050567,0.151700,3,phonon+spin+orbital,12,0.0,
83,mp-707509,CuH6Se2NClO6,Pnma,200.0,1.800,hydride heuristic (H_count=6),22.69,0.0,0.050418,0.151255,3,phonon+spin+topological,14,0.0,
84,mp-643790,CeNiSnH,Pnma,278.1,0.900,light-element hydride heuristic,12.08,0.0,0.037335,0.149340,4,phonon+spin+topological+orbital,25,0.0,
85,mp-736330,FeGe4H24C8(S5N)2,I-4,175.2,2.400,hydride heuristic (H_count=24),25.53,0.0,0.049695,0.149085,3,phonon+spin+orbital,12,0.0,
86,mp-603609,AlH20Ru(Cl3O5)2,P2_1/c,175.1,2.400,hydride heuristic (H_count=20),25.51,0.0,0.049614,0.148843,3,phonon+spin+orbital,12,0.0,
87,mp-1217657,ZnCu15H24(ClO3)8,P-1,214.0,2.400,hydride heuristic (H_count=24),31.18,0.0,0.074146,0.148292,2,phonon+spin,10,0.0,
88,mp-510580,NdNiSnH,Pnma,276.9,0.900,light-element hydride heuristic,12.04,0.0,0.037038,0.148154,4,phonon+spin+topological+orbital,25,0.0,
89,mp-1216483,ZnCu15H24(ClO3)8,R-3m,213.7,2.400,hydride heuristic (H_count=24),31.13,0.0,0.073922,0.147844,2,phonon+spin,10,0.0,
90,mp-24659,UH3,Pm-3n,307.6,1.200,hydride heuristic (H_count=3),21.55,0.0,0.073654,0.147307,2,phonon+spin,14,0.0,
91,mp-977385,NpH3,I4/mmm,307.1,1.200,hydride heuristic (H_count=3),21.51,0.0,0.073402,0.146805,2,phonon+spin,14,0.0,
92,mp-504970,UH3,Pm-3n,306.6,1.200,hydride heuristic (H_count=3),21.48,0.0,0.073151,0.146303,2,phonon+spin,14,0.0,
93,mp-510579,PrNiSnH,Pnma,274.1,0.900,light-element hydride heuristic,11.91,0.0,0.036292,0.145167,4,phonon+spin+topological+orbital,26,0.0,
94,mp-1215245,ZrTi(NiH3)2,Amm2,248.4,1.200,hydride heuristic (H_count=3),17.40,0.0,0.048026,0.144078,3,phonon+spin+orbital,18,0.0,
95,mp-777764,LiFeP3H8O13,P-1,185.7,2.000,hydride heuristic (H_count=8),23.25,0.0,0.047990,0.143969,3,phonon+spin+orbital,13,0.0,
96,mp-996945,Cs2TlInH6,Fm-3m,238.7,1.800,hydride heuristic (H_count=6),27.09,0.0,0.071827,0.143654,2,phonon+topological,12,0.0,
97,mp-1181729,Eu2Mg3H10,C2/m,217.3,2.200,hydride heuristic (H_count=10),29.53,0.0,0.071305,0.142610,2,phonon+spin,11,0.0,
98,mp-1120805,H12PbC2(I3N)2,P1,209.8,2.400,hydride heuristic (H_count=12),30.57,0.0,0.071270,0.142540,2,phonon+topological,10,0.0,
99,mp-1190843,NpH3,P-3c1,302.2,1.200,hydride heuristic (H_count=3),21.17,0.0,0.071088,0.142176,2,phonon+spin,15,0.0,
100,mp-510577,LaNiSnH,Pnma,271.0,0.900,light-element hydride heuristic,11.78,0.0,0.035460,0.141841,4,phonon+spin+topological+orbital,26,0.0,
101,mp-1182039,Li3H24Ru(ClO2)6,R-3c,170.7,2.400,hydride heuristic (H_count=24),24.87,0.0,0.047168,0.141503,3,phonon+spin+orbital,13,0.0,
102,mp-570642,H12W3C4NCl9,P-3m1,207.3,2.400,hydride heuristic (H_count=12),30.20,0.0,0.069538,0.139077,2,phonon+topological,10,0.0,
103,mp-23679,PuH3,P6_3/mmc,298.7,1.200,hydride heuristic (H_count=3),20.93,0.0,0.069446,0.138892,2,phonon+spin,15,0.0,
104,mp-1220597,Nb3SnH2,Ama2,279.7,1.000,light-element hydride heuristic,14.84,0.0,0.046119,0.138358,3,phonon+topological+charge,21,0.0,
105,mp-1080055,NpH3,P6_3/mmc,298.0,1.200,hydride heuristic (H_count=3),20.87,0.0,0.069105,0.138211,2,phonon+spin,15,0.0,
106,mp-1205715,CeCo5H4,Cmmm,274.2,1.350,hydride heuristic (H_count=4),22.58,0.0,0.068791,0.137582,2,phonon+spin,14,0.0,
107,mp-1226142,K7Mo12H29Pt2O59,P1,206.1,2.400,hydride heuristic (H_count=29),30.03,0.0,0.068768,0.137535,2,phonon+topological,10,0.0,
108,mp-644292,Eu2MgH6,P-3m1,233.0,1.800,hydride heuristic (H_count=6),26.44,0.0,0.068453,0.136905,2,phonon+spin,12,0.0,
109,mp-1212004,LiNiBP2H6O11,P6_122,190.2,1.800,hydride heuristic (H_count=6),21.58,0.0,0.045602,0.136806,3,phonon+spin+orbital,14,0.0,
110,mp-1204058,Zn3Cu2H14(SO9)2,P-1,205.2,2.400,hydride heuristic (H_count=14),29.90,0.0,0.068198,0.136395,2,phonon+spin,11,0.0,
111,mp-632656,HoH3,P-3c1,271.8,1.350,hydride heuristic (H_count=4),22.38,0.0,0.067579,0.135159,2,phonon+spin,14,0.0,
112,mp-770576,FeH12(SO7)2,P2_1/c,166.7,2.400,hydride heuristic (H_count=12),24.29,0.0,0.044976,0.134927,3,phonon+spin+orbital,13,0.0,
113,mp-989560,Cs2TlSiH6,Fm-3m,231.1,1.800,hydride heuristic (H_count=6),26.23,0.0,0.067341,0.134682,2,phonon+topological,12,0.0,
114,mp-865610,LuH3,I4/mmm,293.5,1.200,hydride heuristic (H_count=3),20.56,0.0,0.067033,0.134066,2,phonon+spin,15,0.0,
115,mp-1095185,Y2CrH6,Fm-3m,230.1,1.800,hydride heuristic (H_count=6),26.12,0.0,0.066781,0.133562,2,phonon+spin,12,0.0,
116,mp-1201664,CdCu4H14(SO9)2,P2_1/m,202.9,2.400,hydride heuristic (H_count=14),29.57,0.0,0.066679,0.133357,2,phonon+spin,11,0.0,
117,mp-1199326,SrH4Ir(OF3)2,P2_1/c,220.3,1.350,hydride heuristic (H_count=4),18.14,0.0,0.044403,0.133209,3,phonon+topological+orbital,17,0.0,
118,mp-1022726,Ba2CuH6,Cmce,229.8,1.800,hydride heuristic (H_count=6),26.08,0.0,0.066581,0.133163,2,phonon+spin,12,0.0,
119,mp-1105830,Zr2CuH5,C2/m,252.8,1.500,hydride heuristic (H_count=5),23.66,0.0,0.066466,0.132933,2,phonon+spin,13,0.0,
120,mp-634930,YbH3,Fm-3m,292.1,1.200,hydride heuristic (H_count=3),20.47,0.0,0.066438,0.132876,2,phonon+spin,15,0.0,
121,mp-695946,NiH16C4S4(N4Cl)2,I4,165.4,2.400,hydride heuristic (H_count=16),24.09,0.0,0.044272,0.132816,3,phonon+spin+orbital,13,0.0,
122,mp-759391,Co2H21I7(N2O)3,Pnma,202.3,2.400,hydride heuristic (H_count=21),29.47,0.0,0.066243,0.132486,2,phonon+spin,11,0.0,
123,mp-1104060,Nd2H5,I4_1/amd,252.3,1.500,hydride heuristic (H_count=5),23.61,0.0,0.066207,0.132413,2,phonon+spin,13,0.0,
124,mp-568788,La2AlNi9H2,P1,273.4,1.000,light-element hydride heuristic,14.51,0.0,0.044071,0.132213,3,phonon+spin+orbital,21,0.0,
125,mp-1195083,FeH12C2(NCl2)2,Pccn,164.8,2.400,hydride heuristic (H_count=12),24.01,0.0,0.043968,0.131904,3,phonon+spin+orbital,13,0.0,
126,mp-643923,Zr2CoH5,P4/ncc,251.8,1.500,hydride heuristic (H_count=5),23.56,0.0,0.065919,0.131837,2,phonon+spin,13,0.0,
127,mp-1194613,FeH12C2(NCl2)2,P4_2/ncm,164.6,2.400,hydride heuristic (H_count=12),23.98,0.0,0.043865,0.131594,3,phonon+spin+orbital,13,0.0,
128,mp-1187412,Th(NiH)2,P6/mmm,300.3,0.900,light-element hydride heuristic,13.05,0.0,0.043546,0.130638,3,phonon+spin+orbital,23,0.0,
129,mp-643930,Eu2H4Pd,Pnma,267.2,1.350,hydride heuristic (H_count=4),22.00,0.0,0.065310,0.130620,2,phonon+spin,14,0.0,
130,mp-1200155,Cu5H14(SO9)2,P-1,200.6,2.400,hydride heuristic (H_count=14),29.22,0.0,0.065120,0.130240,2,phonon+spin,11,0.0,
131,mp-1079923,H3W,P2_1/m,288.4,1.200,hydride heuristic (H_count=3),20.20,0.0,0.064723,0.129446,2,phonon+topological,15,0.0,
132,mp-1101430,NiH12(SO7)2,P2_1/c,163.0,2.400,hydride heuristic (H_count=12),23.75,0.0,0.043008,0.129024,3,phonon+spin+orbital,13,0.0,
133,mp-772564,NiH8(CO5)2,P2_1/c,175.6,2.000,hydride heuristic (H_count=8),21.98,0.0,0.042890,0.128669,3,phonon+spin+orbital,14,0.0,
134,mp-505732,FeCoH18(CN2)6,R-3,162.6,2.400,hydride heuristic (H_count=18),23.70,0.0,0.042821,0.128464,3,phonon+spin+orbital,13,0.0,
135,mp-766680,MnCu4H14(SO9)2,C2,198.9,2.400,hydride heuristic (H_count=14),28.97,0.0,0.064016,0.128031,2,phonon+spin,11,0.0,
136,mp-707703,Th8Al4H11,P-42m,285.5,2.300,hydride heuristic (H_count=11),40.22,0.0,0.127603,0.127603,1,phonon,8,0.0,
137,mp-24202,Th4H15,I-43d,280.1,2.400,hydride heuristic (H_count=15),40.81,0.0,0.127027,0.127027,1,phonon,8,0.0,
138,mp-1199713,K4Np3H8Cl7O10,P-1,213.3,2.000,hydride heuristic (H_count=8),26.70,0.0,0.063272,0.126545,2,phonon+spin,12,0.0,
139,mp-1191788,Sm2Co17H3,R-3m,284.9,1.200,hydride heuristic (H_count=3),19.96,0.0,0.063161,0.126321,2,phonon+spin,16,0.0,
140,mp-1191245,LuH3,P-3c1,284.6,1.200,hydride heuristic (H_count=3),19.94,0.0,0.063044,0.126088,2,phonon+spin,16,0.0,
141,mp-1213920,Ce2Co17H3,P6_3/mmc,284.5,1.200,hydride heuristic (H_count=3),19.93,0.0,0.063022,0.126045,2,phonon+spin,16,0.0,
142,mp-759409,H18RuC6(SCl)3,Pna2_1,161.0,2.400,hydride heuristic (H_count=18),23.46,0.0,0.041962,0.125886,3,phonon+spin+orbital,13,0.0,
143,mp-1104579,Ce2H5,I4_1/amd,245.9,1.500,hydride heuristic (H_count=5),23.02,0.0,0.062897,0.125794,2,phonon+spin,14,0.0,
144,mp-1018063,ErH3,Fm-3m,283.7,1.200,hydride heuristic (H_count=3),19.88,0.0,0.062659,0.125318,2,phonon+spin,16,0.0,
145,mp-24478,PuH8(SO6)2,Pnma,212.1,2.000,hydride heuristic (H_count=8),26.55,0.0,0.062589,0.125177,2,phonon+spin,12,0.0,
146,mp-541763,Mn5As4(H11O13)2,P-1,199.7,2.300,hydride heuristic (H_count=11),28.13,0.0,0.062404,0.124807,2,phonon+spin,11,0.0,
147,mp-1173805,Na6Np2H10S4O25,P1,202.9,2.200,hydride heuristic (H_count=10),27.56,0.0,0.062127,0.124254,2,phonon+spin,11,0.0,
148,mp-1196411,Ce2H16S3O20,Pc,195.9,2.400,hydride heuristic (H_count=16),28.54,0.0,0.062100,0.124199,2,phonon+spin,11,0.0,
149,mp-1225931,Fe4As4H4O19,P1,212.2,1.350,hydride heuristic (H_count=4),17.47,0.0,0.041174,0.123523,3,phonon+spin+orbital,18,0.0,
150,mp-24103,CuH12Br4(NO)2,P4_2/mnm,194.8,2.400,hydride heuristic (H_count=12),28.38,0.0,0.061420,0.122840,2,phonon+spin,11,0.0,
151,mp-1204287,UH8(SO6)2,Pnma,210.1,2.000,hydride heuristic (H_count=8),26.30,0.0,0.061411,0.122822,2,phonon+spin,12,0.0,
152,mp-571170,H32RuC8N4Cl7,P2_12_12,159.0,2.400,hydride heuristic (H_count=32),23.17,0.0,0.040935,0.122806,3,phonon+spin+orbital,13,0.0,
153,mp-1147709,Sr2CuH6,Cmce,220.5,1.800,hydride heuristic (H_count=6),25.02,0.0,0.061295,0.122590,2,phonon+spin,12,0.0,
154,mp-740732,UP3H10BrO8,Pbcm,201.3,2.200,hydride heuristic (H_count=10),27.35,0.0,0.061190,0.122380,2,phonon+spin,11,0.0,
155,mp-1204210,UH18N5F7,P2_1/c,194.1,2.400,hydride heuristic (H_count=18),28.28,0.0,0.061007,0.122013,2,phonon+spin,11,0.0,
156,mp-707201,Cu4H10SO12,Pc,201.0,2.200,hydride heuristic (H_count=10),27.31,0.0,0.061006,0.122011,2,phonon+spin,11,0.0,
157,mp-1213839,CeCo5H3,Cccm,279.3,1.200,hydride heuristic (H_count=3),19.57,0.0,0.060724,0.121449,2,phonon+spin,16,0.0,
158,mp-24152,HoH2,Fm-3m,279.3,1.200,hydride heuristic (H_count=3),19.57,0.0,0.060718,0.121436,2,phonon+spin,16,0.0,
159,mp-865922,FeH4Br3N,P6_3,210.3,1.350,hydride heuristic (H_count=4),17.31,0.0,0.040449,0.121347,3,phonon+spin+orbital,18,0.0,
160,mp-1199114,PuP2H6CO8,P2_1/c,219.3,1.800,hydride heuristic (H_count=6),24.89,0.0,0.060638,0.121277,2,phonon+spin,13,0.0,
161,mp-1203361,Eu2H16S3O20,C2/c,193.1,2.400,hydride heuristic (H_count=16),28.14,0.0,0.060382,0.120764,2,phonon+spin,11,0.0,
162,mp-1191179,TmH3,P-3c1,277.9,1.200,hydride heuristic (H_count=3),19.47,0.0,0.060128,0.120257,2,phonon+spin,16,0.0,
163,mp-1191845,Y2Co17H3,R-3m,277.4,1.200,hydride heuristic (H_count=3),19.43,0.0,0.059900,0.119801,2,phonon+spin,16,0.0,
164,mp-644246,EuH3Pd,Pm-3m,277.0,1.200,hydride heuristic (H_count=3),19.40,0.0,0.059707,0.119415,2,phonon+spin,16,0.0,
165,mp-1226362,Cu6Te2Mo2H2Cl4O15,P1,223.7,1.000,light-element hydride heuristic,11.87,0.0,0.029506,0.118022,4,phonon+spin+topological+charge,26,0.0,
166,mp-1202297,Cu4H6SO10,P2_1/c,216.2,1.800,hydride heuristic (H_count=6),24.54,0.0,0.058962,0.117924,2,phonon+spin,13,0.0,
167,mp-1190750,ErH3,P-3c1,275.1,1.200,hydride heuristic (H_count=3),19.28,0.0,0.058924,0.117848,2,phonon+spin,16,0.0,
168,mp-1199805,Ce2H8S3O16,P2_1/c,205.7,2.000,hydride heuristic (H_count=8),25.75,0.0,0.058857,0.117714,2,phonon+spin,12,0.0,
169,mp-697677,CeMg2H7,P4_12_12,210.4,1.900,hydride heuristic (H_count=7),25.14,0.0,0.058778,0.117556,2,phonon+spin,12,0.0,
170,mp-1217479,ThUH8(C2O5)4,C222,205.5,2.000,hydride heuristic (H_count=8),25.73,0.0,0.058767,0.117533,2,phonon+spin,12,0.0,
171,mp-1201788,Na2U2CoH8(C3O7)4,P-1,205.5,2.000,hydride heuristic (H_count=8),25.73,0.0,0.058752,0.117503,2,phonon+spin,12,0.0,
172,mp-999123,TbH3,Fm-3m,274.6,1.200,hydride heuristic (H_count=3),19.24,0.0,0.058688,0.117377,2,phonon+spin,16,0.0,
173,mp-1196143,Na2U2MnH8(C3O7)4,P-1,205.2,2.000,hydride heuristic (H_count=8),25.68,0.0,0.058554,0.117109,2,phonon+spin,12,0.0,
174,mp-1210551,PuH16C3N4O11,C2/c,190.1,2.400,hydride heuristic (H_count=16),27.70,0.0,0.058510,0.117021,2,phonon+spin,11,0.0,
175,mp-1202403,Na2U2ZnH8(C3O7)4,P-1,205.0,2.000,hydride heuristic (H_count=8),25.67,0.0,0.058470,0.116940,2,phonon+spin,12,0.0,
176,mp-1220079,Ni2H,R-3m,283.8,0.900,light-element hydride heuristic,12.33,0.0,0.038897,0.116691,3,phonon+spin+orbital,25,0.0,
177,mp-753890,Ni2H,P-3m1,283.8,0.900,light-element hydride heuristic,12.33,0.0,0.038894,0.116682,3,phonon+spin+orbital,25,0.0,
178,mp-707264,NaCa3UH16C3SO25F,P-1,189.6,2.400,hydride heuristic (H_count=16),27.62,0.0,0.058187,0.116374,2,phonon+spin,11,0.0,
179,mp-504939,V2Cu3H24(OF)12,P-1,189.5,2.400,hydride heuristic (H_count=24),27.62,0.0,0.058160,0.116319,2,phonon+spin,11,0.0,
180,mp-24429,CrCuH18Br5N6,Fd-3c,189.5,2.400,hydride heuristic (H_count=18),27.61,0.0,0.058148,0.116296,2,phonon+spin,11,0.0,
181,mp-1210476,NpH16C3N4O11,C2/c,189.2,2.400,hydride heuristic (H_count=16),27.57,0.0,0.057965,0.115929,2,phonon+spin,11,0.0,
182,mp-1096963,CuH6CI3N,Pnma,214.3,1.800,hydride heuristic (H_count=6),24.33,0.0,0.057933,0.115866,2,phonon+spin,13,0.0,
183,mp-1220590,Nb3SnH,Ama2,282.7,0.900,light-element hydride heuristic,12.29,0.0,0.038587,0.115761,3,phonon+topological+charge,25,0.0,
184,mp-730972,UP3H10ClO8,Pbcm,195.7,2.200,hydride heuristic (H_count=10),26.59,0.0,0.057806,0.115612,2,phonon+spin,12,0.0,
185,mp-866480,CoMoH2SeO7,P-1,221.2,1.000,light-element hydride heuristic,11.74,0.0,0.028862,0.115449,4,phonon+spin+topological+charge,26,0.0,
186,mp-720263,CuH4SeO5,P2_12_12_1,205.0,1.350,hydride heuristic (H_count=4),16.88,0.0,0.038457,0.115372,3,phonon+spin+topological,18,0.0,
187,mp-1189352,ZnCu3H6(ClO3)2,R-3m,213.0,1.800,hydride heuristic (H_count=6),24.17,0.0,0.057214,0.114428,2,phonon+spin,13,0.0,
188,mp-1201576,ZnCu2PH7O9,P2_1/c,206.4,1.900,hydride heuristic (H_count=7),24.66,0.0,0.056559,0.113118,2,phonon+spin,13,0.0,
189,mp-1224599,GdYH4,P4/mmm,248.6,1.350,hydride heuristic (H_count=4),20.47,0.0,0.056540,0.113079,2,phonon+spin,15,0.0,
190,mp-24285,NpH2,Fm-3m,309.6,1.000,light-element hydride heuristic,16.43,0.0,0.056526,0.113052,2,phonon+spin,19,0.0,
191,mp-23989,GdH12(ClO2)3,P2/c,186.8,2.400,hydride heuristic (H_count=12),27.21,0.0,0.056462,0.112924,2,phonon+spin,12,0.0,
192,mp-560161,ZnCu3H6(ClO3)2,P-3m1,211.4,1.800,hydride heuristic (H_count=6),24.00,0.0,0.056373,0.112747,2,phonon+spin,13,0.0,
193,mp-1095560,Zr3Al3Ni3H2,P-62m,252.3,1.000,light-element hydride heuristic,13.39,0.0,0.037544,0.112633,3,phonon+spin+orbital,23,0.0,
194,mp-1191571,DyH3,P-3c1,268.6,1.200,hydride heuristic (H_count=3),18.82,0.0,0.056145,0.112291,2,phonon+spin,16,0.0,
195,mp-1204667,PuP2H6(CO3)2,P2_1/c,210.7,1.800,hydride heuristic (H_count=6),23.91,0.0,0.055975,0.111949,2,phonon+spin,13,0.0,
196,mp-1207078,CaNiH3,Pm-3m,218.8,1.200,hydride heuristic (H_count=3),15.33,0.0,0.037266,0.111799,3,phonon+spin+orbital,20,0.0,
197,mp-1017629,MgNiH3,Pm-3m,218.7,1.200,hydride heuristic (H_count=3),15.32,0.0,0.037245,0.111736,3,phonon+spin+orbital,20,0.0,
198,mp-1209301,RbCu2H3(SeO5)2,C2/m,218.4,1.200,hydride heuristic (H_count=3),15.30,0.0,0.037126,0.111378,3,phonon+spin+topological,20,0.0,
199,mp-24719,NiH,Fm-3m,277.0,0.900,light-element hydride heuristic,12.04,0.0,0.037065,0.111195,3,phonon+spin+orbital,25,0.0,
200,mp-698125,NpH16C4N8ClO6,C2/c,185.3,2.400,hydride heuristic (H_count=16),27.00,0.0,0.055583,0.111166,2,phonon+spin,12,0.0,
201,mp-24339,Sm5Sb3H,P6_3/mcm,277.0,0.900,light-element hydride heuristic,12.04,0.0,0.037049,0.111148,3,phonon+spin+topological,25,0.0,
202,mp-1223548,KCo2H3(SeO5)2,Cm,217.9,1.200,hydride heuristic (H_count=3),15.27,0.0,0.036958,0.110873,3,phonon+spin+topological,20,0.0,
203,mp-1217796,Tb2Ti2Fe22H,Cm,276.3,0.900,light-element hydride heuristic,12.01,0.0,0.036872,0.110617,3,phonon+spin+orbital,25,0.0,
204,mp-567838,La2AlNi9H,Pm,276.0,0.900,light-element hydride heuristic,11.99,0.0,0.036775,0.110325,3,phonon+spin+orbital,26,0.0,
205,mp-721062,V2Cu3H6O11,C2/m,208.7,1.800,hydride heuristic (H_count=6),23.69,0.0,0.054925,0.109851,2,phonon+spin,13,0.0,
206,mp-866468,CrH9(BrN)3,P-1,194.2,2.100,hydride heuristic (H_count=9),25.37,0.0,0.054762,0.109525,2,phonon+spin,12,0.0,
207,mp-1216869,V2Cu3H6O11,C2,208.2,1.800,hydride heuristic (H_count=6),23.63,0.0,0.054645,0.109290,2,phonon+spin,13,0.0,
208,mp-1227780,Ce2Ti2Fe22H,Cm,274.6,0.900,light-element hydride heuristic,11.93,0.0,0.036415,0.109244,3,phonon+spin+orbital,26,0.0,
209,mp-1204591,V2Cu3H6O11,Cc,208.1,1.800,hydride heuristic (H_count=6),23.62,0.0,0.054614,0.109229,2,phonon+spin,13,0.0,
210,mp-1220118,NdTiFe11H,Imm2,274.5,0.900,light-element hydride heuristic,11.93,0.0,0.036393,0.109180,3,phonon+spin+orbital,26,0.0,
211,mp-982384,TbH3,P-3c1,264.6,1.200,hydride heuristic (H_count=3),18.54,0.0,0.054517,0.109035,2,phonon+spin,17,0.0,
212,mp-555985,YbH7C3O8,P-1,202.5,1.900,hydride heuristic (H_count=7),24.20,0.0,0.054461,0.108922,2,phonon+spin,13,0.0,
213,mp-1201393,Na6UH24C5O27,P-1,183.3,2.400,hydride heuristic (H_count=24),26.70,0.0,0.054372,0.108744,2,phonon+spin,12,0.0,
214,mp-1215121,BaCuH12(C2O7)2,C2/c,183.3,2.400,hydride heuristic (H_count=12),26.70,0.0,0.054371,0.108742,2,phonon+spin,12,0.0,
215,mp-1079249,TbH3,P6_3/mmc,264.1,1.200,hydride heuristic (H_count=3),18.50,0.0,0.054282,0.108564,2,phonon+spin,17,0.0,
216,mp-1198333,Na5Cu2H14S4O19,P2_1/c,182.9,2.400,hydride heuristic (H_count=14),26.64,0.0,0.054139,0.108278,2,phonon+spin,12,0.0,
217,mp-24555,MnTl2H2OF5,Cmcm,246.6,1.000,light-element hydride heuristic,13.09,0.0,0.035851,0.107552,3,phonon+spin+topological,23,0.0,
218,mp-867857,SmH3,Fm-3m,262.4,1.200,hydride heuristic (H_count=3),18.38,0.0,0.053596,0.107192,2,phonon+spin,17,0.0,
219,mp-721072,Cu3As2H2PbO10,C2/c,246.1,1.000,light-element hydride heuristic,13.06,0.0,0.035702,0.107106,3,phonon+spin+topological,23,0.0,
220,mp-744084,MnAgH8(OF)4,P2_1/m,196.2,2.000,hydride heuristic (H_count=8),24.56,0.0,0.053536,0.107073,2,phonon+spin,13,0.0,
221,mp-1201754,Np2H2SeO10,P2_1/c,245.8,1.000,light-element hydride heuristic,13.04,0.0,0.035627,0.106882,3,phonon+spin+topological,23,0.0,
222,mp-1213584,Cu3H8S4(NO8)2,Pnma,195.9,2.000,hydride heuristic (H_count=8),24.52,0.0,0.053377,0.106753,2,phonon+spin,13,0.0,
223,mp-707879,K2Cu5H8(Cl4O3)2,P2_1/c,195.8,2.000,hydride heuristic (H_count=8),24.51,0.0,0.053314,0.106628,2,phonon+spin,13,0.0,
224,mp-1215380,Zr6Al7Cu16H3,Imm2,261.7,1.200,hydride heuristic (H_count=3),18.33,0.0,0.053303,0.106606,2,phonon+spin,17,0.0,
225,mp-505786,CeH14Cl3O7,P-1,181.4,2.400,hydride heuristic (H_count=14),26.43,0.0,0.053281,0.106562,2,phonon+spin,12,0.0,
226,mp-505686,GdH3,P-3c1,260.9,1.200,hydride heuristic (H_count=3),18.28,0.0,0.052997,0.105995,2,phonon+spin,17,0.0,
227,mp-24131,GdH3,P6_3/mmc,260.3,1.200,hydride heuristic (H_count=3),18.24,0.0,0.052746,0.105492,2,phonon+spin,17,0.0,
228,mp-1210555,Mn3SnH,Pm-3m,269.8,0.900,light-element hydride heuristic,11.72,0.0,0.035139,0.105417,3,phonon+spin+topological,26,0.0,
229,mp-1222151,Mg2NiH4,Imm2,195.8,1.350,hydride heuristic (H_count=4),16.12,0.0,0.035082,0.105245,3,phonon+spin+orbital,19,0.0,
230,mp-690769,CuP2H12N2(O4F)2,C2/m,180.1,2.400,hydride heuristic (H_count=12),26.24,0.0,0.052520,0.105040,2,phonon+spin,12,0.0,
231,mp-556725,CuH8C2Br3NO,P-1,194.1,2.000,hydride heuristic (H_count=8),24.29,0.0,0.052381,0.104761,2,phonon+spin,13,0.0,
232,mp-1204167,CeH14Cl3O7,P1,179.7,2.400,hydride heuristic (H_count=14),26.18,0.0,0.052257,0.104514,2,phonon+spin,12,0.0,
233,mp-1188036,ZrNiH,Cmcm,268.1,0.900,light-element hydride heuristic,11.65,0.0,0.034714,0.104142,3,phonon+spin+orbital,26,0.0,
234,mp-1182034,CeH14Cl3O7,P1,179.3,2.400,hydride heuristic (H_count=14),26.12,0.0,0.052032,0.104065,2,phonon+spin,12,0.0,
235,mp-1236222,LiCu2B2H8(ClO4)2,P-4,193.3,2.000,hydride heuristic (H_count=8),24.20,0.0,0.051962,0.103923,2,phonon+spin,13,0.0,
236,mp-1147754,K3Cu2H7,I4/mmm,197.8,1.900,hydride heuristic (H_count=7),23.63,0.0,0.051948,0.103897,2,phonon+spin,13,0.0,
237,mp-24723,TaH2,Fm-3m,327.7,0.900,metal hydride heuristic,14.24,0.0,0.051854,0.103708,2,phonon+topological,22,0.0,
238,mp-604496,CeSiHRu,P4/nmm,266.8,0.900,light-element hydride heuristic,11.60,0.0,0.034378,0.103135,3,phonon+spin+orbital,26,0.0,
239,mp-1188065,ZrCoH3,Cmcm,257.4,1.200,hydride heuristic (H_count=3),18.03,0.0,0.051563,0.103126,2,phonon+spin,17,0.0,
240,mp-1224720,Na4V10Co(H11O13)4,P-1,181.5,2.300,hydride heuristic (H_count=11),25.56,0.0,0.051543,0.103087,2,phonon+spin,12,0.0,
241,mp-849751,CsCoH24(SO10)2,Pa-3,178.1,2.400,hydride heuristic (H_count=24),25.95,0.0,0.051354,0.102709,2,phonon+spin,12,0.0,
242,mp-1018691,Eu2H3Br,P-3m1,256.3,1.200,hydride heuristic (H_count=3),17.96,0.0,0.051144,0.102287,2,phonon+spin,17,0.0,
243,mp-1201541,NpH6Cl2O13,P2_1/c,200.7,1.800,hydride heuristic (H_count=6),22.78,0.0,0.050799,0.101598,2,phonon+spin,14,0.0,
244,mp-1278612,FePH5CO4,P1,180.4,1.500,hydride heuristic (H_count=5),16.88,0.0,0.033848,0.101545,3,phonon+spin+orbital,18,0.0,
245,mp-1210493,NaFe9Si6B3H3O31,R3m,208.2,1.200,hydride heuristic (H_count=3),14.59,0.0,0.033748,0.101245,3,phonon+spin+orbital,21,0.0,
246,mp-1188090,Eu5Sn3H,I4/mcm,263.3,0.900,light-element hydride heuristic,11.44,0.0,0.033472,0.100415,3,phonon+spin+topological,27,0.0,
247,mp-1190493,NiH5CN(ClO)2,C2/c,179.4,1.500,hydride heuristic (H_count=5),16.79,0.0,0.033463,0.100388,3,phonon+spin+orbital,18,0.0,
248,mp-1196039,CuH10SO9,P-1,182.3,2.200,hydride heuristic (H_count=10),24.77,0.0,0.050163,0.100327,2,phonon+spin,13,0.0,
249,mp-510629,K2Co3H6S3O16,Cmc2_1,199.3,1.800,hydride heuristic (H_count=6),22.62,0.0,0.050099,0.100198,2,phonon+spin,14,0.0,
250,mp-746676,CsMnH24(SO10)2,Pa-3,175.7,2.400,hydride heuristic (H_count=24),25.60,0.0,0.049991,0.099982,2,phonon+spin,12,0.0,
251,mp-1191652,CuH2PbSO6,P2_1/m,237.7,1.000,light-element hydride heuristic,12.62,0.0,0.033326,0.099979,3,phonon+spin+topological,24,0.0,
252,mp-1200215,CuH12(NO6)2,P-1,175.6,2.400,hydride heuristic (H_count=12),25.59,0.0,0.049930,0.099861,2,phonon+spin,12,0.0,
253,mp-1190866,Ca4Ni20H,Cmm2,262.5,0.900,light-element hydride heuristic,11.41,0.0,0.033280,0.099839,3,phonon+spin+orbital,27,0.0,
254,mp-699488,CsTiH24(SO10)2,Pbca,175.4,2.400,hydride heuristic (H_count=24),25.56,0.0,0.049812,0.099624,2,phonon+charge,12,0.0,
255,mp-1192065,SmH3,P-3c1,252.9,1.200,hydride heuristic (H_count=3),17.72,0.0,0.049773,0.099546,2,phonon+spin,17,0.0,
256,mp-721086,Li2CuP6H20C2(N3O11)2,P-1,175.2,2.400,hydride heuristic (H_count=20),25.53,0.0,0.049713,0.099425,2,phonon+spin,12,0.0,
257,mp-1213828,CeMg(NiH)4,Pmn2_1,261.9,0.900,light-element hydride heuristic,11.38,0.0,0.033118,0.099355,3,phonon+spin+orbital,27,0.0,
258,mp-634751,YbH2,Fm-3m,290.2,1.000,light-element hydride heuristic,15.40,0.0,0.049653,0.099305,2,phonon+spin,20,0.0,
259,mp-744672,Ca2Mn2Si4H6O17,C2,198.4,1.800,hydride heuristic (H_count=6),22.52,0.0,0.049629,0.099258,2,phonon+spin,14,0.0,
260,mp-735783,BaNaFe4P6H3O25,P2_1/c,205.9,1.200,hydride heuristic (H_count=3),14.42,0.0,0.032995,0.098985,3,phonon+spin+orbital,21,0.0,
261,mp-850027,CuH12N2(OF2)2,P2_1/c,174.8,2.400,hydride heuristic (H_count=12),25.47,0.0,0.049465,0.098929,2,phonon+spin,12,0.0,
262,mp-1198651,CeB5H7NO15,P2_1/c,192.9,1.900,hydride heuristic (H_count=7),23.05,0.0,0.049414,0.098829,2,phonon+spin,14,0.0,
263,mp-707413,CuH12N2(OF2)2,P2_1/c,174.7,2.400,hydride heuristic (H_count=12),25.45,0.0,0.049411,0.098822,2,phonon+spin,12,0.0,
264,mp-1189636,NdMg(NiH)4,Pmn2_1,261.2,0.900,light-element hydride heuristic,11.35,0.0,0.032937,0.098812,3,phonon+spin+orbital,27,0.0,
265,mp-1104951,Ca2Ni10H,Amm2,261.1,0.900,light-element hydride heuristic,11.35,0.0,0.032922,0.098767,3,phonon+spin+orbital,27,0.0,
266,mp-1018693,Eu2H3Cl,P-3m1,251.7,1.200,hydride heuristic (H_count=3),17.63,0.0,0.049312,0.098623,2,phonon+spin,18,0.0,
267,mp-1183713,CeH3,I4/mmm,251.5,1.200,hydride heuristic (H_count=3),17.62,0.0,0.049235,0.098470,2,phonon+spin,18,0.0,
268,mp-1104735,Ca2Ni10H,Cm,260.4,0.900,light-element hydride heuristic,11.32,0.0,0.032739,0.098216,3,phonon+spin+orbital,27,0.0,
269,mp-1078008,CaNi5H,Amm2,260.2,0.900,light-element hydride heuristic,11.31,0.0,0.032696,0.098089,3,phonon+spin+orbital,27,0.0,
270,mp-1078093,CaNi5H,Cmm2,260.2,0.900,light-element hydride heuristic,11.31,0.0,0.032692,0.098076,3,phonon+spin+orbital,27,0.0,
271,mp-1248954,Ca2Mn2Si4H6O17,P1,197.1,1.800,hydride heuristic (H_count=6),22.37,0.0,0.048976,0.097953,2,phonon+spin,14,0.0,
272,mp-1104215,Ca2Ni10H,Cmmm,259.7,0.900,light-element hydride heuristic,11.29,0.0,0.032565,0.097695,3,phonon+spin+orbital,27,0.0,
273,mp-1008376,CeH3,Fm-3m,250.4,1.200,hydride heuristic (H_count=3),17.54,0.0,0.048797,0.097593,2,phonon+spin,18,0.0,
274,mp-1104841,Ca2Ni10H,Cmm2,259.5,0.900,light-element hydride heuristic,11.28,0.0,0.032530,0.097590,3,phonon+spin+orbital,27,0.0,
275,mp-699489,CsTiH24(SO10)2,Pa-3,173.6,2.400,hydride heuristic (H_count=24),25.29,0.0,0.048779,0.097558,2,phonon+charge,12,0.0,
276,mp-1078107,CaNi5H,Cmmm,259.1,0.900,light-element hydride heuristic,11.26,0.0,0.032411,0.097234,3,phonon+spin+orbital,27,0.0,
277,mp-1103879,Ca2Ni10H,P3m1,259.1,0.900,light-element hydride heuristic,11.26,0.0,0.032410,0.097231,3,phonon+spin+orbital,27,0.0,
278,mp-676763,SbH7F11,P1,191.4,1.900,hydride heuristic (H_count=7),22.86,0.0,0.048607,0.097215,2,phonon+topological,14,0.0,
279,mp-39540,CrSiH12(OF)6,R-3,173.1,2.400,hydride heuristic (H_count=12),25.22,0.0,0.048486,0.096973,2,phonon+spin,12,0.0,
280,mp-766026,RbCuSb2H2Se4O,Pnma,234.1,1.000,light-element hydride heuristic,12.43,0.0,0.032324,0.096973,3,phonon+spin+topological,25,0.0,
281,mp-677406,CuH12N2(Cl2O)2,P1,172.9,2.400,hydride heuristic (H_count=12),25.19,0.0,0.048384,0.096768,2,phonon+spin,12,0.0,
282,mp-1078183,CaNi5H,Cm,258.4,0.900,light-element hydride heuristic,11.23,0.0,0.032245,0.096734,3,phonon+spin+orbital,27,0.0,
283,mp-981547,PrH3,I4/mmm,249.0,1.200,hydride heuristic (H_count=3),17.45,0.0,0.048276,0.096552,2,phonon+spin,18,0.0,
284,mp-24011,CeHSe,P6_3/mmc,257.9,0.900,light-element hydride heuristic,11.21,0.0,0.032116,0.096348,3,phonon+spin+topological,27,0.0,
285,mp-23857,CoCuH18N6Cl5,Fd-3c,172.5,2.400,hydride heuristic (H_count=18),25.13,0.0,0.048168,0.096336,2,phonon+spin,12,0.0,
286,mp-1199989,K3NaNp4H4(S2O13)2,C2/c,228.9,1.350,hydride heuristic (H_count=4),18.84,0.0,0.047929,0.095858,2,phonon+spin,16,0.0,
287,mp-504531,CuH20S2(NO7)2,P2_1/c,171.5,2.400,hydride heuristic (H_count=20),24.98,0.0,0.047588,0.095176,2,phonon+spin,13,0.0,
288,mp-744404,K2FeH4(SO5)2,P1,186.2,1.350,hydride heuristic (H_count=4),15.33,0.0,0.031723,0.095169,3,phonon+spin+orbital,20,0.0,
289,mp-559038,CuH12C4(NO)6,P-4n2,171.4,2.400,hydride heuristic (H_count=12),24.97,0.0,0.047558,0.095116,2,phonon+spin,13,0.0,
290,mp-1205250,CuH5IO7,P2_12_12_1,213.8,1.500,hydride heuristic (H_count=5),20.01,0.0,0.047516,0.095032,2,phonon+spin,15,0.0,
291,mp-1221165,Na4H4PdPt,P4/mmm,227.6,1.350,hydride heuristic (H_count=4),18.74,0.0,0.047385,0.094770,2,phonon+topological,17,0.0,
292,mp-510449,CoH20S2(NO7)2,P2_1/c,170.6,2.400,hydride heuristic (H_count=20),24.85,0.0,0.047100,0.094199,2,phonon+spin,13,0.0,
293,mp-505004,MnH10SO9,P-1,176.3,2.200,hydride heuristic (H_count=10),23.96,0.0,0.046937,0.093875,2,phonon+spin,13,0.0,
294,mp-1214950,Ba2NaCe2Ti2FeSi8HO27,C2,220.0,0.900,light-element hydride heuristic,9.56,0.0,0.023367,0.093468,4,phonon+spin+charge+orbital,32,0.0,
295,mp-976578,NdH3,P-3c1,244.7,1.200,hydride heuristic (H_count=3),17.14,0.0,0.046596,0.093191,2,phonon+spin,18,0.0,
296,mp-1202852,CrH10SO9,P-1,175.6,2.200,hydride heuristic (H_count=10),23.85,0.0,0.046534,0.093067,2,phonon+spin,13,0.0,
297,mp-705846,CuH16(ClO8)2,P2_1/c,169.5,2.400,hydride heuristic (H_count=16),24.70,0.0,0.046527,0.093053,2,phonon+spin,13,0.0,
298,mp-1207595,ZnP2H13C2(N3O4)2,Pna2_1,169.3,2.400,hydride heuristic (H_count=13),24.66,0.0,0.046385,0.092770,2,phonon+spin,13,0.0,
299,mp-510292,CuPH6NO5,Pmn2_1,191.6,1.800,hydride heuristic (H_count=6),21.74,0.0,0.046286,0.092573,2,phonon+spin,14,0.0,
300,mp-1194919,Eu2CuH4(SO6)2,P2_1/c,224.8,1.350,hydride heuristic (H_count=4),18.51,0.0,0.046239,0.092479,2,phonon+spin,17,0.0,
301,mp-644483,Ti3SnH,Pm-3m,252.7,0.900,light-element hydride heuristic,10.98,0.0,0.030825,0.092474,3,phonon+topological+charge,28,0.0,
302,mp-559223,GdH6C4NO9,P2/c,191.3,1.800,hydride heuristic (H_count=6),21.72,0.0,0.046172,0.092343,2,phonon+spin,14,0.0,
303,mp-643756,EuMgH4,Cmc2_1,224.5,1.350,hydride heuristic (H_count=4),18.48,0.0,0.046110,0.092221,2,phonon+spin,17,0.0,
304,mp-1203110,CuH10C2(NCl2)2,P2_1/c,174.7,2.200,hydride heuristic (H_count=10),23.73,0.0,0.046065,0.092130,2,phonon+spin,13,0.0,
305,mp-30085,ThZr2H7,Fd-3m,263.3,1.900,hydride heuristic (H_count=7),31.45,0.0,0.092009,0.092009,1,phonon,10,0.0,
306,mp-643706,Cs3MnH5,I4/mcm,210.3,1.500,hydride heuristic (H_count=5),19.68,0.0,0.045976,0.091951,2,phonon+spin,16,0.0,
307,mp-1196749,CrSiH8(O2F3)2,P2_1/c,181.8,2.000,hydride heuristic (H_count=8),22.76,0.0,0.045975,0.091949,2,phonon+spin,14,0.0,
308,mp-1222194,Mn29H2,Cm,279.1,1.000,light-element hydride heuristic,14.81,0.0,0.045940,0.091880,2,phonon+spin,21,0.0,
309,mp-1173455,Rb2Cu4H5(SO5)4,P2/m,209.9,1.500,hydride heuristic (H_count=5),19.65,0.0,0.045831,0.091662,2,phonon+spin,16,0.0,
310,mp-505289,VCuHPbO5,Pnma,251.4,0.900,light-element hydride heuristic,10.93,0.0,0.030531,0.091593,3,phonon+spin+topological,28,0.0,
311,mp-849272,Li4Ni2P4H3O16,P1,198.0,1.200,hydride heuristic (H_count=3),13.87,0.0,0.030520,0.091560,3,phonon+spin+orbital,22,0.0,
312,mp-1200008,PuP2H4CO7,P-1,223.7,1.350,hydride heuristic (H_count=4),18.41,0.0,0.045767,0.091533,2,phonon+spin,17,0.0,
313,mp-698417,MnH12C2(NCl2)2,Cmce,167.9,2.400,hydride heuristic (H_count=12),24.47,0.0,0.045652,0.091304,2,phonon+spin,13,0.0,
314,mp-1195494,NpH4ClO4,I4_1/a,223.3,1.350,hydride heuristic (H_count=4),18.39,0.0,0.045622,0.091244,2,phonon+spin,17,0.0,
315,mp-1200565,PuP2H4CO7,Pbca,222.7,1.350,hydride heuristic (H_count=4),18.33,0.0,0.045355,0.090710,2,phonon+spin,17,0.0,
316,mp-1234789,Rb2MgCu4H5(SO5)4,P1,208.8,1.500,hydride heuristic (H_count=5),19.54,0.0,0.045341,0.090683,2,phonon+spin,16,0.0,
317,mp-720855,CoH17S2N5ClO4,Pnma,167.2,2.400,hydride heuristic (H_count=17),24.36,0.0,0.045246,0.090491,2,phonon+spin,13,0.0,
318,mp-643945,TiFeH2,Cmmm,249.8,0.900,metal hydride heuristic,10.86,0.0,0.030132,0.090395,3,phonon+spin+orbital,28,0.0,
319,mp-541365,LiEuH3,Pm-3m,240.8,1.200,hydride heuristic (H_count=3),16.87,0.0,0.045144,0.090287,2,phonon+spin,18,0.0,
320,mp-1662213,Li2Fe2P4H3O16,P1,196.6,1.200,hydride heuristic (H_count=3),13.77,0.0,0.030081,0.090244,3,phonon+spin+orbital,22,0.0,
321,mp-752522,Li2Fe2P4H3O16,P1,196.6,1.200,hydride heuristic (H_count=3),13.77,0.0,0.030077,0.090230,3,phonon+spin+orbital,22,0.0,
322,mp-1663191,Li2Fe2P4H3O16,P1,196.4,1.200,hydride heuristic (H_count=3),13.76,0.0,0.030028,0.090084,3,phonon+spin+orbital,22,0.0,
323,mp-695928,CoPH6O6F,P-1,188.7,1.800,hydride heuristic (H_count=6),21.41,0.0,0.044887,0.089773,2,phonon+spin,15,0.0,
324,mp-24720,PuH2,Fm-3m,304.7,0.900,metal hydride heuristic,13.24,0.0,0.044841,0.089681,2,phonon+spin,23,0.0,
325,mp-1233920,Rb2MgCu4H5(SO5)4,P1,207.6,1.500,hydride heuristic (H_count=5),19.43,0.0,0.044810,0.089620,2,phonon+spin,16,0.0,
326,mp-1196178,TiH9(SO6)2,Pnma,175.5,2.100,hydride heuristic (H_count=9),22.93,0.0,0.044713,0.089426,2,phonon+charge,14,0.0,
327,mp-1233622,Rb2MgCu4H5(SO5)4,P1,207.2,1.500,hydride heuristic (H_count=5),19.39,0.0,0.044660,0.089319,2,phonon+spin,16,0.0,
328,mp-778207,MnH8(SO6)2,C2/c,178.7,2.000,hydride heuristic (H_count=8),22.38,0.0,0.044437,0.088875,2,phonon+spin,14,0.0,
329,mp-1233896,Rb2MgCu4H5(SO5)4,P1,206.7,1.500,hydride heuristic (H_count=5),19.35,0.0,0.044437,0.088874,2,phonon+spin,16,0.0,
330,mp-1199425,CuH14C4(NO2)4,P2_1/c,165.5,2.400,hydride heuristic (H_count=14),24.11,0.0,0.044334,0.088668,2,phonon+spin,13,0.0,
331,mp-1173785,Na2Cu4H5(SO5)4,P2/m,206.4,1.500,hydride heuristic (H_count=5),19.32,0.0,0.044305,0.088610,2,phonon+spin,16,0.0,
332,mp-1017509,MgNiH2,P4/mmm,223.7,1.000,light-element hydride heuristic,11.87,0.0,0.029509,0.088527,3,phonon+spin+orbital,26,0.0,
333,mp-772432,FeH4(SO5)2,P-1,179.4,1.350,hydride heuristic (H_count=4),14.77,0.0,0.029446,0.088338,3,phonon+spin+orbital,21,0.0,
334,mp-1234188,Rb2MgCu4H5(SO5)4,P1,205.9,1.500,hydride heuristic (H_count=5),19.27,0.0,0.044091,0.088182,2,phonon+spin,16,0.0,
335,mp-734045,Cu2H2Se2O7,P2_1/c,222.1,1.000,light-element hydride heuristic,11.78,0.0,0.029075,0.087225,3,phonon+spin+topological,26,0.0,
336,mp-1982329,K2CoH4(I2O7)2,C2,218.3,1.350,hydride heuristic (H_count=4),17.97,0.0,0.043572,0.087143,2,phonon+spin,17,0.0,
337,mp-1229305,Ag14H8I4(OF2)5,P2_1,250.2,2.000,hydride heuristic (H_count=8),31.32,0.0,0.087094,0.087094,1,phonon,10,0.0,
338,mp-1199306,CoH16C4S4(N4Cl)2,P4_2/n,164.0,2.400,hydride heuristic (H_count=16),23.89,0.0,0.043526,0.087052,2,phonon+spin,13,0.0,
339,mp-644259,Ti2NiH,Fd-3m,245.1,0.900,light-element hydride heuristic,10.65,0.0,0.029015,0.087045,3,phonon+spin+orbital,29,0.0,
340,mp-24724,TbH2,Fm-3m,271.6,1.000,light-element hydride heuristic,14.41,0.0,0.043499,0.086998,2,phonon+spin,21,0.0,
341,mp-1198408,Ba2HRu3O10,P2_12_12_1,245.0,0.900,light-element hydride heuristic,10.65,0.0,0.028975,0.086924,3,phonon+spin+orbital,29,0.0,
342,mp-1651906,K2CoH4(I2O7)2,P2_1,217.8,1.350,hydride heuristic (H_count=4),17.93,0.0,0.043377,0.086753,2,phonon+spin,17,0.0,
343,mp-558794,Cu2BH5O6,Pnma,204.2,1.500,hydride heuristic (H_count=5),19.11,0.0,0.043376,0.086753,2,phonon+spin,16,0.0,
344,mp-558144,CuH10(CO4)2,P2_1/c,168.9,2.200,hydride heuristic (H_count=10),22.95,0.0,0.043065,0.086130,2,phonon+spin,14,0.0,
345,mp-1191727,Na3H2OsO6,P2_1/m,220.3,1.000,light-element hydride heuristic,11.69,0.0,0.028625,0.085874,3,phonon+topological+orbital,26,0.0,
346,mp-505097,Co3H2Se3O10,P-1,219.9,1.000,light-element hydride heuristic,11.67,0.0,0.028523,0.085570,3,phonon+spin+topological,26,0.0,
347,mp-696931,TlCuHSeO5,P2_1/m,242.8,0.900,light-element hydride heuristic,10.55,0.0,0.028477,0.085432,3,phonon+spin+topological,29,0.0,
348,mp-1196302,MnTe4(H3N)6,P2_1/c,191.1,1.200,hydride heuristic (H_count=3),13.39,0.0,0.028428,0.085285,3,phonon+spin+topological,23,0.0,
349,mp-1178433,CoH8(SO6)2,P2_1/c,175.1,2.000,hydride heuristic (H_count=8),21.91,0.0,0.042622,0.085243,2,phonon+spin,14,0.0,
350,mp-862687,CuH6(NCl)2,Cmcm,183.6,1.800,hydride heuristic (H_count=6),20.83,0.0,0.042485,0.084971,2,phonon+spin,15,0.0,
351,mp-1232413,Na3CuP2H6NO13,P2_1/m,183.4,1.800,hydride heuristic (H_count=6),20.82,0.0,0.042438,0.084876,2,phonon+spin,15,0.0,
352,mp-697994,Cu3H4SO8,Pnma,215.3,1.350,hydride heuristic (H_count=4),17.72,0.0,0.042391,0.084781,2,phonon+spin,17,0.0,
353,mp-734839,CrH6SO7,Cc,183.1,1.800,hydride heuristic (H_count=6),20.79,0.0,0.042295,0.084590,2,phonon+spin,15,0.0,
354,mp-1103808,La4H9,I4/mmm,240.8,2.100,hydride heuristic (H_count=9),31.46,0.0,0.084181,0.084181,1,phonon,10,0.0,
355,mp-1147649,LiNiH2,P4/mmm,218.0,1.000,light-element hydride heuristic,11.57,0.0,0.028023,0.084069,3,phonon+spin+orbital,26,0.0,
356,mp-690725,TlCuHSO5,P2_1/m,240.4,0.900,light-element hydride heuristic,10.45,0.0,0.027899,0.083696,3,phonon+spin+topological,29,0.0,
357,mp-743569,MnH6(OF)3,P2_1/c,182.2,1.800,hydride heuristic (H_count=6),20.67,0.0,0.041848,0.083696,2,phonon+spin,15,0.0,
358,mp-722515,NaCu2H2(SeO5)2,C2/m,217.0,1.000,light-element hydride heuristic,11.52,0.0,0.027765,0.083296,3,phonon+spin+topological,27,0.0,
359,mp-643913,CoH6(NCl)2,Imma,181.6,1.800,hydride heuristic (H_count=6),20.61,0.0,0.041579,0.083157,2,phonon+spin,15,0.0,
360,mp-977573,HfH3,Pm-3m,301.4,1.350,hydride heuristic (H_count=4),24.81,0.0,0.083110,0.083110,1,phonon,13,0.0,
361,mp-24288,LuH2,Fm-3m,293.3,0.900,metal hydride heuristic,12.75,0.0,0.041553,0.083106,2,phonon+spin,24,0.0,
362,mp-698414,CuH8C2NCl3,P-1,172.8,2.000,hydride heuristic (H_count=8),21.63,0.0,0.041509,0.083019,2,phonon+spin,14,0.0,
363,mp-863015,EuH32C8N4Cl7,P2_12_12,160.0,2.400,hydride heuristic (H_count=32),23.31,0.0,0.041438,0.082875,2,phonon+spin,13,0.0,
364,mp-32697,Y10H21,P-1,225.7,2.400,hydride heuristic (H_count=21),32.89,0.0,0.082501,0.082501,1,phonon,10,0.0,
365,mp-24164,CuH2(SeO3)2,P2_1/c,215.7,1.000,light-element hydride heuristic,11.45,0.0,0.027425,0.082275,3,phonon+spin+topological,27,0.0,
366,mp-642660,Mg2CoH5,P4/nmm,198.7,1.500,hydride heuristic (H_count=5),18.59,0.0,0.041049,0.082097,2,phonon+spin,17,0.0,
367,mp-2228384,NaMgCu2H2(SeO5)2,C2,214.2,1.000,light-element hydride heuristic,11.37,0.0,0.027049,0.081148,3,phonon+spin+topological,27,0.0,
368,mp-698413,CuH8C2NCl3,C2/c,170.0,2.000,hydride heuristic (H_count=8),21.29,0.0,0.040219,0.080437,2,phonon+spin,15,0.0,
369,mp-1209043,Sr2Al4Fe3P4(H2O13)2,P-1,212.9,1.000,light-element hydride heuristic,11.30,0.0,0.026719,0.080156,3,phonon+spin+orbital,27,0.0,
370,mp-1221695,Na4Co12P8H4O37,P-1,209.2,1.350,hydride heuristic (H_count=4),17.22,0.0,0.040024,0.080048,2,phonon+spin,18,0.0,
371,mp-23955,CuH2SeO5,P-1,212.6,1.000,light-element hydride heuristic,11.28,0.0,0.026661,0.079983,3,phonon+spin+topological,27,0.0,
372,mp-758235,Na2TeH5SO10,Cc,195.9,1.500,hydride heuristic (H_count=5),18.33,0.0,0.039912,0.079824,2,phonon+topological,17,0.0,
373,mp-1025425,Co3H,P6_3/mmc,287.3,0.900,light-element hydride heuristic,12.49,0.0,0.039852,0.079704,2,phonon+spin,25,0.0,
374,mp-1069520,Zr2CuH2,I4/mmm,259.9,1.000,light-element hydride heuristic,13.79,0.0,0.039820,0.079639,2,phonon+spin,22,0.0,
375,mp-774926,EuH4S2NO8,P2_1/c,208.6,1.350,hydride heuristic (H_count=4),17.17,0.0,0.039806,0.079613,2,phonon+spin,18,0.0,
376,mp-1226072,Co4H,P-3m1,286.8,0.900,light-element hydride heuristic,12.47,0.0,0.039734,0.079469,2,phonon+spin,25,0.0,
377,mp-1069811,Hf2H2Pd,I4/mmm,319.2,1.200,hydride heuristic (H_count=3),22.37,0.0,0.079331,0.079331,1,phonon,14,0.0,
378,mp-1200865,CuH6C2O7,Pcca,177.2,1.800,hydride heuristic (H_count=6),20.12,0.0,0.039617,0.079234,2,phonon+spin,15,0.0,
379,mp-626799,ReH3O5,P1,225.6,1.200,hydride heuristic (H_count=3),15.80,0.0,0.039606,0.079212,2,phonon+topological,19,0.0,
380,mp-625103,YbHO2,P-42_1m,286.3,0.900,light-element hydride heuristic,12.44,0.0,0.039571,0.079142,2,phonon+spin,25,0.0,
381,mp-1202916,U3H2OF12,Cm,258.9,1.000,light-element hydride heuristic,13.74,0.0,0.039511,0.079023,2,phonon+spin,22,0.0,
382,mp-24727,TmH2,Fm-3m,286.0,0.900,metal hydride heuristic,12.43,0.0,0.039498,0.078997,2,phonon+spin,25,0.0,
383,mp-643697,Rb3MnH5,I4/mcm,194.7,1.500,hydride heuristic (H_count=5),18.22,0.0,0.039418,0.078835,2,phonon+spin,17,0.0,
384,mp-567451,MnH8C2NCl3,P2_1/c,168.1,2.000,hydride heuristic (H_count=8),21.05,0.0,0.039312,0.078624,2,phonon+spin,15,0.0,
385,mp-1199131,NaEuP2H4CO7,P2_1/c,207.1,1.350,hydride heuristic (H_count=4),17.05,0.0,0.039247,0.078493,2,phonon+spin,18,0.0,
386,mp-1213465,CuAgAs2H3O8,P2_1/c,224.5,1.200,hydride heuristic (H_count=3),15.73,0.0,0.039240,0.078479,2,phonon+spin,20,0.0,
387,mp-24178,Mn3H2Se3O10,P-1,210.5,1.000,light-element hydride heuristic,11.17,0.0,0.026118,0.078355,3,phonon+spin+topological,27,0.0,
388,mp-1213178,Cu2AgH(SeO5)2,C2/m,231.6,0.900,light-element hydride heuristic,10.06,0.0,0.025898,0.077693,3,phonon+spin+topological,30,0.0,
389,mp-1196668,CeP4H50C12Cl3O11,P-1,154.8,2.400,hydride heuristic (H_count=50),22.56,0.0,0.038796,0.077591,2,phonon+spin,14,0.0,
390,mp-779879,MnH6(S2O9)2,Pccn,175.2,1.800,hydride heuristic (H_count=6),19.88,0.0,0.038686,0.077372,2,phonon+spin,16,0.0,
391,mp-24192,ErH2,Fm-3m,282.9,0.900,metal hydride heuristic,12.30,0.0,0.038661,0.077321,2,phonon+spin,25,0.0,
392,mp-1226079,CoH6(NCl)2,C2,174.8,1.800,hydride heuristic (H_count=6),19.84,0.0,0.038548,0.077096,2,phonon+spin,16,0.0,
393,mp-505176,Co2P2H4O9,P2_1/c,205.2,1.350,hydride heuristic (H_count=4),16.89,0.0,0.038511,0.077022,2,phonon+spin,18,0.0,
394,mp-27731,HfH2,I4/mmm,314.5,1.200,hydride heuristic (H_count=3),22.03,0.0,0.076988,0.076988,1,phonon,14,0.0,
395,mp-1211818,K4H5(SeO4)4,P-1,191.9,1.500,hydride heuristic (H_count=5),17.96,0.0,0.038309,0.076618,2,phonon+topological,17,0.0,
396,mp-632348,YbHO2,P2_1/m,281.6,0.900,light-element hydride heuristic,12.24,0.0,0.038300,0.076599,2,phonon+spin,25,0.0,
397,mp-1220559,Nb4H3S8,P-6m2,221.7,1.200,hydride heuristic (H_count=3),15.53,0.0,0.038275,0.076550,2,phonon+charge,20,0.0,
398,mp-1095188,CaNiGeH,P4/nmm,229.8,0.900,light-element hydride heuristic,9.99,0.0,0.025502,0.076507,3,phonon+spin+orbital,31,0.0,
399,mp-1217971,Ta2H,C2/m,347.8,0.750,metal hydride heuristic,9.87,0.0,0.038134,0.076268,2,phonon+topological,31,0.0,
400,mp-1067482,NiHO2,Cm,229.4,0.900,light-element hydride heuristic,9.97,0.0,0.025420,0.076259,3,phonon+spin+orbital,31,0.0,
401,mp-24528,CrH8C4(S2N3)2,P-1,165.5,2.000,hydride heuristic (H_count=8),20.72,0.0,0.038106,0.076212,2,phonon+spin,15,0.0,
402,mp-1008881,MgNiH,P4/mmm,228.8,0.900,light-element hydride heuristic,9.94,0.0,0.025278,0.075833,3,phonon+spin+orbital,31,0.0,
403,mp-632311,Ta2H,P-4m2,346.0,0.750,metal hydride heuristic,9.82,0.0,0.037746,0.075492,2,phonon+topological,31,0.0,
404,mp-24082,Ta2H,C222,345.9,0.750,metal hydride heuristic,9.81,0.0,0.037716,0.075431,2,phonon+topological,31,0.0,
405,mp-1194497,Sm(BH4)2,Pbcn,202.9,1.350,hydride heuristic (H_count=4),16.70,0.0,0.037648,0.075295,2,phonon+spin,18,0.0,
406,mp-780738,H4WNCl6,C2/c,202.6,1.350,hydride heuristic (H_count=4),16.68,0.0,0.037557,0.075114,2,phonon+topological,18,0.0,
407,mp-1199725,CeH(SeO3)2,Pca2_1,227.4,0.900,light-element hydride heuristic,9.88,0.0,0.024980,0.074941,3,phonon+spin+topological,31,0.0,
408,mp-643570,NiH2SO5,C2/c,205.7,1.000,light-element hydride heuristic,10.91,0.0,0.024940,0.074819,3,phonon+spin+orbital,28,0.0,
409,mp-24083,Th2AlH4,I4/mcm,284.7,1.350,hydride heuristic (H_count=4),23.44,0.0,0.074163,0.074163,1,phonon,13,0.0,
410,mp-1147705,RbInH3,Fm-3m,218.2,1.200,hydride heuristic (H_count=3),15.29,0.0,0.037071,0.074142,2,phonon+topological,20,0.0,
411,mp-999337,NiHO2,P3m1,226.0,0.900,light-element hydride heuristic,9.82,0.0,0.024666,0.073999,3,phonon+spin+orbital,31,0.0,
412,mp-1206874,CoH,Fm-3m,276.8,0.900,light-element hydride heuristic,12.03,0.0,0.036991,0.073983,2,phonon+spin,25,0.0,
413,mp-24096,NdH2,Fm-3m,250.2,1.000,light-element hydride heuristic,13.28,0.0,0.036926,0.073852,2,phonon+spin,23,0.0,
414,mp-1195463,USi6H54C18N3F,P2_1/c,150.7,2.400,hydride heuristic (H_count=54),21.96,0.0,0.036790,0.073580,2,phonon+spin,14,0.0,
415,mp-24151,DyH2,Fm-3m,275.8,0.900,metal hydride heuristic,11.99,0.0,0.036729,0.073457,2,phonon+spin,26,0.0,
416,mp-1191468,NpPH3CO5,P-1,216.7,1.200,hydride heuristic (H_count=3),15.18,0.0,0.036560,0.073120,2,phonon+spin,20,0.0,
417,mp-605437,FeHO2,Pnma,224.5,0.900,light-element hydride heuristic,9.76,0.0,0.024341,0.073023,3,phonon+spin+orbital,31,0.0,
418,mp-699431,AlH4(SeO4)2,P2_1/c,199.2,1.350,hydride heuristic (H_count=4),16.40,0.0,0.036286,0.072572,2,phonon+topological,19,0.0,
419,mp-1191885,MgTi7H16,Fm-3m,211.6,2.400,hydride heuristic (H_count=16),30.83,0.0,0.072485,0.072485,1,phonon,10,0.0,
420,mp-1196240,USi8H56(C4N)4,C2/c,149.2,2.400,hydride heuristic (H_count=56),21.74,0.0,0.036056,0.072112,2,phonon+spin,14,0.0,
421,mp-505569,CeH2,Fm-3m,247.0,1.000,light-element hydride heuristic,13.11,0.0,0.035988,0.071976,2,phonon+spin,23,0.0,
422,mp-1224413,H3Pd4,R-3m,303.8,1.200,hydride heuristic (H_count=3),21.28,0.0,0.071841,0.071841,1,phonon,15,0.0,
423,mp-555953,Na2Cu2Si4H4O13,P-1,198.1,1.350,hydride heuristic (H_count=4),16.31,0.0,0.035907,0.071815,2,phonon+spin,19,0.0,
424,mp-1181662,Cu2H3ClO3,P2_1/c,214.6,1.200,hydride heuristic (H_count=3),15.03,0.0,0.035843,0.071685,2,phonon+spin,20,0.0,
425,mp-644499,CeCoGeH,P4/nmm,272.2,0.900,light-element hydride heuristic,11.83,0.0,0.035770,0.071540,2,phonon+spin,26,0.0,
426,mp-632759,CuH4(OF)2,C2/m,197.6,1.350,hydride heuristic (H_count=4),16.27,0.0,0.035724,0.071448,2,phonon+spin,19,0.0,
427,mp-1201073,Cu2H3ClO3,P-1,214.1,1.200,hydride heuristic (H_count=3),15.00,0.0,0.035692,0.071384,2,phonon+spin,20,0.0,
428,mp-625242,FeHO2,Pnma,221.8,0.900,light-element hydride heuristic,9.64,0.0,0.023758,0.071275,3,phonon+spin+orbital,32,0.0,
429,mp-642737,Cu2H3ClO3,R-3m,213.9,1.200,hydride heuristic (H_count=3),14.98,0.0,0.035599,0.071197,2,phonon+spin,21,0.0,
430,mp-1181656,Cu2H3ClO3,C2/m,213.7,1.200,hydride heuristic (H_count=3),14.97,0.0,0.035542,0.071085,2,phonon+spin,21,0.0,
431,mp-510547,Cu2H3ClO3,Pnma,213.5,1.200,hydride heuristic (H_count=3),14.96,0.0,0.035495,0.070990,2,phonon+spin,21,0.0,
432,mp-1226908,CeCuGeH,P-3m1,270.8,0.900,light-element hydride heuristic,11.77,0.0,0.035413,0.070826,2,phonon+spin,26,0.0,
433,mp-505570,PaH3,Pm-3n,301.5,1.200,hydride heuristic (H_count=3),21.12,0.0,0.070750,0.070750,1,phonon,15,0.0,
434,mp-722310,KErHSe2O9,P-1,220.0,0.900,light-element hydride heuristic,9.56,0.0,0.023372,0.070117,3,phonon+spin+topological,32,0.0,
435,mp-1173788,Na2Ni4Mo4(HO4)5,P-1,219.6,0.900,light-element hydride heuristic,9.54,0.0,0.023288,0.069863,3,phonon+spin+orbital,32,0.0,
436,mp-510571,BaNpPH2O7,P2_1/c,242.3,1.000,light-element hydride heuristic,12.86,0.0,0.034628,0.069255,2,phonon+spin,24,0.0,
437,mp-1215830,YVFe11H,Imm2,270.6,0.750,metal hydride heuristic,7.68,0.0,0.023083,0.069250,3,phonon+spin+orbital,40,0.0,
438,mp-1202875,CuH5N2Cl3,Pnma,182.5,1.500,hydride heuristic (H_count=5),17.07,0.0,0.034613,0.069227,2,phonon+spin,18,0.0,
439,mp-644136,Li2H2Pt,Immm,267.4,0.900,metal hydride heuristic,11.62,0.0,0.034518,0.069035,2,phonon+topological,26,0.0,
440,mp-24092,GdH2,Fm-3m,267.2,0.900,metal hydride heuristic,11.61,0.0,0.034473,0.068946,2,phonon+spin,26,0.0,
441,mp-1202551,CuAsH3O5,P-1,210.3,1.200,hydride heuristic (H_count=3),14.74,0.0,0.034435,0.068871,2,phonon+spin,21,0.0,
442,mp-685437,Ca22H51Rh11,P1,206.2,2.400,hydride heuristic (H_count=51),30.04,0.0,0.068815,0.068815,1,phonon,10,0.0,
443,mp-27350,U(BH4)4,P4_32_12,193.8,1.350,hydride heuristic (H_count=4),15.95,0.0,0.034349,0.068697,2,phonon+spin,19,0.0,
444,mp-759001,Mg2Cu2P2(H4O5)3,Cc,193.7,1.350,hydride heuristic (H_count=4),15.95,0.0,0.034323,0.068647,2,phonon+spin,19,0.0,
445,mp-1180084,Ni(HO)2,C2/m,217.5,0.900,light-element hydride heuristic,9.45,0.0,0.022853,0.068559,3,phonon+spin+orbital,32,0.0,
446,mp-1220940,Rb6Nb6H14O27,P1,205.6,2.400,hydride heuristic (H_count=14),29.96,0.0,0.068463,0.068463,1,phonon,11,0.0,
447,mp-559094,Cu2H3ClO3,P2_1/m,209.5,1.200,hydride heuristic (H_count=3),14.68,0.0,0.034175,0.068349,2,phonon+spin,21,0.0,
448,mp-740757,Mg2Cu2P2(H4O5)3,C2/c,193.3,1.350,hydride heuristic (H_count=4),15.91,0.0,0.034163,0.068325,2,phonon+spin,19,0.0,
449,mp-1275121,Ni(HO)2,C2,217.1,0.900,light-element hydride heuristic,9.43,0.0,0.022752,0.068256,3,phonon+spin+orbital,32,0.0,
450,mp-771965,Sb2P4H3O16,P1,209.2,1.200,hydride heuristic (H_count=3),14.66,0.0,0.034064,0.068128,2,phonon+topological,21,0.0,
451,mp-1219621,RbCu2H3(SO5)2,Cm,209.2,1.200,hydride heuristic (H_count=3),14.65,0.0,0.034057,0.068113,2,phonon+spin,21,0.0,
452,mp-23795,CuH4(OF)2,C2/m,192.7,1.350,hydride heuristic (H_count=4),15.86,0.0,0.033968,0.067937,2,phonon+spin,19,0.0,
453,mp-1202815,EuH3CSO7,P4_1,208.8,1.200,hydride heuristic (H_count=3),14.63,0.0,0.033943,0.067885,2,phonon+spin,21,0.0,
454,mp-1191142,CuBH4ClO4,P4/n,192.4,1.350,hydride heuristic (H_count=4),15.84,0.0,0.033855,0.067711,2,phonon+spin,19,0.0,
455,mp-625074,Ni(HO)2,C2,216.0,0.900,light-element hydride heuristic,9.39,0.0,0.022527,0.067582,3,phonon+spin+orbital,32,0.0,
456,mp-2661453,Li2H2Pt,I4/mmm,264.3,0.900,metal hydride heuristic,11.49,0.0,0.033723,0.067446,2,phonon+topological,27,0.0,
457,mp-707273,U(BH4)4,Cmcm,191.9,1.350,hydride heuristic (H_count=4),15.80,0.0,0.033672,0.067345,2,phonon+spin,19,0.0,
458,mp-861653,ThH3,I4/mmm,294.1,1.200,hydride heuristic (H_count=3),20.60,0.0,0.067323,0.067323,1,phonon,15,0.0,
459,mp-1193540,V2CuH3O7,P-1,207.8,1.200,hydride heuristic (H_count=3),14.56,0.0,0.033622,0.067244,2,phonon+spin,21,0.0,
460,mp-1235688,RbLiCu2H3(SO5)2,Cm,207.8,1.200,hydride heuristic (H_count=3),14.56,0.0,0.033621,0.067242,2,phonon+spin,21,0.0,
461,mp-744386,Al9Fe2Si4HO24,C2/m,215.1,0.900,light-element hydride heuristic,9.35,0.0,0.022337,0.067011,3,phonon+spin+orbital,33,0.0,
462,mp-755681,Te2P4H3O16,P1,207.2,1.200,hydride heuristic (H_count=3),14.52,0.0,0.033429,0.066858,2,phonon+topological,21,0.0,
463,mp-1200440,UH2C(OF)3,C2/c,238.0,1.000,light-element hydride heuristic,12.63,0.0,0.033394,0.066789,2,phonon+spin,24,0.0,
464,mp-766274,Cu2H3NO6,P2_12_12_1,207.1,1.200,hydride heuristic (H_count=3),14.51,0.0,0.033385,0.066769,2,phonon+spin,21,0.0,
465,mp-1200235,CeH3CSO7,P4_3,207.0,1.200,hydride heuristic (H_count=3),14.50,0.0,0.033351,0.066703,2,phonon+spin,21,0.0,
466,mp-24149,LiCe2HO3,Immm,262.4,0.900,light-element hydride heuristic,11.40,0.0,0.033254,0.066508,2,phonon+spin,27,0.0,
467,mp-1205073,CeH3CSO7,P4_1,206.6,1.200,hydride heuristic (H_count=3),14.47,0.0,0.033213,0.066426,2,phonon+spin,21,0.0,
468,mp-1181447,EuH2,P6_3/mmc,261.8,0.900,metal hydride heuristic,11.38,0.0,0.033099,0.066198,2,phonon+spin,27,0.0,
469,mp-23896,LuHCl,R-3m,261.8,0.900,light-element hydride heuristic,11.38,0.0,0.033088,0.066176,2,phonon+spin,27,0.0,
470,mp-686427,PuSi6H54(C6N)3,P31c,142.8,2.400,hydride heuristic (H_count=54),20.81,0.0,0.033024,0.066047,2,phonon+spin,15,0.0,
471,mp-1105196,ZnCuH3ClO3,P2_1/m,206.0,1.200,hydride heuristic (H_count=3),14.43,0.0,0.033021,0.066043,2,phonon+spin,21,0.0,
472,mp-1009077,FeH,Fm-3m,264.2,0.750,metal hydride heuristic,7.50,0.0,0.022012,0.066035,3,phonon+spin+orbital,41,0.0,
473,mp-1068746,TlHPd3,Pm-3m,323.2,0.750,metal hydride heuristic,9.17,0.0,0.032927,0.065855,2,phonon+topological,33,0.0,
474,mp-1173715,NaCo2H3(SO5)2,Cm,205.3,1.200,hydride heuristic (H_count=3),14.38,0.0,0.032808,0.065617,2,phonon+spin,21,0.0,
475,mp-721471,CuPH4O5F,P2_1/c,189.3,1.350,hydride heuristic (H_count=4),15.59,0.0,0.032792,0.065585,2,phonon+spin,20,0.0,
476,mp-707942,B5H2Pb2O11,P2_1/c,235.6,1.000,light-element hydride heuristic,12.50,0.0,0.032732,0.065465,2,phonon+topological,24,0.0,
477,mp-1195975,Mn5P4(H3O10)2,C2/c,205.0,1.200,hydride heuristic (H_count=3),14.36,0.0,0.032725,0.065450,2,phonon+spin,21,0.0,
478,mp-1235164,RbLiCu2H3(SO5)2,P1,205.0,1.200,hydride heuristic (H_count=3),14.36,0.0,0.032704,0.065408,2,phonon+spin,21,0.0,
479,mp-1235141,RbLiCu2H3(SO5)2,P1,204.9,1.200,hydride heuristic (H_count=3),14.35,0.0,0.032671,0.065342,2,phonon+spin,21,0.0,
480,mp-626413,Yb(HO)3,P6_3/m,259.8,0.900,light-element hydride heuristic,11.29,0.0,0.032601,0.065201,2,phonon+spin,27,0.0,
481,mp-1225705,CuH,P-3m1,259.5,0.900,light-element hydride heuristic,11.28,0.0,0.032513,0.065026,2,phonon+spin,27,0.0,
482,mp-1235974,RbLiCu2H3(SO5)2,Cm,204.2,1.200,hydride heuristic (H_count=3),14.30,0.0,0.032450,0.064899,2,phonon+spin,21,0.0,
483,mp-1226171,Cu2H3NO5,P2_1,204.1,1.200,hydride heuristic (H_count=3),14.30,0.0,0.032435,0.064869,2,phonon+spin,21,0.0,
484,mp-24658,SmH2,Fm-3m,258.9,0.900,metal hydride heuristic,11.25,0.0,0.032378,0.064756,2,phonon+spin,27,0.0,
485,mp-707986,K2Pr2H3(S2O9)2,P2_1/c,203.9,1.200,hydride heuristic (H_count=3),14.28,0.0,0.032352,0.064704,2,phonon+spin,22,0.0,
486,mp-1236531,RbLiCu2H3(SO5)2,P1,203.8,1.200,hydride heuristic (H_count=3),14.28,0.0,0.032334,0.064667,2,phonon+spin,22,0.0,
487,mp-642804,KCu2P2H3(O4F)2,C2/m,203.7,1.200,hydride heuristic (H_count=3),14.27,0.0,0.032313,0.064626,2,phonon+spin,22,0.0,
488,mp-772662,MnH4(SO5)2,P2_1/c,187.9,1.350,hydride heuristic (H_count=4),15.47,0.0,0.032309,0.064617,2,phonon+spin,20,0.0,
489,mp-1203485,Fe3B11HO20,Pmn2_1,210.4,0.900,light-element hydride heuristic,9.14,0.0,0.021380,0.064140,3,phonon+spin+orbital,33,0.0,
490,mp-1181127,Li2Ga3Te6(HO2)12,R-3,210.0,0.900,light-element hydride heuristic,9.13,0.0,0.021304,0.063911,3,phonon+spin+topological,33,0.0,
491,mp-1191555,PuP2H2CO6,C2/m,232.8,1.000,light-element hydride heuristic,12.35,0.0,0.031946,0.063892,2,phonon+spin,25,0.0,
492,mp-1147780,K2CuH4,I4/mmm,186.6,1.350,hydride heuristic (H_count=4),15.36,0.0,0.031858,0.063717,2,phonon+spin,20,0.0,
493,mp-643738,Eu(MgH3)2,P4/mmm,202.2,1.200,hydride heuristic (H_count=3),14.16,0.0,0.031813,0.063625,2,phonon+spin,22,0.0,
494,mp-1102496,EuH2,Pnma,256.3,0.900,metal hydride heuristic,11.14,0.0,0.031722,0.063443,2,phonon+spin,27,0.0,
495,mp-23875,CuH4(ClO)2,Pmna,186.1,1.350,hydride heuristic (H_count=4),15.32,0.0,0.031675,0.063349,2,phonon+spin,20,0.0,
496,mp-1101754,Ti4H7,P-43m,218.4,1.900,hydride heuristic (H_count=7),26.09,0.0,0.063298,0.063298,1,phonon,12,0.0,
497,mp-754131,LiNiPHO5,P-1,208.8,0.900,light-element hydride heuristic,9.07,0.0,0.021051,0.063152,3,phonon+spin+orbital,34,0.0,
498,mp-777312,Li4Sn2P4H3O16,P1,201.2,1.200,hydride heuristic (H_count=3),14.09,0.0,0.031498,0.062996,2,phonon+topological,22,0.0,
499,mp-1206123,AlFe3H,Pm-3m,257.6,0.750,metal hydride heuristic,7.31,0.0,0.020923,0.062768,3,phonon+spin+orbital,42,0.0,
500,mp-1223621,KAlSi3Ni3(HO6)2,P1,208.0,0.900,light-element hydride heuristic,9.04,0.0,0.020899,0.062697,3,phonon+spin+orbital,34,0.0,
501,mp-24051,ErHCl,R-3m,254.7,0.900,light-element hydride heuristic,11.07,0.0,0.031334,0.062669,2,phonon+spin,28,0.0,
502,mp-1147650,KCuH3,I4/mcm,200.0,1.200,hydride heuristic (H_count=3),14.01,0.0,0.031150,0.062300,2,phonon+spin,22,0.0,
503,mp-532554,AlCu2Sb(HO)12,P1,206.4,0.900,light-element hydride heuristic,8.97,0.0,0.020564,0.061692,3,phonon+spin+topological,34,0.0,
504,mp-1224333,Hf2HC,R-3m,323.1,1.000,light-element hydride heuristic,17.15,0.0,0.061552,0.061552,1,phonon,18,0.0,
505,mp-976724,Hf(VH2)2,I4_1/a,281.2,1.200,hydride heuristic (H_count=3),19.70,0.0,0.061549,0.061549,1,phonon,16,0.0,
506,mp-763324,Li2Mn2P4H3O16,P1,198.3,1.200,hydride heuristic (H_count=3),13.89,0.0,0.030612,0.061223,2,phonon+spin,22,0.0,
507,mp-722280,LiCuH4Cl3O2,P2_1/c,182.8,1.350,hydride heuristic (H_count=4),15.05,0.0,0.030569,0.061139,2,phonon+spin,20,0.0,
508,mp-1103947,La2H5,I4_1md,242.2,1.500,hydride heuristic (H_count=5),22.67,0.0,0.060996,0.060996,1,phonon,14,0.0,
509,mp-1077746,TiFeH,Pmma,253.9,0.750,metal hydride heuristic,7.20,0.0,0.020322,0.060967,3,phonon+spin+orbital,42,0.0,
510,mp-1227490,CeH3(SO4)3,P6_3,197.9,1.200,hydride heuristic (H_count=3),13.86,0.0,0.030483,0.060967,2,phonon+spin,22,0.0,
511,mp-1104116,La2H5,I4_1/amd,242.0,1.500,hydride heuristic (H_count=5),22.65,0.0,0.060914,0.060914,1,phonon,14,0.0,
512,mp-763238,Li2Cr2P4H3O16,P1,197.6,1.200,hydride heuristic (H_count=3),13.84,0.0,0.030387,0.060773,2,phonon+spin,22,0.0,
513,mp-24208,CrH2,Fm-3m,226.4,1.000,light-element hydride heuristic,12.01,0.0,0.030221,0.060442,2,phonon+spin,25,0.0,
514,mp-643793,Cu3H2(OF2)2,P2_1/c,226.2,1.000,light-element hydride heuristic,12.00,0.0,0.030163,0.060326,2,phonon+spin,25,0.0,
515,mp-756507,LiFePHO5,P-1,203.8,0.900,light-element hydride heuristic,8.86,0.0,0.020050,0.060151,3,phonon+spin+orbital,34,0.0,
516,mp-776748,Cr2P4H3O16,P1,196.4,1.200,hydride heuristic (H_count=3),13.76,0.0,0.030039,0.060079,2,phonon+spin,22,0.0,
517,mp-728306,NaCoP3(H4O5)2,Pbca,181.0,1.350,hydride heuristic (H_count=4),14.90,0.0,0.029979,0.059958,2,phonon+spin,21,0.0,
518,mp-1177823,Li2VFeP2(HO5)2,P-1,203.0,0.900,light-element hydride heuristic,8.82,0.0,0.019891,0.059673,3,phonon+spin+orbital,35,0.0,
519,mp-760016,LiVFeP2(HO5)2,P-1,202.4,0.900,light-element hydride heuristic,8.79,0.0,0.019773,0.059320,3,phonon+spin+orbital,35,0.0,
520,mp-1203787,Ca6MnBe4Si6HO24,Pnma,202.2,0.900,light-element hydride heuristic,8.79,0.0,0.019746,0.059238,3,phonon+spin+charge,35,0.0,
521,mp-1101820,MgTi3H8,Pm-3m,206.3,2.000,hydride heuristic (H_count=8),25.83,0.0,0.059198,0.059198,1,phonon,12,0.0,
522,mp-1070860,EuHCl,P4/nmm,246.1,0.900,light-element hydride heuristic,10.70,0.0,0.029251,0.058502,2,phonon+spin,29,0.0,
523,mp-1204177,Na6Co3B9P6H3O38,P6_3,193.4,1.200,hydride heuristic (H_count=3),13.55,0.0,0.029114,0.058229,2,phonon+spin,23,0.0,
524,mp-24095,PrH2,Fm-3m,245.4,0.900,metal hydride heuristic,10.67,0.0,0.029084,0.058169,2,phonon+spin,29,0.0,
525,mp-24073,Gd(HO)3,P6_3/m,245.4,0.900,light-element hydride heuristic,10.67,0.0,0.029083,0.058166,2,phonon+spin,29,0.0,
526,mp-697156,BaCu2P2H2O9,P2_12_12_1,222.0,1.000,light-element hydride heuristic,11.78,0.0,0.029062,0.058124,2,phonon+spin,26,0.0,
527,mp-505372,Np(BH4)4,P4_2/nmc,177.7,1.350,hydride heuristic (H_count=4),14.63,0.0,0.028896,0.057791,2,phonon+spin,21,0.0,
528,mp-733675,K6Na15Tl18H,Pm-3,244.5,0.900,light-element hydride heuristic,10.63,0.0,0.028880,0.057759,2,phonon+topological,29,0.0,
529,mp-1220899,Na6Fe2P4HO17,P1,199.6,0.900,light-element hydride heuristic,8.67,0.0,0.019232,0.057695,3,phonon+spin+orbital,35,0.0,
530,mp-1018094,BaGaSnH,P3m1,244.2,0.900,light-element hydride heuristic,10.61,0.0,0.028805,0.057609,2,phonon+topological,29,0.0,
531,mp-1203923,Cu3B6H2O13,Fdd2,220.0,1.000,light-element hydride heuristic,11.67,0.0,0.028528,0.057055,2,phonon+spin,26,0.0,
532,mp-1210167,Nb6HSI9,P-1,242.8,0.900,light-element hydride heuristic,10.55,0.0,0.028476,0.056952,2,phonon+charge,29,0.0,
533,mp-1195162,Ba3V2H12(C5O14)2,C2/c,187.6,2.400,hydride heuristic (H_count=12),27.33,0.0,0.056945,0.056945,1,phonon,11,0.0,
534,mp-1204687,Cu3P2H2O9,C2/c,219.7,1.000,light-element hydride heuristic,11.66,0.0,0.028452,0.056904,2,phonon+spin,26,0.0,
535,mp-1211371,NaCu2H3O10,C2/m,190.9,1.200,hydride heuristic (H_count=3),13.37,0.0,0.028362,0.056725,2,phonon+spin,23,0.0,
536,mp-758760,LiFeP2HO8,P2_1,197.6,0.900,light-element hydride heuristic,8.59,0.0,0.018853,0.056560,3,phonon+spin+orbital,35,0.0,
537,mp-1195165,CdCuAsHO5,Pnma,241.6,0.900,light-element hydride heuristic,10.50,0.0,0.028192,0.056384,2,phonon+spin,29,0.0,
538,mp-1204024,Zn3As2H7O12,Pnma,206.0,1.900,hydride heuristic (H_count=7),24.61,0.0,0.056319,0.056319,1,phonon,13,0.0,
539,mp-1220315,NbVH4,P4/mmm,248.1,1.350,hydride heuristic (H_count=4),20.42,0.0,0.056303,0.056303,1,phonon,15,0.0,
540,mp-761809,RbHoHS2O9,P2_1/c,217.5,1.000,light-element hydride heuristic,11.54,0.0,0.027891,0.055781,2,phonon+spin,26,0.0,
541,mp-504588,Cu2H2CO5,P2_1/c,216.1,1.000,light-element hydride heuristic,11.47,0.0,0.027548,0.055095,2,phonon+spin,27,0.0,
542,mp-978852,SrGaSnH,P3m1,238.8,0.900,light-element hydride heuristic,10.38,0.0,0.027540,0.055080,2,phonon+topological,29,0.0,
543,mp-569921,Nb3H12C4NCl9,P-3m1,183.7,2.400,hydride heuristic (H_count=12),26.77,0.0,0.054654,0.054654,1,phonon,12,0.0,
544,mp-27913,CoHO2,R-3m,237.7,0.900,light-element hydride heuristic,10.33,0.0,0.027289,0.054578,2,phonon+spin,30,0.0,
545,mp-1201655,CaCuGeH2O5,P2_1/c,214.8,1.000,light-element hydride heuristic,11.40,0.0,0.027200,0.054400,2,phonon+spin,27,0.0,
546,mp-1193301,NaFe2P2HO8,P-1,193.4,0.900,light-element hydride heuristic,8.41,0.0,0.018071,0.054214,3,phonon+spin+orbital,36,0.0,
547,mp-23972,Fe2P3(HO3)3,P6_3/m,193.2,0.900,light-element hydride heuristic,8.40,0.0,0.018024,0.054073,3,phonon+spin+orbital,36,0.0,
548,mp-1199428,K6In3H12(N8O27)2,I-43d,182.5,2.400,hydride heuristic (H_count=12),26.59,0.0,0.053915,0.053915,1,phonon,12,0.0,
549,mp-560128,EuHSO5,P2_1/c,236.2,0.900,light-element hydride heuristic,10.27,0.0,0.026949,0.053898,2,phonon+spin,30,0.0,
550,mp-1233851,MgCd4Cu4As4(HO5)4,Pm,235.7,0.900,light-element hydride heuristic,10.25,0.0,0.026837,0.053673,2,phonon+spin,30,0.0,
551,mp-1234648,MgCd4Cu4As4(HO5)4,Pm,235.5,0.900,light-element hydride heuristic,10.24,0.0,0.026792,0.053584,2,phonon+spin,30,0.0,
552,mp-989528,Rb2AlInH6,Fm-3m,206.0,1.800,hydride heuristic (H_count=6),23.38,0.0,0.053535,0.053535,1,phonon,13,0.0,
553,mp-1193268,Cu3H2(CO4)2,P2_1,213.0,1.000,light-element hydride heuristic,11.30,0.0,0.026753,0.053506,2,phonon+spin,27,0.0,
554,mp-1191131,Mg7NbH16,Fm-3m,181.7,2.400,hydride heuristic (H_count=16),26.48,0.0,0.053462,0.053462,1,phonon,12,0.0,
555,mp-1233826,MgCd4Cu4As4(HO5)4,P1,235.2,0.900,light-element hydride heuristic,10.22,0.0,0.026719,0.053438,2,phonon+spin,30,0.0,
556,mp-2016808,AgHO2,Cm,235.0,0.900,light-element hydride heuristic,10.21,0.0,0.026674,0.053348,2,phonon+spin,30,0.0,
557,mp-1080246,Mn6HO12,Cc,234.6,0.900,light-element hydride heuristic,10.20,0.0,0.026574,0.053148,2,phonon+spin,30,0.0,
558,mp-23733,Cu3H2(CO4)2,P2_1/c,211.9,1.000,light-element hydride heuristic,11.25,0.0,0.026485,0.052969,2,phonon+spin,27,0.0,
559,mp-505087,Co3P2(H2O5)2,P2_1/c,210.8,1.000,light-element hydride heuristic,11.19,0.0,0.026204,0.052408,2,phonon+spin,27,0.0,
560,mp-780330,Li2MnP4H3O14,P2_1/c,183.5,1.200,hydride heuristic (H_count=3),12.85,0.0,0.026201,0.052402,2,phonon+spin,24,0.0,
561,mp-996956,CuHO2,Pmn2_1,232.6,0.900,light-element hydride heuristic,10.11,0.0,0.026128,0.052256,2,phonon+spin,30,0.0,
562,mp-697072,CuHIO4,Pnma,232.5,0.900,light-element hydride heuristic,10.10,0.0,0.026098,0.052195,2,phonon+spin,30,0.0,
563,mp-1178861,Zn3P2H7O12,P2_12_12_1,198.2,1.900,hydride heuristic (H_count=7),23.68,0.0,0.052130,0.052130,1,phonon,13,0.0,
564,mp-1226919,Co3Ag2P3HO12,Cc,231.7,0.900,light-element hydride heuristic,10.07,0.0,0.025913,0.051827,2,phonon+spin,30,0.0,
565,mp-684828,NaCeH2S2O9,P3_2,209.4,1.000,light-element hydride heuristic,11.11,0.0,0.025863,0.051726,2,phonon+spin,27,0.0,
566,mp-560905,Na2NpH2(CO3)3,P-1,209.2,1.000,light-element hydride heuristic,11.10,0.0,0.025810,0.051619,2,phonon+spin,28,0.0,
567,mp-1212065,K2HRuCl5,Pnma,188.6,0.900,light-element hydride heuristic,8.20,0.0,0.017177,0.051530,3,phonon+spin+orbital,37,0.0,
568,mp-862910,PmH3,Fm-3m,257.3,1.200,hydride heuristic (H_count=3),18.02,0.0,0.051519,0.051519,1,phonon,17,0.0,
569,mp-1018091,CaGaSnH,P3m1,230.7,0.900,light-element hydride heuristic,10.03,0.0,0.025709,0.051419,2,phonon+topological,30,0.0,
570,mp-697492,BaV2Cu3(HO5)2,C2/m,230.6,0.900,light-element hydride heuristic,10.02,0.0,0.025671,0.051341,2,phonon+spin,30,0.0,
571,mp-698264,CsVH12(C2O7)2,C2/m,178.0,2.400,hydride heuristic (H_count=12),25.94,0.0,0.051318,0.051318,1,phonon,12,0.0,
572,mp-1080220,Mn12HO24,Pc,230.3,0.900,light-element hydride heuristic,10.01,0.0,0.025614,0.051228,2,phonon+spin,30,0.0,
573,mp-504990,RbCeH2S2O9,P2_1/c,208.1,1.000,light-element hydride heuristic,11.05,0.0,0.025547,0.051094,2,phonon+spin,28,0.0,
574,mp-1213314,Cu5As2(HO3)4,P2_1/c,230.0,0.900,light-element hydride heuristic,10.00,0.0,0.025546,0.051091,2,phonon+spin,31,0.0,
575,mp-1222231,Mg13(NbH16)2,P4/mmm,177.0,2.400,hydride heuristic (H_count=16),25.80,0.0,0.050747,0.050747,1,phonon,12,0.0,
576,mp-675581,Cr2HO4,P2/m,229.0,0.900,light-element hydride heuristic,9.95,0.0,0.025314,0.050628,2,phonon+spin,31,0.0,
577,mp-625915,Ce(HO)3,P6_3/m,228.9,0.900,light-element hydride heuristic,9.95,0.0,0.025310,0.050619,2,phonon+spin,31,0.0,
578,mp-626794,Ni(HO)2,R-3m,186.8,0.900,light-element hydride heuristic,8.12,0.0,0.016856,0.050569,3,phonon+spin+orbital,37,0.0,
579,mp-996999,CuHO2,Cmc2_1,228.8,0.900,light-element hydride heuristic,9.94,0.0,0.025281,0.050562,2,phonon+spin,31,0.0,
580,mp-1095024,Ti4H5,P-42m,220.5,1.500,hydride heuristic (H_count=5),20.63,0.0,0.050547,0.050547,1,phonon,15,0.0,
581,mp-1004758,Mn3(HO3)2,C2/m,228.5,0.900,light-element hydride heuristic,9.93,0.0,0.025218,0.050436,2,phonon+spin,31,0.0,
582,mp-697501,VH2SeO5,P-1,206.4,1.000,light-element hydride heuristic,10.95,0.0,0.025120,0.050240,2,phonon+topological,28,0.0,
583,mp-1204938,EuCrHO5,P2_1/c,227.9,0.900,light-element hydride heuristic,9.90,0.0,0.025075,0.050150,2,phonon+spin,31,0.0,
584,mp-1205176,Ti2P3H7NO13,P2_13,194.3,1.900,hydride heuristic (H_count=7),23.21,0.0,0.050113,0.050113,1,phonon,13,0.0,
585,mp-1003317,Mn3HO6,Cm,227.7,0.900,light-element hydride heuristic,9.90,0.0,0.025043,0.050086,2,phonon+spin,31,0.0,
586,mp-862560,Cu3Mo2(HO5)2,P-1,227.3,0.900,light-element hydride heuristic,9.88,0.0,0.024946,0.049892,2,phonon+spin,31,0.0,
587,mp-1203793,CeB4H2ClO8,Cc,205.7,1.000,light-element hydride heuristic,10.91,0.0,0.024940,0.049881,2,phonon+spin,28,0.0,
588,mp-703515,CaCuSiH2O5,P2_1/c,205.5,1.000,light-element hydride heuristic,10.91,0.0,0.024901,0.049803,2,phonon+spin,28,0.0,
589,mp-1202678,Cs2U3P6(HO5)4,C2/m,227.1,0.900,light-element hydride heuristic,9.87,0.0,0.024898,0.049796,2,phonon+spin,31,0.0,
590,mp-2646929,Ce(BH4)3,Pa-3,164.7,1.350,hydride heuristic (H_count=4),13.56,0.0,0.024809,0.049617,2,phonon+spin,23,0.0,
591,mp-740764,Cu9P4(HO10)2,P-1,226.6,0.900,light-element hydride heuristic,9.85,0.0,0.024803,0.049605,2,phonon+spin,31,0.0,
592,mp-510452,CeHSO5,P2_1/c,226.5,0.900,light-element hydride heuristic,9.84,0.0,0.024763,0.049526,2,phonon+spin,31,0.0,
593,mp-1003765,Mn2HO4,Cc,226.4,0.900,light-element hydride heuristic,9.84,0.0,0.024745,0.049491,2,phonon+spin,31,0.0,
594,mp-626068,MnHO2,Pmn2_1,226.2,0.900,light-element hydride heuristic,9.83,0.0,0.024713,0.049425,2,phonon+spin,31,0.0,
595,mp-1198068,Cu2As(HO3)2,P-1,226.0,0.900,light-element hydride heuristic,9.82,0.0,0.024673,0.049345,2,phonon+spin,31,0.0,
596,mp-29159,MnHO2,P2_1/c,225.9,0.900,light-element hydride heuristic,9.82,0.0,0.024653,0.049306,2,phonon+spin,31,0.0,
597,mp-765091,VCu2HO5,Pnma,225.8,0.900,light-element hydride heuristic,9.81,0.0,0.024620,0.049240,2,phonon+spin,31,0.0,
598,mp-1224661,Ge3P6H42N12O25,C2/m,174.3,2.400,hydride heuristic (H_count=42),25.40,0.0,0.049194,0.049194,1,phonon,12,0.0,
599,mp-727331,CoHO2,P6_3/mmc,225.5,0.900,light-element hydride heuristic,9.80,0.0,0.024565,0.049130,2,phonon+spin,31,0.0,
600,mp-24522,CuH2SO5,P-1,204.1,1.000,light-element hydride heuristic,10.83,0.0,0.024557,0.049114,2,phonon+spin,28,0.0,
601,mp-626843,Ni(HO)2,C2,184.1,0.900,light-element hydride heuristic,8.00,0.0,0.016363,0.049090,3,phonon+spin+orbital,38,0.0,
602,mp-1283838,CoHO2,P-1,225.3,0.900,light-element hydride heuristic,9.79,0.0,0.024506,0.049011,2,phonon+spin,31,0.0,
603,mp-1178150,KCu2H2(SO5)2,C2/m,203.7,1.000,light-element hydride heuristic,10.81,0.0,0.024460,0.048919,2,phonon+spin,28,0.0,
604,mp-24242,CuHOF,P2_1/c,224.9,0.900,light-element hydride heuristic,9.78,0.0,0.024432,0.048864,2,phonon+spin,31,0.0,
605,mp-1192183,Mg7VH16,Fm-3m,173.7,2.400,hydride heuristic (H_count=16),25.31,0.0,0.048862,0.048862,1,phonon,12,0.0,
606,mp-541374,RbMnH2OF4,C2/c,203.5,1.000,light-element hydride heuristic,10.80,0.0,0.024427,0.048854,2,phonon+spin,28,0.0,
607,mp-24706,Co3AgP3(HO6)2,C2/c,224.8,0.900,light-element hydride heuristic,9.77,0.0,0.024405,0.048810,2,phonon+spin,31,0.0,
608,mp-1197678,VCu2HO5,P2_12_12_1,224.7,0.900,light-element hydride heuristic,9.77,0.0,0.024388,0.048776,2,phonon+spin,31,0.0,
609,mp-505247,NaCo3As3(HO6)2,C2/c,224.6,0.900,light-element hydride heuristic,9.76,0.0,0.024353,0.048706,2,phonon+spin,31,0.0,
610,mp-769295,AgH8O5,P2_12_12_1,187.1,2.000,hydride heuristic (H_count=8),23.42,0.0,0.048698,0.048698,1,phonon,13,0.0,
611,mp-556753,V2Cu5(HO3)4,P-1,224.4,0.900,light-element hydride heuristic,9.75,0.0,0.024316,0.048632,2,phonon+spin,31,0.0,
612,mp-1203248,TiH24C6I3(N2O)6,R-3c,173.3,2.400,hydride heuristic (H_count=24),25.25,0.0,0.048619,0.048619,1,phonon,12,0.0,
613,mp-510463,KCeH2S2O9,P2_1/c,202.8,1.000,light-element hydride heuristic,10.76,0.0,0.024257,0.048515,2,phonon+spin,28,0.0,
614,mp-1207079,SrH3Pd,Pm-3m,249.6,1.200,hydride heuristic (H_count=3),17.49,0.0,0.048504,0.048504,1,phonon,18,0.0,
615,mp-996958,AgHO2,Cm,224.0,0.900,light-element hydride heuristic,9.74,0.0,0.024238,0.048476,2,phonon+spin,31,0.0,
616,mp-1280464,CoHO2,R-3m,223.9,0.900,light-element hydride heuristic,9.73,0.0,0.024199,0.048398,2,phonon+spin,31,0.0,
617,mp-626071,Mo2HO6,Pm,223.6,0.900,light-element hydride heuristic,9.72,0.0,0.024149,0.048299,2,phonon+spin,31,0.0,
618,mp-1203965,KEuH2S2O9,P2_1/c,202.2,1.000,light-element hydride heuristic,10.73,0.0,0.024105,0.048210,2,phonon+spin,28,0.0,
619,mp-625393,Mn2HO4,Pmc2_1,223.2,0.900,light-element hydride heuristic,9.70,0.0,0.024051,0.048101,2,phonon+spin,31,0.0,
620,mp-626270,MnHO2,Pnma,223.2,0.900,light-element hydride heuristic,9.70,0.0,0.024049,0.048099,2,phonon+spin,31,0.0,
621,mp-626489,V2HO4,Pm,223.0,0.900,light-element hydride heuristic,9.69,0.0,0.024015,0.048030,2,phonon+spin,31,0.0,
622,mp-510729,CaCuAsHO5,P2_12_12_1,222.8,0.900,light-element hydride heuristic,9.69,0.0,0.023982,0.047964,2,phonon+spin,31,0.0,
623,mp-510608,ZnCuAsHO5,Pnnm,222.7,0.900,light-element hydride heuristic,9.68,0.0,0.023942,0.047884,2,phonon+spin,32,0.0,
624,mp-1197081,NaMn2Si3BH2O11,P-1,201.2,1.000,light-element hydride heuristic,10.68,0.0,0.023869,0.047739,2,phonon+spin,29,0.0,
625,mp-626099,Mo2HO6,P1,222.2,0.900,light-element hydride heuristic,9.66,0.0,0.023843,0.047687,2,phonon+spin,32,0.0,
626,mp-696778,Cu3Mo2(HO5)2,P2_1/c,222.1,0.900,light-element hydride heuristic,9.65,0.0,0.023830,0.047660,2,phonon+spin,32,0.0,
627,mp-745163,Mn2Cu5P4(HO9)2,P-1,222.1,0.900,light-element hydride heuristic,9.65,0.0,0.023820,0.047641,2,phonon+spin,32,0.0,
628,mp-1226214,Co7CuAs4(HO5)4,Pm,221.9,0.900,light-element hydride heuristic,9.64,0.0,0.023778,0.047556,2,phonon+spin,32,0.0,
629,mp-1213188,Cu2AgH(SO5)2,C2/m,221.9,0.900,light-element hydride heuristic,9.64,0.0,0.023777,0.047554,2,phonon+spin,32,0.0,
630,mp-1194910,Mn(BH4)2,I4_1/acd,161.1,1.350,hydride heuristic (H_count=4),13.26,0.0,0.023730,0.047460,2,phonon+spin,23,0.0,
631,mp-984605,Ca3SnH2,Cmcm,200.6,1.000,light-element hydride heuristic,10.65,0.0,0.023726,0.047453,2,phonon+topological,29,0.0,
632,mp-1199983,Cu3Mo(HO2)4,Pnnm,221.7,0.900,light-element hydride heuristic,9.63,0.0,0.023726,0.047451,2,phonon+spin,32,0.0,
633,mp-1209962,NaVH8(NF3)2,Fm-3m,184.5,2.000,hydride heuristic (H_count=8),23.09,0.0,0.047334,0.047334,1,phonon,13,0.0,
634,mp-1200028,Al3PH29(SO14)2,P-1,171.0,2.400,hydride heuristic (H_count=29),24.91,0.0,0.047317,0.047317,1,phonon,13,0.0,
635,mp-626276,MnHO2,Pmc2_1,221.0,0.900,light-element hydride heuristic,9.60,0.0,0.023583,0.047165,2,phonon+spin,32,0.0,
636,mp-644281,Mg7TiH16,Fm-3m,170.6,2.400,hydride heuristic (H_count=16),24.86,0.0,0.047114,0.047114,1,phonon,13,0.0,
637,mp-626080,V3H5O8,Cm,212.2,1.500,hydride heuristic (H_count=5),19.86,0.0,0.046834,0.046834,1,phonon,16,0.0,
638,mp-626787,VHO2,Pnma,220.2,0.900,light-element hydride heuristic,9.57,0.0,0.023416,0.046831,2,phonon+spin,32,0.0,
639,mp-643273,NaH2Pd3,Cmmm,281.2,1.000,light-element hydride heuristic,14.92,0.0,0.046628,0.046628,1,phonon,21,0.0,
640,mp-1181094,Hf2SiH,I4/mcm,310.7,0.900,metal hydride heuristic,13.50,0.0,0.046616,0.046616,1,phonon,23,0.0,
641,mp-973064,LaH3,I4/mmm,244.4,1.200,hydride heuristic (H_count=3),17.12,0.0,0.046484,0.046484,1,phonon,18,0.0,
642,mp-33500,Cr2HO4,P2/m,219.3,0.900,light-element hydride heuristic,9.53,0.0,0.023216,0.046431,2,phonon+spin,32,0.0,
643,mp-1216687,TiVH4,R-3m,225.3,1.350,hydride heuristic (H_count=4),18.55,0.0,0.046429,0.046429,1,phonon,17,0.0,
644,mp-1018144,LaH3,Fm-3m,244.0,1.200,hydride heuristic (H_count=3),17.09,0.0,0.046339,0.046339,1,phonon,18,0.0,
645,mp-1181719,NaZn4H6SClO16,P-1,191.6,1.800,hydride heuristic (H_count=6),21.75,0.0,0.046315,0.046315,1,phonon,14,0.0,
646,mp-1003403,Mn8HO16,Pc,219.0,0.900,light-element hydride heuristic,9.52,0.0,0.023151,0.046302,2,phonon+spin,32,0.0,
647,mp-626536,NbHO3,P1,219.0,0.900,light-element hydride heuristic,9.52,0.0,0.023150,0.046300,2,phonon+spin,32,0.0,
648,mp-1205165,NaZn4H6SClO16,P-1,191.6,1.800,hydride heuristic (H_count=6),21.74,0.0,0.046288,0.046288,1,phonon,14,0.0,
649,mp-769159,LiCuPH2O5,P2_1/c,197.6,1.000,light-element hydride heuristic,10.49,0.0,0.023032,0.046064,2,phonon+spin,29,0.0,
650,mp-706287,KCuPH2O5,P2_1/c,197.5,1.000,light-element hydride heuristic,10.48,0.0,0.023001,0.046002,2,phonon+spin,29,0.0,
651,mp-1200251,Cu2PHO5,P2_1/c,217.5,0.900,light-element hydride heuristic,9.45,0.0,0.022851,0.045702,2,phonon+spin,32,0.0,
652,mp-765665,VP2H8(NO4)2,P4bm,181.2,2.000,hydride heuristic (H_count=8),22.68,0.0,0.045648,0.045648,1,phonon,14,0.0,
653,mp-510654,Cu2PHO5,Pnnm,217.1,0.900,light-element hydride heuristic,9.44,0.0,0.022765,0.045530,2,phonon+spin,32,0.0,
654,mp-697126,Ca4(H4Rh)3,Im-3m,223.0,1.350,hydride heuristic (H_count=4),18.36,0.0,0.045481,0.045481,1,phonon,17,0.0,
655,mp-1202262,NaCaPH18SO12,P2_13,167.0,2.400,hydride heuristic (H_count=18),24.34,0.0,0.045165,0.045165,1,phonon,13,0.0,
656,mp-626791,VHO2,Pmc2_1,215.9,0.900,light-element hydride heuristic,9.39,0.0,0.022518,0.045037,2,phonon+spin,32,0.0,
657,mp-1202591,Mn2AsHO5,Pnnm,215.9,0.900,light-element hydride heuristic,9.38,0.0,0.022510,0.045019,2,phonon+spin,32,0.0,
658,mp-1201746,CoP2H2O7,P2_1/c,195.2,1.000,light-element hydride heuristic,10.36,0.0,0.022462,0.044924,2,phonon+spin,29,0.0,
659,mp-720859,VH11N3Cl5,Pnma,169.2,2.300,hydride heuristic (H_count=11),23.84,0.0,0.044825,0.044825,1,phonon,13,0.0,
660,mp-1101846,Mg3TiH8,Pm-3m,179.4,2.000,hydride heuristic (H_count=8),22.45,0.0,0.044747,0.044747,1,phonon,14,0.0,
661,mp-561632,ZnCoPHO5,P-1,215.2,0.900,light-element hydride heuristic,9.35,0.0,0.022363,0.044726,2,phonon+spin,33,0.0,
662,mp-1226428,Eu2P3(HO3)3,P-1,215.1,0.900,light-element hydride heuristic,9.35,0.0,0.022339,0.044679,2,phonon+spin,33,0.0,
663,mp-703517,NaMgPH12O11,P4_2/mmc,166.1,2.400,hydride heuristic (H_count=12),24.20,0.0,0.044668,0.044668,1,phonon,13,0.0,
664,mp-626161,Al5HO8,P6_3mc,215.0,0.900,light-element hydride heuristic,9.34,0.0,0.022322,0.044644,2,phonon+spin,33,0.0,
665,mp-505105,Cu(HO)2,Cmc2_1,214.9,0.900,light-element hydride heuristic,9.34,0.0,0.022308,0.044616,2,phonon+spin,33,0.0,
666,mp-1191096,Mg6VH16,Fm-3m,165.7,2.400,hydride heuristic (H_count=16),24.14,0.0,0.044448,0.044448,1,phonon,13,0.0,
667,mp-1106280,Ca5Sn3H,I4/mcm,214.5,0.900,light-element hydride heuristic,9.32,0.0,0.022223,0.044445,2,phonon+topological,33,0.0,
668,mp-1080222,Mn2HO4,P4_2/n,214.2,0.900,light-element hydride heuristic,9.31,0.0,0.022153,0.044307,2,phonon+spin,33,0.0,
669,mp-1097903,Mn2HO4,P1,214.1,0.900,light-element hydride heuristic,9.30,0.0,0.022134,0.044269,2,phonon+spin,33,0.0,
670,mp-505401,KMnH2OF4,C2/c,193.6,1.000,light-element hydride heuristic,10.27,0.0,0.022103,0.044206,2,phonon+spin,30,0.0,
671,mp-505246,NaCo3P3(HO6)2,C2/c,213.8,0.900,light-element hydride heuristic,9.29,0.0,0.022073,0.044146,2,phonon+spin,33,0.0,
672,mp-24653,TiH8N2F5,Pnma,177.8,2.000,hydride heuristic (H_count=8),22.26,0.0,0.043967,0.043967,1,phonon,14,0.0,
673,mp-643743,CuHClO,P2_1/c,213.2,0.900,light-element hydride heuristic,9.27,0.0,0.021952,0.043903,2,phonon+spin,33,0.0,
674,mp-626121,V3H5O8,P1,204.5,1.500,hydride heuristic (H_count=5),19.14,0.0,0.043490,0.043490,1,phonon,16,0.0,
675,mp-24017,CaMnSiHO5,P2_12_12_1,211.5,0.900,light-element hydride heuristic,9.19,0.0,0.021592,0.043184,2,phonon+spin,33,0.0,
676,mp-728780,Ba2V3P6HO22,P-1,211.3,0.900,light-element hydride heuristic,9.19,0.0,0.021570,0.043140,2,phonon+spin,33,0.0,
677,mp-861683,Mn3As(HO2)4,Pnma,211.2,0.900,light-element hydride heuristic,9.18,0.0,0.021547,0.043094,2,phonon+spin,33,0.0,
678,mp-1207169,CaH3Pd,Pm-3m,235.1,1.200,hydride heuristic (H_count=3),16.47,0.0,0.043038,0.043038,1,phonon,19,0.0,
679,mp-24811,KTiH2S2O9,P2_1/m,190.8,1.000,light-element hydride heuristic,10.12,0.0,0.021463,0.042926,2,phonon+charge,30,0.0,
680,mp-24147,AcH2,Fm-3m,269.6,1.000,light-element hydride heuristic,14.31,0.0,0.042847,0.042847,1,phonon,21,0.0,
681,mp-1204151,Na2CeH2C5O11,P2_1/c,190.2,1.000,light-element hydride heuristic,10.09,0.0,0.021326,0.042651,2,phonon+spin,30,0.0,
682,mp-1202929,AgH8C2S2N4Cl,P2_1/c,175.1,2.000,hydride heuristic (H_count=8),21.92,0.0,0.042645,0.042645,1,phonon,14,0.0,
683,mp-1213607,CuAsHO4,P-1,210.1,0.900,light-element hydride heuristic,9.13,0.0,0.021314,0.042628,2,phonon+spin,33,0.0,
684,mp-733854,K2In2P2HO10,P2_12_12_1,209.8,0.900,light-element hydride heuristic,9.12,0.0,0.021246,0.042493,2,phonon+spin,33,0.0,
685,mp-1233113,BaCaAl3P2(HO7)2,Cm,209.2,0.900,light-element hydride heuristic,9.09,0.0,0.021144,0.042287,2,phonon+spin,33,0.0,
686,mp-756508,NbPHO5,P-1,209.2,0.900,light-element hydride heuristic,9.09,0.0,0.021134,0.042268,2,phonon+spin,33,0.0,
687,mp-1182046,Eu5Si3H,I4/mcm,258.8,0.750,metal hydride heuristic,7.34,0.0,0.021113,0.042226,2,phonon+spin,41,0.0,
688,mp-24291,ThH2,I4/mmm,293.9,0.900,metal hydride heuristic,12.77,0.0,0.041707,0.041707,1,phonon,24,0.0,
689,mp-686681,Ca6Ga6Si3(HO12)2,P1,207.8,0.900,light-element hydride heuristic,9.03,0.0,0.020846,0.041692,2,phonon+spin,34,0.0,
690,mp-753051,LiCrPHO5,P-1,207.5,0.900,light-element hydride heuristic,9.02,0.0,0.020802,0.041604,2,phonon+spin,34,0.0,
691,mp-1227120,CaH2CO4,P3_1,187.3,1.000,light-element hydride heuristic,9.94,0.0,0.020688,0.041375,2,phonon+spin,31,0.0,
692,mp-1008734,ThH2,Fm-3m,292.7,0.900,metal hydride heuristic,12.72,0.0,0.041367,0.041367,1,phonon,24,0.0,
693,mp-1211684,LaB5HO10,P2_1/c,206.9,0.900,light-element hydride heuristic,8.99,0.0,0.020672,0.041344,2,phonon+spin,34,0.0,
694,mp-777775,Ag(H7O4)2,P2_1/c,176.5,1.900,hydride heuristic (H_count=7),21.08,0.0,0.041341,0.041341,1,phonon,15,0.0,
695,mp-758348,LiMn3Al2(HO2)6,P-1,206.8,0.900,light-element hydride heuristic,8.99,0.0,0.020646,0.041292,2,phonon+spin,34,0.0,
696,mp-1104786,Ca6Cr2HN6,R-3,206.7,0.900,light-element hydride heuristic,8.99,0.0,0.020642,0.041283,2,phonon+spin,34,0.0,
697,mp-1233827,BaMgAl3P2(HO7)2,Cm,206.1,0.900,light-element hydride heuristic,8.96,0.0,0.020515,0.041030,2,phonon+spin,34,0.0,
698,mp-736386,VH24C4N4Cl7,P2/c,158.9,2.400,hydride heuristic (H_count=24),23.16,0.0,0.040898,0.040898,1,phonon,13,0.0,
699,mp-1203970,CeH(CO2)3,Pnma,205.8,0.900,light-element hydride heuristic,8.94,0.0,0.020446,0.040893,2,phonon+spin,34,0.0,
700,mp-779015,SmHIClO13,P2_1/c,205.5,0.900,light-element hydride heuristic,8.93,0.0,0.020385,0.040771,2,phonon+spin,34,0.0,
701,mp-758328,LiMn3Al2(HO2)6,P-1,205.3,0.900,light-element hydride heuristic,8.92,0.0,0.020349,0.040697,2,phonon+spin,34,0.0,
702,mp-758339,LiMn3Al2(HO2)6,P-1,205.0,0.900,light-element hydride heuristic,8.91,0.0,0.020292,0.040583,2,phonon+spin,34,0.0,
703,mp-758733,LiMn3Al2(HO2)6,P-1,205.0,0.900,light-element hydride heuristic,8.91,0.0,0.020287,0.040574,2,phonon+spin,34,0.0,
704,mp-758346,LiMn3Al2(HO2)6,P-1,204.9,0.900,light-element hydride heuristic,8.90,0.0,0.020269,0.040539,2,phonon+spin,34,0.0,
705,mp-758231,LiMn3Al2(HO2)6,P-1,204.7,0.900,light-element hydride heuristic,8.90,0.0,0.020233,0.040465,2,phonon+spin,34,0.0,
706,mp-762521,LiMn3Al2(HO2)6,P1,204.7,0.900,light-element hydride heuristic,8.90,0.0,0.020228,0.040457,2,phonon+spin,34,0.0,
707,mp-757927,LiMn3Al2(HO2)6,P-1,204.5,0.900,light-element hydride heuristic,8.89,0.0,0.020199,0.040397,2,phonon+spin,34,0.0,
708,mp-23731,CuSi(HO2)2,R-3,204.3,0.900,light-element hydride heuristic,8.88,0.0,0.020155,0.040311,2,phonon+spin,34,0.0,
709,mp-1221116,NaCoP2HO7,P1,203.8,0.900,light-element hydride heuristic,8.86,0.0,0.020054,0.040107,2,phonon+spin,34,0.0,
710,mp-1097907,MnHO2,I4/m,203.6,0.900,light-element hydride heuristic,8.85,0.0,0.020019,0.040039,2,phonon+spin,34,0.0,
711,mp-24154,NbH2,Fm-3m,260.2,1.000,light-element hydride heuristic,13.81,0.0,0.039937,0.039937,1,phonon,22,0.0,
712,mp-849445,Li2MnVP2(HO5)2,P-1,203.0,0.900,light-element hydride heuristic,8.82,0.0,0.019907,0.039813,2,phonon+spin,34,0.0,
713,mp-1198414,TcP4H36(C6Br)2,I-42m,156.8,2.400,hydride heuristic (H_count=36),22.85,0.0,0.039808,0.039808,1,phonon,14,0.0,
714,mp-776553,Li2MnVP2(HO5)2,P1,202.9,0.900,light-element hydride heuristic,8.82,0.0,0.019872,0.039745,2,phonon+spin,35,0.0,
715,mp-778728,Li2MnVP2(HO5)2,P1,202.8,0.900,light-element hydride heuristic,8.82,0.0,0.019867,0.039734,2,phonon+spin,35,0.0,
716,mp-849523,Li2MnVP2(HO5)2,P1,202.7,0.900,light-element hydride heuristic,8.81,0.0,0.019850,0.039700,2,phonon+spin,35,0.0,
717,mp-1176607,LiMnVP2(HO5)2,P-1,202.6,0.900,light-element hydride heuristic,8.81,0.0,0.019825,0.039651,2,phonon+spin,35,0.0,
718,mp-849682,Li2MnVP2(HO5)2,P1,202.6,0.900,light-element hydride heuristic,8.81,0.0,0.019823,0.039645,2,phonon+spin,35,0.0,
719,mp-759811,Li2VCrP2(HO5)2,P-1,202.6,0.900,light-element hydride heuristic,8.80,0.0,0.019820,0.039640,2,phonon+spin,35,0.0,
720,mp-759005,Li2VCrP2(HO5)2,P-1,202.6,0.900,light-element hydride heuristic,8.80,0.0,0.019817,0.039635,2,phonon+spin,35,0.0,
721,mp-557562,TiH8C4NO10,P6_422,168.8,2.000,hydride heuristic (H_count=8),21.13,0.0,0.039615,0.039615,1,phonon,15,0.0,
722,mp-557853,TiH8C4NO10,P6_222,168.6,2.000,hydride heuristic (H_count=8),21.11,0.0,0.039550,0.039550,1,phonon,15,0.0,
723,mp-1235750,LiMnVP2(HO5)2,P1,202.3,0.900,light-element hydride heuristic,8.79,0.0,0.019769,0.039539,2,phonon+spin,35,0.0,
724,mp-778070,Li2MnVP2(HO5)2,P-1,202.3,0.900,light-element hydride heuristic,8.79,0.0,0.019766,0.039532,2,phonon+spin,35,0.0,
725,mp-745067,CaH8(BrO6)2,P-1,168.5,2.000,hydride heuristic (H_count=8),21.10,0.0,0.039514,0.039514,1,phonon,15,0.0,
726,mp-1187773,VH6(OF)3,R3m,177.0,1.800,hydride heuristic (H_count=6),20.09,0.0,0.039505,0.039505,1,phonon,15,0.0,
727,mp-1209115,Sb2HF13,P-1,202.2,0.900,light-element hydride heuristic,8.79,0.0,0.019734,0.039467,2,phonon+topological,35,0.0,
728,mp-1197494,CsVP3HO10,C2/c,202.0,0.900,light-element hydride heuristic,8.78,0.0,0.019709,0.039418,2,phonon+spin,35,0.0,
729,mp-776506,Li2MnVP2(HO5)2,P-1,201.9,0.900,light-element hydride heuristic,8.78,0.0,0.019691,0.039382,2,phonon+spin,35,0.0,
730,mp-695793,ZnAs4(HO2)8,P-1,201.9,0.900,light-element hydride heuristic,8.77,0.0,0.019675,0.039350,2,phonon+spin,35,0.0,
731,mp-849539,Li2MnVP2(HO5)2,P-1,201.8,0.900,light-element hydride heuristic,8.77,0.0,0.019660,0.039320,2,phonon+spin,35,0.0,
732,mp-1235410,LiTiH6(OF3)2,P3,176.5,1.800,hydride heuristic (H_count=6),20.04,0.0,0.039304,0.039304,1,phonon,15,0.0,
733,mp-2229225,MgTi2P2(HO5)2,P1,201.6,0.900,light-element hydride heuristic,8.76,0.0,0.019626,0.039251,2,phonon+spin,35,0.0,
734,mp-695887,K3Cu2P4HO14,P-1,201.6,0.900,light-element hydride heuristic,8.76,0.0,0.019623,0.039246,2,phonon+spin,35,0.0,
735,mp-975657,PrH,P6_3mc,249.4,0.750,metal hydride heuristic,7.08,0.0,0.019615,0.039229,2,phonon+spin,43,0.0,
736,mp-707519,Mg16Si8HO32,P1,201.3,0.900,light-element hydride heuristic,8.75,0.0,0.019573,0.039145,2,phonon+spin,35,0.0,
737,mp-733817,Mg16Si8HO32,P1,201.3,0.900,light-element hydride heuristic,8.75,0.0,0.019560,0.039120,2,phonon+spin,35,0.0,
738,mp-1198634,YbP3(HO)6,C2/m,201.1,0.900,light-element hydride heuristic,8.74,0.0,0.019529,0.039058,2,phonon+spin,35,0.0,
739,mp-541550,Mg16Si8HO32,Pm,200.9,0.900,light-element hydride heuristic,8.73,0.0,0.019496,0.038992,2,phonon+spin,35,0.0,
740,mp-758551,K3EuSi3(HO5)2,Pnma,200.6,0.900,light-element hydride heuristic,8.72,0.0,0.019437,0.038874,2,phonon+spin,35,0.0,
741,mp-1221236,Na4Mg11AlSi12(HO10)4,P1,200.5,0.900,light-element hydride heuristic,8.72,0.0,0.019421,0.038842,2,phonon+spin,35,0.0,
742,mp-766011,Li3VCrP2(HO5)2,P1,200.3,0.900,light-element hydride heuristic,8.70,0.0,0.019367,0.038735,2,phonon+spin,35,0.0,
743,mp-27796,Li4H5Rh,Cmcm,192.8,1.500,hydride heuristic (H_count=5),18.04,0.0,0.038652,0.038652,1,phonon,17,0.0,
744,mp-1078123,Ti4H3,P-42m,222.8,1.200,hydride heuristic (H_count=3),15.61,0.0,0.038649,0.038649,1,phonon,20,0.0,
745,mp-33112,Sc2H5,Pmmn,192.8,1.500,hydride heuristic (H_count=5),18.04,0.0,0.038637,0.038637,1,phonon,17,0.0,
746,mp-1217176,VH6SO10,P-1,174.6,1.800,hydride heuristic (H_count=6),19.82,0.0,0.038464,0.038464,1,phonon,16,0.0,
747,mp-1204928,PrHIClO13,P2_1/c,199.3,0.900,light-element hydride heuristic,8.66,0.0,0.019186,0.038372,2,phonon+spin,35,0.0,
748,mp-1235241,LiTiH6(OF3)2,C2,174.4,1.800,hydride heuristic (H_count=6),19.79,0.0,0.038340,0.038340,1,phonon,16,0.0,
749,mp-753516,Li3V2P4(HO8)2,P1,198.9,0.900,light-element hydride heuristic,8.65,0.0,0.019107,0.038214,2,phonon+spin,35,0.0,
750,mp-1223547,KMg3GaSi3(HO6)2,P1,198.6,0.900,light-element hydride heuristic,8.63,0.0,0.019041,0.038081,2,phonon+spin,35,0.0,
751,mp-772040,SbH(OF3)2,P-1,198.4,0.900,light-element hydride heuristic,8.62,0.0,0.019014,0.038027,2,phonon+topological,35,0.0,
752,mp-23706,YH3,P-3c1,220.4,1.200,hydride heuristic (H_count=3),15.44,0.0,0.037812,0.037812,1,phonon,20,0.0,
753,mp-1178678,YH3,P6_3cm,220.0,1.200,hydride heuristic (H_count=3),15.42,0.0,0.037689,0.037689,1,phonon,20,0.0,
754,mp-1084805,YH3,P6_3/mmc,219.6,1.200,hydride heuristic (H_count=3),15.39,0.0,0.037542,0.037542,1,phonon,20,0.0,
755,mp-1079127,Ti2H3,P4_2/mcm,219.5,1.200,hydride heuristic (H_count=3),15.38,0.0,0.037499,0.037499,1,phonon,20,0.0,
756,mp-695830,Na2Cu(HO)4,Pna2_1,197.0,0.900,light-element hydride heuristic,8.56,0.0,0.018743,0.037487,2,phonon+spin,36,0.0,
757,mp-24609,RbMnP3HO10,C2/c,196.6,0.900,light-element hydride heuristic,8.54,0.0,0.018660,0.037320,2,phonon+spin,36,0.0,
758,mp-24827,KVBP2HO9,P-1,196.3,0.900,light-element hydride heuristic,8.53,0.0,0.018610,0.037220,2,phonon+spin,36,0.0,
759,mp-1202293,Ba3Ge2B7H3O20,Cc,218.2,1.200,hydride heuristic (H_count=3),15.29,0.0,0.037059,0.037059,1,phonon,20,0.0,
760,mp-769242,Li2Cu(HO)4,Pna2_1,195.7,0.900,light-element hydride heuristic,8.51,0.0,0.018498,0.036997,2,phonon+spin,36,0.0,
761,mp-1235748,LiTiH6(OF3)2,P321,171.0,1.800,hydride heuristic (H_count=6),19.41,0.0,0.036887,0.036887,1,phonon,16,0.0,
762,mp-1211019,Na3Mg5Si8(HO12)2,P2_1/m,195.3,0.900,light-element hydride heuristic,8.49,0.0,0.018425,0.036851,2,phonon+spin,36,0.0,
763,mp-1200471,CsV3B2P4(H4O11)2,C2/m,200.3,1.350,hydride heuristic (H_count=4),16.49,0.0,0.036713,0.036713,1,phonon,19,0.0,
764,mp-1202814,MnP2(HO4)2,P2_1/c,194.0,0.900,light-element hydride heuristic,8.43,0.0,0.018168,0.036335,2,phonon+spin,36,0.0,
765,mp-677618,Ca6Al6Si3(HO12)2,P1,193.4,0.900,light-element hydride heuristic,8.41,0.0,0.018062,0.036124,2,phonon+spin,36,0.0,
766,mp-1264155,Ca6Al6Si3(HO12)2,P1,193.3,0.900,light-element hydride heuristic,8.40,0.0,0.018046,0.036092,2,phonon+spin,36,0.0,
767,mp-849392,Li9V2P4HO18,Ima2,193.2,0.900,light-element hydride heuristic,8.40,0.0,0.018033,0.036067,2,phonon+spin,36,0.0,
768,mp-697047,Li3H4Rh,Cmcm,198.2,1.350,hydride heuristic (H_count=4),16.32,0.0,0.035950,0.035950,1,phonon,19,0.0,
769,mp-1220318,NbH,I4/mmm,272.7,0.900,light-element hydride heuristic,11.85,0.0,0.035923,0.035923,1,phonon,26,0.0,
770,mp-758987,Na5CuHO4,Pnma,192.7,0.900,light-element hydride heuristic,8.37,0.0,0.017929,0.035857,2,phonon+spin,36,0.0,
771,mp-1223564,KMg3AlSi3(HO6)2,P1,192.6,0.900,light-element hydride heuristic,8.37,0.0,0.017905,0.035811,2,phonon+spin,36,0.0,
772,mp-1227798,Ca8Be5Al3Si18(HO14)4,P1,191.6,0.900,light-element hydride heuristic,8.33,0.0,0.017731,0.035462,2,phonon+spin,37,0.0,
773,mp-27797,Li4H4Rh,I4/m,196.1,1.350,hydride heuristic (H_count=4),16.14,0.0,0.035179,0.035179,1,phonon,19,0.0,
774,mp-1203733,ZrH5S3O14,P-1,183.9,1.500,hydride heuristic (H_count=5),17.21,0.0,0.035167,0.035167,1,phonon,18,0.0,
775,mp-743949,Na3VSi4(HO6)2,P-1,190.8,0.900,light-element hydride heuristic,8.29,0.0,0.017582,0.035163,2,phonon+spin,37,0.0,
776,mp-1206371,NbH,Cmme,269.6,0.900,light-element hydride heuristic,11.72,0.0,0.035105,0.035105,1,phonon,26,0.0,
777,mp-758945,Li5CuHO4,Pnma,190.5,0.900,light-element hydride heuristic,8.28,0.0,0.017525,0.035050,2,phonon+spin,37,0.0,
778,mp-504844,VP3(HO5)2,P2_1/c,190.1,0.900,light-element hydride heuristic,8.26,0.0,0.017452,0.034904,2,phonon+spin,37,0.0,
779,mp-510562,KMnP3HO10,C2/c,189.3,0.900,light-element hydride heuristic,8.23,0.0,0.017308,0.034617,2,phonon+spin,37,0.0,
780,mp-1178894,VHO3,P1,189.0,0.900,light-element hydride heuristic,8.21,0.0,0.017253,0.034505,2,phonon+spin,37,0.0,
781,mp-728959,CaV2P2(H4O7)2,P1,193.9,1.350,hydride heuristic (H_count=4),15.96,0.0,0.034378,0.034378,1,phonon,19,0.0,
782,mp-769201,LiCuHCO4,P6_3/m,188.4,0.900,light-element hydride heuristic,8.19,0.0,0.017132,0.034264,2,phonon+spin,37,0.0,
783,mp-1077185,MgTiH4,P4/mmm,193.5,1.350,hydride heuristic (H_count=4),15.93,0.0,0.034245,0.034245,1,phonon,19,0.0,
784,mp-675452,Ti20H2N17,C2/m,240.9,1.000,light-element hydride heuristic,12.79,0.0,0.034228,0.034228,1,phonon,24,0.0,
785,mp-674456,Zr10HN8,P-1,265.7,0.900,light-element hydride heuristic,11.55,0.0,0.034102,0.034102,1,phonon,26,0.0,
786,mp-759434,Na5MnHO4,Pnma,187.1,0.900,light-element hydride heuristic,8.13,0.0,0.016901,0.033802,2,phonon+spin,37,0.0,
787,mp-1227045,CaH2Pd,P4/mmm,239.2,1.000,light-element hydride heuristic,12.69,0.0,0.033739,0.033739,1,phonon,24,0.0,
788,mp-1022803,CoHCO4,P6_3/m,186.0,0.900,light-element hydride heuristic,8.09,0.0,0.016714,0.033428,2,phonon+spin,38,0.0,
789,mp-1178316,Li19Cu4(HO2)8,P1,185.6,0.900,light-element hydride heuristic,8.07,0.0,0.016636,0.033272,2,phonon+spin,38,0.0,
790,mp-746817,NaV2P2(H4O7)2,P-1,190.6,1.350,hydride heuristic (H_count=4),15.69,0.0,0.033221,0.033221,1,phonon,20,0.0,
791,mp-781825,Li9Cu2(HO2)4,Pmn2_1,185.4,0.900,light-element hydride heuristic,8.06,0.0,0.016607,0.033214,2,phonon+spin,38,0.0,
792,mp-1196246,Al3P2(H4O7)2,P-1,189.7,1.350,hydride heuristic (H_count=4),15.62,0.0,0.032923,0.032923,1,phonon,20,0.0,
793,mp-769935,CuHCO4,P6_3/m,183.0,0.900,light-element hydride heuristic,7.95,0.0,0.016169,0.032338,2,phonon+spin,38,0.0,
794,mp-1215581,Zr3HC2,P-3m1,256.4,0.900,light-element hydride heuristic,11.15,0.0,0.031757,0.031757,1,phonon,27,0.0,
795,mp-770824,Nb2P4H3O16,P1,201.4,1.200,hydride heuristic (H_count=3),14.11,0.0,0.031561,0.031561,1,phonon,22,0.0,
796,mp-1191292,LiAlSi2HO7,P1,180.7,0.900,light-element hydride heuristic,7.85,0.0,0.015765,0.031530,2,phonon+spin,39,0.0,
797,mp-644278,Y2H2C,P-3m1,230.0,1.000,light-element hydride heuristic,12.21,0.0,0.031198,0.031198,1,phonon,25,0.0,
798,mp-1215471,Zr2HC,P3m1,253.9,0.900,light-element hydride heuristic,11.04,0.0,0.031139,0.031139,1,phonon,28,0.0,
799,mp-1221340,Na4Al3Si7(HO3)8,P1,179.5,0.900,light-element hydride heuristic,7.80,0.0,0.015560,0.031120,2,phonon+spin,39,0.0,
800,mp-973053,ScH3,Fm-3m,199.0,1.200,hydride heuristic (H_count=3),13.94,0.0,0.030825,0.030825,1,phonon,22,0.0,
801,mp-985595,Zn6HO6,Pm,175.7,0.900,light-element hydride heuristic,7.64,0.0,0.014906,0.029812,2,phonon+spin,40,0.0,
802,mp-510020,NaVBP2H3O10,C2/c,195.2,1.200,hydride heuristic (H_count=3),13.68,0.0,0.029669,0.029669,1,phonon,22,0.0,
803,mp-1216447,V4HC3,R-3m,247.6,0.900,light-element hydride heuristic,10.76,0.0,0.029595,0.029595,1,phonon,28,0.0,
804,mp-24286,ZrH2,I4/mmm,246.8,0.900,metal hydride heuristic,10.73,0.0,0.029414,0.029414,1,phonon,28,0.0,
805,mp-1204092,Na6Zn3B9P6H3O38,P6_3,194.0,1.200,hydride heuristic (H_count=3),13.59,0.0,0.029309,0.029309,1,phonon,23,0.0,
806,mp-24722,HRh,Fm-3m,304.5,0.750,metal hydride heuristic,8.64,0.0,0.029224,0.029224,1,phonon,35,0.0,
807,mp-1211785,KP2(HO2)4,P2_1/c,173.9,0.900,light-element hydride heuristic,7.56,0.0,0.014605,0.029211,2,phonon+spin,40,0.0,
808,mp-24155,ZrH2,Fm-3m,245.3,0.900,metal hydride heuristic,10.66,0.0,0.029060,0.029060,1,phonon,29,0.0,
809,mp-24289,HPd,Fm-3m,301.6,0.750,metal hydride heuristic,8.56,0.0,0.028682,0.028682,1,phonon,36,0.0,
810,mp-1206023,ZrHBr,P-3m1,243.6,0.900,light-element hydride heuristic,10.59,0.0,0.028650,0.028650,1,phonon,29,0.0,
811,mp-1195139,ScH4(SO5)2,P2_1/c,176.4,1.350,hydride heuristic (H_count=4),14.52,0.0,0.028467,0.028467,1,phonon,21,0.0,
812,mp-642803,Zr2HBr2,C2/m,242.7,0.900,light-element hydride heuristic,10.55,0.0,0.028448,0.028448,1,phonon,29,0.0,
813,mp-1018095,BaGaGeH,P3m1,242.2,0.900,light-element hydride heuristic,10.53,0.0,0.028330,0.028330,1,phonon,29,0.0,
814,mp-1206799,Ba(GaH)2,P-3m1,240.8,0.900,light-element hydride heuristic,10.47,0.0,0.028012,0.028012,1,phonon,29,0.0,
815,mp-24153,LaH2,Fm-3m,239.8,0.900,metal hydride heuristic,10.42,0.0,0.027773,0.027773,1,phonon,29,0.0,
816,mp-1180573,Nb6HI11,Pna2_1,238.7,0.900,light-element hydride heuristic,10.38,0.0,0.027525,0.027525,1,phonon,29,0.0,
817,mp-696500,Nb6HI11,Pccn,238.4,0.900,light-element hydride heuristic,10.36,0.0,0.027454,0.027454,1,phonon,29,0.0,
818,mp-1198429,Na6Mg3B9P6H3O38,P6_3,187.3,1.200,hydride heuristic (H_count=3),13.12,0.0,0.027317,0.027317,1,phonon,23,0.0,
819,mp-1184548,HPd,P6_3mc,294.0,0.750,metal hydride heuristic,8.34,0.0,0.027246,0.027246,1,phonon,36,0.0,
820,mp-1214401,Ca2ZnAs2(H2O5)2,P-1,214.0,1.000,light-element hydride heuristic,11.35,0.0,0.026992,0.026992,1,phonon,27,0.0,
821,mp-23954,Na2H2Pd,I4/mmm,213.8,1.000,light-element hydride heuristic,11.35,0.0,0.026958,0.026958,1,phonon,27,0.0,
822,mp-1197483,Zn5P6(H3O5)6,P-1,186.0,1.200,hydride heuristic (H_count=3),13.03,0.0,0.026935,0.026935,1,phonon,24,0.0,
823,mp-530696,Ca8H3N4,P-1,185.7,1.200,hydride heuristic (H_count=3),13.01,0.0,0.026857,0.026857,1,phonon,24,0.0,
824,mp-643683,Ba5(Ga3H)2,P3c1,234.1,0.900,light-element hydride heuristic,10.18,0.0,0.026473,0.026473,1,phonon,30,0.0,
825,mp-24728,VH2,Fm-3m,233.3,0.900,metal hydride heuristic,10.14,0.0,0.026292,0.026292,1,phonon,30,0.0,
826,mp-1104568,Ba9In4H,I4/m,232.9,0.900,light-element hydride heuristic,10.12,0.0,0.026183,0.026183,1,phonon,30,0.0,
827,mp-690799,Zr(TiH2)2,Fd-3m,232.6,0.900,metal hydride heuristic,10.11,0.0,0.026127,0.026127,1,phonon,30,0.0,
828,mp-1008506,BaGaSiH,P3m1,232.0,0.900,light-element hydride heuristic,10.08,0.0,0.025994,0.025994,1,phonon,30,0.0,
829,mp-1217074,Ti2HC,R-3m,229.5,0.900,light-element hydride heuristic,9.98,0.0,0.025444,0.025444,1,phonon,31,0.0,
830,mp-2746689,Ba(H2O3)2,C2/c,207.2,1.000,light-element hydride heuristic,11.00,0.0,0.025313,0.025313,1,phonon,28,0.0,
831,mp-2216788,MgTi6(H2O7)2,P1,206.1,1.000,light-element hydride heuristic,10.94,0.0,0.025043,0.025043,1,phonon,28,0.0,
832,mp-1233761,CaTi6(H2O7)2,P1,205.7,1.000,light-element hydride heuristic,10.92,0.0,0.024949,0.024949,1,phonon,28,0.0,
833,mp-703591,Ba5B20(H2O19)2,P2,205.7,1.000,light-element hydride heuristic,10.92,0.0,0.024945,0.024945,1,phonon,28,0.0,
834,mp-1234627,MgTi6(H2O7)2,P1,205.7,1.000,light-element hydride heuristic,10.91,0.0,0.024940,0.024940,1,phonon,28,0.0,
835,mp-1198679,H5(C2N3)6,P-1,154.8,1.500,hydride heuristic (H_count=5),14.49,0.0,0.024922,0.024922,1,phonon,21,0.0,
836,mp-1202134,H5(C2N3)6,P1,154.7,1.500,hydride heuristic (H_count=5),14.48,0.0,0.024880,0.024880,1,phonon,21,0.0,
837,mp-1024958,ZrHCl,P-3m1,226.2,0.900,light-element hydride heuristic,9.83,0.0,0.024710,0.024710,1,phonon,31,0.0,
838,mp-569037,Y3H2,P6_3/mmc,225.7,0.900,metal hydride heuristic,9.81,0.0,0.024597,0.024597,1,phonon,31,0.0,
839,mp-24650,YH2,Fm-3m,225.5,0.900,metal hydride heuristic,9.80,0.0,0.024561,0.024561,1,phonon,31,0.0,
840,mp-1018093,CaGaGeH,P3m1,224.6,0.900,light-element hydride heuristic,9.76,0.0,0.024365,0.024365,1,phonon,31,0.0,
841,mp-644389,Li2H2Pd,I4/mmm,223.5,0.900,metal hydride heuristic,9.71,0.0,0.024119,0.024119,1,phonon,31,0.0,
842,mp-625964,Ba(H2O3)2,P1,201.5,1.000,light-element hydride heuristic,10.70,0.0,0.023951,0.023951,1,phonon,29,0.0,
843,mp-1227394,Be2BH3O5,Cc,174.9,1.200,hydride heuristic (H_count=3),12.25,0.0,0.023808,0.023808,1,phonon,25,0.0,
844,mp-1077482,TiH2,P4/nmm,220.4,0.900,metal hydride heuristic,9.58,0.0,0.023463,0.023463,1,phonon,32,0.0,
845,mp-625894,Ba(H2O3)2,C2,198.3,1.000,light-element hydride heuristic,10.52,0.0,0.023190,0.023190,1,phonon,29,0.0,
846,mp-24237,ScH2,Fm-3m,197.3,1.000,light-element hydride heuristic,10.47,0.0,0.022943,0.022943,1,phonon,29,0.0,
847,mp-24726,TiH2,I4/mmm,217.8,0.900,metal hydride heuristic,9.47,0.0,0.022918,0.022918,1,phonon,32,0.0,
848,mp-24161,TiH2,Fm-3m,217.6,0.900,metal hydride heuristic,9.46,0.0,0.022872,0.022872,1,phonon,32,0.0,
849,mp-625888,Ba(H2O3)2,C2/c,196.0,1.000,light-element hydride heuristic,10.40,0.0,0.022641,0.022641,1,phonon,29,0.0,
850,mp-626015,Ba(H2O3)2,P1,195.9,1.000,light-element hydride heuristic,10.40,0.0,0.022627,0.022627,1,phonon,29,0.0,
851,mp-1179405,Sr(H2O3)2,Cc,194.5,1.000,light-element hydride heuristic,10.32,0.0,0.022302,0.022302,1,phonon,30,0.0,
852,mp-1203483,BH6N,Pnma,132.7,1.800,hydride heuristic (H_count=6),15.06,0.0,0.022213,0.022213,1,phonon,20,0.0,
853,mp-1580008,LiVP4(H2O7)2,P-1,192.1,1.000,light-element hydride heuristic,10.19,0.0,0.021753,0.021753,1,phonon,30,0.0,
854,mp-1079768,Ti2HPd,P4/mmm,262.0,0.750,metal hydride heuristic,7.43,0.0,0.021641,0.021641,1,phonon,41,0.0,
855,mp-1204628,Na6HfHS5O21,P2_1,190.3,1.000,light-element hydride heuristic,10.10,0.0,0.021351,0.021351,1,phonon,30,0.0,
856,mp-23839,K2VH2OF5,C2/c,188.7,1.000,light-element hydride heuristic,10.01,0.0,0.020997,0.020997,1,phonon,30,0.0,
857,mp-1216169,Zr24P8H,P2,256.8,0.750,metal hydride heuristic,7.29,0.0,0.020788,0.020788,1,phonon,42,0.0,
858,mp-863656,PmH,P6_3mc,256.8,0.750,metal hydride heuristic,7.29,0.0,0.020787,0.020787,1,phonon,42,0.0,
859,mp-1018090,CaGaSiH,P3m1,207.3,0.900,light-element hydride heuristic,9.01,0.0,0.020753,0.020753,1,phonon,34,0.0,
860,mp-1018133,LiHPd,P4/mmm,256.1,0.750,metal hydride heuristic,7.26,0.0,0.020670,0.020670,1,phonon,42,0.0,
861,mp-643912,Ca5Ge3H,I4/mcm,204.9,0.900,light-element hydride heuristic,8.90,0.0,0.020268,0.020268,1,phonon,34,0.0,
862,mp-1211100,LiB3H8,Cmcm,120.7,2.000,hydride heuristic (H_count=8),15.11,0.0,0.020256,0.020256,1,phonon,20,0.0,
863,mp-642659,V2H,I4_1/amd,251.8,0.750,metal hydride heuristic,7.14,0.0,0.019980,0.019980,1,phonon,43,0.0,
864,mp-642644,V2H,C2/m,251.7,0.750,metal hydride heuristic,7.14,0.0,0.019968,0.019968,1,phonon,43,0.0,
865,mp-697179,ZrH,P4_2/mmc,249.9,0.750,metal hydride heuristic,7.09,0.0,0.019681,0.019681,1,phonon,43,0.0,
866,mp-1185517,Mg(AlH4)2,P-1,145.9,1.350,hydride heuristic (H_count=4),12.01,0.0,0.019459,0.019459,1,phonon,25,0.0,
867,mp-1002114,VH,Fm-3m,247.6,0.750,metal hydride heuristic,7.03,0.0,0.019333,0.019333,1,phonon,43,0.0,
868,mp-1198972,Li6Zr6HCl18,R-3,199.9,0.900,light-element hydride heuristic,8.69,0.0,0.019288,0.019288,1,phonon,35,0.0,
869,mp-632219,ZrH,I-4m2,247.1,0.750,metal hydride heuristic,7.01,0.0,0.019247,0.019247,1,phonon,43,0.0,
870,mp-632758,CaP(H2O3)2,C2/c,180.6,1.000,light-element hydride heuristic,9.59,0.0,0.019236,0.019236,1,phonon,32,0.0,
871,mp-1224640,K3B5PH2O13,P2/c,179.5,1.000,light-element hydride heuristic,9.53,0.0,0.018999,0.018999,1,phonon,32,0.0,
872,mp-24081,ScHCl,R-3m,194.7,0.900,light-element hydride heuristic,8.46,0.0,0.018309,0.018309,1,phonon,36,0.0,
873,mp-978847,SrGaGeH,P3m1,237.2,0.750,metal hydride heuristic,6.73,0.0,0.017729,0.017729,1,phonon,45,0.0,
874,mp-978854,Sr(GaH)2,P-3m1,234.8,0.750,metal hydride heuristic,6.66,0.0,0.017382,0.017382,1,phonon,46,0.0,
875,mp-23736,LiMgH3,R3c,148.5,1.200,hydride heuristic (H_count=3),10.40,0.0,0.017158,0.017158,1,phonon,29,0.0,
876,mp-1189066,Y5Si3H,P6_3/mcm,229.4,0.750,metal hydride heuristic,6.51,0.0,0.016590,0.016590,1,phonon,47,0.0,
877,mp-1060435,TiH,Fm-3m,228.0,0.750,metal hydride heuristic,6.47,0.0,0.016393,0.016393,1,phonon,47,0.0,
878,mp-1205301,Y3H,Pmma,226.1,0.750,metal hydride heuristic,6.42,0.0,0.016121,0.016121,1,phonon,47,0.0,
879,mp-568177,CaAlSiH,P3m1,182.7,0.900,light-element hydride heuristic,7.94,0.0,0.016114,0.016114,1,phonon,38,0.0,
880,mp-3346732,Ca16HN8,Pnnm,182.6,0.900,light-element hydride heuristic,7.94,0.0,0.016099,0.016099,1,phonon,38,0.0,
881,mp-675153,Ca16HN8,Pmn2_1,181.8,0.900,light-element hydride heuristic,7.90,0.0,0.015960,0.015960,1,phonon,38,0.0,
882,mp-1077045,Ti2H,Pn-3m,224.6,0.750,metal hydride heuristic,6.37,0.0,0.015899,0.015899,1,phonon,48,0.0,
883,mp-1202832,Ba38Na58Li26H,F-43m,179.6,0.900,light-element hydride heuristic,7.80,0.0,0.015572,0.015572,1,phonon,39,0.0,
884,mp-979137,SrGaSiH,P3m1,221.8,0.750,metal hydride heuristic,6.29,0.0,0.015508,0.015508,1,phonon,48,0.0,
885,mp-690760,TiH,P4_2/mmc,221.8,0.750,metal hydride heuristic,6.29,0.0,0.015503,0.015503,1,phonon,48,0.0,
886,mp-1197921,H4S4N,C2/m,129.5,1.350,hydride heuristic (H_count=4),10.66,0.0,0.015337,0.015337,1,phonon,29,0.0,
887,mp-1222386,LiBH4,F-43m,127.5,1.350,hydride heuristic (H_count=4),10.49,0.0,0.014866,0.014866,1,phonon,29,0.0,
888,mp-995202,HC6,P-1,170.2,0.900,light-element hydride heuristic,7.40,0.0,0.013994,0.013994,1,phonon,41,0.0,
889,mp-1105785,LiH2N,P2_1/c,150.9,1.000,light-element hydride heuristic,8.01,0.0,0.013434,0.013434,1,phonon,38,0.0,
890,mp-1079418,LiH2N,P-42_1m,150.4,1.000,light-element hydride heuristic,7.98,0.0,0.013332,0.013332,1,phonon,38,0.0,
891,mp-644229,Sr(AlH)2,P-3m1,196.3,0.750,metal hydride heuristic,5.57,0.0,0.012150,0.012150,1,phonon,54,0.0,
892,mp-1223097,Li2HN,Ima2,158.4,0.900,light-element hydride heuristic,6.88,0.0,0.012119,0.012119,1,phonon,44,0.0,
893,mp-707454,Li(H3N)4,I-43d,119.4,1.200,hydride heuristic (H_count=3),8.37,0.0,0.011102,0.011102,1,phonon,36,0.0,
894,mp-696588,PH3,P1,115.0,1.200,hydride heuristic (H_count=3),8.06,0.0,0.010299,0.010299,1,phonon,38,0.0,
895,mp-1185672,Mg16Al12H,Cm,176.2,0.750,metal hydride heuristic,5.00,0.0,0.009792,0.009792,1,phonon,60,0.0,
896,mp-1238837,BH,C2/c,137.3,0.900,light-element hydride heuristic,5.97,0.0,0.009107,0.009107,1,phonon,51,0.0,
897,mp-1185556,Mg149H,P-6m2,167.0,0.750,metal hydride heuristic,4.74,0.0,0.008789,0.008789,1,phonon,64,0.0,
